callsign,origin,destination,days_seen,last_seen,takeoff_utc
RYR100,LEAL,LEMI,1,2026-10-08,07:04
RYR100P,LPFR,EKCH,1,2026-10-04,18:04
RYR103K,LPPT,EDDB,5,2026-10-09,10:55
RYR104,LIRF,LIME,1,2026-10-06,16:44
RYR104A,ESSA,EPWR,1,2026-10-06,10:14
RYR1051,EGPH,LFRS,2,2026-10-08,17:09
RYR1057,LICC,LIMF,1,2026-10-09,17:29
RYR105V,LFBZ,EBCI,3,2026-10-09,17:48
RYR1066,LEIB,LPPR,2,2026-10-07,12:54
RYR108N,EPKK,LFML,3,2026-10-09,06:36
RYR108X,LIBD,EDDB,2,2026-10-06,14:11
RYR10AD,LZIB,EBCI,3,2026-10-09,05:32
RYR10AM,LEAL,EGGP,2,2026-10-07,22:08
RYR10AQ,LICJ,LIME,1,2026-10-03,16:48
RYR10BF,EGKK,EIDW,7,2026-10-09,08:35
RYR10BZ,LEIB,EBCI,5,2026-10-08,14:13
RYR10EC,EGNM,EIDW,7,2026-10-09,06:26
RYR10GJ,EGSS,EKCH,4,2026-10-09,20:33
RYR10GQ,LEPA,EDJA,4,2026-10-08,17:32
RYR10HR,GCFV,EGNT,2,2026-10-06,18:53
RYR10JC,LOWW,LEPA,4,2026-10-09,13:59
RYR10KU,EBCI,LECH,2,2026-10-06,09:54
RYR10LY,EGSS,LICC,2,2026-10-07,05:51
RYR10LY,EGSS,LICZ,1,2026-10-09,17:10
RYR10MA,EGCC,EKCH,3,2026-10-07,19:09
RYR10NG,LICC,LIMC,5,2026-10-09,19:33
RYR10NM,LEPA,EGNX,7,2026-10-09,18:13
RYR10PA,EGSS,LZIB,6,2026-10-09,11:12
RYR10PJ,EBCI,LEBL,4,2026-10-09,19:29
RYR10PP,LIPH,LMML,3,2026-10-09,15:31
RYR10QM,EBCI,LPFR,3,2026-10-09,19:51
RYR10RV,LIMC,LATI,1,2026-10-05,06:38
RYR10TR,LPPT,EDDK,3,2026-10-08,14:18
RYR10TY,LEBL,EGCC,4,2026-10-09,17:02
RYR10UB,LPMA,LPPR,5,2026-10-09,09:54
RYR10VG,GCRR,EGSS,5,2026-10-09,20:00
RYR10VU,EBCI,LFML,6,2026-10-09,16:58
RYR10VZ,LBSF,LIMF,3,2026-10-07,04:45
RYR10XW,LERS,EHEH,6,2026-10-09,13:23
RYR10ZF,LROP,EGSS,3,2026-10-08,20:37
RYR10ZJ,LIBD,EDDN,4,2026-10-08,07:26
RYR1101,LIMC,EPRZ,2,2026-10-06,11:59
RYR1105,LICC,LMML,1,2026-10-08,12:20
RYR1109,LGKR,LIRF,2,2026-10-08,12:44
RYR110P,LPPR,LIBD,2,2026-10-08,16:40
RYR1110,EVRA,ESSA,1,2026-10-04,19:51
RYR1131,EBOS,EGGW,1,2026-10-08,06:39
RYR1131,EDDN,LEVC,1,2026-10-06,17:06
RYR1132,EGGW,LFOB,1,2026-10-07,20:01
RYR1132,EPKK,EGSS,1,2026-10-04,23:12
RYR1133,LEAL,GMMW,1,2026-10-07,20:35
RYR1134,GMMW,LEAL,1,2026-10-08,00:27
RYR1138,LIPX,LIME,1,2026-10-03,14:46
RYR1139,EGSS,LDZA,1,2026-10-03,05:40
RYR1141,EPPO,LHBP,1,2026-10-06,04:56
RYR1155,EGCC,EDDB,3,2026-10-09,19:01
RYR115D,LKPR,LIME,6,2026-10-09,15:47
RYR1161,EYKA,LIBD,1,2026-10-09,20:34
RYR116N,LEAL,EPKK,1,2026-10-03,21:15
RYR1173,LEBL,LPPR,1,2026-10-03,23:52
RYR117J,LEMG,EGHH,7,2026-10-09,20:27
RYR1187,EYKA,LIBD,2,2026-10-04,05:01
RYR119G,LIMC,EETN,1,2026-10-09,04:06
RYR119T,LIPE,LEBL,4,2026-10-09,00:27
RYR11BV,LIME,ENTO,1,2026-10-09,08:13
RYR11CP,EDDB,LIPE,4,2026-10-09,10:55
RYR11CV,LICA,LIME,7,2026-10-09,03:51
RYR11CX,EDDW,LDZD,1,2026-10-05,07:32
RYR11GQ,EGSS,LKPR,7,2026-10-09,06:37
RYR11GY,EPRZ,EGCC,2,2026-10-08,21:32
RYR11HV,LIPE,LIBR,5,2026-10-09,13:42
RYR11HY,EGGP,LHBP,2,2026-10-09,07:52
RYR11JL,LIMF,ESSA,2,2026-10-08,08:14
RYR11LH,EGSS,LPPR,4,2026-10-09,21:42
RYR11LM,LICA,LATI,3,2026-10-07,20:52
RYR11LR,LGAV,LICC,3,2026-10-09,17:04
RYR11LR,LGAV,LICZ,1,2026-10-03,06:15
RYR11ME,LOWW,LEMD,5,2026-10-08,07:26
RYR11PG,EGGP,LFBE,1,2026-10-04,16:40
RYR11PM,LEBL,EGSS,3,2026-10-07,15:50
RYR11QJ,LEMD,LIMC,7,2026-10-09,04:35
RYR11RR,LMML,EDDK,3,2026-10-09,07:16
RYR11SC,LMML,EGSS,2,2026-10-09,19:30
RYR11SZ,LEBL,LOWW,7,2026-10-09,07:09
RYR11TG,LICA,LIPZ,4,2026-10-09,14:03
RYR11UT,LGAV,LZIB,3,2026-10-09,09:35
RYR11WA,LEMG,LZIB,1,2026-10-06,08:39
RYR11YF,LIPX,LICZ,6,2026-10-08,16:33
RYR11YW,LCPH,EDJA,2,2026-10-06,03:17
RYR120T,LHBP,EDDB,6,2026-10-09,08:51
RYR120Z,LEMD,EGSS,2,2026-10-08,16:03
RYR1216,LIBD,EPPO,4,2026-10-08,17:10
RYR1217,EPPO,LIBD,4,2026-10-09,19:49
RYR122L,EIKN,LEAL,1,2026-10-06,09:52
RYR122R,LGAV,EPKT,5,2026-10-09,14:55
RYR123X,EGPH,LIBD,3,2026-10-07,17:57
RYR1243,LHBP,LGAV,4,2026-10-08,13:04
RYR1251,EPKT,LMML,1,2026-10-07,17:11
RYR126H,EBCI,LEZL,2,2026-10-06,19:58
RYR1277,LICA,LMML,3,2026-10-09,22:13
RYR1278,LMML,LICA,3,2026-10-09,20:49
RYR128D,EKAH,LEMG,3,2026-10-08,19:30
RYR129U,EGCC,LZIB,3,2026-10-07,16:05
RYR12AV,LIPQ,EDDB,3,2026-10-09,12:08
RYR12BX,LMML,EPKK,6,2026-10-09,15:43
RYR12CJ,EPPO,LATI,2,2026-10-08,10:15
RYR12CZ,EPWR,EGGP,2,2026-10-07,16:33
RYR12DE,LIPY,EGSS,3,2026-10-06,16:30
RYR12EE,LIMC,LMML,5,2026-10-08,08:10
RYR12EJ,EGSS,EPMO,6,2026-10-08,07:48
RYR12EV,LPPR,LEBL,4,2026-10-09,21:55
RYR12GG,LEPA,EDDK,2,2026-10-09,19:18
RYR12GP,LEMD,LEIB,1,2026-10-06,21:55
RYR12HZ,LMML,EPMO,4,2026-10-09,07:56
RYR12KD,EGSS,EPPO,2,2026-10-09,19:29
RYR12KF,EGGW,LIRN,4,2026-10-07,16:39
RYR12KH,LEMG,EIDW,5,2026-10-08,17:58
RYR12LF,LPMA,LPPR,6,2026-10-08,19:30
RYR12LP,LROP,LICZ,4,2026-10-08,09:00
RYR12LU,LIME,LICA,5,2026-10-09,17:11
RYR12MA,ENGM,EPKT,3,2026-10-07,07:32
RYR12MM,EGKK,EIDW,7,2026-10-09,11:07
RYR12NV,LICC,LIRZ,6,2026-10-08,12:21
RYR12QH,LHBP,EGPH,3,2026-10-07,13:49
RYR12QX,LEIB,EGSS,6,2026-10-09,19:41
RYR12RM,LICR,LIMC,4,2026-10-08,17:25
RYR12RR,LIRF,LEIB,1,2026-10-07,18:54
RYR12SK,LEBL,LIPZ,2,2026-10-06,16:52
RYR12SL,LOWW,LEMG,5,2026-10-09,11:00
RYR12SN,EGCC,LPPT,4,2026-10-09,14:07
RYR12VQ,EIDW,LPPT,1,2026-10-06,09:24
RYR12VX,LEMG,EGPF,1,2026-10-04,13:41
RYR12WW,EBCI,LEAL,1,2026-10-04,04:38
RYR12XM,LIME,LICA,7,2026-10-09,04:16
RYR12YP,EBCI,LIPX,5,2026-10-08,16:31
RYR12YQ,LEPA,EIDW,1,2026-10-07,17:57
RYR12YU,LEPA,EGHH,5,2026-10-09,17:16
RYR12ZM,LEMG,EGCC,6,2026-10-09,03:52
RYR1316,LIRN,LPPT,1,2026-10-05,11:19
RYR132E,EBCI,LEAL,3,2026-10-08,13:50
RYR1332,LPPR,EGGD,3,2026-10-09,05:17
RYR133M,LICT,LIPZ,1,2026-10-08,10:31
RYR1343,LEPA,LEBL,7,2026-10-09,05:57
RYR136H,LPPR,LFOB,6,2026-10-09,13:12
RYR138,LHBP,LOWW,1,2026-10-09,10:03
RYR139,LOWW,EPGD,1,2026-10-09,17:51
RYR13BP,EPWR,LICP,1,2026-10-06,04:07
RYR13C,LEPA,LEBL,3,2026-10-09,21:33
RYR13CQ,LOWW,EGSS,5,2026-10-08,18:46
RYR13DA,LMML,LICZ,3,2026-10-08,20:56
RYR13DX,LIME,LFBO,5,2026-10-09,08:51
RYR13EU,LEPA,EYKA,1,2026-10-04,04:58
RYR13FK,LROP,EGGD,2,2026-10-09,18:54
RYR13GH,LIME,LEVC,4,2026-10-07,19:02
RYR13GP,LIBD,LICJ,1,2026-10-04,20:50
RYR13GV,LATI,LIMC,3,2026-10-07,21:13
RYR13HB,LATI,LIME,5,2026-10-09,12:09
RYR13KJ,EGGD,EIDW,2,2026-10-06,21:09
RYR13LL,LICA,LIME,5,2026-10-09,20:32
RYR13MK,LEPA,LIRF,5,2026-10-09,19:45
RYR13NL,EPWR,LIPR,2,2026-10-08,08:19
RYR13PB,EDDB,EYVI,5,2026-10-08,09:39
RYR13QJ,LMML,LIRN,6,2026-10-09,12:01
RYR13QK,LPPT,ELLX,3,2026-10-09,05:54
RYR13SG,EGSS,LPPR,6,2026-10-09,17:47
RYR13SU,EIDW,LEMD,3,2026-10-09,21:37
RYR13TR,EGSS,GCFV,3,2026-10-09,06:36
RYR13UV,EBCI,LROP,2,2026-10-04,15:10
RYR13XJ,LFOB,LRCL,2,2026-10-05,14:47
RYR13YB,LEMD,EGSS,5,2026-10-08,14:10
RYR13YT,LDDU,EPWR,1,2026-10-06,04:05
RYR13ZB,LIPE,EDDK,3,2026-10-08,16:27
RYR1429,LIRF,LCPH,2,2026-10-06,18:12
RYR142H,LICJ,LIPX,1,2026-10-03,19:21
RYR1438,LIMC,LICJ,1,2026-10-05,06:02
RYR143E,EGPH,LEMD,4,2026-10-09,05:28
RYR143M,LEPA,LEMG,6,2026-10-09,14:35
RYR1448,EGBB,GCRR,2,2026-10-08,13:07
RYR144G,LPPR,LEMG,4,2026-10-08,23:04
RYR1451,EDDV,EDDB,1,2026-10-04,09:14
RYR1456,EIDW,EBBR,2,2026-10-09,14:26
RYR146G,EIDW,EGCC,5,2026-10-09,05:36
RYR146M,EGSS,GCFV,1,2026-10-06,06:35
RYR1472,LEMD,LPFR,2,2026-10-09,22:51
RYR147F,LKPR,LIPR,3,2026-10-06,13:58
RYR147M,LICA,LOWW,3,2026-10-08,07:36
RYR1483,LIPZ,LOWW,2,2026-10-09,14:05
RYR14AU,LEAL,LIME,4,2026-10-09,18:38
RYR14AW,LIPH,EGGW,2,2026-10-07,15:57
RYR14CN,LEPA,LFML,2,2026-10-08,12:20
RYR14DC,LDDU,EGCC,2,2026-10-06,08:23
RYR14DP,LBSF,EGSS,1,2026-10-04,14:38
RYR14EX,EKCH,LBSF,3,2026-10-08,17:01
RYR14GC,EIDW,LOWW,3,2026-10-08,17:41
RYR14GR,LEGE,EIDW,5,2026-10-09,22:14
RYR14HT,EPKK,LMML,2,2026-10-07,07:20
RYR14HU,LFOB,EPWR,4,2026-10-09,19:59
RYR14KL,LPFR,EGFF,3,2026-10-09,13:53
RYR14KP,LIMC,LICA,4,2026-10-08,18:59
RYR14LC,EIDW,EPKT,3,2026-10-07,19:46
RYR14MJ,LIBP,EGSS,1,2026-10-04,17:34
RYR14NP,ELLX,LEBL,4,2026-10-08,18:29
RYR14QA,EGCC,EICK,6,2026-10-08,08:45
RYR14RE,EGSS,EIDW,7,2026-10-09,12:37
RYR14RG,LEVC,LIMF,2,2026-10-09,18:45
RYR14SC,LIME,LPPT,6,2026-10-09,18:54
RYR14UU,EPGD,EGGD,3,2026-10-07,04:10
RYR14VV,LIPE,EGSS,3,2026-10-09,20:13
RYR14WN,EPMO,EGBB,3,2026-10-09,13:39
RYR14XK,EIDW,LEGE,6,2026-10-09,18:37
RYR14XT,LIPE,LICZ,3,2026-10-07,20:50
RYR14XT,LIPE,LICC,1,2026-10-09,16:44
RYR14YV,EGHH,LMML,3,2026-10-09,05:43
RYR14ZD,LEPA,EPWR,2,2026-10-06,20:32
RYR1501,EYVI,ENGM,5,2026-10-09,10:37
RYR1502,ENGM,EYVI,5,2026-10-08,12:16
RYR150P,ESGG,LEMG,4,2026-10-08,17:56
RYR1519,EDDH,EGSS,2,2026-10-07,15:19
RYR151B,ESSA,EDDK,4,2026-10-08,21:07
RYR1531,LIPZ,LKPR,1,2026-10-09,05:36
RYR1534,LIBD,LIBR,1,2026-10-09,18:38
RYR1536,LIME,LECH,2,2026-10-08,13:40
RYR156P,EICK,EGPH,5,2026-10-08,08:00
RYR158V,LEMD,LIMF,3,2026-10-09,15:32
RYR1599,EDDN,LEGE,3,2026-10-06,11:24
RYR159M,EDDK,LEPA,2,2026-10-08,23:35
RYR159P,EYVI,EDDB,5,2026-10-08,09:59
RYR15BA,LIPX,LATI,5,2026-10-09,21:10
RYR15BH,LIPH,EYVI,3,2026-10-06,10:17
RYR15BQ,LGTS,LIME,6,2026-10-08,20:45
RYR15DG,LICJ,LIRN,1,2026-10-03,19:52
RYR15DY,EIDW,EGNM,7,2026-10-09,07:35
RYR15EC,LEPA,EDSB,7,2026-10-09,17:40
RYR15EP,EIDW,LPFR,3,2026-10-07,13:01
RYR15FK,LEBL,LEMG,7,2026-10-09,04:12
RYR15FP,EKCH,LIPZ,5,2026-10-08,14:14
RYR15HE,EPKT,LIME,5,2026-10-09,19:25
RYR15HX,LHBP,LIRA,2,2026-10-08,17:17
RYR15LX,LEMD,EIDW,3,2026-10-09,17:39
RYR15NC,EGHH,LEMG,1,2026-10-03,15:11
RYR15P,EDHL,EGSS,2,2026-10-09,14:22
RYR15PW,LIMC,LICA,6,2026-10-09,16:15
RYR15Q,EPGD,LFOB,1,2026-10-04,05:16
RYR15QK,EYKA,LCPH,2,2026-10-08,04:34
RYR15QV,LFOB,LEBL,2,2026-10-05,17:10
RYR15RK,LIRF,LICP,1,2026-10-04,06:12
RYR160Z,EGGW,EIKN,4,2026-10-09,16:14
RYR1618,LOWW,EIDW,1,2026-10-04,11:24
RYR161B,EICK,EGSS,6,2026-10-08,08:14
RYR161N,LEBL,LIMC,6,2026-10-09,06:44
RYR1638,EGNX,EDDB,2,2026-10-07,13:45
RYR163D,EGCC,LEMI,2,2026-10-08,13:49
RYR163M,LIPZ,LICJ,1,2026-10-09,18:06
RYR165E,LEMD,EIDW,7,2026-10-09,11:12
RYR1661,EGSS,EINN,1,2026-10-04,05:58
RYR1661,LIEA,LIRN,3,2026-10-09,20:35
RYR1664,EGNX,EVRA,2,2026-10-06,17:53
RYR1665,EVRA,EGNX,2,2026-10-06,03:48
RYR1676,EINN,EGPH,4,2026-10-07,15:40
RYR167M,LOWW,LIME,3,2026-10-07,11:30
RYR1695,EGSS,LOWL,1,2026-10-05,05:52
RYR1699,LEIB,LEVC,3,2026-10-08,22:02
RYR169Q,EGBB,LEMD,4,2026-10-08,17:38
RYR16AJ,EGBB,LEMG,5,2026-10-09,19:23
RYR16AX,LHBP,LBSF,2,2026-10-07,18:25
RYR16AZ,LMML,EINN,3,2026-10-08,19:09
RYR16CP,LIEA,EIDW,2,2026-10-06,14:48
RYR16DM,EPGD,EGSS,5,2026-10-09,17:28
RYR16EA,LFBO,LIPH,3,2026-10-09,12:43
RYR16EU,EINN,LGKR,1,2026-10-06,08:06
RYR16FR,LIPZ,EIDW,5,2026-10-09,13:24
RYR16GE,ESGG,EGPH,3,2026-10-08,18:46
RYR16GW,ELLX,LPPT,3,2026-10-09,09:24
RYR16KD,LEAL,EDDW,3,2026-10-09,06:45
RYR16NJ,LIMC,LATI,3,2026-10-07,20:39
RYR16RE,LEPA,EDLP,2,2026-10-08,18:04
RYR16SM,LMML,LDZA,4,2026-10-09,03:49
RYR16SQ,EGPK,LPFR,4,2026-10-09,05:23
RYR16T,LCPH,EPWR,3,2026-10-08,10:44
RYR16UF,LEIB,EGBB,3,2026-10-06,19:28
RYR16YG,EGKK,EIDW,7,2026-10-09,15:19
RYR17,EGNT,EIDW,4,2026-10-09,09:32
RYR1705,LEIB,LIRF,2,2026-10-07,21:21
RYR1715,LGKR,EIDW,2,2026-10-09,16:07
RYR1744,LGKR,LZIB,3,2026-10-09,20:40
RYR174E,LEVC,EGNX,1,2026-10-05,08:33
RYR174V,EIDW,EGBB,2,2026-10-04,17:14
RYR175U,EGSS,EDDW,5,2026-10-09,13:49
RYR177H,EIDW,GCFV,2,2026-10-07,15:01
RYR178,EPKT,LHBP,1,2026-10-07,04:12
RYR1782,LZIB,LGKR,1,2026-10-07,09:45
RYR1783,LGKR,LZIB,1,2026-10-07,12:46
RYR178Q,LROP,LFOB,2,2026-10-07,08:14
RYR179,LHBP,EPKK,1,2026-10-07,21:59
RYR1794,LEIB,EGSS,1,2026-10-04,15:41
RYR17BM,LEMD,GMAD,1,2026-10-04,11:32
RYR17CG,EGBB,LIPH,2,2026-10-06,15:32
RYR17CY,EYKA,LEMD,2,2026-10-07,12:25
RYR17EN,LIMC,LIBD,3,2026-10-08,19:16
RYR17FZ,LEAL,EGCC,2,2026-10-09,23:16
RYR17JX,LPFR,LPPR,7,2026-10-09,12:20
RYR17KC,ESGG,LEAL,2,2026-10-09,08:09
RYR17MN,LEMG,EPKK,4,2026-10-08,19:30
RYR17NT,LEBL,EIDW,5,2026-10-09,19:18
RYR17PE,LERS,EGCC,4,2026-10-09,20:00
RYR17PM,EPPO,EBCI,3,2026-10-09,13:40
RYR17PP,EGSS,LIMF,5,2026-10-09,06:57
RYR17PY,LICC,LIPQ,4,2026-10-09,11:27
RYR17RR,LIBR,EHEH,3,2026-10-09,05:14
RYR17RT,LPPR,LFGJ,2,2026-10-06,12:39
RYR17TD,LIME,LIBR,6,2026-10-09,08:03
RYR17UC,ESGG,LMML,2,2026-10-08,14:36
RYR17UZ,LEBL,LIPE,7,2026-10-09,06:59
RYR17VM,LFOB,LIRF,5,2026-10-09,09:59
RYR17WR,EDLV,LPPR,4,2026-10-08,15:33
RYR17WW,LEBL,EGCC,1,2026-10-05,00:26
RYR17XU,LIBD,LIPZ,5,2026-10-09,05:29
RYR17ZZ,EPKK,LDDU,2,2026-10-06,20:52
RYR1802,LGAV,LGKR,1,2026-10-09,15:45
RYR1806,LPPR,EINN,3,2026-10-08,17:52
RYR1815,LEIB,LEVC,1,2026-10-07,15:12
RYR1825,EYVI,EGSS,1,2026-10-03,15:00
RYR1826,EGSS,EYVI,1,2026-10-03,12:02
RYR1841,EPWR,LIPH,3,2026-10-09,05:32
RYR1848,EDJA,LEVC,2,2026-10-08,14:18
RYR1849,LEVC,EDJA,1,2026-10-03,13:04
RYR184Q,EGBB,LEVC,3,2026-10-06,10:20
RYR184R,LMML,LIRN,1,2026-10-04,19:38
RYR1855,LIPZ,LICT,1,2026-10-08,12:36
RYR1856,EDFH,EYVI,3,2026-10-07,15:30
RYR185L,EIDW,LFML,4,2026-10-08,19:19
RYR1866,EINN,LERS,1,2026-10-07,09:14
RYR1867,LERS,EINN,1,2026-10-07,12:15
RYR1873,LPPR,LFTW,2,2026-10-08,10:18
RYR1887,LPPT,EGSS,2,2026-10-07,17:10
RYR1893,EPBY,EIDW,1,2026-10-04,21:54
RYR1899,EIDW,EGCC,4,2026-10-09,02:05
RYR18AA,EYKA,ESSA,3,2026-10-06,17:49
RYR18AC,LROP,LIRA,7,2026-10-09,17:26
RYR18AE,LIME,LPPR,4,2026-10-09,19:35
RYR18AN,EGNX,GCRR,3,2026-10-08,14:00
RYR18DF,LIBD,EYKA,2,2026-10-09,17:37
RYR18EG,ESSA,LHBP,4,2026-10-09,13:36
RYR18EV,LGTS,LIPE,4,2026-10-07,11:05
RYR18FU,LIME,LCPH,2,2026-10-07,16:08
RYR18GP,LEMD,EGGD,4,2026-10-08,08:07
RYR18HJ,EINN,LEGE,2,2026-10-09,08:06
RYR18JC,LKPR,LIME,7,2026-10-09,06:06
RYR18KR,EGPH,LBSF,2,2026-10-09,15:56
RYR18KT,LKPR,LIRA,7,2026-10-09,11:35
RYR18LB,LEAL,LZIB,4,2026-10-09,18:48
RYR18LV,LHBP,LIBD,3,2026-10-09,18:37
RYR18MJ,ELLX,EGSS,2,2026-10-08,21:39
RYR18MQ,LIPE,LIBD,4,2026-10-08,20:10
RYR18NH,EIDW,LERS,6,2026-10-09,15:44
RYR18RQ,EPLL,LIME,6,2026-10-09,10:39
RYR18RV,ENTO,LDZA,3,2026-10-09,07:22
RYR18TH,LMML,LEVC,2,2026-10-05,03:48
RYR18TU,EPKK,LFOB,2,2026-10-08,18:39
RYR18TX,LROP,LEMD,4,2026-10-09,23:40
RYR18UB,EIDW,LPPR,2,2026-10-07,20:42
RYR18WB,LEPA,EDJA,6,2026-10-09,04:34
RYR18WL,EPWR,LIRN,2,2026-10-08,16:49
RYR18WP,LIRF,LOWW,6,2026-10-09,06:25
RYR18XM,EPLL,LEAL,1,2026-10-09,08:00
RYR18YL,EGGW,EIDW,6,2026-10-09,12:27
RYR18ZB,LIME,ESSA,2,2026-10-04,07:42
RYR19,EPKK,LIPY,1,2026-10-08,09:58
RYR190,EDDN,EPKT,1,2026-10-06,13:24
RYR1917,EGCC,EIDW,1,2026-10-09,19:12
RYR1918,EIDW,EGCC,1,2026-10-09,20:37
RYR1919,LOWW,LIME,1,2026-10-04,14:11
RYR192,EPWA,EPMO,1,2026-10-05,08:07
RYR192Y,LEVC,EDDK,2,2026-10-09,14:30
RYR1936,EPGD,LYPG,4,2026-10-09,09:18
RYR1937,LYPG,EPGD,5,2026-10-09,12:05
RYR1945,ESSA,EPMO,3,2026-10-08,19:18
RYR1963,EDJA,LDZD,3,2026-10-08,16:10
RYR1969,EPGD,LIPH,2,2026-10-08,17:20
RYR196A,LMML,LBSF,4,2026-10-07,10:34
RYR198,LOWW,EYVI,3,2026-10-06,17:20
RYR1981,EIDW,EVRA,1,2026-10-04,08:57
RYR1994,LFBO,GMFO,1,2026-10-05,04:57
RYR19AA,EGSS,LROP,6,2026-10-09,05:32
RYR19AT,LATI,EBCI,5,2026-10-08,16:51
RYR19BT,EGCC,LIPX,4,2026-10-09,06:59
RYR19BZ,EGCC,LPFR,2,2026-10-06,09:10
RYR19CG,EIDW,LEPA,1,2026-10-07,21:14
RYR19DM,EGSS,LIMC,3,2026-10-09,12:40
RYR19EN,LEGE,EGBB,3,2026-10-09,17:07
RYR19FC,EGPH,EIDW,7,2026-10-09,07:12
RYR19GL,EGSS,LIPZ,4,2026-10-08,18:56
RYR19HB,LEPA,EGNM,4,2026-10-09,07:43
RYR19KU,LEIB,LEVC,6,2026-10-09,05:59
RYR19KX,LIRA,EGCC,5,2026-10-08,13:50
RYR19NG,EPMO,LIMC,6,2026-10-09,09:09
RYR19PH,LDZD,EPWR,3,2026-10-07,13:46
RYR19PR,EIDW,LIPX,3,2026-10-09,18:27
RYR19RF,LEMG,EINN,1,2026-10-06,14:45
RYR19SR,EBCI,LYPG,2,2026-10-07,15:42
RYR19SV,LZIB,LEAL,3,2026-10-08,22:33
RYR19SY,EIKN,EGNX,4,2026-10-09,12:42
RYR19TK,EGSS,GCRR,4,2026-10-09,10:45
RYR19VQ,LIME,EHEH,7,2026-10-09,08:44
RYR19VY,EIKY,EDFH,2,2026-10-09,17:42
RYR19WE,EGBB,LPPR,3,2026-10-09,18:44
RYR19WT,LEBL,EIDW,5,2026-10-09,15:04
RYR19WY,EIDW,EHAM,7,2026-10-09,06:23
RYR19YB,LGAV,LMML,6,2026-10-09,16:07
RYR19ZZ,EIDW,EPLL,2,2026-10-08,17:48
RYR1AA,EIKN,EGGP,5,2026-10-09,16:04
RYR1AB,EGKK,EIDW,7,2026-10-09,09:39
RYR1AD,LEVC,LOWW,1,2026-10-09,19:09
RYR1AE,LZIB,LIRA,6,2026-10-09,12:54
RYR1AH,EGNX,EIDW,4,2026-10-07,13:58
RYR1AP,LIME,LICP,1,2026-10-05,06:26
RYR1AQ,LEBL,EDDK,2,2026-10-08,08:13
RYR1AU,LATI,ESSA,1,2026-10-03,03:43
RYR1AY,LZKZ,EGSS,4,2026-10-08,21:42
RYR1BA,LIRF,LFBO,7,2026-10-09,15:21
RYR1BE,EPWR,LMML,1,2026-10-09,13:51
RYR1BL,LOWS,EGSS,5,2026-10-08,10:02
RYR1BM,LGTS,EBCI,3,2026-10-08,16:36
RYR1BR,LHBP,EGNT,2,2026-10-07,13:56
RYR1BT,EIDW,LIPZ,2,2026-10-08,18:53
RYR1BW,LIPE,LIEA,1,2026-10-08,17:03
RYR1BY,LERS,EIDW,4,2026-10-08,20:59
RYR1C,EGFF,EIDW,7,2026-10-09,22:08
RYR1CC,EPKT,LIEA,5,2026-10-09,09:55
RYR1CK,LIPZ,LEBL,4,2026-10-09,23:26
RYR1CU,LROP,EBCI,2,2026-10-04,18:18
RYR1CV,LEBL,LPPR,6,2026-10-08,04:25
RYR1CV,LEBL,LPFR,1,2026-10-09,04:36
RYR1CZ,EHEH,EPMO,2,2026-10-08,17:37
RYR1DA,LDZD,EDSB,4,2026-10-08,07:18
RYR1DC,LIBR,LIMF,6,2026-10-09,18:23
RYR1DE,LBSF,LIBD,1,2026-10-08,04:05
RYR1DG,EGGP,EICK,1,2026-10-04,21:21
RYR1DK,EGGD,LEAL,3,2026-10-08,09:17
RYR1DM,EGSS,LPFR,1,2026-10-06,17:36
RYR1DX,LMML,LPPR,3,2026-10-09,04:24
RYR1EA,EBCI,LICA,3,2026-10-09,13:33
RYR1EB,EIDW,LEAL,3,2026-10-08,04:53
RYR1EG,LBSF,EHEH,1,2026-10-03,11:15
RYR1EJ,EGCC,LEMH,2,2026-10-06,16:58
RYR1EK,LBSF,EDDB,5,2026-10-09,08:26
RYR1EN,EYKA,EGSS,1,2026-10-09,03:15
RYR1EP,EHEH,LIRF,7,2026-10-09,11:54
RYR1EQ,LFML,EBCI,1,2026-10-08,18:26
RYR1ET,LFML,LIRF,2,2026-10-09,19:00
RYR1EU,LEPA,EGNX,2,2026-10-07,00:25
RYR1EV,LIRF,LIBD,2,2026-10-09,19:59
RYR1EX,EYVI,LFOB,2,2026-10-06,10:25
RYR1F,LIPH,LKPR,1,2026-10-05,13:49
RYR1FB,LEMG,EDDK,1,2026-10-06,20:51
RYR1FD,EGNM,EIDW,5,2026-10-08,20:20
RYR1FE,EHEH,EGSS,7,2026-10-09,19:34
RYR1FF,LIRF,LEVC,4,2026-10-08,07:26
RYR1FG,EVRA,EGSS,3,2026-10-09,15:47
RYR1FR,EBBR,LEBL,4,2026-10-09,17:21
RYR1FT,EGCC,EIDW,6,2026-10-09,07:49
RYR1FU,LIMC,LMML,4,2026-10-09,11:21
RYR1FX,EPKT,LGAV,5,2026-10-09,11:59
RYR1GD,EGSS,LIPX,1,2026-10-03,17:52
RYR1GH,LFOB,LGTS,2,2026-10-09,18:08
RYR1GQ,EPKK,LHBP,2,2026-10-08,19:50
RYR1GR,LEMD,LIRN,5,2026-10-08,12:26
RYR1GX,LIPE,EGCC,4,2026-10-08,13:28
RYR1GY,LEIB,LIPE,1,2026-10-05,22:03
RYR1HF,EBCI,EGPH,7,2026-10-09,08:05
RYR1HH,LFOB,LIPE,4,2026-10-09,11:25
RYR1HJ,EDDK,LDZD,1,2026-10-09,20:19
RYR1HK,LEMD,LIMC,4,2026-10-09,19:40
RYR1HT,LIRA,LKPR,7,2026-10-09,15:21
RYR1HV,LGKR,EPMO,2,2026-10-07,19:22
RYR1JD,LATI,LIRA,7,2026-10-09,18:30
RYR1JE,EPMO,LBBG,2,2026-10-09,11:38
RYR1JG,LIME,EGPH,6,2026-10-09,20:38
RYR1JJ,LIPH,EVRA,1,2026-10-08,05:12
RYR1JK,ESSA,LIME,7,2026-10-09,07:09
RYR1JR,LEMD,GCFV,6,2026-10-09,05:07
RYR1JV,LGTS,EPMO,3,2026-10-08,07:13
RYR1JY,LATI,LICC,4,2026-10-09,05:48
RYR1JY,LATI,LICZ,2,2026-10-08,10:22
RYR1KB,LEMD,EGCC,1,2026-10-04,15:56
RYR1KG,LEMG,EGGP,2,2026-10-06,20:47
RYR1KH,EKCH,LHBP,7,2026-10-09,12:40
RYR1KJ,LIPZ,LIBR,4,2026-10-08,20:54
RYR1KL,EGSS,EYVI,4,2026-10-08,07:37
RYR1KW,LIME,LEAL,1,2026-10-06,08:52
RYR1KY,LIME,LGTS,6,2026-10-08,21:23
RYR1KZ,LGTS,EHEH,2,2026-10-08,08:57
RYR1LC,EIDW,EHAM,7,2026-10-09,10:28
RYR1LK,LOWW,LIRF,5,2026-10-09,03:56
RYR1LP,EIDW,LEAL,5,2026-10-09,08:15
RYR1LX,LPPT,LFML,6,2026-10-09,15:30
RYR1MC,LERS,EBCI,4,2026-10-09,13:24
RYR1MG,LEPA,LEVC,5,2026-10-09,04:13
RYR1MN,EGSS,EPKK,5,2026-10-09,17:47
RYR1MT,LIMF,LIBR,7,2026-10-09,05:10
RYR1MU,EGCC,EINN,2,2026-10-07,21:21
RYR1MV,LEZL,LICZ,1,2026-10-03,11:32
RYR1MW,EPLB,EIDW,2,2026-10-08,09:31
RYR1NH,LEAL,EIKY,4,2026-10-09,12:50
RYR1NK,LPPR,LPFR,4,2026-10-09,21:40
RYR1NN,LIRA,EGCC,7,2026-10-09,04:09
RYR1NP,LGTS,LROP,2,2026-10-09,08:34
RYR1NU,EGCC,LIRN,5,2026-10-09,17:12
RYR1P,LFSB,LDZA,7,2026-10-09,15:24
RYR1PE,LICC,LIRF,4,2026-10-09,21:42
RYR1PM,LATI,EDLV,3,2026-10-09,17:35
RYR1PN,LKPR,EPGD,3,2026-10-08,07:50
RYR1PX,EDJA,EGSS,6,2026-10-08,08:59
RYR1PY,EPWA,LEAL,3,2026-10-08,16:25
RYR1QA,LYPG,EBCI,3,2026-10-09,14:14
RYR1QB,EFHK,EGSS,5,2026-10-09,14:46
RYR1QD,LFOB,EGCC,1,2026-10-07,13:02
RYR1QK,LIPX,LIRN,4,2026-10-09,19:27
RYR1QM,LIRN,LFML,1,2026-10-04,21:20
RYR1QN,LIME,LEBL,4,2026-10-08,16:29
RYR1QU,EGNX,LEMG,2,2026-10-09,15:03
RYR1RC,LPPR,ELLX,2,2026-10-07,17:32
RYR1RL,LPPR,LIMC,6,2026-10-09,14:09
RYR1RM,LHBP,LEMG,4,2026-10-09,03:51
RYR1RN,LPPR,EBCI,5,2026-10-09,13:30
RYR1RQ,EIDW,EGKK,7,2026-10-09,07:28
RYR1RT,LEVC,LFML,2,2026-10-08,04:37
RYR1RX,LIPE,EGGW,3,2026-10-09,19:59
RYR1SJ,ESSA,LEMG,4,2026-10-08,18:46
RYR1SK,LZIB,LMML,4,2026-10-09,20:54
RYR1SM,EGSS,EDDB,7,2026-10-09,11:44
RYR1SQ,LEPA,LKPR,3,2026-10-08,16:09
RYR1SR,LEBL,LEMH,7,2026-10-09,04:34
RYR1SU,EVRA,EPKK,1,2026-10-05,10:05
RYR1SW,EPGD,EGSS,1,2026-10-07,18:54
RYR1T,EGSS,LEAL,4,2026-10-09,05:49
RYR1TF,LHBP,EIDW,2,2026-10-07,20:20
RYR1TP,LIRF,LEBL,2,2026-10-09,21:56
RYR1TQ,EIDW,LEMG,5,2026-10-09,13:10
RYR1TR,ENGM,EPKT,1,2026-10-04,07:48
RYR1TU,LEGE,EPPO,3,2026-10-06,14:45
RYR1TW,EIDW,LEGE,2,2026-10-08,20:58
RYR1TZ,EBBR,LIRF,5,2026-10-08,06:48
RYR1U,EGGP,LEPA,4,2026-10-07,09:48
RYR1UB,LGTS,LROP,5,2026-10-08,18:59
RYR1UE,LEAL,LPPR,4,2026-10-09,19:35
RYR1UG,LEAL,EPMO,3,2026-10-09,06:50
RYR1UG,LEAL,EPWA,1,2026-10-04,03:54
RYR1UN,LIBD,LBSF,4,2026-10-07,18:40
RYR1UP,EGGP,EIKN,3,2026-10-09,14:24
RYR1UQ,LIRF,LFOB,1,2026-10-07,14:33
RYR1UT,LIBD,EGSS,1,2026-10-09,20:32
RYR1UV,LIBD,EGSS,3,2026-10-08,18:16
RYR1V,LIRN,LMML,1,2026-10-04,21:51
RYR1VB,LICJ,LIRF,1,2026-10-04,16:34
RYR1VB,LICP,LIRF,1,2026-10-06,14:06
RYR1VD,LHBP,EDDB,3,2026-10-09,17:59
RYR1VE,LEIB,EDLV,2,2026-10-08,18:03
RYR1VH,EPRZ,EGSS,7,2026-10-09,09:53
RYR1VL,LIME,EDDB,1,2026-10-06,19:38
RYR1VM,EPGD,EKAH,3,2026-10-09,09:40
RYR1VR,LFML,LEPA,2,2026-10-07,21:27
RYR1VW,EGCC,LIPE,4,2026-10-08,16:27
RYR1VY,LICJ,LIPE,1,2026-10-03,18:28
RYR1VZ,LICT,LMML,1,2026-10-09,16:21
RYR1WB,EDLV,LPFR,1,2026-10-07,11:27
RYR1WE,LEAL,EGGP,6,2026-10-08,08:58
RYR1WF,LROP,LIME,6,2026-10-09,19:18
RYR1WH,EIDW,LDZA,4,2026-10-09,19:17
RYR1WK,EDJA,LIRN,1,2026-10-06,15:31
RYR1WM,LIBD,LOWW,3,2026-10-07,09:40
RYR1WP,EDDB,LBSF,5,2026-10-09,04:16
RYR1WX,LIMF,LICR,6,2026-10-09,13:07
RYR1WZ,EDSB,LEPA,3,2026-10-08,16:23
RYR1XD,LICT,EDDR,1,2026-10-09,16:43
RYR1XE,EGSS,EPRZ,7,2026-10-09,07:00
RYR1XG,LIEA,LEMD,3,2026-10-08,15:42
RYR1XP,LEMD,LFML,1,2026-10-04,13:55
RYR1XQ,LKPD,LEMG,2,2026-10-09,12:24
RYR1XU,LKPR,LGKR,4,2026-10-07,13:34
RYR1XV,LEMH,LEVC,3,2026-10-09,07:13
RYR1YC,LIME,ESSA,3,2026-10-09,16:48
RYR1YG,LROP,LGKR,1,2026-10-07,05:43
RYR1YJ,LEBL,LIME,3,2026-10-09,23:08
RYR1YM,LEMG,EDLV,1,2026-10-04,07:52
RYR1YP,EGPH,LPPR,3,2026-10-08,18:50
RYR1YQ,EPKT,ENGM,3,2026-10-07,04:51
RYR1YU,LEMD,LEPA,3,2026-10-08,04:10
RYR1YV,EDJA,LEPA,5,2026-10-09,13:10
RYR1YW,LICA,LIPE,3,2026-10-08,21:31
RYR1YX,LOWW,LGAV,5,2026-10-08,05:05
RYR1ZD,LRCL,EGSS,3,2026-10-08,10:21
RYR1ZE,LROP,LEMG,2,2026-10-09,18:40
RYR1ZH,LPPR,LIMC,2,2026-10-06,18:00
RYR1ZJ,EBCI,LEGE,5,2026-10-09,18:06
RYR1ZK,LEIB,LEMD,4,2026-10-08,22:10
RYR1ZN,EINN,EPPO,2,2026-10-06,16:25
RYR1ZR,EIDW,EPMO,5,2026-10-08,05:09
RYR1ZV,LIRZ,EGSS,1,2026-10-04,16:24
RYR1ZX,LMML,LGTS,3,2026-10-09,13:36
RYR1ZY,LEMG,LEVC,2,2026-10-09,05:37
RYR1ZZ,EGAA,LEAL,3,2026-10-09,07:52
RYR200,LEAL,LEMI,1,2026-10-07,07:09
RYR2001,GCRR,LEST,3,2026-10-07,06:39
RYR2002,LEST,GCRR,3,2026-10-07,10:58
RYR2007,LFBO,LIBD,1,2026-10-08,16:02
RYR200F,EYVI,LEBL,3,2026-10-09,21:21
RYR200Z,LPPT,EGSS,6,2026-10-09,05:03
RYR201M,EGBB,EIKN,2,2026-10-07,15:57
RYR202,LEAL,LEMI,2,2026-10-08,12:59
RYR2021,LOWW,LFOB,2,2026-10-09,10:32
RYR2029,LPFR,LPPR,1,2026-10-09,07:24
RYR203,LEMI,LEAL,2,2026-10-08,18:29
RYR203A,LIPX,LICA,4,2026-10-08,20:31
RYR204M,LIPE,LEPA,2,2026-10-07,07:57
RYR205A,LOWW,LEBL,7,2026-10-09,06:47
RYR2074,LIMC,EGPH,3,2026-10-09,06:20
RYR2077,LPPT,LFML,1,2026-10-05,08:49
RYR2078,LFML,LPPT,1,2026-10-05,05:48
RYR207V,LIME,EPLL,6,2026-10-09,08:28
RYR209,LEIB,EGSS,1,2026-10-08,19:47
RYR2094,LCPH,LFOB,2,2026-10-09,04:01
RYR2095,LPPT,LIME,1,2026-10-08,18:36
RYR20AG,LEBL,LPPR,2,2026-10-04,19:58
RYR20AM,LEVT,LEPA,2,2026-10-07,14:36
RYR20AU,EIDW,EHAM,7,2026-10-09,14:27
RYR20AX,EPMO,LGAV,4,2026-10-08,03:59
RYR20DB,EPKK,EINN,4,2026-10-09,20:09
RYR20EE,LEVC,LPPT,2,2026-10-08,19:50
RYR20FV,EGCC,LOWW,6,2026-10-09,05:50
RYR20JH,LEBL,LIEA,2,2026-10-08,22:29
RYR20KL,EDDK,LEPA,3,2026-10-07,16:28
RYR20KW,LHBP,LIPH,4,2026-10-08,12:55
RYR20KX,LEPA,EGGD,5,2026-10-09,04:17
RYR20LQ,EGSS,EICK,6,2026-10-08,06:21
RYR20NM,EPPO,LMML,4,2026-10-08,09:04
RYR20PT,EINN,LHBP,2,2026-10-08,08:10
RYR20PU,EGPH,LIRN,2,2026-10-07,17:13
RYR20RR,EGSS,LIBR,7,2026-10-09,15:59
RYR20SA,LPFR,EGSS,6,2026-10-09,09:15
RYR20SE,LIME,EVRA,1,2026-10-09,20:06
RYR20TE,EIKN,EGGD,3,2026-10-09,15:20
RYR20WJ,LICA,LIMF,6,2026-10-09,07:19
RYR20XE,LICC,LIPE,4,2026-10-09,22:52
RYR20YG,LFML,LDDU,1,2026-10-04,08:20
RYR20YU,LEMG,EGBB,5,2026-10-09,22:45
RYR20ZC,EIDW,LIMC,3,2026-10-08,18:48
RYR20ZE,EGSS,LEBL,5,2026-10-09,06:54
RYR2106,EDDK,LEAL,1,2026-10-08,06:48
RYR210N,LIBD,LATI,3,2026-10-06,19:18
RYR210Y,EIDW,LMML,2,2026-10-06,05:15
RYR211Y,EGPH,LEPA,2,2026-10-08,12:10
RYR2122,EPKT,EPWR,1,2026-10-05,04:12
RYR2122,LKPR,EBCI,2,2026-10-09,12:19
RYR2136,EGBB,LCPH,1,2026-10-08,05:55
RYR2147,EBCI,LEVC,3,2026-10-07,04:39
RYR214Y,EVRA,EIDW,3,2026-10-08,19:54
RYR215F,LEAL,EGHQ,4,2026-10-08,14:57
RYR2166,EGSS,EPRZ,1,2026-10-06,16:59
RYR2167,EPRZ,EGSS,1,2026-10-06,19:53
RYR2171,LZIB,LGTS,3,2026-10-07,20:29
RYR2181,LIPZ,LEAL,2,2026-10-07,17:08
RYR2182,LEAL,LIPZ,3,2026-10-07,19:24
RYR2183,LHBP,LIPZ,4,2026-10-09,20:24
RYR2184,LIPZ,LHBP,4,2026-10-09,22:21
RYR2188,EPKT,LOWW,1,2026-10-04,04:37
RYR219K,EYVI,LGAV,2,2026-10-07,15:30
RYR21AQ,LIPE,EPKK,5,2026-10-09,20:05
RYR21AW,LIBD,EGGD,1,2026-10-06,19:05
RYR21BU,LFOB,LEZL,2,2026-10-06,08:18
RYR21DG,EIDW,EGCC,6,2026-10-09,20:49
RYR21DP,LIRF,LEZL,3,2026-10-09,12:02
RYR21EV,EICK,EGBB,4,2026-10-08,06:26
RYR21FE,EPMO,EGPF,2,2026-10-09,08:59
RYR21FN,LPFR,EBCI,5,2026-10-08,12:31
RYR21FQ,LIME,LATI,6,2026-10-09,17:36
RYR21GB,LIRF,LICC,5,2026-10-09,04:39
RYR21GB,LIRF,LICZ,2,2026-10-05,05:02
RYR21GU,LICJ,LIRF,1,2026-10-03,19:33
RYR21HR,LHBP,LEBL,5,2026-10-09,07:22
RYR21JR,LEAL,EGPK,4,2026-10-08,03:45
RYR21LA,LIRN,EBCI,2,2026-10-09,07:20
RYR21MT,LIPR,LHBP,2,2026-10-08,21:20
RYR21NF,EIDW,LFOB,5,2026-10-09,06:48
RYR21UC,EBCI,LICT,1,2026-10-08,07:28
RYR21UN,EPWR,LPPT,2,2026-10-07,15:08
RYR21VJ,LEMG,LIPH,6,2026-10-09,10:25
RYR21VN,EGSS,EDSB,4,2026-10-08,18:39
RYR21WA,EPKK,LPPT,2,2026-10-09,14:47
RYR21WJ,EIDW,EGCC,6,2026-10-09,19:08
RYR21WX,EBCI,LATI,5,2026-10-08,20:40
RYR21YF,EGTE,LPFR,1,2026-10-07,18:44
RYR220,LPFR,LEMD,1,2026-10-08,12:02
RYR2201,EGCC,GCRR,2,2026-10-07,19:33
RYR2209,LEMD,LIPZ,1,2026-10-04,10:45
RYR220U,EKCH,LPPR,3,2026-10-09,16:09
RYR221,LHBP,EGNX,2,2026-10-06,03:49
RYR2211,EPWA,EPMO,1,2026-10-04,08:43
RYR2218,EIDW,EGCC,1,2026-10-09,12:34
RYR2219,EGCC,EIDW,1,2026-10-09,14:13
RYR221H,EPWR,LDDU,2,2026-10-06,11:15
RYR221L,LEGE,EDLV,4,2026-10-08,07:14
RYR222,LIPZ,LEZL,2,2026-10-08,08:44
RYR2222,LOWW,EPKT,1,2026-10-04,10:03
RYR223W,LIPH,LPPR,3,2026-10-09,13:09
RYR224,EPKT,EPWR,1,2026-10-04,08:29
RYR224,LEMG,LFML,1,2026-10-08,17:21
RYR225,LFML,LEMG,1,2026-10-08,19:53
RYR225Q,EHEH,EGSS,7,2026-10-09,15:02
RYR2261,LIME,LICZ,3,2026-10-06,04:06
RYR2261,LIME,LICC,2,2026-10-09,04:41
RYR2277,LHBP,LMML,1,2026-10-05,14:27
RYR227G,LIMF,LEMD,2,2026-10-09,18:03
RYR227P,LIMC,LICZ,6,2026-10-09,11:14
RYR228,EGSS,EPSY,1,2026-10-08,06:21
RYR2281,EGSS,EPMO,1,2026-10-04,14:57
RYR2282,EPMO,EGSS,1,2026-10-04,11:54
RYR2287,LIME,LROP,1,2026-10-06,16:45
RYR2288,LROP,LIME,1,2026-10-06,19:23
RYR228K,EGPH,ESGG,3,2026-10-08,19:37
RYR229E,EPKK,LIMC,2,2026-10-09,15:12
RYR22AC,EPWA,LEPA,1,2026-10-06,19:08
RYR22CJ,LEMD,GMMW,1,2026-10-04,20:00
RYR22EY,LPFR,EGGW,4,2026-10-09,12:44
RYR22FR,LPPR,EGSS,6,2026-10-09,05:19
RYR22GT,EGNX,LEBL,3,2026-10-08,06:32
RYR22JQ,EDFH,EGSS,6,2026-10-09,09:51
RYR22KC,EGCC,LFOB,6,2026-10-09,07:38
RYR22KD,EINN,LEPA,2,2026-10-08,19:14
RYR22MB,EGPH,LFOB,4,2026-10-07,05:45
RYR22MM,LMML,ESSA,5,2026-10-09,08:28
RYR22PF,ESSA,EETN,6,2026-10-09,04:06
RYR22PG,EPRZ,EGPH,2,2026-10-06,09:03
RYR22PK,EPGD,EGNM,1,2026-10-09,11:42
RYR22RD,LPPT,EBCI,7,2026-10-09,11:01
RYR22RK,LEAL,EPPO,4,2026-10-08,12:46
RYR22SA,EGNM,LEMG,5,2026-10-09,08:37
RYR22SM,LEXJ,EIDW,3,2026-10-09,15:42
RYR22TJ,LFBI,EGSS,1,2026-10-03,07:49
RYR22TW,LFOB,LOWW,2,2026-10-09,13:08
RYR22UT,LPPT,EIDW,6,2026-10-08,05:01
RYR22VY,LEGE,EGCC,2,2026-10-05,14:14
RYR22XB,EGCC,LEMG,6,2026-10-09,07:32
RYR22XQ,LIPE,LATI,2,2026-10-08,19:57
RYR22ZE,EKCH,LHBP,2,2026-10-09,13:49
RYR22ZK,GCRR,EGHH,1,2026-10-05,12:48
RYR22ZU,LEXJ,EBCI,3,2026-10-07,13:56
RYR2305,GCRR,EIKN,1,2026-10-04,06:40
RYR2306,EIKN,GCRR,1,2026-10-04,11:20
RYR2325,EYKA,LIME,1,2026-10-09,15:14
RYR2351,EGGW,EPKK,1,2026-10-06,19:09
RYR2357,GMFO,EBOS,1,2026-10-09,21:27
RYR2368,EGSS,LKMT,2,2026-10-07,06:29
RYR236V,GCRR,EIDW,2,2026-10-08,06:27
RYR2373,LIPH,EPMO,1,2026-10-08,10:32
RYR2381,LIRZ,EPKK,3,2026-10-09,11:17
RYR2382,EPKT,LIPH,2,2026-10-06,17:34
RYR2383,LIPH,EPKT,2,2026-10-06,19:29
RYR23AL,EDLV,LEGE,6,2026-10-09,15:56
RYR23AL,EDLV,LEBL,1,2026-10-04,04:41
RYR23BB,EBCI,EVRA,2,2026-10-06,17:52
RYR23BF,EGPH,EIDW,6,2026-10-09,22:51
RYR23BW,EBCI,LDZA,7,2026-10-09,10:02
RYR23CG,LIPH,LFML,5,2026-10-09,11:18
RYR23DQ,LEAL,LKPD,3,2026-10-07,07:19
RYR23FE,LFRS,EGSS,2,2026-10-08,14:53
RYR23KG,LDZA,EGSS,4,2026-10-08,17:15
RYR23MG,LIME,LEVC,3,2026-10-09,19:20
RYR23MJ,EGCC,LEAL,1,2026-10-08,20:06
RYR23ML,LIMF,LICT,1,2026-10-09,06:00
RYR23PE,EBBR,LIRF,1,2026-10-09,15:29
RYR23RR,EPKK,LEMG,1,2026-10-04,14:45
RYR23SN,LHBP,EIDW,5,2026-10-09,18:41
RYR23VD,EIDW,EGGP,6,2026-10-09,16:10
RYR23VX,EKCH,LIME,4,2026-10-09,18:33
RYR23WP,LFML,LEMH,4,2026-10-09,04:10
RYR23XT,LHBP,EGGP,2,2026-10-09,09:24
RYR23XX,EGCC,LFML,4,2026-10-08,07:40
RYR23YL,ESGG,EGSS,7,2026-10-09,03:40
RYR23ZR,LPPR,LIPH,3,2026-10-09,09:52
RYR23ZU,EPKK,EGCC,3,2026-10-07,23:26
RYR24,LEMG,EGNM,1,2026-10-07,22:21
RYR241F,LICC,LIBD,3,2026-10-08,21:12
RYR2426,LEZL,LIPQ,2,2026-10-07,19:06
RYR243X,LIBR,LIRF,3,2026-10-08,16:27
RYR2445,LFBO,EGBB,2,2026-10-08,19:39
RYR245B,LEAL,EGNX,2,2026-10-09,17:06
RYR247Y,EPKT,EGSS,7,2026-10-09,09:07
RYR248P,EDNY,LEPA,2,2026-10-07,17:40
RYR249,EDLP,LEAL,1,2026-10-09,08:47
RYR2495,LEBL,LEPA,5,2026-10-09,11:01
RYR249H,LFML,LFQQ,6,2026-10-09,03:52
RYR249R,EDLV,LDZD,2,2026-10-08,16:34
RYR24AN,EDDB,LPFR,1,2026-10-08,12:20
RYR24DD,LEVT,LEZL,1,2026-10-06,11:18
RYR24FF,EGNX,EPWR,5,2026-10-09,05:03
RYR24GM,LICJ,LIMC,1,2026-10-08,12:56
RYR24JR,LGAV,LOWW,5,2026-10-08,08:25
RYR24LW,EGSS,LEIB,2,2026-10-07,18:10
RYR24NN,EDSB,ESSA,1,2026-10-06,06:34
RYR24NV,LFML,LEMD,6,2026-10-09,19:54
RYR24QA,LIPZ,LIBD,1,2026-10-08,08:00
RYR24RD,LIPE,LICT,1,2026-10-08,16:12
RYR24SA,LIBR,LEMD,2,2026-10-08,16:03
RYR24SE,LIRF,LPPT,7,2026-10-09,04:54
RYR24ST,LEPA,LEVC,4,2026-10-08,05:24
RYR24UD,EGSS,EIKN,6,2026-10-09,07:06
RYR24WJ,EGCC,LROP,4,2026-10-08,05:30
RYR24XK,EDDB,LEPA,2,2026-10-07,16:55
RYR24YX,EPBY,EGSS,4,2026-10-08,20:14
RYR24ZZ,EDDK,EGSS,7,2026-10-09,15:05
RYR252,EPWR,LIME,1,2026-10-08,22:52
RYR2523,ESGG,LEMG,1,2026-10-04,13:29
RYR252D,LZIB,LATI,4,2026-10-09,15:48
RYR2539,LEMD,LROP,1,2026-10-04,11:15
RYR254,LIME,EPWR,1,2026-10-08,01:09
RYR2552,EPPO,LGTS,2,2026-10-07,18:47
RYR2557,LICC,LIMF,3,2026-10-09,17:44
RYR256T,LICC,LIRN,7,2026-10-09,20:07
RYR2578,ESOW,LEMG,2,2026-10-07,18:50
RYR2591,LGTS,EGSS,1,2026-10-06,11:29
RYR2599,LICR,LIMP,3,2026-10-09,17:48
RYR25CP,EGNV,LPFR,1,2026-10-03,19:24
RYR25DD,EGSS,LFBE,4,2026-10-06,11:29
RYR25FL,EIDW,LIPE,4,2026-10-09,18:59
RYR25HN,LCPH,LMML,3,2026-10-07,03:26
RYR25JB,EHEH,LEGE,4,2026-10-09,13:50
RYR25LE,LDZA,EGSS,5,2026-10-09,14:11
RYR25LY,EGSS,LIRA,7,2026-10-09,12:32
RYR25PN,EDHL,LEPA,2,2026-10-07,08:19
RYR25QH,LICT,EDLV,1,2026-10-09,04:00
RYR25SC,ESGG,LGKR,1,2026-10-06,16:04
RYR25SX,EGKK,EINN,7,2026-10-09,15:02
RYR25UK,LPMA,LFOB,2,2026-10-04,15:44
RYR25UZ,LIPH,EGNX,2,2026-10-08,19:05
RYR25WC,EGGD,LEIB,1,2026-10-07,19:50
RYR25XC,EGGD,LEMG,6,2026-10-09,05:27
RYR25XV,LIMF,LATI,1,2026-10-09,11:35
RYR25XX,LEBL,LIRF,1,2026-10-05,22:22
RYR25YV,LIRF,LDDU,2,2026-10-06,13:09
RYR25ZE,LEMG,EBBR,3,2026-10-07,09:08
RYR25ZN,LMML,LIBD,4,2026-10-09,04:14
RYR2600,LIMP,LICR,3,2026-10-09,19:48
RYR262A,EGGW,LEMG,3,2026-10-07,15:55
RYR2632,LIMC,LIBR,2,2026-10-08,19:01
RYR2647,EGSS,LIPK,2,2026-10-07,12:24
RYR2648,LIPK,EGSS,2,2026-10-07,14:54
RYR265,GCFV,LIME,2,2026-10-08,20:05
RYR2656,EDJA,LEGE,4,2026-10-07,19:01
RYR2675,EKCH,EGPH,4,2026-10-09,22:39
RYR267E,LEAL,ESGG,1,2026-10-04,08:19
RYR267Q,LATI,LOWW,2,2026-10-08,09:49
RYR2688,EGSS,LIMP,2,2026-10-08,17:15
RYR2689,LIMP,EGSS,2,2026-10-08,19:59
RYR268Q,LIME,EGNT,1,2026-10-05,07:43
RYR2698,LIME,LIEA,2,2026-10-06,13:02
RYR26CR,LEMD,EGSS,6,2026-10-09,12:11
RYR26DT,LIMC,LEMD,4,2026-10-08,16:58
RYR26EN,LDZA,LFSB,7,2026-10-09,13:19
RYR26LU,LFBO,EBCI,7,2026-10-09,04:10
RYR26PB,LHBP,LFBO,2,2026-10-06,16:37
RYR26PZ,LEPA,LOWW,5,2026-10-08,11:59
RYR26QM,EGNM,LEAL,3,2026-10-09,07:30
RYR26RY,LEMG,EKCH,5,2026-10-09,11:59
RYR26TC,LEIB,LIME,6,2026-10-09,06:54
RYR26TE,EGNX,LEVC,2,2026-10-08,05:20
RYR26TR,LIPZ,LICZ,3,2026-10-09,19:36
RYR26TR,LIPZ,LICC,2,2026-10-08,08:24
RYR26UL,EICK,EGCC,7,2026-10-09,19:48
RYR26UU,LIRF,LEMD,5,2026-10-09,09:38
RYR26VC,EIDW,EDDH,5,2026-10-09,11:15
RYR26YA,EBCI,EPMO,4,2026-10-08,12:52
RYR26ZP,EGGD,LBSF,2,2026-10-07,16:36
RYR26ZV,LIBD,LIMF,6,2026-10-09,18:27
RYR272A,LICC,LMML,7,2026-10-09,05:22
RYR2738,EDJA,LIME,1,2026-10-06,07:17
RYR274,LMML,LEPA,1,2026-10-07,12:53
RYR2749,LDZA,EDJA,2,2026-10-06,10:04
RYR275C,LFOB,LICR,1,2026-10-06,14:21
RYR275J,LPFR,LPPR,6,2026-10-09,13:08
RYR275K,EGSS,EPWR,4,2026-10-07,20:46
RYR275Q,EPWR,EGGW,4,2026-10-08,15:38
RYR2774,LIMF,LPPR,2,2026-10-06,15:45
RYR2778,LGTS,EPKK,4,2026-10-08,06:37
RYR2785,LGTS,LIPH,2,2026-10-07,08:18
RYR2789,EDDB,EGSS,2,2026-10-08,18:38
RYR278B,LPPR,LEAL,3,2026-10-09,13:03
RYR27AY,EPKK,LICC,4,2026-10-09,07:14
RYR27AY,EPKK,LICZ,2,2026-10-07,10:47
RYR27BR,LOWW,LEVC,2,2026-10-08,06:00
RYR27CF,EDFH,LEAL,1,2026-10-08,15:26
RYR27CM,EDDK,LEVC,1,2026-10-07,13:14
RYR27DE,LEAL,LFBO,4,2026-10-09,19:44
RYR27DL,LEPA,EGGP,1,2026-10-03,15:00
RYR27JN,LIPQ,EGSS,6,2026-10-09,17:01
RYR27KV,LFRS,LMML,2,2026-10-07,09:20
RYR27LQ,EGSS,LEMI,4,2026-10-09,12:58
RYR27MD,LFKF,EBCI,2,2026-10-09,16:45
RYR27MG,LOWW,LROP,3,2026-10-07,12:38
RYR27NH,LIRF,LEMD,2,2026-10-06,19:03
RYR27PB,LPPR,LMML,3,2026-10-09,08:13
RYR27PP,LDZD,EDDK,2,2026-10-06,12:05
RYR27QC,LICJ,LIME,1,2026-10-03,09:44
RYR27RR,EGCC,LEAM,3,2026-10-09,06:43
RYR27SA,LIPZ,EGGD,3,2026-10-07,18:43
RYR27SB,LEPA,EPWR,2,2026-10-08,20:50
RYR27SR,EGNT,LHBP,2,2026-10-07,17:59
RYR27ST,LPPT,EGSS,6,2026-10-09,13:36
RYR27SY,LDZA,LICP,1,2026-10-05,19:32
RYR27TT,EGBB,LEGE,3,2026-10-09,14:43
RYR27UC,EGSS,EINN,7,2026-10-09,19:06
RYR27UJ,EPMO,LIME,1,2026-10-03,13:12
RYR27UN,GMMW,LFML,2,2026-10-05,20:24
RYR27UW,LIPH,LEPA,3,2026-10-07,06:39
RYR27XU,LPPR,ESGG,2,2026-10-06,14:22
RYR27YZ,LEMG,LEVC,2,2026-10-08,12:11
RYR27ZC,EBCI,LEPA,1,2026-10-04,09:56
RYR27ZZ,LIMC,LICP,1,2026-10-09,18:00
RYR280W,EPGD,EIDW,1,2026-10-09,04:10
RYR282D,EPPO,EGNM,2,2026-10-06,15:10
RYR2838,LPFR,EPKK,3,2026-10-07,06:13
RYR284,LIMF,LEAL,2,2026-10-08,08:29
RYR2851,LICC,LFOB,3,2026-10-06,13:53
RYR2854,EBCI,LZIB,3,2026-10-09,04:54
RYR2856,LGZA,LHBP,1,2026-10-05,13:53
RYR285J,LIEA,LZIB,2,2026-10-09,16:42
RYR2869,EVRA,ENTO,4,2026-10-08,10:31
RYR287J,LIBR,LFOB,3,2026-10-08,16:14
RYR287Y,LEMD,EGSS,5,2026-10-09,12:53
RYR2885,EYKA,EGPH,2,2026-10-07,09:09
RYR2889,LEBL,LEPA,3,2026-10-07,15:27
RYR288C,LHBP,LIRA,7,2026-10-09,16:41
RYR2897,LEPA,LEBL,5,2026-10-09,18:47
RYR28BE,LEIB,EDDB,3,2026-10-09,17:24
RYR28BZ,LEMD,LIRF,5,2026-10-09,22:25
RYR28CC,EKCH,LIME,7,2026-10-09,04:45
RYR28DD,LIMF,EGSS,5,2026-10-09,08:33
RYR28EL,EIDW,EGGP,2,2026-10-04,22:00
RYR28G,EGGD,EIDW,1,2026-10-08,08:12
RYR28GH,EPWR,LEVC,3,2026-10-09,04:24
RYR28GL,EGGD,EIDW,6,2026-10-09,08:17
RYR28HY,LDDU,ESGG,1,2026-10-08,20:33
RYR28JB,EIDW,EGKK,7,2026-10-09,09:01
RYR28KJ,LEAL,EGNT,4,2026-10-09,04:22
RYR28LA,LGKR,EDDB,5,2026-10-09,14:24
RYR28LF,EGSS,EFHK,5,2026-10-09,05:37
RYR28MT,EDDK,LCPH,1,2026-10-05,04:00
RYR28PH,EGSS,EDDW,6,2026-10-09,10:18
RYR28PM,EPMO,LICZ,2,2026-10-09,04:12
RYR28PM,EPMO,LICC,1,2026-10-08,04:08
RYR28QD,LDZA,LMML,5,2026-10-08,03:56
RYR28RV,LIPZ,LIRN,5,2026-10-09,18:53
RYR28SK,LIPE,LIBD,3,2026-10-09,08:15
RYR28TH,ELLX,LMML,3,2026-10-09,20:36
RYR28UE,LIRF,LICC,4,2026-10-08,07:12
RYR28UE,LIRF,LICZ,3,2026-10-09,06:36
RYR28UM,LEAL,EIDW,5,2026-10-08,14:08
RYR28UQ,LEPA,EDDW,4,2026-10-07,14:56
RYR28UR,LPPR,LEBL,7,2026-10-09,07:17
RYR28UT,LEIB,EGNM,1,2026-10-08,10:55
RYR28VA,LPPR,LEVC,5,2026-10-08,05:43
RYR28WC,LDZA,EDSB,3,2026-10-07,18:29
RYR28WW,EDLV,LEPA,5,2026-10-08,11:26
RYR28XE,EDSB,LEZL,1,2026-10-05,05:43
RYR28ZB,LIBD,LIPX,5,2026-10-09,05:54
RYR28ZG,EGCC,GCFV,3,2026-10-09,14:11
RYR2900,LEAL,LEBL,1,2026-10-07,04:17
RYR290W,LBSF,LIBD,3,2026-10-09,16:45
RYR2917,EBBR,LEBL,1,2026-10-03,18:40
RYR2919,LICC,LMML,3,2026-10-08,22:12
RYR2925,LEBL,EBBR,1,2026-10-07,17:59
RYR2926,EBBR,LEBL,1,2026-10-07,20:39
RYR292K,LFBO,EIDW,3,2026-10-08,16:07
RYR2931,LMML,LICZ,2,2026-10-06,16:16
RYR293T,LEMD,LFML,6,2026-10-09,17:53
RYR2943,LPPR,LEAL,2,2026-10-07,21:38
RYR2959,LFML,LIPH,5,2026-10-09,09:25
RYR295B,LGTS,EDDN,4,2026-10-09,12:17
RYR2962,EGBB,EDDB,2,2026-10-09,18:12
RYR2963,EBCI,LMML,2,2026-10-08,20:02
RYR2967,LEPA,LHBP,1,2026-10-03,21:56
RYR2968,LHBP,GCLP,1,2026-10-09,11:06
RYR296X,LIRA,EINN,2,2026-10-06,09:51
RYR297,EDDB,LEMG,1,2026-10-08,08:05
RYR297,EDDB,LIPQ,1,2026-10-04,17:40
RYR297,LDZA,LOWW,1,2026-10-06,10:33
RYR2975,EBCI,EICK,2,2026-10-07,12:39
RYR2976,EICK,EBCI,2,2026-10-07,14:43
RYR297X,LICA,LIPX,5,2026-10-08,18:40
RYR298,LIPQ,EDDB,1,2026-10-04,19:28
RYR298,LOWW,LDZA,1,2026-10-06,11:13
RYR299G,LFBZ,LIME,2,2026-10-06,16:00
RYR299H,LEPA,EGGD,3,2026-10-09,17:23
RYR299Q,LEAL,EDLV,4,2026-10-09,18:02
RYR29AM,LFBZ,EGSS,7,2026-10-09,14:52
RYR29BA,LIBR,LIPZ,4,2026-10-08,09:54
RYR29BC,LIPZ,LIBD,3,2026-10-08,03:48
RYR29CD,LIEA,LIME,6,2026-10-09,05:26
RYR29DB,EBBR,LEMD,5,2026-10-08,07:02
RYR29DU,LEVC,EICK,2,2026-10-09,13:50
RYR29EN,LEMG,EPWR,4,2026-10-09,08:51
RYR29FJ,LIRA,LHBP,7,2026-10-09,15:24
RYR29GX,LIME,EBCI,6,2026-10-09,15:10
RYR29HK,EIDW,LDDU,2,2026-10-06,18:47
RYR29JK,LEVC,EICK,1,2026-10-04,15:44
RYR29KK,LEMH,LEMD,6,2026-10-09,10:19
RYR29KP,EIDW,EGGD,2,2026-10-06,22:36
RYR29LJ,LICA,LIME,3,2026-10-07,04:15
RYR29ML,EGSS,EYKA,1,2026-10-09,06:27
RYR29NH,LEVC,LPPR,3,2026-10-08,20:55
RYR29NK,EGGD,LFBE,2,2026-10-05,10:35
RYR29PL,LKPR,LEMG,2,2026-10-07,08:11
RYR29QQ,LIRZ,LMML,2,2026-10-07,14:43
RYR29RV,LEPA,EDSB,2,2026-10-09,07:14
RYR29SA,LICJ,LIRF,1,2026-10-03,18:47
RYR29SG,LCPH,EGSS,3,2026-10-09,10:33
RYR29TL,EBCI,LPPT,5,2026-10-07,13:56
RYR29UC,LPPR,EBCI,7,2026-10-09,06:48
RYR29UF,LFBO,LEPA,2,2026-10-07,13:38
RYR29UZ,LOWW,EGSS,5,2026-10-09,04:36
RYR29VV,LCPH,EGCC,3,2026-10-06,03:01
RYR29WR,EGGP,LEMG,6,2026-10-09,04:51
RYR29XE,LPMA,EBCI,3,2026-10-09,13:54
RYR29XJ,LEMG,EGGW,3,2026-10-08,19:31
RYR29YE,LPFR,EIDW,6,2026-10-09,10:16
RYR29YF,LIPE,GCFV,2,2026-10-06,04:55
RYR29ZN,LBSF,LEPA,1,2026-10-08,07:44
RYR2AA,LEMD,EBBR,5,2026-10-08,04:24
RYR2AB,EIDW,EGNT,7,2026-10-09,19:00
RYR2AD,EYKA,EGSS,7,2026-10-09,11:34
RYR2AF,LEST,EIDW,4,2026-10-08,21:34
RYR2AG,GCFV,EGNX,1,2026-10-05,10:07
RYR2AJ,EGCC,EIDW,5,2026-10-08,12:53
RYR2AK,GMFO,EBCI,3,2026-10-09,14:36
RYR2AT,LIRN,LICZ,1,2026-10-07,21:44
RYR2AU,LIRF,LEMG,5,2026-10-07,16:43
RYR2AW,LEAL,EPKT,2,2026-10-07,20:28
RYR2BB,EIDW,LIME,1,2026-10-03,10:18
RYR2BG,LEPA,ESGG,3,2026-10-09,05:26
RYR2BH,LEMD,EGCC,6,2026-10-09,08:22
RYR2BJ,EHEH,LEPA,4,2026-10-08,10:00
RYR2BR,LYPG,EPWR,3,2026-10-08,15:39
RYR2BU,LIPE,LFML,2,2026-10-07,20:35
RYR2BW,EGGW,GCRR,1,2026-10-05,14:19
RYR2BX,LPPT,LEVC,4,2026-10-09,22:03
RYR2BZ,LEPA,EICK,1,2026-10-07,22:13
RYR2CF,LEMG,EGGD,6,2026-10-09,08:37
RYR2CK,EIDW,EGKK,7,2026-10-09,17:44
RYR2CL,LIME,EBCI,6,2026-10-09,06:26
RYR2CP,LGTS,EDSB,3,2026-10-07,11:21
RYR2CR,LEAL,LHBP,5,2026-10-08,17:18
RYR2CV,LGKR,LIRF,3,2026-10-09,22:04
RYR2CW,EPMO,LBSF,6,2026-10-09,11:37
RYR2DC,EIDW,EGSS,7,2026-10-09,05:49
RYR2DD,EPMO,LEMD,4,2026-10-08,15:30
RYR2DH,EPMO,LHBP,5,2026-10-09,09:24
RYR2DJ,EPMO,LIMC,1,2026-10-07,07:16
RYR2DL,LIME,EPKK,5,2026-10-09,21:35
RYR2DQ,LFML,LPPR,4,2026-10-09,21:08
RYR2DY,LECH,LHBP,2,2026-10-08,16:15
RYR2DZ,EINN,EGSS,3,2026-10-09,18:00
RYR2EB,EYVI,LGKR,2,2026-10-09,16:47
RYR2EC,LIBD,LIRF,6,2026-10-09,18:54
RYR2EE,LEPA,EGBB,4,2026-10-08,22:07
RYR2EH,LIBD,LIPE,3,2026-10-08,21:49
RYR2ET,LEMG,EKAH,3,2026-10-08,15:32
RYR2EV,LEZL,LEPA,1,2026-10-07,22:36
RYR2FC,EPKK,LBBG,2,2026-10-08,19:12
RYR2FF,EGSS,LIMC,6,2026-10-09,17:15
RYR2FL,LICC,LIPE,5,2026-10-08,13:02
RYR2FM,LPFR,EINN,4,2026-10-09,20:56
RYR2FT,LEMD,LEMH,3,2026-10-07,16:33
RYR2FU,EGBB,LIRF,3,2026-10-09,22:40
RYR2FY,EGSS,LKPR,5,2026-10-08,18:24
RYR2FZ,GCFV,EBCI,2,2026-10-06,14:44
RYR2GA,LEAL,LEIB,1,2026-10-06,20:30
RYR2GB,LPPT,LEAL,4,2026-10-08,16:45
RYR2GC,LPPT,LHBP,4,2026-10-09,18:00
RYR2GJ,EDDK,LEAL,3,2026-10-07,14:41
RYR2GN,LOWW,LATI,2,2026-10-08,07:47
RYR2GQ,LIME,LBSF,4,2026-10-09,20:45
RYR2GR,GCRR,LEZL,4,2026-10-09,16:02
RYR2GW,LOWW,LIPZ,2,2026-10-09,11:51
RYR2GZ,EIKN,LEPA,2,2026-10-08,14:54
RYR2H,EDSB,LEGE,2,2026-10-08,04:38
RYR2HD,LIMF,LEVC,2,2026-10-06,22:10
RYR2HG,EICK,LEAL,3,2026-10-08,07:13
RYR2HH,LEAL,LBSF,2,2026-10-09,16:49
RYR2HW,LICJ,EDFH,1,2026-10-04,04:12
RYR2JG,LMML,LFOB,2,2026-10-08,14:40
RYR2JJ,LPPT,LIRF,3,2026-10-09,14:20
RYR2JL,EPMO,LPPT,3,2026-10-07,16:54
RYR2JM,LIRF,LDZA,1,2026-10-04,20:54
RYR2JP,EIDW,EGSS,6,2026-10-09,19:39
RYR2JT,LIME,LRCL,6,2026-10-09,14:05
RYR2JX,LEPA,EGPH,1,2026-10-07,16:44
RYR2JY,LEMG,LDZA,2,2026-10-08,19:42
RYR2JZ,EPKK,EHEH,7,2026-10-09,08:40
RYR2KB,LDZD,EDJA,2,2026-10-06,19:32
RYR2KG,LEBL,LIPE,2,2026-10-09,00:06
RYR2KN,LEAL,EGSS,6,2026-10-09,19:55
RYR2KP,EPKK,EGNM,2,2026-10-07,08:07
RYR2KY,LCPH,EPKK,1,2026-10-05,09:45
RYR2KZ,EGCC,EKCH,5,2026-10-09,07:36
RYR2LB,LEAL,ESMX,2,2026-10-06,06:17
RYR2LD,LFBZ,EGSS,1,2026-10-08,19:04
RYR2LF,LDZA,LEMG,2,2026-10-08,15:49
RYR2LG,LEPA,EGGD,3,2026-10-08,21:46
RYR2LK,EGPH,LFBO,2,2026-10-06,10:42
RYR2LP,LHBP,LKPR,7,2026-10-09,03:49
RYR2LR,EGNX,EIDW,4,2026-10-08,04:57
RYR2LT,ENTO,EPPO,4,2026-10-09,06:14
RYR2LV,EPWR,LBSF,2,2026-10-06,20:34
RYR2LW,EGSS,LIPY,6,2026-10-09,12:00
RYR2LY,LPPT,LEVC,2,2026-10-07,20:40
RYR2M,EGGW,EYKA,7,2026-10-09,15:43
RYR2MC,GCRR,EGCC,2,2026-10-07,14:55
RYR2MJ,EPKK,LIPH,6,2026-10-09,10:05
RYR2MM,LKMT,LEMG,2,2026-10-07,20:37
RYR2MN,LPPR,EIDW,4,2026-10-09,21:52
RYR2MP,LEMD,LIME,6,2026-10-09,09:36
RYR2MT,EDDN,LEPA,1,2026-10-05,11:50
RYR2MV,EGCC,LEIB,1,2026-10-07,17:28
RYR2NB,LEPA,EDDB,3,2026-10-09,12:27
RYR2NC,EBCI,LFML,1,2026-10-08,16:11
RYR2NE,LGAV,LHBP,5,2026-10-09,13:04
RYR2NJ,LPPR,LIME,4,2026-10-09,15:41
RYR2NN,LIME,EDDK,7,2026-10-09,19:18
RYR2NQ,EGKK,EIDW,7,2026-10-09,19:22
RYR2NR,LIME,LIBR,7,2026-10-09,14:20
RYR2NW,GMMW,LEBL,3,2026-10-08,20:31
RYR2P,LEIB,LEZL,2,2026-10-08,13:08
RYR2PB,LEPA,LHBP,6,2026-10-08,14:33
RYR2PE,LEMD,EPKK,2,2026-10-09,20:25
RYR2PG,LBSF,LIME,4,2026-10-09,18:01
RYR2PK,EDDN,LIBD,2,2026-10-08,18:39
RYR2PN,EGPF,EIDW,7,2026-10-09,07:29
RYR2PU,LHBP,EGSS,6,2026-10-09,04:02
RYR2PW,EVRA,EDDK,2,2026-10-07,16:45
RYR2PX,EPKK,EGGD,6,2026-10-09,05:39
RYR2PY,LMML,LIMC,5,2026-10-08,10:55
RYR2PZ,LMML,LICA,1,2026-10-03,09:27
RYR2QD,EGSS,EVRA,3,2026-10-09,19:16
RYR2QH,LEAL,EPKK,6,2026-10-09,06:02
RYR2QK,LMML,EPMO,5,2026-10-08,06:33
RYR2QU,EPWR,LDZD,1,2026-10-06,11:44
RYR2QX,GCRR,LEMD,6,2026-10-09,07:05
RYR2RA,LEAL,EIDW,6,2026-10-09,17:00
RYR2RB,EPPO,EGGP,2,2026-10-06,20:37
RYR2RC,GCFV,EGSS,3,2026-10-09,11:32
RYR2RE,LMML,LHBP,6,2026-10-09,13:58
RYR2RG,LROP,EBCI,6,2026-10-09,17:03
RYR2RM,EGSS,LEBL,4,2026-10-09,22:37
RYR2SE,EIDW,EPKK,1,2026-10-09,17:52
RYR2SF,LBSF,LEVC,2,2026-10-07,08:45
RYR2SH,EIDW,EGPH,7,2026-10-09,19:24
RYR2SM,EIDW,EGGP,7,2026-10-09,08:43
RYR2SN,LIPY,LICZ,2,2026-10-08,19:03
RYR2SV,EHEH,LEMG,2,2026-10-09,17:42
RYR2SW,LOWW,EKCH,4,2026-10-08,14:28
RYR2TD,EPKK,EGPD,2,2026-10-07,16:46
RYR2TE,LEAL,EGSS,6,2026-10-09,11:10
RYR2TJ,LIRA,EPKK,6,2026-10-09,19:02
RYR2TL,EPMO,EGSS,6,2026-10-09,18:03
RYR2TP,LEAL,EGNT,1,2026-10-07,21:06
RYR2TQ,LMML,EGAA,1,2026-10-09,03:54
RYR2TT,LEBL,EGNT,4,2026-10-09,03:54
RYR2TV,LATI,LIME,2,2026-10-08,18:39
RYR2TZ,LBBG,EGGW,2,2026-10-08,12:00
RYR2U,LBBG,EYKA,2,2026-10-05,08:46
RYR2UC,EDLV,LGTS,5,2026-10-09,04:36
RYR2UF,EPKK,EGBB,3,2026-10-09,17:29
RYR2UH,EPKK,LYPG,3,2026-10-06,13:23
RYR2UM,EGAA,EPKK,1,2026-10-08,07:32
RYR2UN,LEGE,EGNX,1,2026-10-03,07:57
RYR2UP,LATI,EDSB,4,2026-10-08,11:40
RYR2UQ,LICC,LIPZ,4,2026-10-08,04:33
RYR2UT,EKCH,EIDW,4,2026-10-09,21:23
RYR2UV,LDZD,EPGD,2,2026-10-09,13:19
RYR2UW,LFOB,LIME,3,2026-10-08,17:06
RYR2V,EGSS,LIRA,7,2026-10-09,10:11
RYR2VC,EIDW,LIMC,4,2026-10-09,16:25
RYR2VG,EGBB,LFBO,2,2026-10-08,17:20
RYR2VJ,LIRN,EGSS,3,2026-10-08,19:06
RYR2VL,LEAL,LFML,2,2026-10-06,21:16
RYR2VS,LFOB,LEAL,2,2026-10-09,20:57
RYR2VZ,LFOB,LBSF,1,2026-10-04,18:32
RYR2WQ,ENTO,EPWR,2,2026-10-09,15:29
RYR2WR,EDJA,LEPA,2,2026-10-07,14:05
RYR2WT,EIDW,LEMG,5,2026-10-09,06:10
RYR2WU,EGCC,GCRR,6,2026-10-09,18:48
RYR2WV,LFML,LGKR,3,2026-10-07,11:28
RYR2WW,EGNX,LPFR,1,2026-10-03,05:04
RYR2WY,LHBP,EDDN,4,2026-10-08,11:24
RYR2WZ,LIME,LROP,6,2026-10-09,08:42
RYR2XA,LIPQ,EIDW,2,2026-10-08,14:38
RYR2XD,LMML,EBCI,4,2026-10-07,09:31
RYR2XG,EGSS,LFBO,4,2026-10-08,19:38
RYR2XH,LEIB,LEAL,1,2026-10-06,22:39
RYR2XK,GMFO,EDLV,1,2026-10-05,18:14
RYR2XN,LEAL,EGHH,6,2026-10-08,05:32
RYR2XV,EDDN,LPFR,2,2026-10-08,19:23
RYR2YA,EGSS,LEMG,3,2026-10-09,07:46
RYR2YC,EDJA,LDZA,2,2026-10-06,11:45
RYR2YD,LIPE,LGTS,4,2026-10-07,08:49
RYR2YM,LMML,LEBL,2,2026-10-06,03:49
RYR2YN,EGGP,LIME,2,2026-10-07,20:11
RYR2YR,EDDB,LEBL,6,2026-10-09,20:47
RYR2YU,LIBD,LOWW,7,2026-10-09,19:41
RYR2YY,LEAL,EGNT,5,2026-10-09,11:34
RYR2Z,LICJ,LIPE,1,2026-10-09,18:09
RYR2ZA,LIRA,LZIB,6,2026-10-09,10:51
RYR2ZB,EDDK,LEPA,5,2026-10-08,10:50
RYR2ZL,LEAL,EGAA,5,2026-10-09,04:05
RYR2ZX,EGSS,LERS,5,2026-10-09,11:04
RYR300,EPWR,LKPD,1,2026-10-05,11:07
RYR3004,EGSS,LIRA,2,2026-10-06,13:54
RYR3008,LIMC,LEMD,3,2026-10-09,23:15
RYR301,EPWR,LIME,1,2026-10-06,04:01
RYR301,LEMG,EPWR,1,2026-10-05,16:49
RYR3012,LEPA,LEMD,1,2026-10-04,19:12
RYR302,LIME,EPWR,1,2026-10-06,10:15
RYR3024,EDDK,EVRA,1,2026-10-07,07:38
RYR3029,LEIB,LEBL,7,2026-10-09,06:01
RYR303F,EDDB,LIMC,7,2026-10-09,16:48
RYR304P,LEBL,LEZL,3,2026-10-09,09:43
RYR3054,EICK,LFOB,3,2026-10-07,06:19
RYR305R,LFML,LEMG,4,2026-10-09,18:10
RYR305X,EGSS,ESSA,7,2026-10-09,11:07
RYR306,EIDW,EGKK,1,2026-10-08,19:16
RYR3066,LEMD,EHEH,1,2026-10-05,09:48
RYR3067,EHEH,LEMD,1,2026-10-05,13:32
RYR3068,LIRA,EGCC,2,2026-10-09,10:47
RYR306H,LIME,EDLV,5,2026-10-08,19:39
RYR307,EGKK,EIDW,1,2026-10-08,20:53
RYR3071,LEPA,LEBL,5,2026-10-09,21:09
RYR3074,LIRF,LIBR,6,2026-10-09,03:57
RYR307R,EFHK,LIME,3,2026-10-07,20:25
RYR3089,ESGG,EGCC,4,2026-10-08,13:54
RYR308B,LDZA,ESMS,4,2026-10-09,03:59
RYR3093,LGTS,LFOB,2,2026-10-09,14:41
RYR3095,EIDW,EPSC,1,2026-10-04,19:28
RYR3096,EPSC,EIDW,2,2026-10-07,22:11
RYR30CK,LEMG,LZKZ,2,2026-10-08,15:57
RYR30DK,EPKK,LIME,4,2026-10-09,19:55
RYR30EW,EGCC,LEMG,3,2026-10-09,16:06
RYR30GY,EGPH,LHBP,4,2026-10-09,04:48
RYR30JT,LEZL,LEPA,1,2026-10-07,04:52
RYR30MV,EPKK,EKCH,6,2026-10-09,21:24
RYR30NU,LECH,EGSS,3,2026-10-09,12:32
RYR30TE,LDZD,EDDB,4,2026-10-07,06:14
RYR30TM,LDZA,LEMG,3,2026-10-07,20:45
RYR30UJ,LEBL,LPPR,6,2026-10-09,10:24
RYR3109,ELLX,LEBL,1,2026-10-03,13:11
RYR310N,LPPR,EDLV,4,2026-10-08,18:43
RYR311G,LEIB,LIPH,3,2026-10-09,17:21
RYR312L,LIRF,EBCI,4,2026-10-09,14:37
RYR313,EIDW,ESSA,4,2026-10-09,17:30
RYR313Q,EGNT,EPWR,2,2026-10-06,17:57
RYR3146,LEBL,GMFO,1,2026-10-08,11:20
RYR3147,GMFO,LEBL,3,2026-10-08,13:20
RYR314U,LGTS,EGSS,1,2026-10-03,15:22
RYR315R,LEPA,EKCH,4,2026-10-09,05:35
RYR3174,LEBL,LEIB,1,2026-10-06,14:45
RYR3175,LEIB,LEBL,2,2026-10-08,21:52
RYR3177,GCRR,EGNX,1,2026-10-09,18:50
RYR317E,EIDW,EPBY,1,2026-10-03,19:01
RYR3182,LEBL,LEMG,2,2026-10-09,04:07
RYR31BA,EPWR,LEMG,4,2026-10-09,04:02
RYR31CC,EGCC,EPKK,5,2026-10-09,18:11
RYR31CD,EGGP,EIDW,6,2026-10-09,14:45
RYR31CG,LFOB,LATI,4,2026-10-09,10:40
RYR31DM,LEIB,LEMG,5,2026-10-09,14:33
RYR31EK,EIDW,LEPA,2,2026-10-07,10:19
RYR31FW,LPFR,EICK,1,2026-10-04,17:56
RYR31HC,ELLX,LEPA,1,2026-10-08,14:49
RYR31JD,LKPR,LEMD,4,2026-10-08,15:53
RYR31MR,EDDB,LECH,2,2026-10-07,14:53
RYR31MX,LERS,EIDW,5,2026-10-09,09:55
RYR31NL,LEPA,EDLV,5,2026-10-09,07:52
RYR31NN,LEBL,LZIB,2,2026-10-04,21:09
RYR31QC,LMML,LIPE,4,2026-10-08,06:03
RYR31QZ,GMAD,LOWW,1,2026-10-03,13:54
RYR31RF,EGCC,LEZL,1,2026-10-06,07:05
RYR31TU,LGTS,LIRF,4,2026-10-09,07:07
RYR31UZ,EIDW,LEST,4,2026-10-08,19:08
RYR31VD,EGNT,LMML,3,2026-10-08,05:42
RYR31VW,LEIB,LEMD,7,2026-10-09,08:37
RYR31XB,LIME,EGCC,4,2026-10-09,20:49
RYR31ZE,LHBP,LIPR,2,2026-10-08,19:18
RYR31ZH,LPPR,EPKK,4,2026-10-08,09:44
RYR321E,LEMG,LIRN,3,2026-10-08,03:50
RYR322K,LICT,EPKT,1,2026-10-08,07:42
RYR322N,LPPR,LPFR,4,2026-10-09,09:10
RYR323,LATI,LROP,1,2026-10-08,06:58
RYR3231,LICC,LFOB,1,2026-10-04,09:09
RYR325,LGAV,LCPH,2,2026-10-07,18:27
RYR3253,LICT,LPPR,1,2026-10-03,21:19
RYR3258,EINN,EGBB,3,2026-10-09,21:48
RYR3259,LPPR,LIMF,2,2026-10-06,12:46
RYR325E,EGCC,LIRN,1,2026-10-08,09:13
RYR326,LCPH,LGAV,5,2026-10-09,20:33
RYR3273,LIME,GMAD,1,2026-10-04,10:33
RYR3276,EVRA,EKAH,4,2026-10-09,12:11
RYR327Q,LGTS,LMML,3,2026-10-09,16:34
RYR3289,EDJA,EVRA,2,2026-10-06,15:06
RYR328B,EVRA,EGSS,4,2026-10-09,08:16
RYR3297,LIMF,LIRN,2,2026-10-05,14:21
RYR32AE,EGGP,EIDW,5,2026-10-09,19:17
RYR32BG,EGHQ,LEMG,2,2026-10-07,13:32
RYR32ED,LPPR,EDDK,5,2026-10-09,08:46
RYR32FF,LEAL,LIRF,2,2026-10-08,07:13
RYR32FQ,LZIB,LEMG,3,2026-10-08,19:36
RYR32FX,LIPE,LIBR,6,2026-10-09,04:06
RYR32KE,LFML,EGSS,2,2026-10-05,22:39
RYR32KG,LFBO,LPPT,5,2026-10-09,17:16
RYR32KR,EGSS,EDDN,5,2026-10-08,17:57
RYR32NJ,EGNT,LIME,4,2026-10-08,07:11
RYR32PH,LGAV,LOWW,2,2026-10-06,15:06
RYR32RM,EBBR,LEVC,2,2026-10-07,17:32
RYR32SC,LFML,LIRF,5,2026-10-07,04:17
RYR32ST,LFML,LEVC,3,2026-10-08,06:45
RYR32UD,LEAL,GCRR,2,2026-10-09,20:40
RYR32UU,EGBB,LGKR,3,2026-10-08,11:06
RYR32UX,LPPR,LEPA,4,2026-10-07,13:09
RYR32UZ,EPKK,LCPH,2,2026-10-09,08:01
RYR3301,LEVT,LIME,1,2026-10-06,16:49
RYR330H,EPKK,LIPE,5,2026-10-09,17:54
RYR3313,LIBR,LIPX,1,2026-10-03,16:52
RYR3314,LIPX,LIBR,1,2026-10-03,18:55
RYR3318,EPWR,EGHH,2,2026-10-07,14:54
RYR331Z,LEAL,EGFF,4,2026-10-08,05:49
RYR3342,LKPR,LIPQ,2,2026-10-09,06:26
RYR3343,LIPQ,LKPR,2,2026-10-09,04:43
RYR334K,EGSS,EICK,6,2026-10-09,20:31
RYR335,LGAV,LCPH,4,2026-10-09,04:25
RYR3356,EPKK,EINN,1,2026-10-06,15:35
RYR3357,EINN,EPKK,1,2026-10-06,19:26
RYR3368,LEMG,EDDG,2,2026-10-06,05:20
RYR3375,EGNV,LEMG,2,2026-10-06,08:14
RYR337L,EIDW,EGGD,7,2026-10-09,20:54
RYR3381,EIDW,EGCC,1,2026-10-07,16:30
RYR3382,EGCC,EIDW,1,2026-10-07,18:30
RYR3399,LEMG,LIME,2,2026-10-06,17:20
RYR33AY,LIME,LICA,3,2026-10-07,06:30
RYR33BD,LEAL,LOWW,3,2026-10-08,19:16
RYR33BN,LIBD,LPPR,2,2026-10-08,20:44
RYR33DA,LFOB,LPPR,3,2026-10-08,11:16
RYR33DQ,EGSS,LEBL,3,2026-10-07,15:36
RYR33EL,LIPQ,LEVC,3,2026-10-09,20:56
RYR33FG,LICC,LIME,5,2026-10-09,06:38
RYR33GC,LEAL,EPWR,3,2026-10-09,04:15
RYR33GT,EIDW,EGCC,7,2026-10-09,20:07
RYR33JA,LROP,EGSS,2,2026-10-09,18:17
RYR33JZ,EIDW,GCRR,3,2026-10-07,15:14
RYR33KN,EPMO,LZIB,6,2026-10-09,16:49
RYR33KQ,EDDB,EGBB,2,2026-10-09,20:39
RYR33LK,LGAV,LMML,1,2026-10-08,14:03
RYR33NB,LICC,EGSS,1,2026-10-03,12:12
RYR33NR,LEMH,LEMD,3,2026-10-07,18:34
RYR33NV,EGPH,LEVC,2,2026-10-07,07:23
RYR33PC,EGGD,EIDW,6,2026-10-09,14:17
RYR33PK,EPKK,LEMG,4,2026-10-08,15:11
RYR33PZ,LFML,LFRS,7,2026-10-09,04:36
RYR33QC,LFMP,EBCI,2,2026-10-09,18:19
RYR33RW,EPRZ,EGGW,3,2026-10-08,09:09
RYR33TQ,LIRN,LIPZ,2,2026-10-06,07:10
RYR33VH,LFOB,LFKF,1,2026-10-05,10:18
RYR33VN,LEAL,EICK,5,2026-10-08,10:03
RYR33WW,LGKF,EGSS,1,2026-10-05,19:08
RYR33XD,LEMD,LIEE,1,2026-10-08,16:40
RYR33XH,EGSS,LBSF,4,2026-10-08,06:35
RYR33XW,LIMF,LIBD,3,2026-10-09,17:36
RYR33YN,EIDW,EPMO,1,2026-10-04,19:10
RYR33ZB,EHAM,EIDW,7,2026-10-09,16:49
RYR33ZW,EDDN,LBSF,4,2026-10-09,10:27
RYR3411,LIBD,LIMC,1,2026-10-09,16:44
RYR3419,LEPA,LROP,2,2026-10-06,04:04
RYR3423,LIBR,LIMC,2,2026-10-08,21:21
RYR3458,EPPO,LYPG,1,2026-10-04,05:00
RYR3475,LMML,EHEH,2,2026-10-08,08:19
RYR3486,LEAL,LOWL,2,2026-10-09,17:38
RYR3488,GCRR,LEVC,2,2026-10-09,07:17
RYR348J,LIMC,EPMO,5,2026-10-09,13:49
RYR348J,LIMC,EPWA,1,2026-10-05,03:52
RYR348U,LFOB,GMFO,2,2026-10-08,13:54
RYR3491,EPKT,LIME,1,2026-10-06,13:27
RYR3496,LIPE,LICA,1,2026-10-04,21:50
RYR3497,LICA,LIPE,1,2026-10-04,19:54
RYR34AP,LEAL,EPGD,1,2026-10-08,18:44
RYR34BB,EPMO,LIRA,6,2026-10-09,04:45
RYR34BG,EGTE,LEPA,1,2026-10-08,15:00
RYR34CN,LEPA,EGCC,3,2026-10-07,05:57
RYR34DC,EBCI,LIPQ,3,2026-10-08,17:04
RYR34DN,LIME,EPWR,2,2026-10-09,12:11
RYR34DP,EGSS,LEMH,2,2026-10-07,10:29
RYR34DQ,ESSA,LPPR,2,2026-10-06,18:19
RYR34EJ,LATI,LFOB,5,2026-10-09,04:45
RYR34EK,LIME,LEPA,4,2026-10-09,15:20
RYR34FK,EHAM,LEMG,3,2026-10-09,19:25
RYR34GF,EGCC,LGKR,2,2026-10-08,15:06
RYR34HL,EBCI,LFBO,7,2026-10-09,04:45
RYR34JJ,LIRF,LEMG,3,2026-10-07,21:35
RYR34KB,LEMG,EGCC,5,2026-10-08,12:41
RYR34LM,LEMG,EICK,3,2026-10-08,20:59
RYR34MP,LICJ,LIRF,2,2026-10-09,16:00
RYR34PP,EIDW,EKCH,3,2026-10-07,07:17
RYR34QB,EGKK,EIDW,3,2026-10-08,20:38
RYR34QP,EGGD,EIDW,7,2026-10-09,19:30
RYR34RH,EYVI,ENGM,2,2026-10-09,17:35
RYR34SQ,LEMG,LFML,4,2026-10-09,07:15
RYR34SW,LIRF,LEMG,5,2026-10-09,07:19
RYR34UG,EGSS,LIPR,2,2026-10-08,11:41
RYR34XP,LEBL,EBCI,4,2026-10-09,15:06
RYR34XQ,EPKT,LIME,6,2026-10-09,03:38
RYR34ZD,EHEH,LIPE,5,2026-10-09,17:23
RYR34ZZ,LIRN,EGGW,2,2026-10-07,20:01
RYR350A,LICA,LIMF,1,2026-10-04,10:45
RYR3516,LEBL,EDDB,1,2026-10-07,04:44
RYR351Z,EGSS,EPKT,3,2026-10-08,20:16
RYR352,LEPA,LEZL,5,2026-10-09,07:02
RYR3521,EPGD,LIBR,3,2026-10-08,07:19
RYR353,EDDB,LCPH,1,2026-10-06,04:21
RYR354L,EDDW,LEMG,3,2026-10-09,08:10
RYR354T,GCFV,EGGD,2,2026-10-06,11:39
RYR354V,LIMF,LIRN,7,2026-10-09,06:32
RYR357G,EPRZ,EGGD,2,2026-10-06,09:58
RYR3585,LIME,LHBP,1,2026-10-05,15:59
RYR3586,LHBP,LIME,1,2026-10-05,13:55
RYR358T,LMML,LIPQ,3,2026-10-08,08:33
RYR35BF,EYKA,LEAL,2,2026-10-08,13:14
RYR35DU,LEMG,EYKA,1,2026-10-04,19:16
RYR35EQ,EPKK,LEPA,3,2026-10-07,09:06
RYR35JJ,LRCL,LFOB,4,2026-10-09,17:54
RYR35KY,EIKN,EGGP,3,2026-10-09,15:41
RYR35MN,EGSS,LIPX,7,2026-10-09,05:24
RYR35NN,LEAL,EBCI,2,2026-10-09,13:18
RYR35NU,EGGW,EIDW,6,2026-10-09,19:57
RYR35PE,LEBL,LIPZ,6,2026-10-09,04:24
RYR35RC,EGSS,LRCL,3,2026-10-08,07:03
RYR35TJ,EGGD,LEPA,3,2026-10-08,07:39
RYR35VW,EHEH,LATI,3,2026-10-09,08:50
RYR35XL,LEMG,EPWA,5,2026-10-08,05:25
RYR35YA,EGSS,LEAL,3,2026-10-09,05:47
RYR35ZQ,EPMO,LIME,5,2026-10-09,17:40
RYR3602,LEXJ,LIPH,2,2026-10-07,13:06
RYR3607,LBSF,EKCH,3,2026-10-08,14:03
RYR360A,LEAM,EGSS,3,2026-10-08,12:34
RYR3622,LEMG,LBSF,2,2026-10-08,07:23
RYR3628,LPPT,LEZL,4,2026-10-09,05:31
RYR362D,ESSA,EGSS,3,2026-10-07,17:06
RYR362U,EBCI,EGPH,1,2026-10-04,14:37
RYR3631,LIPH,LFBO,3,2026-10-09,14:55
RYR3638,LATI,LZIB,4,2026-10-09,08:33
RYR363C,LEMI,EGHH,4,2026-10-07,10:39
RYR363E,EDLV,LIME,5,2026-10-08,12:59
RYR3643,LFOB,GMMI,1,2026-10-05,03:53
RYR3644,GMMI,LFOB,1,2026-10-05,14:45
RYR364M,EGHQ,LEMG,1,2026-10-06,19:54
RYR364N,ESGG,LKPR,4,2026-10-08,10:33
RYR3662,LBSF,LIME,1,2026-10-04,13:12
RYR3664,LPPT,LEZL,1,2026-10-08,14:40
RYR3667,LZIB,EPMO,1,2026-10-04,09:13
RYR3668,EPMO,LZIB,1,2026-10-04,11:11
RYR367,LMML,LICZ,4,2026-10-06,03:49
RYR367,LMML,LICC,3,2026-10-09,03:56
RYR3670,EHAM,EIDW,1,2026-10-09,14:01
RYR3689,LIRI,EBCI,2,2026-10-07,14:07
RYR368B,LERS,EIDW,6,2026-10-09,18:45
RYR3695,LIPQ,LMML,3,2026-10-08,11:00
RYR3698,LFOB,EPKK,2,2026-10-08,21:09
RYR36AM,LBSF,LHBP,3,2026-10-07,20:37
RYR36AQ,EGSS,LHBP,7,2026-10-09,17:27
RYR36GA,LEMD,LEMH,6,2026-10-09,08:14
RYR36HD,LIPE,LEBL,7,2026-10-09,03:54
RYR36HP,LEMD,LIPX,2,2026-10-07,11:26
RYR36HW,EPLB,LIME,2,2026-10-06,11:07
RYR36HX,LROP,LFOB,4,2026-10-09,15:05
RYR36JX,EGBB,LPPT,2,2026-10-09,17:11
RYR36NY,EGSS,LEMG,5,2026-10-08,15:15
RYR36PL,EGPH,LEBL,7,2026-10-09,05:32
RYR36PW,LZKZ,LEMG,2,2026-10-08,20:04
RYR36QQ,LICJ,LHBP,1,2026-10-04,18:40
RYR36RD,LEBL,EPGD,4,2026-10-08,09:11
RYR36RH,EPMO,EBCI,4,2026-10-08,10:25
RYR36SL,EPKK,LFOB,6,2026-10-09,04:09
RYR36TZ,EBCI,LEMD,6,2026-10-09,14:37
RYR36UU,EHEH,LDZA,2,2026-10-09,16:58
RYR36VA,LIMC,LIBD,2,2026-10-09,20:52
RYR36VD,LEPA,EGPH,1,2026-10-06,16:09
RYR36VQ,EPKT,LEAL,1,2026-10-07,05:15
RYR36XF,EPKK,LIBD,2,2026-10-08,18:31
RYR37,LGTS,EFHK,2,2026-10-08,04:05
RYR3701,EGNX,GCFV,1,2026-10-05,05:04
RYR372Y,LIBD,LIME,6,2026-10-09,03:58
RYR373,EIDW,EGGW,1,2026-10-04,19:47
RYR3733,LIBR,LIPZ,4,2026-10-08,18:52
RYR3739,EICK,EGPH,1,2026-10-04,07:33
RYR373D,LIBD,LEIB,1,2026-10-06,13:44
RYR374,EGGW,EIDW,1,2026-10-04,18:17
RYR3741,EGGW,LIPH,2,2026-10-07,13:28
RYR3741,LIPE,LIBR,1,2026-10-09,20:03
RYR374D,LFML,LICP,1,2026-10-04,04:41
RYR374M,LEPA,LEMD,6,2026-10-09,19:46
RYR3759,EKCH,EGPH,3,2026-10-09,12:32
RYR375C,LIPY,EBCI,4,2026-10-09,13:34
RYR3763,LIPE,LICZ,1,2026-10-06,10:46
RYR3765,EGBB,EIDW,7,2026-10-09,17:17
RYR3777,LEBL,LEGE,1,2026-10-04,08:52
RYR377M,LEPA,LIMC,1,2026-10-03,04:52
RYR3788,LICP,LIEA,1,2026-10-03,20:09
RYR378Z,EIDW,EGNX,4,2026-10-08,06:46
RYR37BZ,LICC,LKPR,2,2026-10-09,16:18
RYR37CU,EGNM,EPPO,1,2026-10-03,12:32
RYR37DV,ESGG,LPPR,2,2026-10-06,21:16
RYR37GD,LEPA,EDDN,5,2026-10-09,14:03
RYR37HR,EGSS,LEMG,4,2026-10-07,17:38
RYR37KM,LIRF,LGTS,4,2026-10-09,04:40
RYR37KT,EIDW,LEBL,4,2026-10-09,21:44
RYR37MH,EIDW,LEZL,1,2026-10-08,19:50
RYR37SM,LMML,EBCI,2,2026-10-08,18:10
RYR37SU,LROP,EGSS,4,2026-10-07,21:14
RYR37UP,EDSB,LPFR,2,2026-10-06,20:01
RYR37VB,EHEH,LPPR,7,2026-10-09,12:56
RYR37VH,EPKT,LIRF,5,2026-10-09,13:40
RYR37VT,LEMD,EKCH,3,2026-10-08,05:19
RYR37XN,EGPD,LEMG,3,2026-10-09,09:34
RYR37XZ,LEAL,ENTO,3,2026-10-07,14:24
RYR37YC,EDDB,LHBP,3,2026-10-09,20:22
RYR37ZX,LEMD,LBSF,3,2026-10-08,14:37
RYR380A,LEPA,EDDN,6,2026-10-09,07:48
RYR382,EGSS,LFBZ,1,2026-10-08,16:45
RYR384,LPMA,LPPT,5,2026-10-08,17:58
RYR384B,LMML,EGHH,3,2026-10-09,03:51
RYR385,LPPT,LPMA,5,2026-10-09,20:42
RYR3863,LMML,EPRZ,1,2026-10-03,17:02
RYR3864,EPRZ,LMML,1,2026-10-03,20:20
RYR3871,LMML,LIPH,7,2026-10-09,08:33
RYR3878,EDLV,LCPH,1,2026-10-05,11:06
RYR3879,LCPH,EDLV,1,2026-10-05,15:38
RYR3885,EPSY,EDLV,2,2026-10-07,18:32
RYR388G,LIRF,LEPA,3,2026-10-08,13:05
RYR388W,EETN,EIDW,2,2026-10-09,19:44
RYR3891,LIPX,LICA,1,2026-10-08,05:59
RYR389U,LHBP,EBCI,4,2026-10-09,08:14
RYR38BB,LBSF,LIRA,1,2026-10-07,18:11
RYR38BV,LGKR,LGAV,5,2026-10-09,18:23
RYR38DD,EPGD,EGSS,3,2026-10-09,21:47
RYR38EA,EIDW,EPMO,1,2026-10-09,19:34
RYR38JQ,LGKR,EGNX,2,2026-10-09,18:12
RYR38JR,EDSB,LICA,3,2026-10-08,10:19
RYR38LU,LIRN,EIDW,3,2026-10-07,20:32
RYR38MM,LZIB,LIMC,7,2026-10-09,11:22
RYR38MP,EBCI,LPPR,5,2026-10-09,19:26
RYR38MR,EGBB,LEBL,6,2026-10-09,11:12
RYR38NG,LEAL,EGHH,2,2026-10-09,20:10
RYR38NW,LPPR,EGPH,3,2026-10-09,22:29
RYR38PL,EGBB,LEMG,2,2026-10-09,16:44
RYR38RJ,LMML,LIRZ,2,2026-10-07,12:07
RYR38SX,EIDW,EGBB,6,2026-10-08,06:13
RYR38TA,EGPD,LEAL,2,2026-10-07,19:34
RYR38WH,LEGE,EGNX,1,2026-10-08,13:24
RYR38WP,LKPR,EIDW,7,2026-10-09,14:07
RYR38WV,EICK,LIEA,2,2026-10-06,17:39
RYR38XF,LHBP,LICZ,3,2026-10-07,14:28
RYR38XF,LHBP,LICC,1,2026-10-08,05:02
RYR38YD,EBCI,LEST,2,2026-10-06,15:55
RYR38YL,LATI,LMML,3,2026-10-07,11:32
RYR390A,EHEH,EGCC,3,2026-10-09,13:46
RYR391,EPWR,LIBR,3,2026-10-09,04:05
RYR3914,LICC,LIPR,3,2026-10-09,10:31
RYR3915,LIPR,LICZ,2,2026-10-06,15:04
RYR3915,LIPR,LICC,1,2026-10-09,08:39
RYR3922,LIPE,GCRR,2,2026-10-09,16:24
RYR3925,LEXJ,LIPE,2,2026-10-08,16:04
RYR392T,EGNT,EPKK,4,2026-10-07,07:55
RYR3930,EGCC,LIPR,1,2026-10-07,11:52
RYR3931,LIPR,EGCC,1,2026-10-07,14:46
RYR3932,EDDK,LIPR,3,2026-10-08,17:19
RYR3933,LIPR,EDDK,3,2026-10-08,19:30
RYR393A,LFMP,EGSS,2,2026-10-09,17:09
RYR3941,EINN,LEMG,1,2026-10-06,11:01
RYR395,LMML,LICZ,6,2026-10-09,22:21
RYR3952,EGCC,LPPT,1,2026-10-07,22:09
RYR3953,LPPT,EGCC,1,2026-10-06,15:48
RYR395K,EGPH,EIKN,3,2026-10-09,13:44
RYR3982,GMAD,LFRS,1,2026-10-05,15:57
RYR399,LOWW,LHBP,1,2026-10-08,15:13
RYR3992,LIPE,LROP,1,2026-10-09,19:40
RYR3993,LROP,LIPE,1,2026-10-09,22:00
RYR399Y,EKCH,EPKK,7,2026-10-09,04:31
RYR39AN,LEAL,LEZL,2,2026-10-09,12:35
RYR39BB,EPGD,LIME,4,2026-10-07,17:48
RYR39BP,EBCI,LERS,4,2026-10-09,10:50
RYR39DD,EPWR,LEGE,4,2026-10-09,10:42
RYR39DH,EDDB,LEMD,3,2026-10-09,07:36
RYR39ED,LIPQ,LIRN,5,2026-10-09,08:06
RYR39EV,EIDW,LEVC,4,2026-10-07,17:14
RYR39FB,GCRR,EGGW,1,2026-10-05,19:42
RYR39FQ,LDZD,EPKK,4,2026-10-07,06:45
RYR39FX,EKAH,EGSS,7,2026-10-09,15:48
RYR39HB,EPPO,LIME,5,2026-10-09,06:46
RYR39KL,LDZD,EGSS,2,2026-10-06,19:20
RYR39KQ,LEST,EGSS,3,2026-10-09,12:11
RYR39LG,LEMG,EGNX,4,2026-10-08,16:47
RYR39MF,LMML,LOWW,2,2026-10-07,14:42
RYR39MV,EGSS,LEMG,5,2026-10-09,22:10
RYR39QA,LPFR,EDLV,3,2026-10-07,07:49
RYR39RJ,LPPR,LEMD,7,2026-10-09,18:48
RYR39TP,EGCC,LPPR,7,2026-10-09,17:30
RYR39UJ,LATI,EPPO,2,2026-10-08,13:16
RYR39UX,LGAV,EBCI,1,2026-10-08,09:43
RYR39WL,LEAL,EDSB,7,2026-10-09,07:54
RYR39YC,EGGW,LEAL,4,2026-10-08,16:38
RYR39YY,GCRR,EGPK,3,2026-10-09,13:13
RYR39ZU,LEMI,EGPK,6,2026-10-09,10:59
RYR3AC,EHAM,EIDW,7,2026-10-09,19:26
RYR3AD,LEVC,LEMG,2,2026-10-05,20:58
RYR3AF,LIBR,EBCI,5,2026-10-09,15:31
RYR3AH,LPPR,EGNM,1,2026-10-04,05:01
RYR3AM,EPMO,LGAV,1,2026-10-09,16:56
RYR3AT,LMML,EGGP,2,2026-10-08,20:26
RYR3AY,GCFV,EINN,2,2026-10-08,12:22
RYR3B,EIDW,EGPF,7,2026-10-09,05:21
RYR3BE,EDJA,EIDW,2,2026-10-07,09:07
RYR3BP,LEMG,EPWR,1,2026-10-07,08:15
RYR3BQ,LEMG,LHBP,4,2026-10-09,14:35
RYR3BU,EGNM,EPKK,6,2026-10-09,07:19
RYR3BV,LEMH,EIDW,2,2026-10-07,22:04
RYR3BW,EIDW,EGSS,7,2026-10-09,17:28
RYR3BY,LEAL,LIME,6,2026-10-09,11:01
RYR3CC,LKPR,LEMG,2,2026-10-08,11:20
RYR3CE,LPPR,EGCC,7,2026-10-09,14:20
RYR3CL,LKPR,LFOB,3,2026-10-08,04:13
RYR3CQ,LPPR,LEBL,1,2026-10-04,23:18
RYR3CR,EPPO,ESSA,3,2026-10-08,08:17
RYR3CV,EGCC,EIDW,7,2026-10-09,21:32
RYR3CW,LEPA,LBSF,2,2026-10-09,04:50
RYR3CX,LIEA,EPKT,5,2026-10-09,12:43
RYR3DE,LIPX,LIBD,3,2026-10-09,21:48
RYR3DJ,GCRR,EGGD,3,2026-10-09,20:02
RYR3DK,GCRR,EGNX,3,2026-10-09,18:51
RYR3DM,LEMD,LFOB,5,2026-10-08,17:08
RYR3DR,EGSS,LDDU,2,2026-10-06,15:50
RYR3DT,EPKK,ESGG,5,2026-10-09,18:59
RYR3DV,EBCI,LATI,4,2026-10-08,14:52
RYR3DZ,EINN,GCRR,3,2026-10-08,06:49
RYR3EB,LIME,EGNX,2,2026-10-07,22:10
RYR3EG,EPKK,LEMD,2,2026-10-09,15:53
RYR3EH,LIMC,GCRR,1,2026-10-03,17:34
RYR3EJ,LEAL,LEPA,3,2026-10-07,20:53
RYR3EM,EDDB,LROP,7,2026-10-09,11:13
RYR3EN,LIRF,LOWW,7,2026-10-09,19:00
RYR3EQ,EBCI,ESSA,6,2026-10-09,06:51
RYR3EV,LFRS,EGSS,3,2026-10-09,15:26
RYR3EY,LPPR,EGSS,4,2026-10-09,18:56
RYR3EZ,LOWW,LEMG,1,2026-10-03,04:28
RYR3FA,LEBL,LIMC,5,2026-10-09,14:01
RYR3FF,EIDW,LEMG,5,2026-10-08,13:36
RYR3FK,LROP,EGBB,4,2026-10-08,10:40
RYR3FR,ESSA,EIDW,4,2026-10-09,14:12
RYR3FV,EBCI,EPKK,2,2026-10-09,16:13
RYR3GD,LIME,LIRN,6,2026-10-09,04:34
RYR3GM,EGSS,LIRA,6,2026-10-09,05:20
RYR3GQ,EPMO,EGPH,2,2026-10-08,08:53
RYR3GV,LIPH,LEVC,1,2026-10-06,18:48
RYR3GX,EPSC,EGSS,3,2026-10-09,09:26
RYR3H,EGCC,EICK,7,2026-10-09,20:03
RYR3HB,LICC,LIPE,6,2026-10-09,04:09
RYR3HF,EPGD,LEBL,4,2026-10-08,05:41
RYR3HM,LDDU,LOWW,3,2026-10-09,18:23
RYR3HR,LEPA,ESSA,1,2026-10-09,04:00
RYR3HT,LIMC,LEAL,4,2026-10-09,21:17
RYR3HY,LICC,LIPZ,6,2026-10-09,05:57
RYR3J,ESSA,LMML,5,2026-10-09,04:07
RYR3JF,EGNX,LERS,2,2026-10-08,12:52
RYR3JR,LEMG,LIME,7,2026-10-09,13:15
RYR3JU,LPFR,EHEH,6,2026-10-09,07:21
RYR3JW,LPPR,EGBB,3,2026-10-09,21:00
RYR3JZ,LKPR,LATI,5,2026-10-09,04:02
RYR3KH,LIBD,LMML,6,2026-10-09,05:38
RYR3KJ,LPPR,LIME,6,2026-10-09,15:10
RYR3KP,LIRA,EGGP,3,2026-10-08,04:36
RYR3KT,LCPH,LIRN,2,2026-10-07,15:55
RYR3KV,LGAV,EGGW,5,2026-10-09,19:05
RYR3L,LEMH,LIME,1,2026-10-09,21:42
RYR3LA,LHBP,LCPH,3,2026-10-09,13:52
RYR3LC,EGSS,EIDW,7,2026-10-09,15:37
RYR3LD,EGPH,LIRA,2,2026-10-06,08:32
RYR3LE,LIMF,LIBR,6,2026-10-09,19:21
RYR3LF,LFML,EDDB,3,2026-10-07,18:48
RYR3LK,LGAV,LIRF,2,2026-10-09,16:29
RYR3LL,EGNX,LEPA,5,2026-10-08,12:21
RYR3LN,EDJA,LRBS,3,2026-10-08,13:15
RYR3LP,EGSS,EIDW,6,2026-10-09,21:30
RYR3LT,LEMG,LFOB,3,2026-10-09,13:19
RYR3LX,LZIB,EPGD,3,2026-10-08,11:19
RYR3MA,LPFR,EIDW,7,2026-10-09,16:10
RYR3MC,LBSF,EGGP,2,2026-10-05,19:08
RYR3MG,EGCC,EPKK,1,2026-10-03,14:18
RYR3MP,LEMG,EGBB,5,2026-10-08,11:52
RYR3MU,LIME,LBSF,1,2026-10-04,15:42
RYR3MW,LPFR,EDSB,2,2026-10-08,16:23
RYR3MY,EPKK,EGBB,5,2026-10-09,09:20
RYR3N,LIME,EGBB,5,2026-10-09,15:48
RYR3NB,EPGD,LIRF,4,2026-10-08,16:34
RYR3NE,EGPH,LEMG,2,2026-10-09,16:48
RYR3NG,GCRR,EIDW,7,2026-10-09,09:56
RYR3NJ,EDDB,LIPZ,7,2026-10-09,04:14
RYR3NL,LEBL,EICK,3,2026-10-08,05:01
RYR3NN,LFML,LEMG,3,2026-10-07,11:09
RYR3NW,LDDU,LIRF,2,2026-10-05,19:34
RYR3PE,EDDK,LEZL,1,2026-10-08,20:06
RYR3PL,EDDB,LYPG,2,2026-10-09,05:28
RYR3PT,EPLL,EGSS,6,2026-10-08,15:02
RYR3PW,LIRF,LGAV,6,2026-10-09,11:46
RYR3Q,EPKT,LDDU,2,2026-10-09,21:19
RYR3QE,LEAL,EDDB,4,2026-10-09,04:18
RYR3QH,LIRA,EGSS,6,2026-10-09,07:05
RYR3QK,EBBR,EIDW,5,2026-10-07,16:15
RYR3QN,EGCC,LIMC,2,2026-10-09,20:04
RYR3QV,GCFV,EGPH,3,2026-10-09,12:32
RYR3QW,LKPR,LHBP,1,2026-10-03,05:27
RYR3QY,ESGG,EYKA,2,2026-10-06,17:31
RYR3QZ,LEPA,EIDW,6,2026-10-09,10:21
RYR3RB,EBCI,LPPT,7,2026-10-09,05:48
RYR3RD,LEPA,EDDB,3,2026-10-08,17:04
RYR3RF,LKTB,LEMG,2,2026-10-07,13:36
RYR3RK,EDDB,EGCC,5,2026-10-09,08:56
RYR3RM,LMML,ELLX,3,2026-10-09,17:32
RYR3RQ,EIDW,EGGW,6,2026-10-09,21:13
RYR3RR,EGNX,LEPA,1,2026-10-06,21:07
RYR3RU,LIPE,LICZ,4,2026-10-09,17:39
RYR3RU,LIPE,LICC,1,2026-10-06,06:14
RYR3SA,EDLV,LIBD,3,2026-10-09,07:31
RYR3SE,LEMG,GCRR,4,2026-10-09,08:21
RYR3SF,LEPA,LEAL,3,2026-10-08,22:33
RYR3SG,LIME,EGSS,5,2026-10-09,19:32
RYR3SL,EGCC,LEVC,2,2026-10-09,19:09
RYR3SM,EGSS,EETN,4,2026-10-09,12:32
RYR3SP,LEBL,LPFR,1,2026-10-08,15:49
RYR3T,LICC,LMML,5,2026-10-09,22:53
RYR3TD,EGGP,LEMG,2,2026-10-06,17:10
RYR3TG,EGPF,LMML,2,2026-10-06,08:20
RYR3TJ,LICA,LIMC,4,2026-10-08,21:16
RYR3TN,LFML,EGSS,3,2026-10-09,20:02
RYR3TT,LIPE,EPKK,2,2026-10-07,07:18
RYR3TU,EYKA,EGGD,2,2026-10-08,12:56
RYR3TW,LIME,LFOB,7,2026-10-09,05:30
RYR3TX,EGCC,EIKN,4,2026-10-09,12:37
RYR3UA,LATI,LIPH,4,2026-10-09,18:07
RYR3UA,LATI,LIPZ,1,2026-10-08,21:29
RYR3UF,LFRS,LEVC,3,2026-10-08,07:06
RYR3UT,EIDW,LEIB,1,2026-10-06,17:40
RYR3UU,LFOB,LEMD,4,2026-10-07,19:24
RYR3UV,LHBP,LEMD,5,2026-10-09,07:38
RYR3UX,EBCI,EPWA,3,2026-10-09,14:03
RYR3UZ,LDZA,EGCC,1,2026-10-08,16:44
RYR3VD,EGCC,LPFR,3,2026-10-09,15:30
RYR3VG,ESSA,LEAL,2,2026-10-07,08:44
RYR3VL,LGTS,ESSA,3,2026-10-09,11:57
RYR3VN,EDDK,LBSF,3,2026-10-09,20:00
RYR3VT,LIMC,EGCC,4,2026-10-09,08:23
RYR3VY,LEMD,LPFR,1,2026-10-06,07:37
RYR3VY,LEMD,LPPR,1,2026-10-09,22:58
RYR3WD,LPMA,LPPT,6,2026-10-09,07:56
RYR3WE,LEBL,LMML,2,2026-10-06,06:52
RYR3WK,EBCI,LIBR,5,2026-10-09,16:37
RYR3WM,LICC,LIPZ,2,2026-10-09,15:19
RYR3WP,LGTS,EIDW,2,2026-10-08,09:32
RYR3WR,LPFR,LEMD,2,2026-10-06,06:55
RYR3WT,EINN,LPPR,3,2026-10-07,19:12
RYR3WU,EPMO,LEAL,1,2026-10-07,09:23
RYR3WX,LEAL,EGGD,6,2026-10-09,06:04
RYR3WY,LYPG,EDDB,1,2026-10-05,08:05
RYR3XA,EGHH,LEAL,4,2026-10-08,15:17
RYR3XG,LDZA,LMML,4,2026-10-09,04:53
RYR3XJ,EGCC,EBCI,7,2026-10-09,19:49
RYR3XK,EIDW,EGGP,7,2026-10-09,06:12
RYR3XM,LIPE,LEBL,2,2026-10-04,06:17
RYR3XT,LIPX,LIBD,2,2026-10-08,21:45
RYR3XU,LDZA,LIME,2,2026-10-06,19:53
RYR3XX,EGGP,EPPO,2,2026-10-06,18:03
RYR3XZ,LIPH,LFOB,6,2026-10-09,06:25
RYR3Y,EPMO,ESSA,2,2026-10-05,20:49
RYR3YB,EPPO,ENTO,4,2026-10-09,04:07
RYR3YD,EGNT,EIDW,7,2026-10-09,18:57
RYR3YE,LIBD,LEVC,1,2026-10-04,10:01
RYR3YM,LEPA,LEMD,5,2026-10-09,15:21
RYR3YN,LICJ,LIPZ,2,2026-10-08,20:19
RYR3YU,LROP,LIME,6,2026-10-09,11:09
RYR3YV,LIBR,EPWR,3,2026-10-09,06:24
RYR3YW,EDDB,EGSS,6,2026-10-08,04:13
RYR3YX,EDJA,LIEA,3,2026-10-08,05:49
RYR3YY,LHBP,LEBL,5,2026-10-09,13:54
RYR3ZE,EGSS,LICP,1,2026-10-07,15:41
RYR3ZF,LEMG,LEIB,2,2026-10-07,19:47
RYR3ZQ,LFOB,LROP,4,2026-10-09,18:24
RYR3ZV,EGCC,LEGE,3,2026-10-09,05:42
RYR3ZW,EDDB,EETN,4,2026-10-09,09:37
RYR3ZZ,EGSS,LDPL,2,2026-10-08,06:07
RYR400,LHBP,LOWW,1,2026-10-08,13:39
RYR400P,EPKK,LIRZ,3,2026-10-09,08:41
RYR4011,ESGG,EPKK,5,2026-10-09,15:37
RYR4022,EPMO,EHEH,2,2026-10-08,15:23
RYR4033,LKPR,LHBP,7,2026-10-09,05:29
RYR4044,LIME,EPMO,2,2026-10-06,19:43
RYR4046,EPKK,LIRN,3,2026-10-08,06:52
RYR404K,LPPR,EDDN,2,2026-10-08,18:22
RYR405U,EICK,EGCC,6,2026-10-08,08:57
RYR4082,GCFV,EGGP,1,2026-10-07,20:24
RYR408P,LIBD,LICZ,4,2026-10-07,20:18
RYR408P,LIBD,LICC,1,2026-10-08,22:54
RYR409,EGSS,LIPY,1,2026-10-08,18:00
RYR4091,LHBP,LKPR,1,2026-10-03,03:43
RYR409J,LIBR,EGCC,2,2026-10-08,20:19
RYR40AU,EIDW,EGKK,7,2026-10-09,06:14
RYR40BG,LBSF,EPWR,2,2026-10-06,18:06
RYR40CR,LGAV,EPMO,3,2026-10-08,08:47
RYR40CR,LGAV,EPWA,1,2026-10-04,04:25
RYR40EC,ELLX,LEZL,2,2026-10-09,08:31
RYR40EQ,LCPH,LHBP,3,2026-10-09,15:29
RYR40HP,LPFR,EBCI,5,2026-10-09,16:08
RYR40KU,LEMG,LZIB,3,2026-10-08,15:53
RYR40MM,EGSS,LFML,4,2026-10-09,20:02
RYR40MN,LIPZ,LPPT,2,2026-10-07,15:56
RYR40NP,EPMO,LIME,7,2026-10-09,10:15
RYR40NX,LATI,LKPR,5,2026-10-09,11:34
RYR40QM,EKCH,LIME,5,2026-10-08,13:54
RYR40SJ,EGPH,GCFV,3,2026-10-09,07:08
RYR40SX,LEBL,EGPK,4,2026-10-09,09:50
RYR40TF,EIDW,LEPA,3,2026-10-08,05:09
RYR40UJ,EPKT,LMML,3,2026-10-08,15:26
RYR40VK,LEMD,LIMC,3,2026-10-08,11:39
RYR40VL,EIDW,EHAM,7,2026-10-09,17:09
RYR40WN,LROP,LMML,2,2026-10-09,15:20
RYR40YG,EGGD,EPWR,2,2026-10-08,11:51
RYR40ZA,EGFF,LPFR,3,2026-10-09,17:04
RYR4102,LMML,EPKT,3,2026-10-08,18:52
RYR4106,EPGD,EPWR,5,2026-10-09,18:27
RYR4111,LIME,LIRN,1,2026-10-09,13:04
RYR411H,LDPL,EGSS,2,2026-10-08,08:47
RYR411L,LEAL,EINN,2,2026-10-09,21:59
RYR4125,LHBP,LIRN,1,2026-10-05,08:33
RYR4144,LEGE,EGSS,1,2026-10-03,19:52
RYR415W,EPBY,EGGW,3,2026-10-08,18:07
RYR4162,LEAL,EPRZ,2,2026-10-07,15:01
RYR4163,EPRZ,LEAL,1,2026-10-07,18:36
RYR4178,LCPH,EPMO,3,2026-10-09,02:55
RYR417Y,EGNM,LEMG,1,2026-10-06,17:36
RYR4193,LFML,LEZL,1,2026-10-08,20:37
RYR419A,LICJ,LIMZ,1,2026-10-05,13:03
RYR41BH,EGNX,EPKK,1,2026-10-09,18:30
RYR41BZ,EIDW,EGSS,7,2026-10-09,10:49
RYR41CA,LHBP,LIME,6,2026-10-09,04:19
RYR41CF,LMML,LIMF,3,2026-10-08,03:41
RYR41CG,EGGD,LIME,4,2026-10-09,13:10
RYR41DZ,EDLV,LEPA,3,2026-10-08,04:30
RYR41KN,EGPF,EPKK,4,2026-10-07,18:05
RYR41LL,LICC,LIRF,7,2026-10-09,06:31
RYR41LT,LMML,LEMD,5,2026-10-09,12:34
RYR41LZ,LIME,LIRN,6,2026-10-08,18:46
RYR41MD,LIMC,EGSS,6,2026-10-09,08:02
RYR41MR,EGCC,LERS,4,2026-10-09,17:19
RYR41NN,EDJA,LIBR,4,2026-10-08,10:37
RYR41NU,EGGW,EPLB,7,2026-10-09,07:11
RYR41QY,LHBP,EBCI,4,2026-10-07,11:53
RYR41SL,LIRA,LKPR,1,2026-10-07,15:19
RYR41SU,EDFH,LICZ,3,2026-10-07,05:40
RYR41SU,EDFH,LICC,1,2026-10-09,05:21
RYR41UD,LIMC,LIBR,5,2026-10-08,05:36
RYR41VQ,LIPZ,EGCC,5,2026-10-09,20:41
RYR41WM,EGGW,EICK,5,2026-10-09,12:28
RYR41WY,LIME,LEAL,3,2026-10-07,15:19
RYR41YE,LOWW,LEPA,3,2026-10-08,14:58
RYR41ZK,LIBR,LIMC,5,2026-10-08,08:01
RYR41ZL,LFBE,EGSS,2,2026-10-08,15:07
RYR420Z,LPPT,LIPE,5,2026-10-09,17:42
RYR4214,LEPA,LFBO,4,2026-10-09,11:37
RYR421P,LEMD,LPPR,7,2026-10-09,07:32
RYR422,LEMD,EBCI,1,2026-10-03,18:20
RYR4227,LZIB,EIDW,1,2026-10-03,03:54
RYR4228,EIDW,LZIB,1,2026-10-03,07:28
RYR422B,EGPH,LMML,2,2026-10-06,06:54
RYR4233,EPWA,EPMO,1,2026-10-04,08:39
RYR4239,LFBO,LEPA,2,2026-10-07,18:39
RYR423B,LICR,LIMF,6,2026-10-09,10:37
RYR423R,EINN,EGSS,7,2026-10-09,17:09
RYR4242,LEVT,LEMG,2,2026-10-05,07:44
RYR4247,LIBD,EPMO,1,2026-10-04,12:50
RYR424D,LFML,EGPH,3,2026-10-09,20:58
RYR425M,EHEH,LERS,6,2026-10-09,15:13
RYR4276,LFML,LHBP,2,2026-10-09,13:32
RYR4278,LGTS,LHBP,4,2026-10-09,05:57
RYR427G,LEMG,LPPR,5,2026-10-09,21:12
RYR4295,LEMH,LEMD,3,2026-10-09,20:35
RYR429R,EVRA,EGNM,5,2026-10-09,09:31
RYR42AD,GCRR,EGNT,3,2026-10-08,13:47
RYR42BT,EGGP,EIDW,6,2026-10-09,11:25
RYR42DN,LFRS,LEZL,1,2026-10-08,07:26
RYR42FH,LDDU,EFHK,2,2026-10-08,14:29
RYR42GU,LFMN,EGSS,5,2026-10-09,23:27
RYR42HB,EGCC,EPWR,2,2026-10-08,20:29
RYR42HK,EGSS,ELLX,7,2026-10-09,05:41
RYR42HR,LIPE,LGAV,4,2026-10-08,17:41
RYR42JE,LPPR,EGBB,1,2026-10-07,13:01
RYR42KK,EPKK,LGAV,5,2026-10-08,09:48
RYR42LL,EGSS,GCRR,5,2026-10-09,11:04
RYR42MQ,LIPZ,LEMD,1,2026-10-04,13:51
RYR42MV,EGSS,GCLP,1,2026-10-09,14:59
RYR42MY,LICC,EDDB,5,2026-10-08,11:09
RYR42NF,LEMG,EDJA,4,2026-10-09,10:59
RYR42QV,EIDW,LFMN,3,2026-10-09,16:42
RYR42SP,LIBD,LEMG,2,2026-10-09,07:37
RYR42SX,EIDW,EGNM,5,2026-10-08,21:46
RYR42TA,EGGP,LEBL,5,2026-10-08,10:07
RYR42UH,LEMG,LIRF,3,2026-10-07,16:40
RYR42UP,EYVI,LIME,3,2026-10-09,13:12
RYR42WC,LEMG,EGGW,6,2026-10-09,20:21
RYR42ZV,EGCC,LEAL,2,2026-10-07,22:16
RYR430N,EPPO,EGSS,3,2026-10-08,18:31
RYR431F,LIME,LEVC,6,2026-10-08,09:12
RYR434P,EINN,EPWR,2,2026-10-06,07:44
RYR4363,LEIB,LFOB,2,2026-10-08,14:20
RYR4373,EPPO,LICP,1,2026-10-09,03:56
RYR437E,LEBL,EDFH,3,2026-10-09,19:31
RYR437K,LEAL,EPPO,1,2026-10-09,14:36
RYR437N,LEGE,LRBS,3,2026-10-07,04:50
RYR437Y,LFML,LROP,2,2026-10-08,16:20
RYR4383,LBSF,LFOB,2,2026-10-09,15:13
RYR4384,ESMS,LDZA,4,2026-10-09,06:25
RYR4389,EPMO,LGTS,3,2026-10-08,04:20
RYR4393,LPPR,EDFH,3,2026-10-06,15:55
RYR439J,LIME,LIEA,5,2026-10-09,03:51
RYR439L,EGGD,LEMG,3,2026-10-08,12:26
RYR43AP,EGSS,LGAV,1,2026-10-04,19:05
RYR43AX,EGSS,LKPR,6,2026-10-09,17:13
RYR43CY,EGSS,LECH,3,2026-10-09,09:36
RYR43DT,EIDW,LFMN,5,2026-10-08,16:47
RYR43EZ,LROP,EIDW,1,2026-10-09,19:31
RYR43HC,LICA,EPKK,4,2026-10-07,12:01
RYR43JJ,EGGW,EIDW,6,2026-10-09,09:37
RYR43JZ,LFOB,LPMA,1,2026-10-09,09:37
RYR43MW,EVRA,EGPH,2,2026-10-09,07:59
RYR43NU,LEMG,LEBL,7,2026-10-09,18:17
RYR43PM,EGBB,LPFR,1,2026-10-06,12:03
RYR43PX,LICT,LIME,2,2026-10-09,15:21
RYR43RW,LGKR,LOWW,3,2026-10-09,06:21
RYR43SM,EPKK,LPPR,4,2026-10-08,09:12
RYR43TM,EGBB,EIDW,2,2026-10-04,17:56
RYR43VN,EGBB,LHBP,1,2026-10-04,10:56
RYR43YR,LCPH,EHEH,1,2026-10-08,11:31
RYR43ZZ,LOWW,ESSA,4,2026-10-08,07:32
RYR4418,LIPE,LIBR,1,2026-10-06,12:57
RYR4419,LIBR,LIPE,1,2026-10-06,14:40
RYR4422,EBCI,LEMD,1,2026-10-03,20:59
RYR4423,EPWR,LPPR,2,2026-10-07,15:43
RYR442N,LIME,LIBD,5,2026-10-09,07:37
RYR445T,EKCH,EGGD,3,2026-10-09,14:15
RYR4463,LIMC,EPKK,2,2026-10-09,12:51
RYR4464,LIRN,LDZA,1,2026-10-04,15:27
RYR4472,LKMT,EGSS,2,2026-10-07,09:16
RYR4479,EDDN,EYVI,1,2026-10-07,06:39
RYR448,EIDW,EGGP,5,2026-10-09,20:13
RYR449K,EGSS,LBSF,1,2026-10-04,10:57
RYR44BA,LFML,LIPE,2,2026-10-07,19:03
RYR44BG,EDDB,LFML,3,2026-10-07,12:05
RYR44BM,EBCI,EIDW,3,2026-10-09,07:21
RYR44CH,LICC,LIME,4,2026-10-08,16:57
RYR44CN,LBSF,EGBB,2,2026-10-08,19:35
RYR44DW,EGSS,EDDB,2,2026-10-08,19:23
RYR44EB,LEPA,EPMO,3,2026-10-07,19:12
RYR44FQ,EPPO,LEMG,2,2026-10-09,10:34
RYR44GP,EGCC,LIMC,5,2026-10-09,19:28
RYR44GT,LATI,EPKK,6,2026-10-08,03:52
RYR44GV,LEAL,EGPF,2,2026-10-05,16:31
RYR44HG,EKCH,LEPA,3,2026-10-07,07:44
RYR44JG,LPPR,LEZL,3,2026-10-09,06:03
RYR44KF,EPGD,LCPH,1,2026-10-05,07:07
RYR44MH,LEBL,EIDW,7,2026-10-09,04:58
RYR44MW,EPWR,LIRA,6,2026-10-09,10:44
RYR44PB,LPPR,EDDB,3,2026-10-09,18:01
RYR44PQ,LKPR,LICC,1,2026-10-09,09:43
RYR44PQ,LKPR,LICZ,1,2026-10-05,19:09
RYR44PV,EPGD,EGSS,3,2026-10-05,04:14
RYR44RQ,EGSS,LEAL,2,2026-10-07,12:00
RYR44SA,EIDW,LIMF,2,2026-10-06,05:32
RYR44SB,EPKK,EGGW,7,2026-10-09,21:43
RYR44TT,EGCC,LEAL,2,2026-10-06,17:14
RYR44UC,LPFR,EGPH,6,2026-10-08,21:32
RYR44VD,LPPR,LHBP,3,2026-10-09,05:45
RYR44WJ,LIPZ,LEBL,2,2026-10-06,19:59
RYR44WL,LFSB,LDZA,1,2026-10-08,07:44
RYR44WZ,LGTS,ESGG,2,2026-10-07,19:54
RYR4502,LPPR,LFQQ,2,2026-10-09,17:03
RYR4503,LFQQ,LPPR,2,2026-10-09,20:05
RYR451P,LEIB,LIME,2,2026-10-06,21:48
RYR4521,LICR,LFOB,1,2026-10-06,11:08
RYR452W,LIME,LEMG,2,2026-10-06,13:01
RYR453V,LPPR,EGGP,3,2026-10-07,21:23
RYR454,LPFR,LPPR,1,2026-10-09,07:09
RYR455C,EGCC,EIKY,2,2026-10-09,12:51
RYR456V,EPKT,EBCI,2,2026-10-08,08:01
RYR4581,LEPA,EGTE,2,2026-10-08,17:46
RYR4588,EPKT,EKAH,2,2026-10-06,09:02
RYR4589,EKAH,EPKT,2,2026-10-06,11:03
RYR458E,EPGD,EDDH,3,2026-10-07,14:39
RYR459,LCPH,LGTS,4,2026-10-08,05:27
RYR4592,EPKT,LICA,3,2026-10-08,13:44
RYR4593,LICA,EPKT,3,2026-10-08,12:59
RYR459M,EGPH,EIDW,7,2026-10-09,20:50
RYR45AH,LEBL,EPMO,4,2026-10-09,08:23
RYR45AL,EGCC,EPRZ,2,2026-10-07,18:18
RYR45BN,LZKZ,LKPR,7,2026-10-09,11:09
RYR45BR,LIBD,EGPH,2,2026-10-08,21:53
RYR45CK,LEPA,EPKK,4,2026-10-08,20:29
RYR45CN,LEPA,EDDW,5,2026-10-09,04:53
RYR45EE,EBCI,GCFV,2,2026-10-06,09:50
RYR45ER,LEBL,LZIB,5,2026-10-09,06:40
RYR45FD,EGSS,LGTS,1,2026-10-06,07:33
RYR45GL,EDLV,LDZD,3,2026-10-08,15:28
RYR45JL,LEIB,EGCC,6,2026-10-09,08:28
RYR45KP,EGKK,EIDW,7,2026-10-09,17:14
RYR45MF,LOWW,LFML,3,2026-10-09,11:26
RYR45MZ,LIME,EKCH,5,2026-10-08,20:18
RYR45NP,LIMF,LMML,3,2026-10-08,06:10
RYR45QN,LBSF,LOWW,6,2026-10-09,08:11
RYR45RE,EIKN,EGSS,6,2026-10-09,08:54
RYR45SY,LEAL,EDFH,3,2026-10-09,17:15
RYR45TM,EGSS,EDDH,7,2026-10-09,05:18
RYR45TN,LIME,LIBR,7,2026-10-09,20:13
RYR45TW,EVRA,LIRF,1,2026-10-07,14:27
RYR45WG,EGNT,LEBL,4,2026-10-09,07:16
RYR45XF,LZIB,EGSS,6,2026-10-09,07:17
RYR45XQ,LHBP,LGAV,1,2026-10-04,20:25
RYR45YU,LPFR,EGSS,4,2026-10-09,05:05
RYR45ZA,LFQQ,LFML,6,2026-10-09,05:59
RYR45ZB,LEAL,EPWA,7,2026-10-09,12:32
RYR4607,EPKT,LATI,3,2026-10-08,08:08
RYR4608,LATI,EPKT,3,2026-10-08,10:33
RYR460W,EGCC,LFRS,2,2026-10-07,10:53
RYR462,EIDW,EGSS,1,2026-10-05,08:10
RYR4622,ESSA,EETN,4,2026-10-09,03:47
RYR4623,EETN,ESSA,4,2026-10-09,05:15
RYR463,EGSS,EIDW,1,2026-10-05,06:11
RYR4636,EPKK,ESSA,5,2026-10-09,18:29
RYR4642,ESSA,EVRA,2,2026-10-08,21:15
RYR4643,EVRA,ESSA,1,2026-10-04,14:14
RYR4645,EETN,ESSA,1,2026-10-04,21:10
RYR464T,EIDW,LEPA,2,2026-10-06,07:42
RYR465E,LIBR,LIME,4,2026-10-08,05:29
RYR465X,LICA,LIME,5,2026-10-09,21:51
RYR466,EPMO,LEMG,2,2026-10-06,15:26
RYR466H,LKPR,EGCC,5,2026-10-08,15:11
RYR466M,LIPZ,LGAV,3,2026-10-09,07:41
RYR467M,EGCC,EPPO,1,2026-10-06,09:00
RYR469,LEAL,EDDR,2,2026-10-08,04:40
RYR4696,GCRR,LEAL,1,2026-10-05,06:19
RYR46CZ,LBSF,LIRA,7,2026-10-09,10:00
RYR46DW,LEPA,LIPE,3,2026-10-08,22:17
RYR46FR,GCRR,EICK,4,2026-10-09,19:28
RYR46GK,LEMD,LIBD,3,2026-10-09,11:42
RYR46JB,EPKK,LMML,6,2026-10-09,18:43
RYR46JP,EPGD,LEAL,3,2026-10-07,14:34
RYR46KZ,GMMI,EBCI,1,2026-10-04,16:50
RYR46LK,LFMU,EGGD,2,2026-10-09,12:09
RYR46PL,EGSS,LEBL,6,2026-10-09,14:27
RYR46PU,LBPD,LIMC,2,2026-10-07,12:53
RYR46QC,EPWA,LEMG,5,2026-10-08,09:52
RYR46QQ,EGNT,LEMG,4,2026-10-09,05:22
RYR46SB,LATI,LIPE,2,2026-10-08,17:58
RYR46SZ,LIMC,LEPA,2,2026-10-06,21:43
RYR46TF,EGCC,EBCI,7,2026-10-09,12:04
RYR46VF,LFOT,LFML,3,2026-10-09,12:05
RYR46WQ,LIME,EGSS,5,2026-10-07,09:09
RYR46XX,LIME,EGCC,6,2026-10-09,14:47
RYR46YH,LGTS,ESSA,1,2026-10-07,07:48
RYR46YM,EIDW,LIME,5,2026-10-09,05:47
RYR46YZ,EIDW,EGBB,6,2026-10-09,13:19
RYR4708,EBCI,LEMH,2,2026-10-09,15:22
RYR472,LKTB,LEMG,1,2026-10-05,12:40
RYR4726,LEMG,LKPD,1,2026-10-09,05:02
RYR4726,LEMG,LKTB,1,2026-10-05,04:51
RYR472L,LDZD,EPPO,1,2026-10-03,16:38
RYR4731,LEPA,LKPD,2,2026-10-09,03:56
RYR4735,LIMC,GCFV,2,2026-10-06,15:31
RYR4747,EBCI,LGAV,1,2026-10-08,05:41
RYR4752,LHBP,LIEA,3,2026-10-08,08:35
RYR4759,LICA,EPWR,2,2026-10-09,08:10
RYR476,LEXJ,EGBB,2,2026-10-08,20:10
RYR4763,EICK,EGGP,1,2026-10-06,12:50
RYR4764,EGGP,EICK,1,2026-10-06,11:19
RYR4769,LOWW,LIPE,2,2026-10-09,17:03
RYR4772,EDDK,ESSA,4,2026-10-08,19:51
RYR477H,LIME,LMML,7,2026-10-09,20:03
RYR4786,LIME,LIRI,1,2026-10-05,20:06
RYR4787,LIRI,LIME,3,2026-10-09,21:45
RYR4788,LIRI,EGSS,2,2026-10-08,12:30
RYR478T,LEBL,EYVI,2,2026-10-09,07:10
RYR4796,LECH,EBCI,2,2026-10-06,12:46
RYR47AP,ESGG,LEAL,1,2026-10-04,03:45
RYR47AT,EGBB,LPFR,2,2026-10-08,20:54
RYR47CJ,EGBB,LEPA,3,2026-10-07,16:38
RYR47FB,EHEH,LIBR,3,2026-10-09,08:19
RYR47FF,LEPA,LPPR,6,2026-10-09,16:47
RYR47FK,EIDW,LGAV,3,2026-10-08,05:35
RYR47FQ,LEPA,EGGW,3,2026-10-08,14:24
RYR47GB,EPSY,EGSS,2,2026-10-08,19:53
RYR47GE,LHBP,LIMC,6,2026-10-09,15:23
RYR47GU,LPPT,EPKK,2,2026-10-09,19:28
RYR47HE,LEAL,EGKK,4,2026-10-09,14:34
RYR47HU,EHAM,EIDW,7,2026-10-09,08:42
RYR47HY,LEMG,EGTE,3,2026-10-09,11:53
RYR47MW,EPKK,LIPE,2,2026-10-07,05:06
RYR47NY,EGHH,LPFR,3,2026-10-08,09:36
RYR47QR,LIBR,EPGD,3,2026-10-08,09:12
RYR47RK,EGGP,LERS,3,2026-10-09,13:22
RYR47SE,EGPH,LEAL,1,2026-10-06,09:57
RYR47TK,LICJ,EPMO,1,2026-10-09,08:49
RYR47UF,LEBL,EGBB,3,2026-10-09,18:27
RYR47WB,LPFR,EGCC,5,2026-10-09,18:02
RYR47XK,EGSS,LEVC,1,2026-10-07,13:44
RYR47XV,LEAL,EGBB,7,2026-10-09,05:44
RYR47YB,LIPE,LICZ,4,2026-10-08,10:51
RYR47YB,LIPE,LICC,1,2026-10-06,17:40
RYR47YN,EDLV,GMFO,2,2026-10-08,14:01
RYR47ZK,LFBT,EPKK,1,2026-10-07,14:53
RYR483Z,LEAL,LIMF,2,2026-10-08,05:59
RYR4841,EPWR,LYPG,2,2026-10-06,13:16
RYR484A,LIPZ,LIRN,7,2026-10-09,19:38
RYR485N,LIRA,LHBP,2,2026-10-08,15:10
RYR4862,EBCI,LIPE,1,2026-10-05,12:21
RYR4881,EVRA,EBCI,2,2026-10-06,02:47
RYR4891,LIRF,LICZ,4,2026-10-09,18:43
RYR4891,LIRF,LICC,3,2026-10-08,15:58
RYR4899,LIBD,LDDU,2,2026-10-05,22:06
RYR48AP,LZIB,LIRN,4,2026-10-09,16:54
RYR48BC,LEVC,EGCC,1,2026-10-03,13:06
RYR48BQ,LFOB,LKPR,2,2026-10-06,09:08
RYR48CV,EGSS,LEMI,2,2026-10-08,13:09
RYR48GX,EGCC,EPKK,3,2026-10-07,19:59
RYR48JZ,LEMI,EGSS,2,2026-10-08,16:07
RYR48ML,LIMF,LICZ,5,2026-10-08,18:43
RYR48ML,LIMF,LICC,1,2026-10-06,05:56
RYR48MU,LEVC,EDSB,2,2026-10-09,18:18
RYR48NP,LIPE,EGSS,5,2026-10-09,15:39
RYR48NT,LIMC,EGCC,1,2026-10-09,11:59
RYR48SC,EPKT,EIDW,3,2026-10-07,16:21
RYR48TB,LICC,LIPZ,5,2026-10-09,19:58
RYR48TD,EGNM,LEPA,4,2026-10-09,10:32
RYR48TY,LEGE,EDDN,3,2026-10-06,13:14
RYR48UK,LEAL,EFHK,2,2026-10-08,14:15
RYR48UW,EGCC,LPFR,4,2026-10-07,14:08
RYR48VM,LHBP,LFOB,4,2026-10-09,14:51
RYR48VZ,EDDB,LPPR,3,2026-10-09,14:03
RYR48WU,LIBD,LIMF,7,2026-10-09,06:01
RYR48XE,LPFR,EGGD,6,2026-10-08,05:56
RYR48XY,LEGE,EBCI,4,2026-10-07,08:02
RYR48YA,EGSS,LEMD,5,2026-10-08,17:07
RYR48ZK,LEVC,LIPQ,1,2026-10-09,18:20
RYR4916,LICJ,LIMF,3,2026-10-09,12:07
RYR4922,LEIB,EDFH,2,2026-10-07,17:12
RYR4926,LKPR,LICP,1,2026-10-03,04:40
RYR4929,LIRF,LICZ,2,2026-10-07,18:40
RYR4929,LIRF,LICC,1,2026-10-06,17:36
RYR492F,EBCI,LOWW,4,2026-10-09,05:12
RYR494,LEMD,EIDW,3,2026-10-09,18:42
RYR4942,EPGD,ENTO,3,2026-10-08,14:24
RYR4954,LIMC,LEMG,1,2026-10-06,04:29
RYR4955,LEMG,LIMC,1,2026-10-06,07:37
RYR4966,LIBD,LEGE,2,2026-10-06,06:30
RYR4967,LEGE,LIBD,1,2026-10-06,03:56
RYR496E,LEZL,GCFV,2,2026-10-07,05:44
RYR497D,EGSS,EIDW,6,2026-10-09,19:51
RYR4981,LGKR,LIME,1,2026-10-07,11:24
RYR498R,LPPT,EBCI,5,2026-10-07,17:23
RYR499W,EGSS,LIEA,3,2026-10-07,12:35
RYR49AV,LEMD,LIRF,4,2026-10-09,04:22
RYR49BG,LEMD,EPMO,4,2026-10-08,19:59
RYR49BH,EGCC,EIDW,4,2026-10-09,08:33
RYR49CB,GMAD,LFML,1,2026-10-03,16:29
RYR49CP,LIMC,LICR,5,2026-10-09,20:15
RYR49EY,LPPR,EGSS,6,2026-10-09,17:12
RYR49HY,LFBT,LIME,1,2026-10-07,16:56
RYR49JV,EGGP,LBSF,2,2026-10-05,15:06
RYR49KF,EDLV,LEMG,4,2026-10-09,15:13
RYR49MG,EYVI,LIRA,5,2026-10-09,13:12
RYR49RT,LZIB,LEPA,3,2026-10-07,13:23
RYR49SQ,LPPR,ESSA,2,2026-10-06,13:07
RYR49TL,LEMD,EGPH,1,2026-10-05,16:26
RYR49TQ,EPKT,LCPH,2,2026-10-06,08:34
RYR49UA,LFOB,LDZA,6,2026-10-09,14:21
RYR49VU,LFML,LPFR,2,2026-10-08,04:23
RYR49WG,EICK,EGGW,5,2026-10-09,13:25
RYR49WQ,LEMD,LEPA,4,2026-10-09,21:23
RYR49WZ,EGSS,LROP,2,2026-10-09,18:42
RYR49YD,EPMO,LIPE,4,2026-10-09,11:59
RYR49YQ,LEVC,LFOB,2,2026-10-05,20:37
RYR4AA,EGGW,LIPE,4,2026-10-09,18:57
RYR4AC,EINN,LIRA,2,2026-10-06,13:31
RYR4AD,LFBO,LIRN,2,2026-10-09,16:28
RYR4AF,EPKK,LEMD,4,2026-10-08,14:27
RYR4AM,LATI,LIPX,6,2026-10-09,03:51
RYR4AR,GCRR,EGPH,4,2026-10-09,18:07
RYR4AY,LIME,EPMO,5,2026-10-09,20:11
RYR4AZ,EGNT,LEPA,2,2026-10-07,11:55
RYR4B,LATI,EPKK,1,2026-10-09,16:57
RYR4BA,EIDW,LROP,1,2026-10-09,15:32
RYR4BD,LEGE,EPWR,4,2026-10-09,13:41
RYR4BJ,LIME,LOWW,7,2026-10-09,05:55
RYR4BM,EPKK,EIDW,5,2026-10-09,08:22
RYR4BN,LIME,EKCH,4,2026-10-09,21:19
RYR4BP,LEPA,EBBR,2,2026-10-06,09:58
RYR4BV,LPPR,LEMD,7,2026-10-09,06:31
RYR4BX,LATI,EPGD,2,2026-10-08,11:02
RYR4BY,EDDW,EGSS,6,2026-10-09,12:13
RYR4BZ,LEPA,EGNX,2,2026-10-09,21:53
RYR4CB,LPPT,EGSS,7,2026-10-09,19:11
RYR4CC,EHEH,LGTS,2,2026-10-08,12:16
RYR4CH,LIBD,EYKA,1,2026-10-04,08:38
RYR4CQ,LFOB,LIBR,2,2026-10-07,19:16
RYR4CR,LIPR,EGSS,2,2026-10-08,14:26
RYR4CU,LPPT,EIDW,5,2026-10-09,08:31
RYR4CV,LEMG,EPKK,1,2026-10-04,20:06
RYR4D,EKCH,EPGD,3,2026-10-09,13:25
RYR4DB,EGCC,EVRA,4,2026-10-09,15:13
RYR4DD,EPKK,LATI,6,2026-10-08,04:38
RYR4DF,EGCC,LIPZ,2,2026-10-05,20:08
RYR4DH,EGBB,EINN,3,2026-10-09,20:01
RYR4DJ,GCRR,LZIB,1,2026-10-09,06:24
RYR4DL,LBBG,EPKK,5,2026-10-09,07:32
RYR4DU,LOWW,LEBL,6,2026-10-09,15:14
RYR4DY,EGPH,EPPO,5,2026-10-09,12:13
RYR4DZ,EGSS,EPBY,4,2026-10-08,17:56
RYR4EB,LIME,EGNT,4,2026-10-08,08:07
RYR4EK,LOWL,EGSS,1,2026-10-05,08:11
RYR4EV,LHBP,EGSS,7,2026-10-09,10:21
RYR4EW,LDZA,LCPH,1,2026-10-03,08:19
RYR4EX,LEPA,EGBB,5,2026-10-09,21:36
RYR4EY,EBCI,GMFO,1,2026-10-07,10:54
RYR4FA,LICC,LIPE,1,2026-10-06,08:31
RYR4FD,LIME,LEMD,6,2026-10-09,06:34
RYR4FG,EHEH,LOWW,2,2026-10-07,20:05
RYR4FL,LIRF,LIBD,6,2026-10-09,04:22
RYR4FN,EGSS,EPGD,2,2026-10-05,07:24
RYR4FQ,EGGD,LEAL,3,2026-10-07,19:24
RYR4FR,EBCI,LHBP,4,2026-10-07,04:43
RYR4FT,LEGE,LFOB,2,2026-10-05,14:03
RYR4FU,EPGD,LEMG,1,2026-10-09,09:45
RYR4GA,LMML,EGSS,5,2026-10-09,07:48
RYR4GB,EBCI,LGAV,5,2026-10-09,06:55
RYR4GC,EIDW,EGSS,6,2026-10-09,07:42
RYR4GH,LBSF,LCPH,3,2026-10-09,05:50
RYR4GK,LFTW,LPPR,2,2026-10-08,12:59
RYR4GT,EGGP,EIDW,2,2026-10-04,20:40
RYR4GZ,LIPH,LEMG,6,2026-10-09,11:33
RYR4HF,LKPR,LEPA,2,2026-10-08,12:41
RYR4HH,EGSS,LROP,6,2026-10-09,14:51
RYR4HK,LIRA,LROP,6,2026-10-09,04:44
RYR4HR,EPGD,ESSA,4,2026-10-08,18:50
RYR4HU,EGNT,LEMG,4,2026-10-09,16:58
RYR4HW,LEMH,LFML,4,2026-10-09,05:40
RYR4J,LIME,EIDW,4,2026-10-07,16:18
RYR4JE,LEPA,EPMO,1,2026-10-04,04:35
RYR4JK,LIRF,LICZ,4,2026-10-09,19:59
RYR4JK,LIRF,LICC,1,2026-10-09,23:29
RYR4JM,LFBO,LPPR,6,2026-10-09,08:36
RYR4JQ,EDDB,LEAL,3,2026-10-09,04:50
RYR4JT,EIDW,EGKK,7,2026-10-09,13:04
RYR4JY,LHBP,LGTS,4,2026-10-09,08:22
RYR4K,EDDK,LEPA,4,2026-10-08,11:32
RYR4KA,EIDW,EGGP,6,2026-10-09,21:26
RYR4KD,EGSS,ESOW,2,2026-10-09,12:20
RYR4KH,EGSS,LIPE,1,2026-10-04,23:45
RYR4KK,LEBL,LIRF,1,2026-10-05,01:36
RYR4KL,LEAL,EBCI,7,2026-10-09,12:20
RYR4KN,EIDW,EGCC,7,2026-10-09,19:56
RYR4KR,LEMG,EHEH,7,2026-10-09,06:05
RYR4LB,LBSF,EGSS,4,2026-10-08,02:49
RYR4LD,LIPZ,LICC,2,2026-10-09,07:04
RYR4LD,LIPZ,LICZ,1,2026-10-04,19:14
RYR4LF,LICR,LIPZ,1,2026-10-03,06:38
RYR4LJ,LEBL,LPPR,3,2026-10-09,19:46
RYR4LN,LEVC,LIME,2,2026-10-09,16:27
RYR4LR,GCFV,EGSS,1,2026-10-06,11:47
RYR4LX,LIRA,EGSS,7,2026-10-09,20:03
RYR4MG,EGGD,LPFR,2,2026-10-08,14:25
RYR4MK,EKCH,LEMG,3,2026-10-06,18:35
RYR4MP,LEGE,EPKK,4,2026-10-08,20:29
RYR4MR,LZIB,GCRR,1,2026-10-09,11:42
RYR4MZ,ENTO,EPGD,6,2026-10-09,06:13
RYR4NH,LEMG,LIRF,4,2026-10-07,15:04
RYR4NJ,LMML,EGCC,5,2026-10-07,03:46
RYR4NM,LPFR,LIME,1,2026-10-04,20:12
RYR4NR,LPPT,LIRN,2,2026-10-08,12:36
RYR4NX,EGSS,ESGG,5,2026-10-09,06:53
RYR4NZ,EIDW,EGBB,7,2026-10-09,15:38
RYR4P,LFTW,EIDW,2,2026-10-06,15:14
RYR4PG,LEBL,LEPA,3,2026-10-08,03:59
RYR4PJ,LGAV,EPKK,5,2026-10-08,12:44
RYR4PK,LIPE,LATI,4,2026-10-09,19:33
RYR4PP,LKPR,EGPH,4,2026-10-08,14:58
RYR4PT,EDDB,LEPA,3,2026-10-09,08:03
RYR4PY,LPPR,EGSS,5,2026-10-09,15:21
RYR4QE,LEMG,EDDN,3,2026-10-07,03:58
RYR4QH,LFOT,LPPR,3,2026-10-09,16:10
RYR4QJ,LFOB,LIMC,5,2026-10-09,03:58
RYR4QK,LHBP,EGGD,4,2026-10-08,12:36
RYR4QQ,LFOB,LICZ,1,2026-10-04,12:13
RYR4QT,EGPH,LPMA,2,2026-10-07,18:39
RYR4QV,EPMO,LMML,5,2026-10-08,13:15
RYR4QY,LIMC,LICP,1,2026-10-04,04:02
RYR4RA,LIPE,LROP,7,2026-10-09,08:32
RYR4RE,LEMG,EHEH,2,2026-10-09,14:25
RYR4RL,LEMG,LPPT,5,2026-10-09,20:19
RYR4RQ,EYVI,LIPH,4,2026-10-08,12:57
RYR4RU,EDDN,LEPA,4,2026-10-08,10:42
RYR4RW,EPKK,EGNT,4,2026-10-07,04:49
RYR4RX,LGAV,LIBD,3,2026-10-08,02:59
RYR4RZ,LFBO,EGSS,5,2026-10-09,22:25
RYR4SB,LIRF,LEVC,4,2026-10-09,18:27
RYR4SD,EBCI,EGCC,7,2026-10-09,12:23
RYR4SG,LEPA,EGCC,5,2026-10-07,20:06
RYR4SJ,EHEH,LCPH,1,2026-10-08,16:28
RYR4SP,EGSS,LIMC,6,2026-10-09,07:39
RYR4SV,GCFV,LEMD,6,2026-10-09,07:45
RYR4SX,LIBD,LEMD,3,2026-10-09,11:45
RYR4SY,EPKK,EGAA,1,2026-10-08,04:00
RYR4SZ,LPPT,LEMG,5,2026-10-09,22:21
RYR4TB,LMML,EPWR,7,2026-10-09,07:11
RYR4TC,EKCH,LKPR,7,2026-10-09,09:41
RYR4TE,LEAL,EPKT,3,2026-10-09,20:09
RYR4TG,EIKY,EGGW,2,2026-10-09,17:41
RYR4TL,LEMG,EDLV,4,2026-10-09,19:03
RYR4TM,EGNM,GCFV,2,2026-10-07,13:56
RYR4TP,GCRR,LIMF,1,2026-10-05,13:36
RYR4TR,LIRF,ESGG,3,2026-10-09,08:48
RYR4TT,EGPH,LZIB,3,2026-10-08,19:14
RYR4U,LMML,EPGD,3,2026-10-09,10:52
RYR4UC,EGNV,LEAL,2,2026-10-06,17:56
RYR4UL,LIME,EKCH,7,2026-10-09,07:26
RYR4UU,LEMG,EGSS,4,2026-10-09,04:08
RYR4UW,LATI,LIMC,1,2026-10-05,03:55
RYR4UY,LICC,LIMF,6,2026-10-08,16:24
RYR4V,EPKK,LIPE,1,2026-10-07,04:04
RYR4VA,EIDW,LHBP,5,2026-10-09,10:16
RYR4VF,LGTS,EPPO,2,2026-10-07,21:33
RYR4VG,EGGW,EPBY,2,2026-10-08,17:10
RYR4VG,EGGW,EPMO,1,2026-10-03,05:25
RYR4VL,LIBC,LIPE,1,2026-10-05,10:33
RYR4VT,LEVC,LEPA,1,2026-10-09,17:05
RYR4VW,EDLV,GMMW,1,2026-10-05,06:21
RYR4VX,LIRF,LEMD,6,2026-10-09,05:06
RYR4W,EGSS,LPFR,4,2026-10-09,15:18
RYR4WC,LIRF,EDDB,7,2026-10-09,08:48
RYR4WD,LIPQ,LIBR,5,2026-10-08,05:50
RYR4WF,EGCC,LEBL,5,2026-10-09,23:14
RYR4WG,LEIB,LEBL,1,2026-10-09,06:48
RYR4WK,EIDW,LEBL,5,2026-10-09,20:48
RYR4WT,LICC,LIRF,4,2026-10-09,21:43
RYR4X,LCPH,LROP,5,2026-10-09,08:59
RYR4XC,EGSS,EHEH,7,2026-10-09,18:15
RYR4XH,LEGE,EIDW,2,2026-10-08,00:03
RYR4XJ,LEAM,EGCC,3,2026-10-09,10:25
RYR4XK,EYVI,LIME,4,2026-10-09,15:43
RYR4XL,ESSA,EGSS,2,2026-10-08,13:04
RYR4XR,LIRF,LEVC,1,2026-10-08,19:30
RYR4XV,LGKR,EGSS,2,2026-10-09,17:36
RYR4XW,EIDW,LPPT,6,2026-10-09,05:27
RYR4XY,LATI,EPWR,3,2026-10-09,17:03
RYR4YE,EGSS,LGKF,1,2026-10-05,15:25
RYR4YF,LIRF,LICZ,3,2026-10-07,14:21
RYR4YF,LIRF,LICC,1,2026-10-06,09:51
RYR4YT,LOWW,LIMC,5,2026-10-09,16:53
RYR4YW,LIME,EGGP,2,2026-10-08,22:53
RYR4YZ,LIME,LFML,6,2026-10-09,03:44
RYR4ZA,EGNT,GCRR,3,2026-10-08,19:02
RYR4ZF,EGSS,LPPT,6,2026-10-09,09:09
RYR4ZG,EPWR,EGPH,4,2026-10-07,09:08
RYR4ZH,LEAL,LOWS,2,2026-10-06,05:17
RYR4ZK,LHBP,LPPR,3,2026-10-09,09:54
RYR4ZN,LHBP,EPKT,2,2026-10-09,04:24
RYR4ZP,LEBL,LEZL,1,2026-10-08,20:26
RYR4ZQ,LIRN,EGCC,2,2026-10-09,21:24
RYR4ZT,LMML,EPKK,2,2026-10-07,17:09
RYR4ZY,EPWA,LPPR,2,2026-10-08,19:43
RYR4ZZ,EGPH,GCRR,4,2026-10-09,12:43
RYR50,LPFR,LPPR,1,2026-10-06,10:35
RYR501G,LFSB,EIDW,3,2026-10-08,13:19
RYR5028,LICC,LIPX,1,2026-10-09,17:48
RYR5031,EINN,GCRR,1,2026-10-04,14:32
RYR504K,LIPH,EPMO,3,2026-10-09,07:44
RYR5054,LEMD,ELLX,4,2026-10-09,13:28
RYR506G,LOWW,EGCC,6,2026-10-09,08:44
RYR5074,EGBB,EPPO,2,2026-10-07,17:52
RYR5076,LICA,EDSB,3,2026-10-08,13:02
RYR5082,LCPH,LGTS,3,2026-10-08,14:52
RYR5089,LIMF,EKCH,2,2026-10-07,07:16
RYR50AM,EGSS,LEVC,7,2026-10-09,06:47
RYR50CL,LIRF,LIBD,4,2026-10-09,20:49
RYR50DB,LIRN,LIPX,1,2026-10-05,15:00
RYR50DK,LMML,LFML,5,2026-10-09,10:27
RYR50FD,LEMG,LDZA,3,2026-10-07,17:02
RYR50GQ,LPFR,LEBL,2,2026-10-08,13:19
RYR50KK,EIDW,LEMG,4,2026-10-09,16:41
RYR50NB,LFRS,EIDW,4,2026-10-09,15:42
RYR50NV,LIMC,EGSS,3,2026-10-09,15:24
RYR50PU,LFML,EGSS,6,2026-10-09,08:00
RYR50UT,LIME,LEBL,3,2026-10-09,21:22
RYR50VC,LEAL,LEST,7,2026-10-09,17:57
RYR50WM,LEIB,EIDW,1,2026-10-03,21:33
RYR50WQ,EIDW,EDJA,2,2026-10-07,06:23
RYR50XY,LFMU,EGGW,2,2026-10-07,15:51
RYR50YU,EIDW,LFOB,5,2026-10-08,18:55
RYR50ZJ,LIRF,LEBL,3,2026-10-09,22:42
RYR50ZL,LEBL,EDFH,2,2026-10-06,21:26
RYR50ZM,EICK,LIME,1,2026-10-09,19:46
RYR5116,LEBL,LEMG,1,2026-10-07,10:31
RYR5118,LIME,LICA,1,2026-10-06,16:49
RYR5119,LICA,LIME,1,2026-10-06,14:36
RYR5151,EIDW,EGPF,4,2026-10-08,13:28
RYR5157,LFLL,EDSB,1,2026-10-05,11:19
RYR515T,EBCI,LROP,6,2026-10-09,13:45
RYR5164,EIDW,EGGD,4,2026-10-09,09:08
RYR5166,LEAL,EPGD,1,2026-10-03,05:43
RYR517,EGNT,LIME,1,2026-10-05,05:02
RYR517J,ELLX,EIDW,3,2026-10-07,09:34
RYR517L,LIMF,LICC,1,2026-10-09,10:59
RYR517L,LIMF,LICZ,1,2026-10-05,16:01
RYR518E,LRBS,EPKK,4,2026-10-09,05:53
RYR51AD,LEPA,EDDK,5,2026-10-09,16:04
RYR51CQ,LIPE,LEAL,2,2026-10-07,09:22
RYR51DD,LICC,EPKK,6,2026-10-09,14:11
RYR51DR,LPPT,EHEH,3,2026-10-08,12:47
RYR51EL,LFOB,LICZ,3,2026-10-06,16:14
RYR51FQ,EPPO,LIME,3,2026-10-09,14:44
RYR51GK,LEVC,LIPE,2,2026-10-09,17:56
RYR51HK,EDFH,EIKY,2,2026-10-09,15:00
RYR51HR,LEBL,EDDK,2,2026-10-08,13:48
RYR51JQ,LGKR,EGBB,3,2026-10-08,15:02
RYR51KK,EGSS,EKCH,6,2026-10-09,05:15
RYR51LL,EIDW,LFBO,3,2026-10-08,16:26
RYR51MC,LEPA,EGSS,6,2026-10-09,17:06
RYR51MW,EDLP,LEMG,2,2026-10-06,16:31
RYR51PE,EGGP,LMML,2,2026-10-08,16:30
RYR51QZ,EICK,LEMG,3,2026-10-09,16:17
RYR51RE,EGNX,EPKK,3,2026-10-08,18:39
RYR51SF,EBCI,LPPR,7,2026-10-09,09:43
RYR51SL,LBSF,EGSS,4,2026-10-09,15:39
RYR51VB,LEBL,LHBP,5,2026-10-09,17:05
RYR51VL,LDZA,EDLV,4,2026-10-08,13:03
RYR51WN,LFMK,EGSS,3,2026-10-09,13:04
RYR51YC,EGGW,EIDW,7,2026-10-09,13:35
RYR52,LGAV,EGSS,1,2026-10-04,14:44
RYR520K,LIPE,LEIB,1,2026-10-06,14:22
RYR5211,LIBD,LHBP,3,2026-10-09,20:38
RYR5217,EIDW,EPLB,2,2026-10-08,06:04
RYR521W,LPFR,EIKN,2,2026-10-09,13:20
RYR5224,EGGP,EINN,2,2026-10-09,20:14
RYR5225,EINN,EGGP,2,2026-10-09,21:38
RYR523V,LFBO,EPKK,3,2026-10-09,10:22
RYR5247,EYVI,LEBL,1,2026-10-06,14:46
RYR525H,LKPR,ESGG,4,2026-10-08,12:29
RYR5261,LIPR,LKPR,3,2026-10-06,16:02
RYR526B,LPPR,LFBO,6,2026-10-09,06:18
RYR529D,LEGE,EDFH,4,2026-10-09,10:46
RYR52BG,EBCI,LIME,6,2026-10-09,04:36
RYR52GF,GCRR,EGGD,2,2026-10-07,09:54
RYR52GM,LIPX,EGCC,4,2026-10-09,09:49
RYR52HA,EBCI,LEAM,3,2026-10-07,05:22
RYR52KD,LIME,LGKR,2,2026-10-09,19:07
RYR52LT,EPGD,LIRN,2,2026-10-09,15:45
RYR52MH,LICT,LIME,1,2026-10-08,18:21
RYR52RY,EGSS,LEVC,5,2026-10-09,19:22
RYR52SL,LGTS,EDJA,4,2026-10-09,06:57
RYR52SU,LIPH,LEVC,3,2026-10-08,10:06
RYR52TC,EGSS,LIME,5,2026-10-09,21:33
RYR52UR,LIPH,LROP,6,2026-10-09,18:43
RYR52UV,LEPA,EIKN,2,2026-10-08,11:41
RYR52WA,LEMG,EPGD,4,2026-10-08,13:13
RYR52WD,EGPK,LEMG,2,2026-10-07,16:30
RYR52XB,EPKK,LIME,5,2026-10-09,08:34
RYR52YH,LATI,EPWA,1,2026-10-09,16:44
RYR52YR,LIME,LPPR,6,2026-10-09,07:23
RYR52ZT,EPWR,EINN,2,2026-10-06,10:57
RYR5325,LZKZ,EIDW,2,2026-10-07,16:31
RYR532Q,LEMG,EGNT,3,2026-10-09,10:06
RYR533D,EGKK,EICK,7,2026-10-09,12:52
RYR535,EGNX,EIDW,3,2026-10-09,23:13
RYR5355,LEIB,LEMD,3,2026-10-09,21:42
RYR5361,LDZD,EHEH,1,2026-10-05,15:23
RYR5362,EGBB,LFOB,1,2026-10-07,07:51
RYR5363,LFOB,EGBB,1,2026-10-07,09:20
RYR5364,EGBB,LFOB,1,2026-10-03,07:56
RYR5368,LECH,EDLV,2,2026-10-06,08:26
RYR5369,EDLV,LECH,2,2026-10-06,04:51
RYR537E,LDZD,LKPR,3,2026-10-09,04:02
RYR537R,EGBB,LFOB,5,2026-10-09,20:12
RYR5382,LEMD,LMML,1,2026-10-05,21:37
RYR538B,LIME,LEIB,1,2026-10-07,17:38
RYR5397,LICA,EPMO,2,2026-10-09,19:44
RYR539L,EGGD,LEGE,4,2026-10-07,05:02
RYR53AX,EINN,LPFR,1,2026-10-05,09:24
RYR53BM,LIRN,EGSS,1,2026-10-06,20:06
RYR53CB,EPKK,EDJA,5,2026-10-08,09:00
RYR53CB,EPKK,EDDN,1,2026-10-05,06:19
RYR53CP,EDDG,LEPA,3,2026-10-09,15:35
RYR53DE,LDZD,EDDW,1,2026-10-05,04:56
RYR53ET,LFRS,EIDW,2,2026-10-07,15:35
RYR53GQ,EGSS,EPKK,4,2026-10-09,19:23
RYR53JH,EKCH,LIRN,3,2026-10-08,16:33
RYR53JU,EIDW,LEMD,3,2026-10-09,20:48
RYR53LP,EDDB,LIME,1,2026-10-06,18:07
RYR53MM,EGGD,LPPR,3,2026-10-09,09:22
RYR53NF,LPPR,LEVC,4,2026-10-09,19:24
RYR53QC,LATI,LIMF,6,2026-10-08,18:57
RYR53QQ,LIMC,LEMG,5,2026-10-09,07:17
RYR53RB,LIMF,LICA,1,2026-10-04,08:31
RYR53RK,LDZA,EIDW,4,2026-10-09,14:01
RYR53RZ,LKPR,LDZD,1,2026-10-05,07:52
RYR53SD,EGNT,EPGD,2,2026-10-09,10:39
RYR53SE,LEPA,EDDK,5,2026-10-08,21:44
RYR53TJ,LFBO,EBCI,2,2026-10-08,18:38
RYR53UX,LIRF,EIDW,7,2026-10-09,10:09
RYR53VV,LIEA,LZIB,5,2026-10-08,20:24
RYR53WF,LMML,EGBB,3,2026-10-07,10:16
RYR53WT,LEMG,ENTO,2,2026-10-09,14:43
RYR53YN,LRCL,EBCI,5,2026-10-09,07:47
RYR53YT,LEMD,LIRF,5,2026-10-09,20:03
RYR53YW,LFOB,LEBL,6,2026-10-09,20:44
RYR53ZL,LIMC,EIDW,3,2026-10-09,21:39
RYR5406,LKPR,LIME,1,2026-10-04,15:54
RYR5411,EGSS,LICR,2,2026-10-08,19:15
RYR5413,LFML,EPKK,3,2026-10-09,06:58
RYR5416,EIDW,EPWR,1,2026-10-04,18:50
RYR5417,EPWR,EIDW,1,2026-10-04,21:45
RYR5421,LROP,EGNM,3,2026-10-07,09:28
RYR5429,EVRA,EPKK,5,2026-10-09,05:42
RYR5439,LIPE,EPKK,1,2026-10-07,06:16
RYR5459,LIBD,LBSF,2,2026-10-08,13:06
RYR5472,LBSF,LIRN,4,2026-10-09,11:45
RYR5482,LEMD,LPPR,7,2026-10-09,19:40
RYR5485,LPPR,LEMD,2,2026-10-09,05:20
RYR5486,LPPR,LPFR,5,2026-10-09,16:35
RYR54BD,LIPH,EPGD,1,2026-10-08,12:00
RYR54BW,EPMO,LFOB,3,2026-10-08,10:35
RYR54CK,EPMO,LPPR,2,2026-10-07,16:36
RYR54CT,LFOT,EGSS,2,2026-10-07,14:37
RYR54CX,EGSS,EPLL,6,2026-10-08,12:17
RYR54EM,LEMG,EGPD,3,2026-10-09,05:43
RYR54FN,LIPZ,LIBR,4,2026-10-08,08:03
RYR54GN,LEAL,EGNM,5,2026-10-09,14:43
RYR54HD,LOWW,LIRN,5,2026-10-09,04:33
RYR54JB,LBSF,EDJA,3,2026-10-09,07:24
RYR54LC,EICK,LPFR,3,2026-10-07,08:10
RYR54MJ,LEMG,LKTB,2,2026-10-07,08:51
RYR54NN,LERS,EGNM,4,2026-10-08,15:49
RYR54PP,LPPT,EGSS,2,2026-10-09,09:06
RYR54RK,LMML,EYVI,3,2026-10-08,03:44
RYR54RU,LFOB,EPKK,3,2026-10-07,20:43
RYR54SE,LIRF,LEBL,5,2026-10-09,19:29
RYR54TQ,EBCI,LIME,6,2026-10-09,06:28
RYR54WQ,EGCC,EIDW,6,2026-10-09,22:07
RYR54WV,LIRI,LOWW,2,2026-10-07,21:35
RYR54YA,EIDW,ELLX,3,2026-10-07,07:01
RYR54ZU,LIME,LEMD,4,2026-10-07,18:28
RYR550E,LICJ,LROP,1,2026-10-07,18:42
RYR551,EKCH,EGSS,3,2026-10-08,21:46
RYR551,EPWR,LIME,1,2026-10-04,18:43
RYR551A,LEGE,EGNM,2,2026-10-05,22:20
RYR5527,LEPA,EDDK,1,2026-10-06,20:05
RYR5533,EPKK,EBCI,2,2026-10-09,13:48
RYR553P,ENTO,LIME,1,2026-10-09,11:17
RYR554,EIDW,EGCC,5,2026-10-08,11:30
RYR5541,LIRF,LBBG,2,2026-10-09,14:50
RYR5542,LBBG,LIRF,2,2026-10-09,17:30
RYR5549,LIPE,LBSF,2,2026-10-09,15:40
RYR5561,EDLV,GMMI,1,2026-10-03,11:20
RYR5564,EGPF,EIDW,3,2026-10-05,06:23
RYR5565,EIDW,EGPF,3,2026-10-05,04:44
RYR556J,EDJA,LEMG,4,2026-10-09,09:02
RYR556U,LOWW,LEAL,1,2026-10-07,15:44
RYR556Z,LGKR,ESSA,2,2026-10-08,15:39
RYR5575,LGKR,EGNV,1,2026-10-06,02:54
RYR55AR,LFOB,LPPT,4,2026-10-09,13:54
RYR55BB,EPWR,LEAL,2,2026-10-09,07:33
RYR55BJ,LEBL,LIPE,3,2026-10-09,22:26
RYR55BY,EGAA,LPFR,1,2026-10-05,16:44
RYR55CW,LEBL,EGSS,6,2026-10-09,04:07
RYR55EC,LEMH,EGNX,2,2026-10-08,08:24
RYR55ED,EGHH,LEPA,1,2026-10-06,10:33
RYR55EG,EIDW,EPGD,1,2026-10-09,07:47
RYR55FV,LEAL,EGNX,5,2026-10-08,20:34
RYR55HB,EGSS,LIRZ,7,2026-10-09,05:09
RYR55HD,EGPH,EPKK,5,2026-10-09,17:58
RYR55JC,LIBD,LHBP,6,2026-10-09,10:12
RYR55LA,LBSF,LEMD,3,2026-10-08,18:23
RYR55LG,GMMW,EBCI,3,2026-10-08,17:50
RYR55LM,EBCI,EGNT,2,2026-10-09,07:15
RYR55LZ,LEMG,EGGP,3,2026-10-09,21:07
RYR55PD,EIDW,EGNM,7,2026-10-09,11:03
RYR55PN,LICJ,LIMP,1,2026-10-03,15:19
RYR55PT,LEBL,LIRN,1,2026-10-07,04:36
RYR55RV,EBCI,LMML,4,2026-10-07,20:07
RYR55RY,EKCH,EGCC,4,2026-10-09,08:00
RYR55VV,EDDB,LEBL,3,2026-10-08,15:18
RYR55WG,LIME,EPGD,2,2026-10-08,17:39
RYR55XT,LPPR,LOWW,5,2026-10-09,18:58
RYR55YF,EDSB,LBSF,2,2026-10-09,16:21
RYR5602,EDDK,EYKA,2,2026-10-09,18:23
RYR5603,EYKA,EDDK,2,2026-10-09,15:40
RYR5604,EDDR,LICA,2,2026-10-07,19:43
RYR5605,LICA,EDDR,2,2026-10-07,16:58
RYR5609,GCRR,EGPH,1,2026-10-03,11:38
RYR5615,LROP,EGPH,1,2026-10-03,09:25
RYR562G,LKPR,EGGD,4,2026-10-09,18:30
RYR562Q,LGKR,EPPO,3,2026-10-07,14:42
RYR5643,LBSF,LHBP,3,2026-10-09,05:04
RYR5649,LIPQ,LATI,4,2026-10-08,13:27
RYR5652,LIRN,EDDN,1,2026-10-05,09:52
RYR565K,EIDW,EGGD,6,2026-10-09,12:47
RYR5664,LEMG,EGPH,2,2026-10-09,20:54
RYR566N,ESSA,EPKK,1,2026-10-06,11:01
RYR5685,EGPH,LEMD,1,2026-10-05,19:43
RYR5687,EGPH,EDLV,5,2026-10-09,19:48
RYR5693,EIDW,EETN,2,2026-10-09,16:06
RYR5694,EKCH,ESMS,1,2026-10-07,10:36
RYR569E,LEMG,EKCH,3,2026-10-06,14:14
RYR56BK,ESSA,LIMF,2,2026-10-08,04:55
RYR56BR,EHEH,LPPT,3,2026-10-08,16:24
RYR56BY,LEXJ,EGCC,2,2026-10-07,19:21
RYR56DD,EBCI,LIPH,7,2026-10-09,05:18
RYR56DU,LPPR,EPWA,2,2026-10-08,14:33
RYR56EF,LIRF,LICC,3,2026-10-09,08:37
RYR56EF,LIRF,LICZ,3,2026-10-08,08:46
RYR56FJ,LEPA,LEMG,3,2026-10-09,19:25
RYR56FX,EIDW,LEIB,1,2026-10-06,12:37
RYR56GA,LIRA,LATI,7,2026-10-09,16:33
RYR56GC,EGSH,LEAL,2,2026-10-06,19:41
RYR56HH,LIMC,LOWW,5,2026-10-09,15:32
RYR56JH,LFML,GMMW,1,2026-10-05,17:33
RYR56M,LIRF,LMML,4,2026-10-08,21:22
RYR56NF,LZIB,EGNM,2,2026-10-08,05:14
RYR56NJ,GCRR,EINN,3,2026-10-08,11:40
RYR56PC,EGPK,LEMI,6,2026-10-09,06:45
RYR56PQ,LIPE,EBCI,4,2026-10-09,19:10
RYR56RR,LBPD,EGSS,4,2026-10-08,18:34
RYR56RR,LCLK,EPKT,1,2026-10-07,16:08
RYR56RY,ESSA,LIRF,4,2026-10-09,13:57
RYR56TE,LZIB,EHEH,4,2026-10-08,12:35
RYR56TT,LEPA,LEBL,1,2026-10-08,03:51
RYR56VF,LIRN,LIME,2,2026-10-09,21:38
RYR56VX,EIKN,EGCC,4,2026-10-09,14:07
RYR56XL,LEMD,LIEA,4,2026-10-08,13:25
RYR56XP,EPGD,EPLB,1,2026-10-09,05:46
RYR56ZE,LEAL,LEZL,2,2026-10-08,04:02
RYR5722,EINN,GCFV,2,2026-10-08,07:30
RYR5723,EGHH,EPKK,1,2026-10-04,07:20
RYR5724,EPKK,EGHH,1,2026-10-04,04:15
RYR574,LIPE,LEGE,1,2026-10-03,20:57
RYR5751,LDZD,EPMO,1,2026-10-08,04:43
RYR5762,LPFR,EDFH,3,2026-10-08,14:12
RYR5763,EDFH,LPFR,3,2026-10-08,15:48
RYR576P,EGSS,EINN,6,2026-10-08,07:27
RYR578E,LGAV,LIRF,7,2026-10-09,03:11
RYR5798,LGTS,EDFH,2,2026-10-09,13:19
RYR57AE,EPBY,EGBB,4,2026-10-08,07:36
RYR57BN,LCPH,EPKT,2,2026-10-06,03:11
RYR57BR,EPGD,LEMG,4,2026-10-08,17:40
RYR57CE,EGNM,LEGE,1,2026-10-05,11:30
RYR57D,EVRA,ESSA,6,2026-10-09,19:46
RYR57EQ,LIMC,EGSS,4,2026-10-08,22:11
RYR57GB,LEMD,EGSS,7,2026-10-09,05:16
RYR57HE,EGPH,LFBE,2,2026-10-05,12:42
RYR57HT,LPFR,LFOB,4,2026-10-08,05:47
RYR57ME,LIME,LIBD,3,2026-10-09,20:09
RYR57MU,EKCH,EGSS,5,2026-10-09,14:06
RYR57ND,EPMO,EGSS,6,2026-10-08,09:09
RYR57NZ,EGGP,LEMG,3,2026-10-09,17:25
RYR57PK,LIRF,LPFR,2,2026-10-09,18:53
RYR57PQ,EGSS,EPGD,1,2026-10-07,16:33
RYR57PW,EINN,LEAL,1,2026-10-07,20:31
RYR57QM,LFML,LATI,3,2026-10-08,07:05
RYR57QU,LEBL,LIPZ,4,2026-10-09,21:17
RYR57SC,EGPH,LIMC,3,2026-10-09,09:44
RYR57SN,EPWR,LEPA,1,2026-10-06,16:00
RYR57TF,LMML,LIME,7,2026-10-09,13:48
RYR57TV,LICA,LEMD,2,2026-10-06,15:52
RYR57UJ,LBSF,LEMD,1,2026-10-06,14:26
RYR57YU,EIDW,EGGD,7,2026-10-09,06:24
RYR57YY,LIME,LICP,1,2026-10-08,04:23
RYR57ZZ,LEBL,GMMW,3,2026-10-08,18:11
RYR5801,GMMW,LEMD,2,2026-10-08,06:29
RYR5804,ESMS,EPMO,2,2026-10-08,20:02
RYR5805,EPMO,ESMS,2,2026-10-08,18:12
RYR5809,LPPR,LIPE,1,2026-10-04,12:05
RYR582Z,EFHK,LOWW,4,2026-10-08,10:05
RYR5834,LEMD,LICA,2,2026-10-06,12:51
RYR5836,LIPQ,LICA,2,2026-10-08,19:38
RYR5837,LZIB,LIMC,1,2026-10-06,17:53
RYR5838,LIMC,LZIB,1,2026-10-06,20:45
RYR583Z,LIME,EIDW,5,2026-10-09,13:50
RYR5842,LIRF,LIBR,3,2026-10-08,14:55
RYR5847,LIRF,LICJ,1,2026-10-09,20:35
RYR5847,LIRF,LICP,1,2026-10-04,21:22
RYR584E,EDDB,LEPA,4,2026-10-08,05:31
RYR5865,LGTS,LDZA,5,2026-10-09,04:51
RYR5867,LCPH,LDZA,3,2026-10-08,14:06
RYR5868,LDZA,EHEH,2,2026-10-09,14:23
RYR5871,LDZA,LFSB,1,2026-10-08,05:45
RYR5876,LIME,LFOB,1,2026-10-09,17:34
RYR587A,LICA,EGSS,4,2026-10-09,16:49
RYR5881,EPWA,LCPH,2,2026-10-09,18:51
RYR5882,EGCC,EGSH,1,2026-10-06,09:09
RYR5886,LEAL,EGSH,2,2026-10-09,16:09
RYR5886,LEAL,EGSS,1,2026-10-06,05:35
RYR5889,LEGE,LIRN,1,2026-10-03,14:58
RYR5889,LZIB,LGAV,3,2026-10-09,12:04
RYR5891,EGSS,EGSH,1,2026-10-06,09:43
RYR58BE,GCRR,EGSS,3,2026-10-08,11:13
RYR58BW,LIME,LICT,1,2026-10-08,20:56
RYR58CQ,EPPO,LIPH,3,2026-10-08,18:50
RYR58DF,LIRF,ESSA,4,2026-10-09,20:30
RYR58ER,LHBP,LIRA,7,2026-10-09,04:29
RYR58FU,GCRR,LEMD,7,2026-10-09,16:06
RYR58GD,EPWR,EGSS,5,2026-10-09,06:59
RYR58HP,EGSS,EIDW,7,2026-10-09,07:43
RYR58JL,EGSS,LFMP,1,2026-10-09,05:20
RYR58JX,LFOB,LHBP,4,2026-10-09,17:31
RYR58KV,LEZL,GCRR,3,2026-10-09,04:45
RYR58LK,LEVC,EDDN,1,2026-10-03,18:49
RYR58MU,LIME,EPWR,4,2026-10-08,21:26
RYR58QK,LIMC,LEBL,5,2026-10-09,17:10
RYR58QW,EGGD,LEPA,2,2026-10-09,13:57
RYR58QY,EGCC,LEMD,6,2026-10-09,17:21
RYR58RA,EDDB,EGSS,7,2026-10-09,20:11
RYR58RP,LEMD,EIDW,1,2026-10-04,16:56
RYR58SV,LCPH,LIME,2,2026-10-07,20:26
RYR58UE,EGSS,EKCH,6,2026-10-09,06:25
RYR58WK,EIDW,LEMD,1,2026-10-04,20:16
RYR58YF,EPKK,LICZ,1,2026-10-06,04:48
RYR58ZM,EDDB,LICZ,4,2026-10-08,11:22
RYR58ZM,EDDB,LICC,1,2026-10-04,07:39
RYR5905,LIMF,EPKK,2,2026-10-06,12:55
RYR5914,LIMC,LIRN,7,2026-10-09,04:08
RYR5916,LDDU,EPKK,3,2026-10-09,18:44
RYR5924,LDDU,EDJA,1,2026-10-04,08:52
RYR5926,EBCI,LDZA,1,2026-10-07,16:21
RYR5928,LDDU,ENTO,2,2026-10-07,03:57
RYR5929,ENTO,LDDU,1,2026-10-06,07:40
RYR5932,LDDU,EDLV,1,2026-10-06,12:45
RYR5933,EDLV,LDDU,1,2026-10-06,15:49
RYR5938,LFOB,LDDU,1,2026-10-05,16:59
RYR593D,LEPA,LIMC,4,2026-10-09,20:05
RYR593Y,LHBP,LECH,2,2026-10-08,11:36
RYR594A,LEPA,LFOB,3,2026-10-08,12:33
RYR594F,EDDB,LHBP,6,2026-10-09,10:39
RYR5951,LBSF,EDSB,2,2026-10-09,19:05
RYR595F,LMML,EGPH,3,2026-10-07,11:19
RYR596G,GCFV,EGGW,2,2026-10-08,11:46
RYR5978,EDDB,LDDU,1,2026-10-08,11:50
RYR5984,LIME,LEMD,2,2026-10-09,23:49
RYR5987,LEPA,EGNV,2,2026-10-07,13:58
RYR598Z,EGSS,LIRA,7,2026-10-09,09:30
RYR5996,EGSS,LEMD,2,2026-10-08,05:21
RYR599Y,LEMG,LIME,1,2026-10-05,22:53
RYR59BZ,EGBB,LEAL,3,2026-10-07,16:07
RYR59CA,EGGP,GCRR,4,2026-10-09,11:44
RYR59CM,EGFF,LEAL,1,2026-10-07,22:03
RYR59CV,EGPH,LROP,1,2026-10-03,05:23
RYR59DZ,LIME,EPPO,5,2026-10-09,05:59
RYR59EK,LEPA,EPWA,5,2026-10-09,15:11
RYR59ET,LICJ,LIPZ,1,2026-10-09,08:16
RYR59GQ,LIMF,LIBD,4,2026-10-09,07:08
RYR59HM,LIRF,EHEH,7,2026-10-09,08:50
RYR59JH,LPFR,EGSS,7,2026-10-09,19:27
RYR59JX,EGNM,EPKK,2,2026-10-07,07:12
RYR59KB,EGSS,LOWW,5,2026-10-09,07:34
RYR59LA,EGSS,EYKA,7,2026-10-09,05:32
RYR59PP,LFML,LEPA,3,2026-10-08,12:02
RYR59PZ,EIDW,LERS,5,2026-10-09,06:46
RYR59QQ,EGSS,LPPT,7,2026-10-09,15:27
RYR59QZ,EGGP,EYKA,1,2026-10-05,17:33
RYR59RR,LIME,LEBL,4,2026-10-09,11:58
RYR59SQ,LEPA,EDDG,5,2026-10-09,07:05
RYR59VR,LFBO,EGPH,2,2026-10-06,07:53
RYR59WU,EIDW,EGGW,6,2026-10-09,07:30
RYR59XG,EIDW,LIEA,2,2026-10-06,11:14
RYR59YY,EGGP,LEMD,3,2026-10-08,20:04
RYR5AM,LKPR,LIPE,5,2026-10-09,16:09
RYR5AT,EIKN,EGPH,3,2026-10-09,15:20
RYR5AU,LIRF,EVRA,1,2026-10-07,18:39
RYR5AV,LIME,LOWW,6,2026-10-08,19:56
RYR5AX,LEPA,LFML,7,2026-10-09,20:18
RYR5AZ,LIPZ,LICA,4,2026-10-09,13:05
RYR5BC,LIBD,LICJ,1,2026-10-09,21:36
RYR5BH,LEPA,EGNM,5,2026-10-08,21:12
RYR5BK,LEBL,LKPR,6,2026-10-09,16:46
RYR5BL,EIKN,LEMG,1,2026-10-05,08:57
RYR5BP,LEVC,LPPT,1,2026-10-03,18:01
RYR5BQ,LICJ,LIMC,2,2026-10-09,20:17
RYR5CD,LEPA,EGGP,5,2026-10-07,13:41
RYR5CJ,LGKR,LHBP,4,2026-10-09,02:49
RYR5CN,LIBD,LIMC,5,2026-10-09,10:39
RYR5CP,EIDW,LDSP,1,2026-10-05,16:42
RYR5CT,LDZD,EBCI,1,2026-10-05,10:10
RYR5CY,LEMG,LKPR,2,2026-10-08,07:31
RYR5DF,EDLV,EGPH,5,2026-10-09,04:11
RYR5DG,LMML,LHBP,1,2026-10-05,17:13
RYR5DH,LEAL,ENTO,2,2026-10-09,15:42
RYR5DQ,LPPT,LOWW,7,2026-10-09,19:10
RYR5DZ,LBSF,LICZ,3,2026-10-08,02:58
RYR5DZ,LBSF,LICC,1,2026-10-07,06:13
RYR5EB,LROP,LEPA,1,2026-10-06,07:31
RYR5EC,LYNI,LOWW,1,2026-10-03,10:48
RYR5ED,EDDK,LGAV,2,2026-10-09,16:35
RYR5EE,LEPA,EIDW,3,2026-10-06,22:23
RYR5EJ,GCRR,EGGP,4,2026-10-09,10:16
RYR5EK,LFBH,LFML,2,2026-10-05,21:21
RYR5EU,LEAL,EGSS,6,2026-10-09,11:40
RYR5FG,LICC,EGSS,3,2026-10-07,09:47
RYR5FT,EPGD,LROP,3,2026-10-09,17:27
RYR5FW,EGGP,LEAL,3,2026-10-08,08:16
RYR5FY,LIRF,LGKR,4,2026-10-09,20:17
RYR5FZ,EDDK,LIME,3,2026-10-07,06:04
RYR5GE,EDSB,LDZD,1,2026-10-04,15:45
RYR5GF,LIRZ,LICZ,5,2026-10-08,13:39
RYR5GF,LIRZ,LICC,1,2026-10-06,19:08
RYR5GK,LATI,EHEH,3,2026-10-09,05:49
RYR5GL,EKCH,EGSS,2,2026-10-04,21:49
RYR5GV,LIPE,LHBP,3,2026-10-08,21:35
RYR5GW,ENTO,LEMG,2,2026-10-09,18:58
RYR5GY,EDSB,LEPA,1,2026-10-07,14:00
RYR5HB,EKAH,LEPA,1,2026-10-07,18:44
RYR5HE,LPPT,LIRF,7,2026-10-09,10:43
RYR5HL,EVRA,LIME,1,2026-10-03,05:33
RYR5HT,EGCC,LIME,6,2026-10-09,12:00
RYR5JJ,LIMC,LROP,5,2026-10-09,08:05
RYR5JK,LICA,LIPE,5,2026-10-09,06:16
RYR5JL,EPKK,EBCI,7,2026-10-09,05:17
RYR5JX,LEAL,EGCC,5,2026-10-09,09:58
RYR5KA,LIBD,LRBS,4,2026-10-09,15:48
RYR5KN,ENTO,EPKK,4,2026-10-09,16:25
RYR5KP,LEGE,EGSS,3,2026-10-07,04:29
RYR5KQ,LFOB,LPPR,4,2026-10-09,17:41
RYR5KT,LFML,LPPT,6,2026-10-09,14:58
RYR5KU,LIME,LHBP,5,2026-10-08,20:13
RYR5KY,LIRZ,EBCI,3,2026-10-07,14:40
RYR5LF,LEBL,LEMG,6,2026-10-09,20:43
RYR5LG,LIME,LKPR,7,2026-10-09,04:15
RYR5LJ,LIRA,EPWR,6,2026-10-09,11:48
RYR5LP,LEAL,EDJA,5,2026-10-09,07:56
RYR5LR,EBCI,LIPE,4,2026-10-09,19:11
RYR5LT,LEMG,EGNV,2,2026-10-06,04:46
RYR5LZ,LEMG,EGGP,6,2026-10-09,15:10
RYR5ME,EPPO,LFOB,4,2026-10-09,03:47
RYR5MF,GCFV,LEMD,2,2026-10-09,20:32
RYR5MG,EBCI,LIRN,1,2026-10-04,14:01
RYR5MH,LIBD,LIPE,3,2026-10-08,07:51
RYR5MK,EGPH,EINN,4,2026-10-07,14:06
RYR5MP,LICA,EDFH,2,2026-10-06,14:25
RYR5MU,ESSA,LGKR,2,2026-10-08,10:46
RYR5MW,GCRR,EGCC,5,2026-10-09,20:53
RYR5MX,LEAL,EINN,4,2026-10-09,09:59
RYR5ND,LEVT,LEAL,1,2026-10-04,13:51
RYR5NY,LEMD,LOWW,5,2026-10-08,04:40
RYR5PB,LIBD,LIMC,2,2026-10-09,18:43
RYR5PE,EGBB,LIPX,5,2026-10-09,12:50
RYR5PF,EBCI,LRCL,5,2026-10-09,04:44
RYR5PH,LEMI,EGNX,4,2026-10-09,18:36
RYR5PJ,LIME,LPPT,1,2026-10-09,22:49
RYR5PP,EPGD,LMML,4,2026-10-09,07:04
RYR5PR,LIRF,LICT,2,2026-10-09,12:43
RYR5PU,EDDK,EGSS,7,2026-10-09,21:34
RYR5PX,GCFV,EIDW,1,2026-10-08,09:39
RYR5QM,LROP,EGSS,6,2026-10-09,09:08
RYR5QN,EGCC,LDZA,1,2026-10-08,19:54
RYR5QR,EDLV,LEMG,6,2026-10-09,04:03
RYR5QW,LIPX,LICZ,1,2026-10-09,19:48
RYR5QY,LROP,LIPE,7,2026-10-09,11:01
RYR5QZ,LGTS,LCPH,2,2026-10-06,18:01
RYR5RC,LIPE,LICJ,1,2026-10-05,03:49
RYR5RK,LIME,LKTB,3,2026-10-08,15:26
RYR5RR,LEMG,EGHH,1,2026-10-03,12:13
RYR5RT,LIBD,LATI,3,2026-10-07,05:17
RYR5RW,LIME,LIBD,2,2026-10-09,19:49
RYR5SB,EDDB,LDZD,2,2026-10-06,10:33
RYR5SC,LDZA,ENTO,3,2026-10-09,04:12
RYR5SF,LIBD,LGAV,5,2026-10-08,11:44
RYR5SG,LIPH,LATI,7,2026-10-09,08:48
RYR5SJ,ESSA,EPKK,5,2026-10-09,20:56
RYR5SM,LICC,LIRF,4,2026-10-07,16:10
RYR5SN,LIPX,LATI,1,2026-10-06,21:13
RYR5SP,EGPH,EYKA,2,2026-10-07,09:35
RYR5SR,EGSS,LEPA,3,2026-10-09,17:02
RYR5SX,LFML,ELLX,4,2026-10-08,12:14
RYR5SY,EGSS,ESGG,3,2026-10-09,19:18
RYR5TA,LEVC,LIMC,1,2026-10-05,14:30
RYR5TE,EBCI,LKPR,2,2026-10-09,09:44
RYR5TF,LICA,LIPZ,2,2026-10-08,20:04
RYR5TG,LPFR,EIDW,4,2026-10-08,21:05
RYR5TJ,EPLL,LEMG,2,2026-10-07,18:20
RYR5TK,LBSF,EHEH,3,2026-10-09,14:05
RYR5TN,EDDN,EGSS,7,2026-10-09,08:11
RYR5TR,EYKA,LBBG,1,2026-10-05,05:44
RYR5TY,EGSS,LFBO,5,2026-10-09,19:43
RYR5U,LIRN,LIMC,1,2026-10-09,22:26
RYR5UB,EBCI,LEMG,6,2026-10-09,14:16
RYR5UD,EPKK,LEVC,3,2026-10-08,09:13
RYR5UJ,EIDW,EGKK,7,2026-10-09,10:22
RYR5UM,LEBL,EBCI,7,2026-10-09,07:45
RYR5UP,LMML,LIRF,5,2026-10-09,05:14
RYR5UT,LCPH,LZIB,3,2026-10-08,03:26
RYR5VA,LIPH,LGTS,2,2026-10-07,10:45
RYR5VG,LEAL,EGPK,4,2026-10-09,04:07
RYR5VH,LCPH,EDDB,2,2026-10-06,08:56
RYR5VJ,EDSB,LEVC,2,2026-10-06,10:38
RYR5VK,EBCI,LHBP,4,2026-10-09,10:47
RYR5VL,LEAL,EGSS,2,2026-10-07,22:49
RYR5VM,EPPO,LEGE,3,2026-10-06,17:47
RYR5VN,LEBL,EGCC,6,2026-10-09,13:55
RYR5VU,LICC,LROP,4,2026-10-07,06:40
RYR5VU,LICC,LATI,1,2026-10-08,04:09
RYR5W,EPGD,ESSA,4,2026-10-07,05:38
RYR5WF,LATI,EBCI,5,2026-10-09,08:15
RYR5WG,LPFR,EGSS,2,2026-10-06,16:45
RYR5WH,LIME,LICZ,4,2026-10-09,18:31
RYR5WH,LIME,LICC,1,2026-10-06,16:46
RYR5WL,EGNX,LEMG,4,2026-10-09,09:18
RYR5WP,LFOB,EPGD,2,2026-10-08,20:55
RYR5WV,LEMD,EYKA,1,2026-10-04,06:10
RYR5WW,EHAM,EIDW,7,2026-10-09,13:07
RYR5WZ,EBCI,LFMP,1,2026-10-09,16:18
RYR5XB,EIDW,EGHQ,5,2026-10-09,13:17
RYR5XC,EGCC,LHBP,6,2026-10-09,19:34
RYR5XD,EPKK,LICA,4,2026-10-07,11:31
RYR5XF,LIME,LPFR,2,2026-10-07,12:29
RYR5XL,LIEA,EBCI,3,2026-10-09,18:15
RYR5XV,EBBR,LEPA,3,2026-10-08,13:16
RYR5YB,EPRZ,LIMC,2,2026-10-06,14:21
RYR5YD,LIPE,EGPH,4,2026-10-09,04:33
RYR5YE,LEAL,LIPH,3,2026-10-09,12:00
RYR5YF,EYVI,EDFH,2,2026-10-05,14:25
RYR5YP,LIPH,LHBP,4,2026-10-08,11:27
RYR5YR,LIPH,LKPR,6,2026-10-08,05:53
RYR5YU,GCRR,LEMG,4,2026-10-09,13:32
RYR5YV,LEMG,EBCI,6,2026-10-09,04:56
RYR5YX,LEPA,LIME,3,2026-10-09,19:54
RYR5YZ,EGGD,EPKK,6,2026-10-09,15:02
RYR5ZA,LDZD,EDLV,3,2026-10-06,19:15
RYR5ZC,LEPA,EGCC,5,2026-10-09,11:24
RYR5ZE,EGGP,EPMO,3,2026-10-09,07:32
RYR5ZL,LIBD,LIPZ,6,2026-10-09,16:36
RYR5ZV,EGGW,EIKN,7,2026-10-09,08:05
RYR5ZX,LIPE,LFOB,4,2026-10-09,09:07
RYR5ZZ,LIPH,EHEH,3,2026-10-07,05:24
RYR600,LHBP,LOWW,1,2026-10-09,16:00
RYR6002,EDJA,LBSF,3,2026-10-09,10:27
RYR601,LOWW,LHBP,1,2026-10-09,20:50
RYR6015,LFBZ,EGPH,2,2026-10-06,17:51
RYR6017,LGAV,LIPE,4,2026-10-08,18:24
RYR601W,LEBL,EKCH,4,2026-10-09,16:54
RYR6025,LFML,LEMG,1,2026-10-08,23:01
RYR6043,LGAV,LMML,1,2026-10-08,18:07
RYR6044,LMML,LGAV,1,2026-10-08,20:09
RYR6048,EFHK,LDDU,2,2026-10-08,18:10
RYR6049,LPPR,LPMA,5,2026-10-08,16:40
RYR605,LHBP,EKCH,2,2026-10-09,16:02
RYR6054,LIME,LDZA,2,2026-10-06,07:19
RYR605M,LEMG,EPLL,2,2026-10-07,14:11
RYR6064,LOWW,EPWA,4,2026-10-09,05:20
RYR608Y,EPWR,LFOB,4,2026-10-09,03:55
RYR6095,EPGD,ESGG,3,2026-10-09,21:17
RYR6097,LFBT,EBCI,1,2026-10-04,08:00
RYR6099,EPGD,ESSA,1,2026-10-09,19:03
RYR60AD,LPFR,EGNV,1,2026-10-03,15:55
RYR60DZ,EGPH,LEZL,2,2026-10-09,08:43
RYR60ED,EGPH,EICK,1,2026-10-04,09:24
RYR60GQ,LROP,LIRZ,3,2026-10-08,12:56
RYR60LN,LFMK,EIDW,2,2026-10-09,08:18
RYR60NY,EPPO,LEAL,2,2026-10-07,16:20
RYR60PR,LIBD,LIPQ,5,2026-10-08,19:10
RYR60RF,EINN,EPMO,1,2026-10-03,05:25
RYR60SF,LIMC,EGCC,6,2026-10-09,17:54
RYR60VY,LZIB,LEBL,2,2026-10-04,17:25
RYR60WC,EIDW,EVRA,3,2026-10-08,17:32
RYR60WM,GCFV,LIMC,2,2026-10-06,20:52
RYR60ZJ,EGCC,LEMG,2,2026-10-09,19:59
RYR61,EDDB,LIRF,1,2026-10-03,13:32
RYR6108,EINN,LEMD,2,2026-10-07,14:02
RYR6112,EPLB,EPGD,2,2026-10-09,13:42
RYR6116,LEMD,GMMI,1,2026-10-05,11:31
RYR6128,LIEA,LIPE,4,2026-10-07,22:19
RYR6135,EGSS,EDHL,2,2026-10-09,12:26
RYR6137,LEPA,EDHL,3,2026-10-07,04:28
RYR613K,LEPA,LIMC,5,2026-10-08,19:13
RYR6142,EDDG,EGSS,4,2026-10-09,07:27
RYR6155,EKCH,EYKA,4,2026-10-09,04:13
RYR6178,LIME,GCFV,2,2026-10-07,04:02
RYR617R,LPPT,EPMO,3,2026-10-07,12:44
RYR618X,LEMG,EGFF,5,2026-10-09,11:48
RYR6192,LEAL,EDNY,2,2026-10-07,13:47
RYR6199,EGSS,EDFH,5,2026-10-09,21:48
RYR619N,LIRA,LKPR,7,2026-10-09,09:09
RYR619Q,LHBP,ESGG,2,2026-10-07,17:30
RYR61AP,EBBR,LPPR,5,2026-10-09,12:31
RYR61AT,EBCI,EFHK,3,2026-10-09,04:44
RYR61CH,EGSS,LBSF,5,2026-10-09,06:40
RYR61CT,LEAL,LIRF,6,2026-10-08,17:40
RYR61ED,ELLX,LIME,6,2026-10-09,06:21
RYR61FA,EDDK,EIDW,3,2026-10-09,21:17
RYR61FP,EIDW,LEMG,6,2026-10-09,09:25
RYR61JL,LFML,EIDW,4,2026-10-08,15:38
RYR61KY,EGGW,LGAV,5,2026-10-09,14:49
RYR61LJ,LEPA,LEVC,1,2026-10-04,19:19
RYR61LJ,LEPA,LEZL,1,2026-10-08,19:03
RYR61LL,EIDW,LIBD,1,2026-10-04,17:00
RYR61MJ,EGNX,LIRA,4,2026-10-08,07:14
RYR61NG,LEBL,EDDB,5,2026-10-09,15:52
RYR61PH,LIPE,LICA,3,2026-10-08,19:46
RYR61PT,LROP,LICA,2,2026-10-08,17:52
RYR61QZ,LICA,EDJA,3,2026-10-06,06:48
RYR61SV,EIDW,EGKK,7,2026-10-09,15:12
RYR61SZ,LFOB,LPPR,4,2026-10-09,13:51
RYR61TF,EPWR,LIME,4,2026-10-08,06:42
RYR61UR,LEIB,EGCC,3,2026-10-08,18:01
RYR61VB,EIDW,EBBR,6,2026-10-09,05:58
RYR61VR,EDDN,LEAL,1,2026-10-06,07:06
RYR61YD,LEPA,LOWW,5,2026-10-09,22:06
RYR61ZQ,LPPR,LFML,6,2026-10-09,10:37
RYR6201,LICC,LIBD,1,2026-10-09,15:26
RYR6206,EDFH,EGSS,3,2026-10-09,07:18
RYR6207,EGSS,EDFH,3,2026-10-09,21:58
RYR6208,LGAV,EPMO,1,2026-10-09,13:46
RYR6216,EPKK,ENTO,7,2026-10-09,04:32
RYR6221,EGGD,EPKK,1,2026-10-06,15:10
RYR6231,EPSC,EPKK,3,2026-10-09,13:31
RYR623K,LEAL,EDDG,2,2026-10-08,04:19
RYR623Z,LATI,LICZ,1,2026-10-03,19:33
RYR6244,EIDW,LATI,2,2026-10-08,16:07
RYR6245,LATI,EIDW,2,2026-10-08,20:13
RYR624V,EGNX,LEMI,4,2026-10-09,15:17
RYR6259,LDDU,EPKT,1,2026-10-04,18:57
RYR625P,LEMH,EBCI,2,2026-10-09,18:01
RYR6263,EBCI,EPKT,2,2026-10-08,05:49
RYR6274,EGPH,LEGE,1,2026-10-03,17:50
RYR6275,LEGE,EGPH,1,2026-10-03,20:48
RYR628R,LEMI,EIDW,6,2026-10-09,16:50
RYR62AD,EPWR,EGNX,5,2026-10-09,04:21
RYR62AL,LGKR,LKPR,5,2026-10-08,12:59
RYR62BC,LKPR,LIRN,4,2026-10-07,14:29
RYR62CY,LIMF,LICC,3,2026-10-09,04:00
RYR62CY,LIMF,LICZ,3,2026-10-08,10:50
RYR62EG,EGPH,LEMG,6,2026-10-09,08:45
RYR62EQ,EIDW,EPRZ,2,2026-10-09,17:44
RYR62FP,LIBC,LIME,1,2026-10-04,08:42
RYR62HD,LGTS,EDDB,5,2026-10-07,07:04
RYR62HT,EGGP,EICK,5,2026-10-09,19:54
RYR62LK,EIDW,EGNX,3,2026-10-09,21:37
RYR62NA,LEBL,LIRF,3,2026-10-08,20:23
RYR62PM,EGSS,EDDN,7,2026-10-09,09:01
RYR62PQ,LIME,EPKK,3,2026-10-08,13:29
RYR62RA,LICA,EBCI,3,2026-10-09,12:12
RYR62RC,LIEA,EDJA,3,2026-10-08,08:02
RYR62WF,EIKY,LEAL,3,2026-10-09,16:11
RYR62XF,EBCI,EPPO,3,2026-10-09,15:53
RYR62XJ,LOWK,LEPA,2,2026-10-07,16:46
RYR62ZH,LEAL,EGCC,4,2026-10-09,19:57
RYR6301,LBSF,LEBL,1,2026-10-03,11:31
RYR6302,EBCI,LICJ,1,2026-10-07,07:09
RYR6309,LIRA,LBSF,1,2026-10-07,16:04
RYR631,EIDW,EGNX,1,2026-10-05,05:12
RYR631K,EIDW,LGTS,2,2026-10-07,16:24
RYR632Q,LEBL,LEPA,3,2026-10-09,14:59
RYR6331,LEST,LEGE,1,2026-10-03,21:18
RYR633K,LIEA,LIPE,5,2026-10-09,10:47
RYR635Z,LEMG,EPMO,3,2026-10-07,08:56
RYR636,LCPH,EPPO,2,2026-10-08,07:55
RYR6361,LEPA,LEBL,5,2026-10-09,03:59
RYR6362,LEBL,LEPA,1,2026-10-07,20:19
RYR6366,EPKK,LEAL,1,2026-10-03,16:30
RYR636E,LICT,LIPE,2,2026-10-09,14:16
RYR637V,ESSA,LEMG,5,2026-10-09,12:12
RYR638T,LIBD,EPMO,2,2026-10-08,13:41
RYR639V,EGGD,LEAL,2,2026-10-06,16:51
RYR63AB,LIME,EGSS,3,2026-10-09,20:48
RYR63BP,LEVC,LEMG,1,2026-10-04,16:10
RYR63CD,LEBL,LIMF,6,2026-10-09,00:46
RYR63CZ,EFHK,EBCI,3,2026-10-09,07:56
RYR63DQ,LIPE,EIDW,4,2026-10-09,15:24
RYR63DR,LIME,LIEA,1,2026-10-06,15:06
RYR63FB,LEBL,LIPE,2,2026-10-04,08:46
RYR63FF,LIPZ,EKCH,5,2026-10-08,17:05
RYR63FM,LEMD,GCLP,1,2026-10-09,16:12
RYR63GU,LEMG,EGNM,2,2026-10-07,04:08
RYR63JG,EGSS,EHEH,7,2026-10-09,13:35
RYR63JR,LEVC,LFBO,1,2026-10-05,16:25
RYR63KH,LEAL,LFOB,4,2026-10-09,16:41
RYR63KM,LIPZ,EDDB,1,2026-10-03,09:02
RYR63LL,LICA,LROP,2,2026-10-08,20:08
RYR63LN,LOWW,LIPZ,6,2026-10-09,10:39
RYR63PD,EGSS,LGAV,6,2026-10-09,05:43
RYR63PR,LPFR,EGCC,6,2026-10-09,05:17
RYR63RY,EGSS,EDFH,6,2026-10-09,05:19
RYR63SR,LEIB,LFML,5,2026-10-09,15:30
RYR63TC,LIME,LPPT,6,2026-10-09,04:14
RYR63TZ,LBSF,LIPE,1,2026-10-04,18:12
RYR63UE,LIBR,EGSS,7,2026-10-09,19:32
RYR63WW,EPKK,EIDW,1,2026-10-09,21:07
RYR63WY,LOWW,LMML,2,2026-10-07,12:05
RYR63XH,EGSS,LGKR,2,2026-10-06,16:10
RYR63XH,EGSS,LGAV,1,2026-10-09,09:43
RYR63XL,EGNX,EIKN,4,2026-10-09,11:00
RYR63XT,LEMG,ESSA,4,2026-10-08,13:20
RYR6431,EYKA,EINN,2,2026-10-06,04:01
RYR6432,EINN,EYKA,2,2026-10-06,07:53
RYR6439,LEAL,EDSB,1,2026-10-09,11:50
RYR643J,EGSS,LFRS,3,2026-10-09,13:24
RYR643L,LEBL,EGSS,4,2026-10-09,19:43
RYR6453,LIEA,LATI,2,2026-10-09,16:02
RYR646J,LICJ,LZIB,3,2026-10-09,19:09
RYR647C,LIBD,LFML,3,2026-10-09,08:10
RYR647X,LEBL,LPPT,3,2026-10-08,18:31
RYR6483,LEPA,EGNT,1,2026-10-09,22:09
RYR6487,EGSS,LIRZ,1,2026-10-04,13:25
RYR64AL,LMML,LIMC,4,2026-10-09,08:36
RYR64BJ,EHEH,LEAL,3,2026-10-08,14:24
RYR64BV,EIDW,EGNM,2,2026-10-09,22:02
RYR64CZ,EBCI,LIRN,7,2026-10-09,04:41
RYR64FG,LCPH,LIRF,2,2026-10-06,13:46
RYR64FN,LMML,EGSS,4,2026-10-09,13:26
RYR64GA,EBCI,LEMG,6,2026-10-09,11:44
RYR64GG,LIRF,LDZA,5,2026-10-09,21:30
RYR64HB,LDZD,EPPO,2,2026-10-06,20:57
RYR64HE,LIME,LEMG,1,2026-10-04,17:46
RYR64JJ,LIBR,LIMF,7,2026-10-09,06:33
RYR64JM,LEPA,EDDN,3,2026-10-09,17:46
RYR64LV,EGSS,EDDK,7,2026-10-09,07:39
RYR64MN,LPFR,EGCC,3,2026-10-06,05:46
RYR64QE,LEBL,EGGD,6,2026-10-09,14:57
RYR64SP,LFBO,LIME,5,2026-10-09,10:46
RYR64TN,LEBL,EGSS,5,2026-10-09,11:09
RYR64UK,EGGD,GCFV,2,2026-10-06,06:40
RYR64WL,LMML,LEMD,1,2026-10-05,17:06
RYR64YL,EDDK,LOWW,5,2026-10-08,13:07
RYR64ZK,LEBL,EGGD,1,2026-10-07,17:56
RYR6506,LICT,ESSA,1,2026-10-08,08:19
RYR651T,LFML,EGCC,4,2026-10-08,08:47
RYR653C,LFML,LIRN,6,2026-10-09,19:05
RYR6546,LEPA,LEVC,1,2026-10-04,22:35
RYR6547,LIME,EDLV,1,2026-10-05,03:57
RYR6548,EDLV,LIME,1,2026-10-05,13:40
RYR6566,LEPA,LEAL,4,2026-10-08,22:53
RYR6571,EGNX,LIPH,2,2026-10-08,16:31
RYR6581,EGNM,EPGD,1,2026-10-09,14:42
RYR659,LEGE,EGCC,1,2026-10-04,22:17
RYR6596,EGCC,LEGE,1,2026-10-03,19:22
RYR65AF,LEAL,EGGD,4,2026-10-08,19:35
RYR65BP,EIDW,EGBB,7,2026-10-09,09:40
RYR65CN,EGCC,LIMC,4,2026-10-08,16:39
RYR65CV,EGBB,LEBL,3,2026-10-09,18:46
RYR65DE,LEMD,GCFV,2,2026-10-09,17:12
RYR65DV,EGSS,LEMD,6,2026-10-09,15:11
RYR65ER,LIME,EGSS,7,2026-10-09,18:36
RYR65FQ,EDFH,LEGE,4,2026-10-09,09:14
RYR65HL,LIME,LICA,6,2026-10-09,19:58
RYR65JG,EPKK,EGGP,6,2026-10-09,04:58
RYR65JP,LICC,LIMF,6,2026-10-09,06:34
RYR65JW,LEMH,EGSS,2,2026-10-07,13:42
RYR65PA,LEBL,EDDK,5,2026-10-09,22:21
RYR65QN,LIRF,LICJ,1,2026-10-09,14:33
RYR65QZ,EIDW,EYKA,3,2026-10-07,07:39
RYR65RJ,LDZA,EBCI,1,2026-10-07,13:58
RYR65SB,LIME,LICT,1,2026-10-08,17:14
RYR65SH,EDLV,LEAL,6,2026-10-09,07:15
RYR65SL,LEGE,EGSS,3,2026-10-09,15:46
RYR65WX,EIKN,EGSS,3,2026-10-09,16:57
RYR65XA,EGSS,LIPE,3,2026-10-09,05:17
RYR65YK,LEVC,EGSS,1,2026-10-05,16:19
RYR65YP,EIDW,EPPO,2,2026-10-09,19:06
RYR65ZK,EDDB,LEMG,3,2026-10-07,09:27
RYR6607,LEPA,LEAL,1,2026-10-05,22:17
RYR6626,LEMG,LPPT,1,2026-10-03,18:38
RYR6629,LIPZ,LEVC,1,2026-10-05,05:47
RYR662E,EGHQ,EIDW,5,2026-10-09,14:42
RYR6632,LEMG,EGHQ,2,2026-10-07,10:40
RYR6637,LEMG,EPGD,1,2026-10-09,04:58
RYR664P,LROP,EIDW,3,2026-10-09,20:59
RYR6651,LIME,LICZ,1,2026-10-04,19:10
RYR6654,LEMG,EKAH,1,2026-10-09,12:05
RYR6655,EKAH,LEMG,1,2026-10-09,16:02
RYR665R,ESSA,LIPE,3,2026-10-07,16:24
RYR6671,LPMA,LIMC,2,2026-10-06,15:13
RYR6672,LIMC,LPMA,2,2026-10-06,20:05
RYR6673,LPMA,EGPH,1,2026-10-03,14:13
RYR6674,LPPR,LPPT,1,2026-10-08,16:54
RYR6675,LPMA,EINN,2,2026-10-07,15:28
RYR6676,EINN,LPMA,2,2026-10-07,19:51
RYR667X,EPKT,EGSS,3,2026-10-08,17:35
RYR668T,EGPH,LPPT,3,2026-10-09,19:33
RYR669,EGBB,EIDW,7,2026-10-09,20:54
RYR6691,EPKK,ESSA,1,2026-10-06,08:31
RYR6699,LEAL,LEMD,1,2026-10-08,20:52
RYR66AH,EGPH,LPFR,2,2026-10-09,17:36
RYR66CW,LEMH,LEBL,3,2026-10-08,21:48
RYR66DT,EIDW,LFRS,4,2026-10-09,13:30
RYR66EF,EPKK,LEBL,5,2026-10-09,21:52
RYR66EQ,LIME,EHEH,3,2026-10-09,14:39
RYR66GL,LIMC,LIEA,5,2026-10-09,16:19
RYR66HC,EDDK,EGSS,6,2026-10-09,00:39
RYR66JU,LEAL,LIMC,5,2026-10-09,17:29
RYR66KJ,LFOB,LEMG,2,2026-10-09,19:22
RYR66KU,EIDW,LFSB,3,2026-10-08,10:12
RYR66LN,EIDW,EGPH,7,2026-10-09,05:29
RYR66PP,LEMG,ESOW,2,2026-10-07,14:06
RYR66SF,EGTE,LEMG,3,2026-10-09,14:56
RYR66UB,EPGD,LEPA,1,2026-10-08,09:21
RYR66UL,EGHH,LFBE,1,2026-10-06,06:42
RYR66WW,LEAL,EFHK,1,2026-10-09,04:22
RYR66XX,LEMG,EIDW,6,2026-10-09,10:42
RYR66YZ,LOWW,EIDW,4,2026-10-08,04:30
RYR66ZD,EPMO,EKCH,3,2026-10-09,16:00
RYR66ZQ,LICT,LIRF,1,2026-10-08,19:14
RYR67,LGAV,LGKR,5,2026-10-09,20:32
RYR670D,LIPX,EIDW,3,2026-10-09,21:43
RYR6719,LIMF,LEIB,1,2026-10-07,20:02
RYR671D,EIDW,EPPO,1,2026-10-08,07:26
RYR672C,EPWR,EBCI,4,2026-10-09,15:08
RYR673,EGSS,LPPR,1,2026-10-07,23:39
RYR6737,EGPF,LEMG,1,2026-10-04,17:31
RYR6746,EIDW,LEPA,1,2026-10-05,12:03
RYR6752,LBSF,LICA,2,2026-10-07,17:54
RYR675G,LATI,LROP,3,2026-10-09,11:00
RYR6774,LFML,LFRS,1,2026-10-04,15:16
RYR6776,LMML,LCPH,1,2026-10-07,05:57
RYR6782,EPKK,LIPQ,3,2026-10-07,11:00
RYR6783,LIPQ,EPKK,3,2026-10-07,12:54
RYR6788,LFOB,LIPQ,1,2026-10-06,15:24
RYR6789,LIPQ,LFOB,2,2026-10-06,13:14
RYR6797,ESSA,EPWR,1,2026-10-03,11:09
RYR6798,EPWR,ESSA,1,2026-10-03,13:28
RYR6799,ESSA,LGTS,1,2026-10-07,03:46
RYR67AJ,EGGW,LEBL,5,2026-10-09,14:15
RYR67BD,LHBP,EGPH,4,2026-10-09,15:45
RYR67DL,EGSS,EICK,6,2026-10-09,12:05
RYR67EU,LDZA,ESGG,3,2026-10-09,04:59
RYR67EY,EDDN,LGKR,1,2026-10-03,18:11
RYR67FC,LFOB,LIPH,5,2026-10-09,04:18
RYR67HB,EPWR,ENTO,2,2026-10-09,13:14
RYR67HD,LEMG,LEPA,6,2026-10-09,13:32
RYR67HQ,LBSF,EBCI,5,2026-10-08,03:01
RYR67JA,EGSS,LBPD,4,2026-10-08,14:51
RYR67JG,LIRF,EPGD,1,2026-10-06,08:57
RYR67KN,EBCI,LIPE,4,2026-10-09,10:08
RYR67MY,LIME,EFHK,3,2026-10-07,16:46
RYR67PF,LIPE,LOWW,2,2026-10-09,03:53
RYR67QX,EPGD,ENTO,7,2026-10-09,03:56
RYR67QY,EGNT,LEAL,4,2026-10-07,16:29
RYR67RA,GMMW,EDFH,2,2026-10-09,20:45
RYR67RD,EGHH,LEMG,5,2026-10-09,08:01
RYR67RT,EKCH,LEMD,3,2026-10-08,08:50
RYR67RW,LFBO,LMML,4,2026-10-09,06:41
RYR67SK,LKPR,EGSS,6,2026-10-09,19:49
RYR67TX,LHBP,LEVC,2,2026-10-06,04:40
RYR67UB,EGSS,EDJA,6,2026-10-08,06:42
RYR67UV,LIPE,LPPT,5,2026-10-09,13:40
RYR67WB,LOWW,LIPE,5,2026-10-08,09:20
RYR67XW,EYPA,EGSS,4,2026-10-08,19:19
RYR67YC,LIMF,EBCI,7,2026-10-09,19:55
RYR67ZN,LFOB,LEGE,2,2026-10-05,16:23
RYR67ZT,EGSS,EPMO,5,2026-10-09,18:36
RYR6802,LEAL,ESSA,2,2026-10-09,18:51
RYR6804,LIEA,LEBL,2,2026-10-09,00:01
RYR6809,EPWA,LATI,2,2026-10-09,19:29
RYR6811,LEBL,EGNT,1,2026-10-08,08:02
RYR6814,EGCC,LEMD,1,2026-10-04,18:50
RYR6825,LPPR,EGSS,1,2026-10-06,19:19
RYR6827,EPGD,LZIB,1,2026-10-06,19:24
RYR6831,LZIB,LIBD,2,2026-10-05,21:44
RYR6833,EHEH,LIRN,2,2026-10-08,08:59
RYR683W,LEIB,EIDW,3,2026-10-09,16:26
RYR6842,EGCC,LKPR,1,2026-10-06,13:19
RYR6843,LKPR,EGCC,1,2026-10-06,10:38
RYR6849,EPGD,EKCH,2,2026-10-07,22:05
RYR6851,LIEA,LIME,1,2026-10-06,16:54
RYR6854,LIME,EFHK,1,2026-10-08,04:28
RYR6855,EFHK,LIME,1,2026-10-08,08:24
RYR6857,LPPR,LIME,1,2026-10-03,16:52
RYR687,LOWW,EHEH,2,2026-10-07,17:49
RYR6872,LEBL,EIDW,1,2026-10-04,19:26
RYR6873,EIDW,LEBL,1,2026-10-04,15:31
RYR687J,EDLV,LEPA,2,2026-10-07,15:26
RYR687L,LIMC,LICZ,4,2026-10-08,18:30
RYR687L,LIMC,LICC,1,2026-10-09,17:08
RYR6882,LEMH,LEBL,7,2026-10-09,07:11
RYR6887,LHBP,LATI,5,2026-10-09,03:58
RYR6889,EDDB,LIEA,1,2026-10-08,18:07
RYR6895,EGCC,LIBR,2,2026-10-08,16:32
RYR68AB,EGGW,EIKY,6,2026-10-09,13:21
RYR68AG,EDDN,LHBP,4,2026-10-08,09:34
RYR68BJ,EIDW,EGBB,7,2026-10-09,19:30
RYR68DF,EGCC,LCPH,2,2026-10-06,08:37
RYR68GA,EGCC,EINN,6,2026-10-09,05:40
RYR68GQ,LEBL,LIEA,3,2026-10-09,03:57
RYR68JW,LDSP,EIDW,3,2026-10-09,20:16
RYR68KK,LZIB,LIEA,5,2026-10-08,17:57
RYR68MB,LHBP,EGBB,1,2026-10-04,07:53
RYR68MH,LPFR,EGPK,4,2026-10-09,15:11
RYR68NX,LIRF,EKCH,7,2026-10-09,11:48
RYR68NZ,EDLV,LEGE,4,2026-10-08,04:48
RYR68QJ,ESSA,EVRA,6,2026-10-09,20:14
RYR68QK,LIME,LEBL,7,2026-10-09,04:13
RYR68QL,EHEH,LZIB,4,2026-10-08,14:54
RYR68QQ,LIPE,LICA,5,2026-10-09,05:52
RYR68SX,LIPE,LEVC,4,2026-10-09,19:43
RYR68UH,LEVC,LIPH,1,2026-10-03,14:54
RYR68UM,LEGE,EDJA,4,2026-10-07,17:04
RYR68VC,LHBP,LPPT,4,2026-10-09,14:09
RYR68WJ,EGNM,EPWR,3,2026-10-08,13:14
RYR68ZA,EBCI,GMMI,1,2026-10-04,12:36
RYR68ZY,LEIB,EHEH,4,2026-10-08,15:46
RYR6904,EBCI,LEGE,2,2026-10-06,17:20
RYR6908,EPBY,EIDW,1,2026-10-07,20:09
RYR6911,EGPH,LEBL,1,2026-10-08,16:57
RYR6912,LEBL,EGPH,1,2026-10-08,20:34
RYR691A,EDDB,LEPA,1,2026-10-07,19:20
RYR691H,EPWR,LGAV,5,2026-10-09,16:27
RYR6924,EGPH,EKCH,1,2026-10-08,06:46
RYR6925,EKCH,EGPH,1,2026-10-08,03:51
RYR6926,LIRF,LEBL,1,2026-10-05,23:36
RYR6931,EGPK,EGPH,1,2026-10-08,14:37
RYR693D,LPPT,LFBO,5,2026-10-09,18:36
RYR6958,EIKY,EGCC,2,2026-10-09,14:29
RYR695G,LEMG,LEBL,7,2026-10-09,07:45
RYR6965,EGCC,LEVC,2,2026-10-08,13:04
RYR6968,EKCH,EGCC,3,2026-10-07,20:15
RYR6969,LEGE,LEBL,1,2026-10-04,05:52
RYR6969,LGKR,EDDG,2,2026-10-07,14:27
RYR6977,LGKR,EDSB,2,2026-10-09,14:27
RYR6978,EDSB,LGKR,1,2026-10-09,09:31
RYR6979,LGKR,EDLV,2,2026-10-09,17:37
RYR6981,LGKR,EPKK,1,2026-10-09,21:11
RYR6996,EPKK,EPPO,1,2026-10-08,15:17
RYR6996,LIME,EDDB,1,2026-10-07,16:43
RYR69BF,EGSS,EPGD,2,2026-10-08,16:39
RYR69BK,LFRS,LFML,7,2026-10-09,06:38
RYR69BQ,LEVC,LBSF,1,2026-10-09,12:27
RYR69BY,EGSS,EIDW,6,2026-10-09,05:51
RYR69CU,EGSS,EPKT,7,2026-10-09,05:34
RYR69CY,LIPZ,EGCC,2,2026-10-05,17:12
RYR69DC,EDDK,GCFV,2,2026-10-09,10:42
RYR69ER,EGCC,EPKT,3,2026-10-07,06:22
RYR69KF,EIDW,EIKY,7,2026-10-09,15:47
RYR69LM,LIMC,EIDW,4,2026-10-09,21:45
RYR69LP,EPMO,LEPA,1,2026-10-07,07:39
RYR69LW,EGSS,LIRN,3,2026-10-08,16:29
RYR69ML,LEMG,EHAM,2,2026-10-07,14:28
RYR69NV,EVRA,LIME,2,2026-10-09,16:27
RYR69PE,LFBE,EGGD,2,2026-10-08,13:33
RYR69QT,LEAL,EGGW,6,2026-10-09,15:50
RYR69RV,LIRZ,LROP,3,2026-10-08,15:24
RYR69SD,LEAL,EGTE,4,2026-10-09,17:16
RYR69TU,LICA,LIMC,3,2026-10-06,04:34
RYR69TW,EGSS,LROP,4,2026-10-07,17:04
RYR69UA,EPKK,LIRA,7,2026-10-09,08:28
RYR69UN,EGGP,LPFR,2,2026-10-05,20:01
RYR69UR,EGSS,LEMD,5,2026-10-09,18:57
RYR69VL,LOWW,LICA,3,2026-10-08,06:33
RYR69WA,EPWR,EIDW,2,2026-10-09,13:42
RYR69XF,EIDW,LPFR,3,2026-10-09,06:30
RYR69XT,LERS,EINN,6,2026-10-09,21:06
RYR69XZ,EPWR,EGGD,2,2026-10-08,09:08
RYR6A,LFOB,EPKK,5,2026-10-09,20:50
RYR6AH,LOWW,LPPR,5,2026-10-09,15:01
RYR6AJ,LHBP,EPMO,4,2026-10-09,07:42
RYR6AJ,LHBP,EPWA,1,2026-10-05,03:58
RYR6AR,LEAL,EGCC,4,2026-10-08,11:14
RYR6AT,EGHH,EPKK,2,2026-10-07,16:18
RYR6AV,EGPH,EKCH,4,2026-10-08,20:30
RYR6AZ,ESGG,EGSS,3,2026-10-09,21:36
RYR6B,LICC,EBCI,4,2026-10-07,14:31
RYR6BA,EPKK,EGNX,3,2026-10-08,17:31
RYR6BB,LEAL,EIDW,1,2026-10-06,21:31
RYR6BK,LEPA,EGPH,4,2026-10-09,19:52
RYR6BM,LPFR,EGPD,3,2026-10-08,14:01
RYR6BN,LEVC,EGSS,1,2026-10-04,15:24
RYR6BU,LICC,LHBP,5,2026-10-08,12:44
RYR6BY,LIPH,EBCI,7,2026-10-09,18:55
RYR6BZ,EGGW,LBBG,2,2026-10-08,08:10
RYR6CA,LFBT,EIDW,1,2026-10-09,12:21
RYR6CC,EGSS,LFML,1,2026-10-04,22:42
RYR6CH,EGGD,EPRZ,2,2026-10-06,06:51
RYR6CL,LICT,EBCI,1,2026-10-08,04:31
RYR6CM,LIME,EPPO,3,2026-10-09,08:11
RYR6CP,EINN,LEPA,1,2026-10-07,09:12
RYR6CU,EGCC,EHEH,3,2026-10-09,12:02
RYR6CX,LIPZ,LICP,1,2026-10-09,06:33
RYR6CY,LOWW,LICP,1,2026-10-03,03:53
RYR6DA,LEMG,ESGG,1,2026-10-04,18:22
RYR6DB,EGSS,LIPZ,4,2026-10-09,08:21
RYR6DC,LCPH,EPWA,2,2026-10-09,14:48
RYR6DD,EGSS,LEPA,3,2026-10-08,07:22
RYR6DE,LGTS,LOWW,6,2026-10-09,06:11
RYR6DX,LIPX,EGSS,1,2026-10-03,20:33
RYR6DY,LICT,LIRF,1,2026-10-08,04:00
RYR6DZ,LEMH,LEBL,2,2026-10-09,18:06
RYR6E,LEPA,EDFH,2,2026-10-08,21:55
RYR6EA,LEMD,LROP,4,2026-10-09,19:27
RYR6EF,LZIB,EGSS,2,2026-10-07,22:17
RYR6EG,LATI,LFML,3,2026-10-08,04:13
RYR6EK,EGBB,EIDW,7,2026-10-09,11:16
RYR6ER,LCPH,LROP,1,2026-10-07,06:21
RYR6EW,LMML,LIPE,4,2026-10-09,14:09
RYR6EX,LBSF,EDDK,3,2026-10-09,03:45
RYR6FA,ESSA,LEVC,2,2026-10-09,04:28
RYR6FC,LIBD,EBCI,7,2026-10-09,14:54
RYR6FD,EETN,EDDB,3,2026-10-09,11:48
RYR6FG,LIBR,LIMC,4,2026-10-09,22:00
RYR6FH,EIKY,EIDW,7,2026-10-09,16:58
RYR6FL,LYPG,EPPO,2,2026-10-08,16:14
RYR6FN,LIME,LPPR,1,2026-10-03,13:41
RYR6FP,LICA,LIMF,5,2026-10-09,19:12
RYR6FU,EPKK,LBSF,4,2026-10-09,09:25
RYR6FX,LCPH,EIDW,2,2026-10-09,21:01
RYR6GD,EGSS,EPPO,3,2026-10-08,20:48
RYR6GG,LFRS,EGCC,2,2026-10-07,12:55
RYR6GH,LATI,LIPE,7,2026-10-09,09:51
RYR6GL,EIDW,LMML,5,2026-10-09,14:27
RYR6GN,EGSS,LPPT,2,2026-10-07,20:13
RYR6GP,EGSS,LHBP,7,2026-10-09,05:32
RYR6GV,LBSF,EGPH,2,2026-10-09,20:08
RYR6H,EKCH,EPKK,6,2026-10-09,19:30
RYR6HF,GCFV,EGNM,2,2026-10-07,19:02
RYR6HL,LIPQ,LIBD,3,2026-10-09,17:29
RYR6HP,EGSS,LDZA,4,2026-10-08,20:06
RYR6HQ,EGBB,LEPA,3,2026-10-08,10:31
RYR6HR,LEIB,LEVC,2,2026-10-08,21:55
RYR6JA,LDDU,ESSA,1,2026-10-03,07:32
RYR6JC,EGGW,LEMG,6,2026-10-09,20:27
RYR6JD,LIME,EYVI,4,2026-10-09,10:30
RYR6JF,LEPA,LOWW,4,2026-10-06,18:08
RYR6JR,EDSB,EGSS,4,2026-10-08,11:56
RYR6JX,LIPE,LMML,4,2026-10-08,03:51
RYR6KC,EIDW,EKCH,4,2026-10-09,18:35
RYR6KE,EBBR,LEMG,3,2026-10-07,12:26
RYR6KF,EPWR,LGKR,2,2026-10-08,18:13
RYR6KM,LEPA,EIDW,1,2026-10-09,18:06
RYR6KP,EGSS,EKCH,1,2026-10-07,08:06
RYR6KT,LEMI,EGGW,5,2026-10-07,10:20
RYR6KV,LPPR,LIRF,7,2026-10-09,14:11
RYR6KW,EGGD,GCRR,3,2026-10-09,15:33
RYR6KZ,LEBL,EGNX,3,2026-10-08,10:26
RYR6L,LZIB,EIDW,2,2026-10-07,21:12
RYR6LB,LGKR,LFML,3,2026-10-07,12:56
RYR6LF,EGSS,LIMF,5,2026-10-08,14:05
RYR6LJ,EPKK,LGKR,1,2026-10-09,18:39
RYR6LQ,EPWR,LMML,7,2026-10-09,04:37
RYR6LT,EIDW,EGPF,7,2026-10-09,19:32
RYR6LU,EGPH,LIPZ,3,2026-10-08,15:19
RYR6LW,LATI,LIMC,6,2026-10-09,20:09
RYR6LY,EDJA,LPFR,1,2026-10-08,09:20
RYR6LZ,EPWR,LEAL,1,2026-10-03,16:27
RYR6MB,EGGP,EIKN,5,2026-10-09,14:29
RYR6MC,LIMC,LEBL,1,2026-10-04,14:46
RYR6ME,LEPA,ELLX,4,2026-10-09,05:46
RYR6MF,EHEH,EPKK,7,2026-10-09,14:48
RYR6MJ,LIBD,LIME,5,2026-10-09,18:51
RYR6MK,LPFR,EIDW,5,2026-10-09,11:30
RYR6ML,LIBD,EPKK,3,2026-10-08,20:46
RYR6MU,EPPO,LIRA,5,2026-10-08,04:59
RYR6MX,LEBL,EYVI,1,2026-10-07,23:59
RYR6MZ,LIPZ,LEMD,5,2026-10-09,20:24
RYR6NE,LEGE,EGGD,3,2026-10-07,08:15
RYR6NG,LEIB,EGSS,5,2026-10-09,14:12
RYR6NJ,LIRN,LOWW,1,2026-10-08,21:08
RYR6NL,LEAL,EGGD,5,2026-10-08,16:38
RYR6NM,EDFH,LEVC,2,2026-10-09,06:57
RYR6NN,LICC,LATI,4,2026-10-09,20:16
RYR6NP,LHBP,LBSF,3,2026-10-09,07:01
RYR6NR,EKCH,EIDW,3,2026-10-07,08:21
RYR6NW,EGPF,EPMO,2,2026-10-09,12:24
RYR6NY,EIDW,EIKY,7,2026-10-09,08:31
RYR6NZ,LIPE,LICP,1,2026-10-09,19:30
RYR6PA,LIRA,LBSF,7,2026-10-09,11:08
RYR6PC,LOWW,LGKR,2,2026-10-09,09:28
RYR6PG,LEBL,EGBB,6,2026-10-09,12:50
RYR6PL,EDDH,EPGD,3,2026-10-07,16:30
RYR6PP,EGNM,LEAL,3,2026-10-07,17:58
RYR6PV,LIBD,EPKT,5,2026-10-09,19:08
RYR6Q,EDLV,LEAL,1,2026-10-06,21:03
RYR6QA,EGPD,LEAL,1,2026-10-04,09:40
RYR6QB,GCRR,EBCI,2,2026-10-07,13:50
RYR6QD,LIME,EPKT,1,2026-10-06,15:37
RYR6QG,LEMI,EGBB,3,2026-10-09,13:56
RYR6QP,ESOW,EGSS,2,2026-10-09,14:53
RYR6QQ,EPPO,EGPH,5,2026-10-09,14:59
RYR6QT,EBCI,LIPH,7,2026-10-09,17:34
RYR6QU,LIME,ELLX,6,2026-10-09,04:21
RYR6QV,LMML,EGNT,2,2026-10-08,10:26
RYR6QW,ENTO,EPGD,4,2026-10-08,16:15
RYR6QX,LIME,LGKR,1,2026-10-07,08:57
RYR6QZ,LIPY,EPKK,1,2026-10-05,16:01
RYR6RE,LICC,EPMO,4,2026-10-09,07:34
RYR6RG,LBSF,LMML,4,2026-10-07,08:25
RYR6RH,LEPA,LEMD,3,2026-10-09,19:36
RYR6RJ,LKPR,LIPH,7,2026-10-09,04:11
RYR6RK,EBCI,LIMF,1,2026-10-05,17:11
RYR6RM,EGGD,EKCH,3,2026-10-09,12:55
RYR6RP,EGCC,LEAL,2,2026-10-07,07:31
RYR6RR,EGSS,LEAM,3,2026-10-08,09:09
RYR6RU,EGNX,LIME,2,2026-10-07,19:25
RYR6RX,LICC,LIRF,6,2026-10-09,10:50
RYR6RY,EPKK,LGTS,4,2026-10-08,05:36
RYR6RZ,LIPE,EPWR,3,2026-10-08,21:38
RYR6SA,LICC,LIME,1,2026-10-04,21:29
RYR6SC,LCPH,EGNT,2,2026-10-07,19:06
RYR6SD,EPKT,LEAL,2,2026-10-08,18:43
RYR6SF,LEPA,EGSS,5,2026-10-08,03:53
RYR6SJ,LIRF,LEPA,2,2026-10-08,22:45
RYR6SM,LIME,LEZL,2,2026-10-09,05:35
RYR6SX,LDDU,LIBD,3,2026-10-09,20:56
RYR6SY,EGPK,LEMG,5,2026-10-09,16:19
RYR6TG,EGPH,EPMO,2,2026-10-08,05:52
RYR6TR,LEPA,ESSA,2,2026-10-08,05:02
RYR6TU,EBCI,LEPA,3,2026-10-09,15:12
RYR6TV,EGPF,EIDW,1,2026-10-05,21:04
RYR6TX,LIPX,EGSS,5,2026-10-08,14:51
RYR6TY,EGPF,EIDW,6,2026-10-09,21:08
RYR6TZ,LEMG,LIMC,5,2026-10-09,20:37
RYR6UF,EGNM,LERS,4,2026-10-08,12:49
RYR6UN,LEPA,LZIB,3,2026-10-07,10:32
RYR6UQ,LGTS,LROP,3,2026-10-09,11:12
RYR6UR,LKPR,EKCH,7,2026-10-09,11:31
RYR6UZ,LOWW,LCPH,1,2026-10-08,18:17
RYR6V,EDDB,LGAV,3,2026-10-07,17:15
RYR6VC,EPKK,EGPH,4,2026-10-09,21:54
RYR6VF,LIRA,EGPH,2,2026-10-06,04:38
RYR6VH,LFBO,LHBP,2,2026-10-06,06:24
RYR6VJ,EGSS,EIKN,3,2026-10-09,14:50
RYR6VL,EIKN,LIME,2,2026-10-06,11:28
RYR6VP,EIDW,GCRR,2,2026-10-08,14:42
RYR6VR,LICC,EPKT,3,2026-10-08,07:17
RYR6VT,EPPO,LCPH,2,2026-10-08,07:08
RYR6VV,GMMW,EBOS,1,2026-10-08,23:54
RYR6VW,EGPK,LEPA,4,2026-10-08,09:43
RYR6WA,LEMD,LIPZ,5,2026-10-09,15:32
RYR6WD,EGSS,LFBZ,2,2026-10-05,14:16
RYR6WF,EGGP,GCFV,1,2026-10-06,15:29
RYR6WJ,LPFR,EPMO,2,2026-10-08,13:20
RYR6WK,LROP,LOWW,4,2026-10-07,14:48
RYR6WT,LIMC,ESGG,2,2026-10-08,12:32
RYR6WV,EGSS,LEGE,1,2026-10-05,19:50
RYR6WX,ESSA,EGBB,3,2026-10-09,23:56
RYR6XB,LERS,EGGP,3,2026-10-09,16:13
RYR6XP,LICC,LIPX,6,2026-10-08,14:26
RYR6XQ,LEGE,EBCI,2,2026-10-06,19:06
RYR6XU,LEMD,EINN,2,2026-10-07,11:05
RYR6XW,LHBP,EGCC,6,2026-10-09,14:05
RYR6YK,LPPT,EGBB,2,2026-10-09,20:30
RYR6YL,LEAL,LPPR,5,2026-10-08,11:25
RYR6YM,LIME,LHBP,6,2026-10-09,06:08
RYR6YR,EBCI,GCRR,2,2026-10-07,04:44
RYR6YV,LIME,EPMO,7,2026-10-09,12:37
RYR6YX,EGNV,LGKR,1,2026-10-06,07:20
RYR6YZ,LMML,LOWW,4,2026-10-09,04:31
RYR6Z,LEBL,LEPA,2,2026-10-07,16:12
RYR6ZE,LIPE,EKCH,5,2026-10-09,11:07
RYR6ZK,EPKK,EGSS,7,2026-10-09,04:26
RYR6ZM,LEAL,EGBB,5,2026-10-09,22:01
RYR6ZR,LMML,LZIB,4,2026-10-09,18:16
RYR6ZT,LIRA,LATI,5,2026-10-08,05:45
RYR6ZT,LIRA,LYPG,1,2026-10-09,04:10
RYR6ZU,EIDW,LZKZ,2,2026-10-07,13:06
RYR700,EGPH,LHBP,1,2026-10-09,15:29
RYR7003,LIME,GCRR,3,2026-10-08,12:03
RYR7005,LMML,LICT,1,2026-10-09,15:04
RYR7009,LIPR,EPWR,2,2026-10-08,10:27
RYR701,EGSS,EIKY,6,2026-10-09,13:13
RYR7011,LEMG,EPKT,2,2026-10-09,06:05
RYR7028,EICK,GCLP,1,2026-10-09,04:52
RYR702R,LIME,EYKA,2,2026-10-06,14:16
RYR703,LEMG,LOWW,1,2026-10-03,09:35
RYR7051,EGNT,EBCI,2,2026-10-09,05:07
RYR7067,LIBR,LIRF,3,2026-10-09,14:23
RYR707,LCLK,LOWW,3,2026-10-09,07:42
RYR708,LOWW,LCLK,3,2026-10-09,03:52
RYR7085,LIBD,LIPQ,1,2026-10-07,20:26
RYR7086,LIPQ,LIBD,1,2026-10-07,18:40
RYR709,EGSS,LIME,1,2026-10-06,21:57
RYR7091,LATI,LICA,3,2026-10-07,19:15
RYR7099,LFBE,EGHH,1,2026-10-06,08:46
RYR709E,EGSS,LIPE,5,2026-10-09,20:01
RYR70AD,LEMD,EGPH,4,2026-10-09,12:05
RYR70CB,EGCC,EBCI,6,2026-10-09,05:56
RYR70CR,EPMO,LMML,4,2026-10-09,04:18
RYR70ED,LIEA,LIMC,5,2026-10-09,15:39
RYR70FL,LPFR,EDDB,5,2026-10-09,12:43
RYR70GE,LICJ,EGSS,1,2026-10-07,19:20
RYR70GJ,EGGD,LKPR,4,2026-10-09,17:23
RYR70HT,EGGP,LPPR,2,2026-10-07,18:12
RYR70LT,LEIB,EGGD,3,2026-10-09,22:42
RYR70MX,EGPH,LIPE,4,2026-10-08,08:33
RYR70NQ,LGTS,LCPH,3,2026-10-08,06:30
RYR70PH,EDDK,LIME,7,2026-10-09,10:04
RYR70PK,LIPX,LEMD,1,2026-10-03,14:16
RYR70PP,LEMD,LIRF,2,2026-10-06,05:09
RYR70QB,LEIB,EGGP,3,2026-10-08,12:59
RYR70QD,LOWW,EBCI,4,2026-10-09,10:10
RYR70SJ,LIPZ,EGSS,6,2026-10-09,10:50
RYR70ST,LEBL,LICP,1,2026-10-05,03:59
RYR70SV,EIDW,EGKK,7,2026-10-09,18:59
RYR70VK,LFMU,EGCC,2,2026-10-09,16:57
RYR70WE,ESSA,LOWW,4,2026-10-08,07:33
RYR70WZ,LEVC,EGCC,1,2026-10-05,20:47
RYR70XA,LHBP,EGSS,7,2026-10-09,20:19
RYR70ZH,LGKR,EBCI,5,2026-10-09,14:55
RYR70ZV,LEBL,LEST,5,2026-10-09,07:43
RYR7105,LICR,EPKT,2,2026-10-08,06:51
RYR7109,LZIB,LMML,1,2026-10-06,19:05
RYR711,LIME,LEGE,1,2026-10-06,04:18
RYR711,LIRF,EDLV,1,2026-10-03,10:04
RYR7122P,EGPH,EGAA,1,2026-10-04,05:13
RYR7123,EGAA,EGSS,1,2026-10-04,06:29
RYR7125,GCRR,EIDW,3,2026-10-08,20:01
RYR7128,EIDW,GCFV,1,2026-10-08,04:49
RYR712F,EGGD,EPGD,2,2026-10-07,06:59
RYR7132,EIDW,LPFR,3,2026-10-09,18:11
RYR7139,EIDW,EYVI,2,2026-10-09,16:34
RYR715H,LEPA,EHEH,4,2026-10-08,06:29
RYR716A,EGPH,LOWW,4,2026-10-09,14:21
RYR716B,EIDW,LRCL,3,2026-10-09,11:18
RYR717M,EGCC,EDDB,4,2026-10-09,11:17
RYR717M,EGCC,EDDV,1,2026-10-04,05:39
RYR7184,EDDH,LEPA,1,2026-10-06,18:19
RYR718U,EPKT,LEMG,2,2026-10-09,11:01
RYR719,LFOB,EGBB,3,2026-10-09,16:45
RYR7191,LOWW,LIRF,1,2026-10-06,11:18
RYR7192,LIRF,LOWW,1,2026-10-06,09:08
RYR7198,LEPA,LIRF,2,2026-10-08,15:41
RYR71BB,LOWW,LFOB,4,2026-10-09,04:59
RYR71BH,EDFH,LEBL,3,2026-10-09,20:54
RYR71DG,EGBB,LMML,3,2026-10-07,06:25
RYR71DQ,LIRN,EGPH,2,2026-10-07,21:13
RYR71DT,EPKK,EGSS,4,2026-10-09,17:46
RYR71DZ,EGSS,LEAL,1,2026-10-07,16:51
RYR71JV,EGCC,LEPA,4,2026-10-08,11:28
RYR71KE,EGSS,LIPZ,7,2026-10-09,10:22
RYR71KY,EGPH,EPWR,4,2026-10-07,06:15
RYR71LM,LEVC,LIRF,2,2026-10-09,15:19
RYR71QD,LIBD,LZIB,3,2026-10-07,15:15
RYR71SH,EVRA,LEMG,3,2026-10-08,10:03
RYR71TT,LEVC,EPKK,1,2026-10-03,18:40
RYR71ZY,LFML,ESSA,2,2026-10-06,20:18
RYR720F,EGGP,EIDW,7,2026-10-09,08:15
RYR720W,LEMD,LIBR,2,2026-10-08,20:14
RYR721,LOWW,LCPH,2,2026-10-09,18:26
RYR721U,LIME,LIBR,4,2026-10-08,12:36
RYR7226,EPKK,LGTS,1,2026-10-03,16:01
RYR7227,LGTS,EPKK,1,2026-10-03,13:34
RYR7238,EKCH,EGCC,1,2026-10-08,08:37
RYR7239,EGCC,EKCH,1,2026-10-08,11:06
RYR7243,LMML,EIDW,1,2026-10-03,15:43
RYR724W,EGSS,EDDG,4,2026-10-09,06:49
RYR725T,EHEH,LIME,3,2026-10-09,16:39
RYR7261,LEMG,EGCC,1,2026-10-05,20:56
RYR7262,LMML,LROP,2,2026-10-09,19:16
RYR7264,LMML,LIMC,1,2026-10-08,21:14
RYR7265,LIMC,LMML,1,2026-10-08,18:53
RYR7269,EGBB,LMML,1,2026-10-05,20:53
RYR7271,EPGD,ESMX,1,2026-10-08,11:27
RYR7272,ESMX,EPGD,2,2026-10-08,13:33
RYR7273,EPKK,LDZD,2,2026-10-07,04:56
RYR7298,LICA,LMML,1,2026-10-03,10:49
RYR72AV,EPMO,LEBL,4,2026-10-09,07:43
RYR72DN,LDDU,EBCI,2,2026-10-06,17:42
RYR72EU,LEMH,LFBO,2,2026-10-08,05:56
RYR72FM,LIRF,LPPR,7,2026-10-09,04:51
RYR72GH,LATI,LIPH,7,2026-10-09,07:48
RYR72GT,EYKA,EIDW,3,2026-10-07,03:52
RYR72HH,LEMG,EGNM,5,2026-10-09,04:08
RYR72JE,EGBB,LEIB,1,2026-10-06,15:50
RYR72JG,EKAH,EPGD,3,2026-10-09,11:31
RYR72NK,LIMC,LEBL,6,2026-10-09,04:03
RYR72RX,LHBP,LEAL,2,2026-10-07,15:07
RYR72SC,LIBR,EDJA,4,2026-10-08,08:15
RYR72SD,LFMU,EDLV,1,2026-10-04,13:14
RYR72TB,LFMN,EIDW,3,2026-10-09,19:52
RYR72UW,EPGD,EIDW,2,2026-10-05,15:42
RYR72VF,EGPH,EKCH,3,2026-10-09,12:08
RYR72VM,LEAL,LEPA,2,2026-10-08,13:15
RYR72XH,EGSH,LMML,2,2026-10-06,20:21
RYR72YC,LPFR,ELLX,2,2026-10-06,06:33
RYR72ZQ,EGBB,LBSF,2,2026-10-08,15:48
RYR72ZY,LPPT,LFOB,5,2026-10-08,14:18
RYR7302,LMML,LIMF,1,2026-10-09,05:02
RYR7306,LIMC,EPMO,1,2026-10-07,04:46
RYR7308,LCPH,LOWW,1,2026-10-08,14:21
RYR731P,LPPR,EPMO,2,2026-10-07,12:35
RYR7321,LDZA,LCPH,1,2026-10-09,14:29
RYR7329,LPPT,EIDW,2,2026-10-06,20:43
RYR732C,EDDW,LEAL,1,2026-10-07,12:11
RYR732U,LEMG,EDSB,3,2026-10-09,14:32
RYR732U,LEMG,LFLL,1,2026-10-05,07:46
RYR7337,LROP,LCPH,1,2026-10-07,09:10
RYR7339,EYKA,ESGG,2,2026-10-06,15:29
RYR733A,EGGD,LROP,2,2026-10-09,15:16
RYR7343,EPMO,LEPA,1,2026-10-04,08:37
RYR7346,LEAL,LFBO,1,2026-10-04,11:38
RYR734J,LEPA,EDDB,3,2026-10-08,11:31
RYR7352,EGPH,EBCI,1,2026-10-04,12:18
RYR7366,LOWW,EIDW,3,2026-10-08,14:47
RYR736K,LHBP,ESSA,4,2026-10-09,10:47
RYR736P,EKCH,LIMF,2,2026-10-07,04:31
RYR737G,LIMC,LICC,1,2026-10-06,07:58
RYR737G,LIMC,LICZ,1,2026-10-07,21:40
RYR737M,LFBE,EGPH,2,2026-10-08,13:05
RYR737X,LEMG,EICK,3,2026-10-09,22:12
RYR7386,EDDG,LEPA,1,2026-10-07,11:06
RYR7389,LPPT,EIDW,1,2026-10-06,05:55
RYR738W,EGGD,EIKN,3,2026-10-09,13:52
RYR739Y,LECH,EDDB,2,2026-10-07,18:20
RYR73AH,EGPF,LEMG,4,2026-10-08,19:50
RYR73BP,EGSS,LKTB,4,2026-10-09,11:14
RYR73EJ,EGCC,LIPZ,5,2026-10-09,17:54
RYR73EL,LIMF,LICA,6,2026-10-09,10:52
RYR73EW,LEPA,LIPH,4,2026-10-08,16:52
RYR73GR,LIPE,LICJ,1,2026-10-08,18:05
RYR73HD,ELLX,LPPR,5,2026-10-09,10:40
RYR73KY,LEBL,EGPH,7,2026-10-09,09:00
RYR73PQ,LIMC,LEMD,7,2026-10-09,07:21
RYR73QL,EPMO,EGGP,3,2026-10-09,10:31
RYR73QT,EGSS,LPFR,4,2026-10-09,06:12
RYR73SF,EIDW,EGSS,7,2026-10-09,15:21
RYR73SH,LIRF,LOWW,4,2026-10-08,13:55
RYR73SV,ELLX,LPFR,1,2026-10-03,10:05
RYR73VV,EGSS,LIMC,4,2026-10-08,18:36
RYR73WB,LHBP,LIRN,7,2026-10-09,08:07
RYR73XD,EGSS,LHBP,6,2026-10-09,05:25
RYR73YY,EDSB,LDZA,3,2026-10-07,20:20
RYR73ZK,EGBB,LIME,5,2026-10-09,13:16
RYR74,EPWA,EPMO,1,2026-10-05,08:27
RYR740D,EGHH,LEAL,1,2026-10-09,05:35
RYR741,EDDN,EDJA,1,2026-10-05,10:07
RYR7418,LIPE,LEPA,1,2026-10-09,15:27
RYR7419,LEPA,LPPR,1,2026-10-04,18:43
RYR7427,LEAL,ESOW,2,2026-10-09,15:20
RYR7428,ESMX,LEAL,1,2026-10-06,09:45
RYR743Z,LIMC,EGSS,6,2026-10-09,05:11
RYR7445,EGSS,LFOT,2,2026-10-07,12:50
RYR7449,LEMD,LBSF,1,2026-10-06,19:48
RYR7455,LPFR,EIKY,1,2026-10-03,08:20
RYR748H,LIRZ,LEBL,1,2026-10-07,07:04
RYR7495,LOWW,LEMG,1,2026-10-09,06:01
RYR7499,LEVC,LEMH,1,2026-10-03,17:57
RYR749C,EIDW,EDDB,7,2026-10-09,07:26
RYR74AA,GCRR,EINN,1,2026-10-04,19:20
RYR74AH,LROP,LIRA,7,2026-10-09,07:09
RYR74CC,LIBR,LIPE,4,2026-10-09,18:58
RYR74DF,LEZL,LMML,1,2026-10-07,13:57
RYR74EM,EDDB,EGPH,4,2026-10-09,14:37
RYR74FB,LOWW,LEPA,4,2026-10-09,11:23
RYR74FZ,EYKA,EGGW,7,2026-10-09,12:10
RYR74HJ,EPMO,EIDW,1,2026-10-09,16:06
RYR74JQ,EGGP,LERS,2,2026-10-07,11:32
RYR74KW,LIME,LGAV,5,2026-10-09,04:49
RYR74LL,LKPR,EVRA,1,2026-10-04,14:37
RYR74PT,LRCL,LIME,6,2026-10-09,16:25
RYR74RM,EGNM,LZIB,2,2026-10-08,08:09
RYR74SB,EYKA,EGGP,2,2026-10-09,21:00
RYR74SV,LMML,LDZA,5,2026-10-08,06:10
RYR74TH,LEMD,GCRR,6,2026-10-09,10:39
RYR74UN,ENTO,LIME,5,2026-10-08,13:51
RYR74VJ,LICC,EDFH,4,2026-10-09,09:05
RYR74XG,LKPR,LIBD,5,2026-10-08,06:46
RYR74XH,EPLB,EGGW,7,2026-10-09,10:03
RYR74XJ,EICK,LEMG,3,2026-10-09,18:56
RYR74YD,LEPA,EDNY,1,2026-10-05,05:01
RYR7504,LEMG,EGNX,2,2026-10-09,18:52
RYR7505,LEPA,LEMG,1,2026-10-06,19:42
RYR7506,LEMG,LEPA,1,2026-10-06,21:50
RYR7509,LEBL,LEMH,3,2026-10-08,20:10
RYR750K,LIRA,EPMO,3,2026-10-09,19:15
RYR750K,LIRA,EPWA,1,2026-10-05,04:20
RYR751A,ESGG,LIMC,2,2026-10-09,16:35
RYR753C,LEAL,EPWR,2,2026-10-05,08:14
RYR753Y,LERS,EGBB,4,2026-10-09,15:27
RYR7541,LEBL,LIMC,1,2026-10-04,18:33
RYR7542,EGCC,LEBL,2,2026-10-09,20:45
RYR7547,EPPO,EGCC,1,2026-10-06,11:35
RYR755H,LEPA,EDLV,3,2026-10-07,18:35
RYR7565,LGKR,LROP,2,2026-10-07,02:59
RYR7573,LEIB,LEAL,3,2026-10-08,22:25
RYR7575,LGKR,EPGD,1,2026-10-08,12:50
RYR757B,EGPK,LEAL,2,2026-10-07,08:09
RYR7596,LGAV,LHBP,1,2026-10-04,18:00
RYR7597,LFBO,LEMH,2,2026-10-08,04:13
RYR75AC,LPPR,LFML,4,2026-10-09,18:35
RYR75BJ,LZIB,LEMG,1,2026-10-06,04:24
RYR75DB,EGNT,LCPH,2,2026-10-07,13:09
RYR75DX,LIRF,EDDB,5,2026-10-09,17:52
RYR75EU,LIRF,LICC,2,2026-10-09,06:30
RYR75EU,LIRF,LICZ,2,2026-10-04,19:51
RYR75HH,EYVI,EIDW,2,2026-10-09,03:27
RYR75HV,LGKR,EYVI,3,2026-10-09,04:06
RYR75LD,LEVC,LIMC,1,2026-10-03,17:19
RYR75ND,GMMW,EDLV,4,2026-10-08,16:00
RYR75NY,LIRF,EBBR,1,2026-10-09,12:55
RYR75SE,EBCI,LIRZ,3,2026-10-07,12:25
RYR75TJ,LPPR,EHEH,7,2026-10-09,10:00
RYR75VP,EYVI,EGGW,7,2026-10-09,11:14
RYR75WK,EGBB,EIDW,6,2026-10-09,14:58
RYR75XQ,LPPR,LPFR,2,2026-10-07,05:25
RYR75YL,LIPE,LIBR,3,2026-10-07,16:24
RYR75YL,LIPE,LIBD,1,2026-10-09,14:17
RYR75YT,EGCC,LDDU,2,2026-10-06,04:58
RYR75ZH,LICC,LIME,7,2026-10-09,11:14
RYR7601,LHBP,LCPH,1,2026-10-04,19:27
RYR7602,LCPH,LHBP,1,2026-10-04,16:08
RYR760L,EINN,EGKK,7,2026-10-09,12:44
RYR760R,LFMU,EBCI,1,2026-10-06,10:22
RYR7611,LFGJ,LPPR,2,2026-10-06,15:19
RYR7621,EYKA,EKCH,3,2026-10-09,20:41
RYR7635,LEMG,LPPR,4,2026-10-08,21:10
RYR7644,LPFR,EGPH,1,2026-10-03,13:08
RYR764G,EHEH,LICC,2,2026-10-08,18:40
RYR764G,EHEH,LICZ,1,2026-10-03,08:33
RYR764N,GCRR,LIME,3,2026-10-08,07:45
RYR7654,EHEH,EYVI,3,2026-10-09,12:19
RYR7656,LEPA,ELLX,1,2026-10-06,13:13
RYR7657,ELLX,LEPA,1,2026-10-06,15:53
RYR765L,LIBR,LIME,7,2026-10-09,21:10
RYR7662,EPPO,EIDW,1,2026-10-08,04:10
RYR7664,EGNM,EPWA,2,2026-10-08,16:35
RYR7668,LROP,LGTS,5,2026-10-08,20:33
RYR7672,EGPF,EPWR,2,2026-10-07,16:04
RYR7678,ESSA,EPPO,3,2026-10-08,10:30
RYR7688,LROP,LGTS,2,2026-10-09,10:13
RYR769T,LIMC,LICA,3,2026-10-06,07:10
RYR769V,LICA,LIMC,6,2026-10-09,18:40
RYR76CE,LBSF,EGSS,5,2026-10-09,02:51
RYR76CT,GCFV,EDDK,2,2026-10-09,16:11
RYR76DD,EGNM,LROP,3,2026-10-07,05:11
RYR76DW,EBCI,LEVC,4,2026-10-09,04:50
RYR76EX,LPFR,EGBB,4,2026-10-08,13:54
RYR76GA,LFBH,EGSS,3,2026-10-09,12:52
RYR76GM,LBSF,LEAL,1,2026-10-05,21:20
RYR76GX,LEMD,LEPA,4,2026-10-09,15:30
RYR76GY,EGSS,LFMN,6,2026-10-09,20:43
RYR76HR,LIBD,EDLV,5,2026-10-09,11:34
RYR76HU,LEMG,EDDB,1,2026-10-08,04:13
RYR76HY,EBCI,GMMW,2,2026-10-08,14:20
RYR76JC,EGSS,EIDW,6,2026-10-09,11:16
RYR76MJ,LEPA,EDSB,7,2026-10-09,04:46
RYR76NC,LEPA,EDFH,3,2026-10-06,16:54
RYR76PN,EGSS,LPFR,5,2026-10-09,14:11
RYR76PX,LIME,EPKK,5,2026-10-09,06:21
RYR76QZ,LEVC,EBBR,1,2026-10-05,03:57
RYR76RK,EIDW,LEMI,6,2026-10-09,13:14
RYR76RT,EGGD,LEMD,4,2026-10-08,11:36
RYR76SW,EGSS,EDDK,7,2026-10-09,20:07
RYR76TW,EDDK,LEBL,2,2026-10-08,05:10
RYR76UD,LERS,EGSS,5,2026-10-09,15:58
RYR76VL,EDDN,LEPA,3,2026-10-08,11:47
RYR76VT,EIDW,LEBL,7,2026-10-09,09:54
RYR76WJ,EDDB,LGKR,4,2026-10-09,11:23
RYR76WW,EGSS,LPPT,2,2026-10-09,17:44
RYR76YY,LEPA,EDDK,6,2026-10-09,13:03
RYR76ZJ,EPKK,EGNM,6,2026-10-09,06:13
RYR76ZW,EDDK,LPPT,3,2026-10-08,12:21
RYR7715,LPPR,LFMK,1,2026-10-06,10:35
RYR7716,LFMK,LPPR,1,2026-10-06,13:09
RYR771U,EGBB,EICK,5,2026-10-08,07:28
RYR771X,LEPA,EDFH,6,2026-10-09,06:43
RYR772F,LEGE,EHEH,4,2026-10-09,11:17
RYR772P,EGSS,LEGE,3,2026-10-09,17:51
RYR7731,EPKK,LEBL,4,2026-10-08,05:19
RYR773P,LEAL,LIPE,3,2026-10-08,12:31
RYR773T,LGTS,LZIB,3,2026-10-07,18:14
RYR776Q,LPFR,LOWW,2,2026-10-04,16:22
RYR776U,LEIB,LEMG,3,2026-10-07,21:45
RYR779M,LFML,LKPR,2,2026-10-08,22:41
RYR77CN,EDDB,EGSS,7,2026-10-09,17:38
RYR77DM,LIBD,LIRF,5,2026-10-09,18:44
RYR77DN,LMML,LFRS,2,2026-10-07,05:55
RYR77DR,LHBP,LEMG,1,2026-10-08,09:29
RYR77EJ,LIBD,EDSB,2,2026-10-05,17:57
RYR77EU,EIDW,LERS,4,2026-10-08,17:52
RYR77FW,EGNX,LEMH,2,2026-10-08,05:24
RYR77FZ,LDZA,LIRN,3,2026-10-09,09:40
RYR77GB,EGCC,EIDW,7,2026-10-09,21:18
RYR77GW,EGNX,LMML,2,2026-10-08,07:53
RYR77HE,LIRA,EYVI,5,2026-10-09,09:57
RYR77HU,LIRA,EGSS,2,2026-10-06,10:45
RYR77KA,LEPA,EICK,3,2026-10-09,15:23
RYR77KJ,LATI,LIMP,2,2026-10-09,12:36
RYR77MB,LIPH,LEZL,1,2026-10-09,08:48
RYR77MD,LGAV,EDDK,3,2026-10-09,20:41
RYR77MM,EDDN,LEMG,3,2026-10-07,08:08
RYR77ND,LIRF,LEAL,2,2026-10-08,04:27
RYR77NF,LMML,LIPH,3,2026-10-09,17:37
RYR77QE,GMMI,LEMD,1,2026-10-05,14:05
RYR77RN,LMML,EGGW,6,2026-10-09,10:30
RYR77RV,EDLV,LGKR,1,2026-10-04,14:26
RYR77SJ,EGPH,LEAL,4,2026-10-09,08:07
RYR77SY,EGPH,LEBL,2,2026-10-07,05:07
RYR77TA,LOWW,GCFV,2,2026-10-09,08:17
RYR77TG,EINN,LEMG,6,2026-10-09,14:20
RYR77UX,LOWW,LIME,6,2026-10-08,17:41
RYR77VD,EGPH,EPGD,3,2026-10-06,16:44
RYR77VZ,LIBD,EIDW,1,2026-10-05,21:01
RYR77WP,LEPA,LEMD,7,2026-10-09,12:26
RYR7801,LEPA,LPPR,1,2026-10-05,17:57
RYR7809,EDDK,LEBL,2,2026-10-08,10:52
RYR780W,LICC,LIMC,2,2026-10-07,05:19
RYR780Y,EPKK,EGNX,2,2026-10-09,23:20
RYR7819,EGGW,LEBL,1,2026-10-03,11:41
RYR781C,LEMG,EIDW,5,2026-10-09,10:41
RYR7823,EGPK,LEGE,1,2026-10-03,10:30
RYR7826,LEPA,LEVC,3,2026-10-07,21:12
RYR7829,EINN,EGCC,2,2026-10-07,19:41
RYR7832,LEAL,EPBY,2,2026-10-06,11:43
RYR7833,EPBY,LEAL,1,2026-10-06,09:25
RYR7838,LIBD,LOWL,2,2026-10-09,14:51
RYR7839,LOWL,LIBD,2,2026-10-09,16:40
RYR7841,ESGG,EPKK,1,2026-10-04,18:23
RYR7844,EGPH,LGKR,1,2026-10-08,16:05
RYR7845,LGKR,EGPH,1,2026-10-09,20:33
RYR7848,LPFR,EINN,2,2026-10-07,21:40
RYR784B,GMFO,LFBO,1,2026-10-05,07:26
RYR784J,LGTS,LIRN,3,2026-10-07,11:37
RYR784M,EPKK,ESGG,1,2026-10-04,20:34
RYR785,EIDW,EGFF,1,2026-10-09,05:29
RYR7851,EGFF,EIDW,1,2026-10-09,06:53
RYR785N,LIMC,EDDB,7,2026-10-09,06:24
RYR7865,EDFH,LEMG,2,2026-10-09,17:14
RYR786D,EYVI,EHEH,3,2026-10-09,09:11
RYR7878,LOWS,LEAL,1,2026-10-06,08:26
RYR7887,EICK,LEPA,1,2026-10-06,18:34
RYR788K,EGSS,LEPA,4,2026-10-08,12:52
RYR7891,LHBP,EGPH,1,2026-10-05,20:59
RYR7892,EGPH,LHBP,1,2026-10-05,17:45
RYR78BG,EPPO,LEPA,3,2026-10-07,07:27
RYR78CT,EGGP,LEPA,2,2026-10-08,10:24
RYR78DW,LEMG,EGCC,3,2026-10-09,19:44
RYR78EA,EICK,LEPA,3,2026-10-09,12:22
RYR78EZ,LIPE,LIEA,4,2026-10-07,20:41
RYR78FG,EDDK,LEPA,2,2026-10-07,06:18
RYR78FL,LPPR,EBBR,5,2026-10-09,08:53
RYR78FR,LGKF,LIME,1,2026-10-06,08:20
RYR78GN,LEPA,EINN,3,2026-10-08,06:04
RYR78GP,LPFR,EGBB,2,2026-10-09,14:29
RYR78HC,LEBL,LIPQ,5,2026-10-09,16:24
RYR78LL,LEVC,LIPE,1,2026-10-03,16:55
RYR78NW,LFOB,LMML,2,2026-10-08,18:05
RYR78PV,LMML,LIRF,4,2026-10-08,18:57
RYR78UB,EGCC,LEPA,4,2026-10-07,17:08
RYR78UE,LPFR,EDJA,4,2026-10-08,12:52
RYR78VZ,EDSB,LPPR,4,2026-10-08,15:01
RYR78XT,LEPA,EDDG,5,2026-10-09,18:00
RYR78YR,LIRF,LICP,1,2026-10-08,06:58
RYR78YV,EPWR,LATI,3,2026-10-09,17:14
RYR78ZG,LIBR,LIPQ,5,2026-10-08,11:29
RYR78ZJ,EGBB,LEAL,6,2026-10-09,07:31
RYR7901,EGPF,EIDW,4,2026-10-08,15:03
RYR7915,LEMG,EGPK,2,2026-10-07,20:32
RYR791X,LIRA,EGSS,7,2026-10-09,04:38
RYR7927,LBSF,EKCH,1,2026-10-05,20:12
RYR7935,EDDN,LPPR,2,2026-10-08,20:04
RYR7943,LKPR,LIPH,1,2026-10-05,12:03
RYR7946,LMML,LDZA,4,2026-10-09,06:23
RYR7949,EGGD,EPPO,1,2026-10-09,14:30
RYR7952,LKPR,EKCH,1,2026-10-08,05:49
RYR7953,EKCH,LKPR,1,2026-10-08,07:41
RYR7956,EKCH,EIDW,1,2026-10-04,17:58
RYR7957,EIDW,EKCH,1,2026-10-04,20:36
RYR7958,EICK,LEBL,3,2026-10-08,07:03
RYR795V,EIDW,LEVC,1,2026-10-08,19:30
RYR7961,EGBB,LIME,1,2026-10-09,17:40
RYR796P,LIME,EGBB,1,2026-10-09,20:18
RYR7981,LFOB,EKCH,1,2026-10-04,11:42
RYR798V,EDDG,LEPA,5,2026-10-08,10:58
RYR799,LIPZ,EGSS,3,2026-10-08,21:30
RYR7994,EPKK,EVRA,1,2026-10-05,12:07
RYR7996,LICC,LIBD,1,2026-10-04,20:20
RYR7997,LIBD,LICZ,1,2026-10-04,21:47
RYR79AJ,LIRF,LFML,2,2026-10-06,15:21
RYR79BJ,LEMG,LHBP,1,2026-10-08,04:56
RYR79DW,EIDW,LOWW,4,2026-10-08,07:56
RYR79EH,LHBP,LIPE,3,2026-10-08,03:58
RYR79FR,LEAL,LIBD,2,2026-10-08,16:49
RYR79GF,LEAL,EIDW,6,2026-10-09,04:29
RYR79HZ,EGNT,LEBL,1,2026-10-08,11:19
RYR79JM,EGPK,LEBL,3,2026-10-09,12:54
RYR79JP,EDDG,LEMG,2,2026-10-06,08:57
RYR79PF,LEIB,LOWW,5,2026-10-09,10:04
RYR79QE,EGSS,LEGE,3,2026-10-08,22:58
RYR79RN,LZIB,EGPH,3,2026-10-08,22:17
RYR79RU,EPGD,EKCH,5,2026-10-09,21:52
RYR79SB,LEVC,EIDW,2,2026-10-09,14:51
RYR79SJ,LEPA,LMML,2,2026-10-07,20:22
RYR79SY,LATI,LIRN,7,2026-10-09,03:44
RYR79TR,LFOB,LROP,2,2026-10-07,11:41
RYR79TZ,LFML,LIBD,3,2026-10-09,08:22
RYR79WD,LIME,LATI,5,2026-10-09,22:00
RYR79WH,LMML,EPKT,1,2026-10-07,20:19
RYR79WQ,LGKR,EGCC,2,2026-10-08,19:15
RYR79YV,LDDU,LFML,1,2026-10-04,10:37
RYR79ZL,EBCI,EPKK,7,2026-10-09,05:17
RYR7AB,EPKK,EGHH,2,2026-10-07,05:13
RYR7AK,EPKT,LIBD,3,2026-10-09,19:15
RYR7AL,LIRF,LEMD,4,2026-10-09,15:19
RYR7B,LPPR,LFOB,5,2026-10-09,15:00
RYR7BE,LEBL,LIME,4,2026-10-08,19:31
RYR7BK,LDZA,LGTS,5,2026-10-09,06:56
RYR7BM,EBCI,LEIB,1,2026-10-06,15:11
RYR7BT,EPWR,EGSS,2,2026-10-08,21:17
RYR7BV,LEPA,EDDB,5,2026-10-09,04:51
RYR7BW,EDDB,LIPQ,3,2026-10-09,10:12
RYR7C,LGKR,EPWR,2,2026-10-08,21:19
RYR7CB,LATI,LIME,6,2026-10-09,08:33
RYR7CC,EPMO,LCPH,1,2026-10-03,16:02
RYR7CE,LEIB,LIME,4,2026-10-08,20:04
RYR7CG,LPPR,LEMG,5,2026-10-09,19:19
RYR7CH,LEMG,LKMT,2,2026-10-07,15:39
RYR7CJ,LATI,LIPE,4,2026-10-09,21:30
RYR7CQ,LKPR,EGSS,7,2026-10-09,07:50
RYR7CV,EIDW,LFOB,4,2026-10-09,19:00
RYR7CW,EBCI,LIMF,7,2026-10-09,20:41
RYR7CX,LOWW,LGTS,6,2026-10-09,09:02
RYR7CZ,LEMG,LIBD,1,2026-10-09,16:51
RYR7D,LIMC,LPPR,6,2026-10-09,17:27
RYR7DC,LIMF,LBSF,3,2026-10-07,07:28
RYR7DG,LATI,LIEA,2,2026-10-09,13:30
RYR7DL,LIPZ,EGPH,3,2026-10-08,11:52
RYR7DM,EGPH,EPRZ,2,2026-10-06,05:46
RYR7DR,EPPO,EINN,2,2026-10-06,19:42
RYR7DU,LEMD,LEIB,1,2026-10-05,03:46
RYR7DZ,LICC,LIRF,3,2026-10-07,15:31
RYR7EK,LIME,LICZ,5,2026-10-09,09:44
RYR7EK,LIME,LICC,1,2026-10-07,08:05
RYR7EM,EBBR,LEBL,5,2026-10-09,07:46
RYR7ET,LROP,LEMD,1,2026-10-04,15:52
RYR7EV,LZIB,LICA,3,2026-10-08,16:57
RYR7EW,EGSS,LIBD,1,2026-10-09,17:18
RYR7EY,EPMO,LEVC,3,2026-10-08,07:59
RYR7F,EPMO,LICA,2,2026-10-09,16:49
RYR7FD,EDDB,EGCC,3,2026-10-09,17:29
RYR7FE,EBBR,EIDW,7,2026-10-09,08:16
RYR7FF,EPKK,LEZL,1,2026-10-04,05:03
RYR7FJ,LEMG,EGPH,6,2026-10-09,04:10
RYR7FM,EBCI,LFKF,2,2026-10-07,05:10
RYR7FT,LICC,LGAV,4,2026-10-09,08:36
RYR7FU,LIPH,LATI,4,2026-10-09,16:10
RYR7FU,LIPH,LGTS,1,2026-10-08,15:58
RYR7FV,LIRA,EPMO,6,2026-10-09,07:15
RYR7FW,LICC,LATI,6,2026-10-09,03:55
RYR7FX,LFOB,LIME,6,2026-10-09,08:28
RYR7GC,LEPA,LDZA,5,2026-10-09,13:32
RYR7GE,EGSS,EDDH,2,2026-10-07,13:15
RYR7GF,LROP,LIMC,5,2026-10-09,03:06
RYR7GG,EPKK,LIME,3,2026-10-08,10:55
RYR7GH,EPKK,EPGD,6,2026-10-09,05:10
RYR7GJ,EIDW,LPPT,6,2026-10-09,05:37
RYR7GN,LGAV,EPWR,5,2026-10-09,19:43
RYR7GR,EHEH,EGSS,7,2026-10-09,09:45
RYR7GU,EPGD,LFOB,2,2026-10-08,18:22
RYR7GW,LCPH,LDZA,1,2026-10-09,11:06
RYR7GZ,LDZA,LIME,4,2026-10-09,10:25
RYR7H,LIPX,EBCI,3,2026-10-08,18:35
RYR7HE,EPWR,ESSA,1,2026-10-06,12:24
RYR7HG,EICK,GCRR,4,2026-10-09,18:59
RYR7HH,LIME,EPKT,6,2026-10-09,06:03
RYR7HJ,ESSA,EBCI,6,2026-10-09,03:54
RYR7HK,EPMO,LIRA,4,2026-10-09,16:31
RYR7HM,LICC,LMML,2,2026-10-06,15:13
RYR7HN,EIDW,EGSS,4,2026-10-09,21:46
RYR7HV,LBSF,EIDW,2,2026-10-07,03:07
RYR7HY,EGAA,LEMG,2,2026-10-09,18:17
RYR7HZ,EGCC,LEAL,4,2026-10-09,07:26
RYR7JA,LEMG,LOWW,5,2026-10-09,05:24
RYR7JB,LEMG,EGPK,5,2026-10-09,20:27
RYR7JD,LATI,LHBP,5,2026-10-09,06:03
RYR7JF,LEMG,EDDB,3,2026-10-07,05:32
RYR7JP,EPKK,LIBD,5,2026-10-09,04:05
RYR7JQ,EHEH,LIRF,2,2026-10-06,17:55
RYR7JU,EKCH,EGSS,6,2026-10-09,04:46
RYR7JW,ENTO,EVRA,4,2026-10-08,12:37
RYR7JX,EPMO,EFHK,4,2026-10-09,05:01
RYR7JY,EIKY,EGSS,6,2026-10-09,14:57
RYR7JZ,LIRF,EBBR,5,2026-10-08,04:04
RYR7KF,EBCI,LGAV,1,2026-10-03,14:16
RYR7KJ,LOWW,LEPA,3,2026-10-08,13:11
RYR7KN,EPGD,LDZD,2,2026-10-05,18:32
RYR7KQ,LIME,LEMG,7,2026-10-09,10:23
RYR7KW,LIRA,EPKK,7,2026-10-09,10:31
RYR7KY,LEGE,EGHH,2,2026-10-07,19:58
RYR7LD,LEAL,EGNM,7,2026-10-09,04:34
RYR7LJ,EGSS,LEMG,4,2026-10-09,06:00
RYR7LM,EIDW,EPGD,1,2026-10-05,12:18
RYR7LN,LZIB,LCPH,3,2026-10-08,07:01
RYR7LQ,LGAV,LIPZ,3,2026-10-09,10:40
RYR7LU,LEMI,EGSS,4,2026-10-09,18:56
RYR7LX,LIPE,EBCI,4,2026-10-09,07:47
RYR7MC,LIMC,LIBR,3,2026-10-07,18:00
RYR7MC,LIMC,LIBD,1,2026-10-09,14:01
RYR7MD,LEPA,LEBL,4,2026-10-09,00:22
RYR7MD,LEPA,LEAL,1,2026-10-06,21:34
RYR7ME,LIRZ,LICJ,2,2026-10-07,06:46
RYR7MJ,EYKA,EKCH,1,2026-10-08,18:35
RYR7MN,EDHL,LEMG,3,2026-10-08,17:46
RYR7MP,LIBD,LIMC,4,2026-10-08,19:42
RYR7MW,LEAL,EHEH,7,2026-10-09,10:54
RYR7MX,ESGG,EPGD,1,2026-10-08,13:07
RYR7ND,LEMG,LOWW,1,2026-10-09,12:07
RYR7NH,LEPA,EGPK,5,2026-10-09,06:15
RYR7NJ,EVRA,LCPH,1,2026-10-05,02:51
RYR7NM,LROP,LIPH,6,2026-10-09,16:18
RYR7NT,EKCH,EGSS,6,2026-10-09,16:41
RYR7NV,LDDU,LIRF,1,2026-10-06,08:29
RYR7NW,EIDW,EPKK,3,2026-10-08,19:46
RYR7P,GMAD,LPPT,1,2026-10-04,20:23
RYR7PC,EGSS,EHEH,7,2026-10-09,08:05
RYR7PG,EGPH,LFML,3,2026-10-09,17:42
RYR7PL,LATI,LFOB,3,2026-10-07,16:49
RYR7PP,EGGD,LEPA,1,2026-10-07,16:38
RYR7PR,LEST,LEBL,4,2026-10-09,12:40
RYR7PV,LIBD,LIME,5,2026-10-09,21:04
RYR7PX,LIPR,EYKA,4,2026-10-09,12:45
RYR7QC,LEPA,EPGD,1,2026-10-04,04:13
RYR7QD,LEMG,LIPE,5,2026-10-09,12:13
RYR7QG,LIEA,EGSS,3,2026-10-07,16:10
RYR7QJ,LEBL,EGBB,1,2026-10-04,21:23
RYR7QN,EGSS,LIRN,7,2026-10-09,14:08
RYR7QQ,LIMC,LEVC,3,2026-10-08,19:56
RYR7QU,LICC,LBSF,5,2026-10-08,08:35
RYR7QW,EGNM,GCRR,2,2026-10-07,18:48
RYR7QX,EGSS,LZIB,2,2026-10-06,19:27
RYR7QZ,EGSS,EDDB,6,2026-10-08,06:13
RYR7R,LEZL,LEAL,4,2026-10-07,21:27
RYR7RA,LEMG,LEVC,4,2026-10-07,03:54
RYR7RB,EDDH,EIDW,5,2026-10-09,14:09
RYR7RC,EGCC,LKPR,5,2026-10-08,17:53
RYR7RD,LICC,LIME,4,2026-10-07,20:35
RYR7RH,EKCH,LBSF,1,2026-10-05,17:15
RYR7RJ,EPWA,EGCC,3,2026-10-09,17:28
RYR7RN,LIME,LGKF,1,2026-10-06,05:44
RYR7RS,LPPR,LFOB,6,2026-10-08,08:59
RYR7RX,EGGD,GCLP,1,2026-10-09,05:18
RYR7SA,EGSS,LHBP,5,2026-10-08,07:17
RYR7SE,EGHH,GCRR,2,2026-10-09,17:08
RYR7SG,EVRA,EGCC,3,2026-10-07,18:18
RYR7SH,EGGW,LFMU,2,2026-10-09,13:37
RYR7SN,EVRA,EDJA,2,2026-10-06,12:06
RYR7SQ,LICJ,LIMC,2,2026-10-09,06:15
RYR7SR,EDSB,LEPA,4,2026-10-08,04:25
RYR7SW,EICK,LEMG,4,2026-10-08,07:17
RYR7SY,EPPO,LDZD,1,2026-10-05,13:51
RYR7SZ,LIPZ,EIDW,2,2026-10-08,22:53
RYR7TK,LIPH,EGBB,2,2026-10-06,18:10
RYR7TM,LOWW,EGSS,5,2026-10-09,17:04
RYR7TR,EGCC,LIRA,5,2026-10-08,17:06
RYR7TV,LDDU,EPPO,2,2026-10-08,21:20
RYR7TZ,LEIB,LEMD,7,2026-10-09,16:40
RYR7UB,LEAL,EYKA,2,2026-10-05,05:10
RYR7UJ,LOWW,LIRF,4,2026-10-08,12:34
RYR7UL,EDDB,EGNX,2,2026-10-07,16:08
RYR7UM,LYPG,EPKK,5,2026-10-08,15:26
RYR7UN,EGPH,EVRA,3,2026-10-09,04:45
RYR7UV,LIBC,LIME,1,2026-10-03,16:47
RYR7UX,EIDW,LIME,4,2026-10-07,05:08
RYR7UY,LPPT,LEMD,4,2026-10-08,23:46
RYR7VA,LIMC,LIBD,6,2026-10-09,05:34
RYR7VE,EIDW,LESO,1,2026-10-04,14:59
RYR7VE,EIDW,LFBZ,1,2026-10-06,04:45
RYR7VK,EGGD,LHBP,4,2026-10-08,16:33
RYR7VL,LIRF,LPPT,3,2026-10-09,22:37
RYR7VV,EICK,LERS,7,2026-10-09,11:35
RYR7VY,EKAH,EVRA,4,2026-10-09,14:15
RYR7VZ,LGKR,EDDK,3,2026-10-07,12:31
RYR7W,LEBL,LBSF,7,2026-10-09,06:40
RYR7WA,LIPE,EGSS,1,2026-10-03,21:14
RYR7WK,EGHH,LEPA,4,2026-10-09,16:33
RYR7WP,EGSS,ESSA,2,2026-10-08,16:10
RYR7WT,LIRA,LROP,7,2026-10-09,14:16
RYR7WU,LIPH,EBCI,7,2026-10-09,06:47
RYR7WW,LPPT,LIME,5,2026-10-09,05:44
RYR7XB,LEVC,LMML,2,2026-10-09,14:31
RYR7XE,LEAL,EDDK,1,2026-10-08,09:54
RYR7XG,EPKK,LIRA,6,2026-10-09,16:37
RYR7XL,EPMO,ESSA,2,2026-10-06,18:40
RYR7XU,EGPH,LPFR,1,2026-10-03,17:59
RYR7XY,EIDW,LIRF,7,2026-10-09,05:55
RYR7XZ,EHEH,LBSF,1,2026-10-03,14:24
RYR7YF,EGSS,EPKK,6,2026-10-09,16:39
RYR7YG,LIMC,LATI,6,2026-10-09,21:02
RYR7YM,LIMC,LIRN,3,2026-10-08,18:42
RYR7YR,LMML,LATI,3,2026-10-07,13:36
RYR7YT,LEAL,EDLV,5,2026-10-09,10:08
RYR7YW,EYKA,EKCH,5,2026-10-09,21:04
RYR7YZ,EGBB,EPMO,3,2026-10-09,10:43
RYR7ZA,EPKK,EVRA,4,2026-10-08,03:46
RYR7ZD,LMML,LIBD,2,2026-10-08,06:54
RYR7ZG,EGPH,LEPA,1,2026-10-07,20:15
RYR7ZH,EGGW,LICC,1,2026-10-08,15:41
RYR7ZH,EGGW,LICZ,1,2026-10-04,14:51
RYR7ZL,EIDW,EPWR,2,2026-10-09,10:36
RYR7ZM,LEMG,LIRN,1,2026-10-09,11:57
RYR7ZU,EIDW,EDDK,3,2026-10-09,19:03
RYR7ZV,EGSS,LGTS,1,2026-10-03,19:31
RYR7ZW,EGKK,EIDW,7,2026-10-09,12:22
RYR7ZX,LMML,LGAV,7,2026-10-09,04:19
RYR800,LICJ,LICT,1,2026-10-09,09:26
RYR8002,EGNX,EGFF,1,2026-10-09,07:58
RYR8003,EGFF,EGNX,1,2026-10-09,12:59
RYR8008,EGSS,EGNT,1,2026-10-04,14:55
RYR8008,EVRA,EGGD,1,2026-10-06,07:58
RYR801W,LIMC,LIRN,6,2026-10-09,18:41
RYR8025,LEAL,EGSS,1,2026-10-06,20:12
RYR8025,LEMI,LEAL,1,2026-10-06,17:25
RYR8030,LEVC,LEMG,1,2026-10-05,13:09
RYR8035,LEMG,LEAL,1,2026-10-05,22:11
RYR8040,EGSS,EGNX,1,2026-10-09,05:38
RYR804X,LEAL,LFML,7,2026-10-09,04:32
RYR8054,LHBP,LGKR,3,2026-10-09,19:55
RYR8056,EDDK,LGKR,3,2026-10-07,15:14
RYR8058,LIMC,ESGG,2,2026-10-09,19:37
RYR805K,EYKA,LIRN,1,2026-10-04,07:45
RYR8060,EBOS,EGPH,1,2026-10-09,11:34
RYR8061,LEGE,LEBL,1,2026-10-03,15:11
RYR8061,LIEA,LIPE,1,2026-10-08,18:35
RYR8070,LIPE,EGSS,1,2026-10-06,11:54
RYR8072,EPPO,LGKR,2,2026-10-07,13:25
RYR8079,LEAL,EPWA,1,2026-10-03,12:49
RYR808,EPWA,LEAL,1,2026-10-03,17:26
RYR8080,EDLV,EGCC,1,2026-10-08,04:29
RYR8081,EGCC,LFOB,1,2026-10-07,13:17
RYR8084,LEGE,LFMP,1,2026-10-07,19:24
RYR8085,EGSS,EGGW,1,2026-10-08,16:11
RYR8086,EGGW,EGSS,1,2026-10-08,21:02
RYR8087,LIEA,LIME,1,2026-10-09,02:26
RYR8096,LYPG,LATI,1,2026-10-09,07:28
RYR80AY,LFOB,EPPO,2,2026-10-06,12:00
RYR80DH,LEMG,EGNX,4,2026-10-09,05:18
RYR80EA,EINN,EGSS,6,2026-10-08,05:22
RYR80FG,EINN,EPKK,4,2026-10-09,19:26
RYR80FT,EBCI,LGTS,3,2026-10-08,20:07
RYR80FX,EDDN,LIRN,3,2026-10-08,08:34
RYR80FZ,ELLX,LEMD,4,2026-10-09,16:34
RYR80GB,EGSS,LIME,7,2026-10-09,19:36
RYR80HG,LICC,LIRF,7,2026-10-09,13:33
RYR80JJ,EGSS,LFMK,6,2026-10-09,11:29
RYR80JR,EIDW,LIPZ,6,2026-10-09,16:55
RYR80LC,LIPE,LKPR,5,2026-10-09,06:07
RYR80LG,ESSA,LEAL,1,2026-10-09,04:11
RYR80ND,LATI,EBCI,2,2026-10-09,18:57
RYR80NQ,LIMC,LHBP,6,2026-10-09,14:49
RYR80NW,EGGW,EPKK,7,2026-10-09,18:52
RYR80PC,LIRN,LIMC,1,2026-10-07,05:53
RYR80RF,EPKK,LKPR,5,2026-10-09,03:47
RYR80TJ,EBCI,LFTW,4,2026-10-09,06:09
RYR80UH,EINN,LPFR,2,2026-10-07,18:20
RYR80UM,EGPK,LEAL,2,2026-10-06,16:18
RYR80UQ,LEPA,EGBB,3,2026-10-09,15:55
RYR80VE,LPFR,LIME,6,2026-10-09,08:02
RYR80WD,LIME,LKPR,6,2026-10-09,14:00
RYR80XD,LPFR,EGHH,5,2026-10-09,06:10
RYR80XP,LEBL,ELLX,5,2026-10-08,14:35
RYR80YP,EGGD,EIDW,4,2026-10-09,07:19
RYR80ZH,EDSB,LIBD,2,2026-10-09,15:36
RYR80ZY,LIRN,EINN,2,2026-10-06,20:27
RYR810V,EGNX,LHBP,2,2026-10-06,07:10
RYR8115,EIDW,EGNX,4,2026-10-07,15:28
RYR812,EIDW,EGPH,6,2026-10-09,21:24
RYR8132,LATI,LIPX,1,2026-10-06,19:07
RYR8134,EIDW,LEAL,1,2026-10-06,17:17
RYR8137,LEIB,LEBL,1,2026-10-05,23:17
RYR813T,LIBD,LATI,5,2026-10-09,23:18
RYR8186,LATI,LIMF,1,2026-10-09,14:04
RYR8188,LIRF,LFOB,1,2026-10-06,18:01
RYR818V,EICK,EGSS,6,2026-10-09,14:45
RYR818W,LCPH,EDDK,2,2026-10-09,18:41
RYR819,EGPH,EIDW,3,2026-10-06,22:54
RYR8193,LIME,LOWW,3,2026-10-07,13:18
RYR8199,LBBG,EPKK,2,2026-10-08,21:27
RYR81BC,LICC,LIPE,4,2026-10-09,07:17
RYR81BJ,LEIB,LIMF,2,2026-10-07,17:32
RYR81BL,EGNX,LEMG,4,2026-10-08,05:41
RYR81BV,EGSS,LMML,2,2026-10-09,15:33
RYR81CB,LIME,EGGD,4,2026-10-09,16:07
RYR81CF,EVRA,EIDW,1,2026-10-04,05:15
RYR81CX,EIDW,LCPH,2,2026-10-08,14:28
RYR81EN,EIKN,EGGW,7,2026-10-09,10:23
RYR81JY,EPWR,EGPF,2,2026-10-07,13:05
RYR81KJ,LZIB,EGCC,3,2026-10-07,17:02
RYR81LE,LBSF,LIME,5,2026-10-09,02:59
RYR81MN,LPPR,EPWR,2,2026-10-07,19:41
RYR81PR,LIBR,LIME,7,2026-10-09,20:53
RYR81PY,LEBL,LFOB,6,2026-10-09,05:01
RYR81Q,LCPH,LGAV,4,2026-10-09,16:49
RYR81SD,LIME,EPKK,4,2026-10-07,18:51
RYR81SU,EGGW,LPFR,2,2026-10-07,13:48
RYR81SV,EGSS,EIDW,4,2026-10-09,23:51
RYR81TF,LEMG,EGNT,4,2026-10-09,19:37
RYR81WY,LICC,LIMC,6,2026-10-09,05:12
RYR81XM,LIMF,LEBL,6,2026-10-09,22:44
RYR81XN,EYKA,LEMG,2,2026-10-06,13:14
RYR81YG,EHEH,LMML,2,2026-10-08,11:57
RYR81YQ,EIDW,LPPR,5,2026-10-09,18:31
RYR82,EETN,ESSA,6,2026-10-09,05:30
RYR8201,EGPD,EPKK,2,2026-10-07,19:55
RYR8227,LZIB,LIEA,2,2026-10-09,14:10
RYR8228,LKPR,LFML,2,2026-10-08,21:20
RYR822J,LIPE,LMML,4,2026-10-09,12:59
RYR8230,EGSS,LEGE,1,2026-10-03,17:21
RYR823H,EPPO,LEVC,2,2026-10-07,15:50
RYR824,LIPZ,LIRN,7,2026-10-09,04:32
RYR824W,LFOB,EPMO,2,2026-10-06,14:25
RYR8256,LKPR,EVRA,1,2026-10-06,11:20
RYR8274,LPFR,LPPR,5,2026-10-08,19:46
RYR827R,LIPE,LEMG,5,2026-10-09,15:28
RYR829J,LATI,EDJA,4,2026-10-08,04:23
RYR829U,EPKK,LFBO,3,2026-10-09,13:34
RYR82AX,LFTW,EBCI,4,2026-10-09,08:20
RYR82BG,LZKZ,EGGP,3,2026-10-09,21:37
RYR82CM,EBCI,LCPH,2,2026-10-05,17:12
RYR82DX,LERS,EGGP,2,2026-10-07,14:33
RYR82FL,EBCI,LDZD,1,2026-10-05,12:46
RYR82FQ,EGNM,LPFR,3,2026-10-09,17:30
RYR82JL,EDDH,EGSS,7,2026-10-09,07:26
RYR82NG,EVRA,LMML,2,2026-10-07,14:20
RYR82NW,LEAL,EDDK,6,2026-10-09,03:50
RYR82PQ,EGNM,EVRA,5,2026-10-09,07:21
RYR82QT,LIPZ,LICC,1,2026-10-09,10:00
RYR82QT,LIPZ,LICZ,1,2026-10-03,17:31
RYR82SK,LIRA,EGSS,6,2026-10-09,08:13
RYR82TH,LEST,EBCI,2,2026-10-06,18:35
RYR82XC,LICT,LIMF,1,2026-10-09,03:49
RYR82YZ,LEPA,LOWW,4,2026-10-08,10:26
RYR82ZE,EIDW,EGFF,7,2026-10-09,20:52
RYR8309,EPWR,EGNT,2,2026-10-06,15:09
RYR830B,LEMD,EGGP,3,2026-10-09,22:06
RYR8332,EDLV,LATI,3,2026-10-09,20:37
RYR8336,LIMC,LICR,4,2026-10-08,20:04
RYR8342,EBCI,LATI,2,2026-10-09,16:03
RYR834F,EGSS,ESGG,6,2026-10-09,08:41
RYR835Y,LPPR,EGPH,2,2026-10-09,05:06
RYR8365,EYVI,LIMF,2,2026-10-09,15:15
RYR8366,LIMF,EYVI,2,2026-10-09,18:17
RYR8378,EGSS,LEST,3,2026-10-09,09:31
RYR837Z,LICC,LEMD,4,2026-10-08,16:51
RYR8395,LEPA,LEVC,2,2026-10-08,05:28
RYR83AR,LEAL,EGNV,4,2026-10-08,14:42
RYR83BZ,EBCI,LIBD,3,2026-10-09,19:56
RYR83CH,EPLL,EIDW,2,2026-10-08,20:52
RYR83CM,LEBL,LMML,5,2026-10-09,21:51
RYR83CW,LIPX,EGBB,2,2026-10-09,19:38
RYR83EB,LIME,GCFV,2,2026-10-09,15:39
RYR83FG,EIDW,LEZL,1,2026-10-04,05:21
RYR83GT,EKCH,LEBL,4,2026-10-09,20:11
RYR83JF,LKTB,EGSS,4,2026-10-09,13:41
RYR83LD,EKCH,LEMG,5,2026-10-09,16:03
RYR83LR,EGHH,EPWR,2,2026-10-07,15:41
RYR83NH,LIRN,EIDW,2,2026-10-06,12:38
RYR83RW,LEMD,LKPR,4,2026-10-08,12:36
RYR83SA,EDJA,EPKK,6,2026-10-08,06:03
RYR83SZ,EIDW,EBBR,5,2026-10-07,13:55
RYR83TN,LICT,LIMC,1,2026-10-03,05:17
RYR83TV,LIMF,LICZ,1,2026-10-09,19:51
RYR83UV,LFBZ,EIDW,4,2026-10-08,08:12
RYR83VW,LIBR,LIRF,5,2026-10-08,05:58
RYR83XN,LEVC,EBCI,1,2026-10-05,14:19
RYR83ZV,LPPT,LIPZ,2,2026-10-07,20:01
RYR8401,LGTS,LATI,1,2026-10-08,19:36
RYR8402,EPKK,LATI,1,2026-10-09,19:22
RYR8413,LATI,EPMO,4,2026-10-08,13:19
RYR8414,EPMO,LATI,4,2026-10-08,10:37
RYR8415,LROP,LATI,3,2026-10-09,08:57
RYR8417,ESSA,LATI,4,2026-10-09,04:36
RYR8428,LIPZ,EGSS,2,2026-10-09,21:11
RYR8429,EGGW,LEAL,2,2026-10-06,19:00
RYR8436,LATI,LICZ,3,2026-10-09,14:35
RYR8436,LATI,LICC,1,2026-10-04,21:59
RYR843D,EGHH,LEMI,4,2026-10-07,07:24
RYR8441,ESSA,LATI,1,2026-10-03,07:37
RYR8443,LEPA,EBCI,1,2026-10-04,14:09
RYR844A,EGSS,LIPZ,2,2026-10-09,18:34
RYR8463,LEPA,EKAH,2,2026-10-07,15:29
RYR8479,LIME,LATI,2,2026-10-08,21:05
RYR847E,LEMG,EHAM,3,2026-10-09,15:38
RYR848,EINN,EGPH,1,2026-10-03,15:25
RYR849,EPPO,EPKK,1,2026-10-08,18:52
RYR8493,LIMC,LHBP,1,2026-10-07,08:48
RYR8495,EPWR,LDZD,1,2026-10-08,14:00
RYR8497,LFMN,EGSS,1,2026-10-08,20:49
RYR84AV,EBCI,LEBL,7,2026-10-09,20:26
RYR84BB,EGCC,EDDK,2,2026-10-07,18:39
RYR84CE,LIME,ENTO,5,2026-10-08,10:49
RYR84CJ,LEAL,EBCI,6,2026-10-08,07:48
RYR84FW,LIBR,LIPX,7,2026-10-09,07:56
RYR84GW,LPPT,EPPO,2,2026-10-05,16:16
RYR84GX,EGSS,LPPR,4,2026-10-09,18:38
RYR84HY,EGNX,LGKR,2,2026-10-09,14:30
RYR84KK,LEAM,EBCI,3,2026-10-07,08:27
RYR84KM,EGGW,LEMI,5,2026-10-07,07:08
RYR84KW,LFOB,EYVI,2,2026-10-06,13:35
RYR84LH,LEMD,LMML,5,2026-10-09,16:00
RYR84MB,EBCI,LFMK,2,2026-10-08,12:04
RYR84PJ,LEAL,LIME,1,2026-10-08,07:25
RYR84PU,LGAV,EIDW,3,2026-10-08,10:26
RYR84QF,LEPA,LEMD,7,2026-10-09,06:02
RYR84QL,EDDK,LMML,3,2026-10-09,09:54
RYR84QP,LFML,LFRS,5,2026-10-09,13:06
RYR84RP,EPKK,LIME,4,2026-10-07,21:05
RYR84SD,LFOB,LEPA,3,2026-10-09,14:38
RYR84SX,LIMC,LZIB,7,2026-10-09,13:35
RYR84TT,LEBL,LIRN,4,2026-10-09,11:30
RYR84TV,EDSB,LATI,4,2026-10-08,14:28
RYR84UF,EGGD,LIPZ,3,2026-10-07,16:03
RYR84VF,LGKR,EINN,1,2026-10-06,12:34
RYR84VK,EGCC,LIRA,2,2026-10-09,15:05
RYR84XH,LFBO,LEVC,1,2026-10-03,05:04
RYR84YK,LFML,LMML,5,2026-10-09,10:33
RYR84YM,EDDR,LEAL,1,2026-10-04,07:39
RYR84ZP,LIMF,LICP,2,2026-10-04,07:40
RYR850,EPPO,LHBP,1,2026-10-07,10:47
RYR850,LKPR,LZIB,1,2026-10-04,05:05
RYR8503,EGSS,LFRS,2,2026-10-08,13:03
RYR851,EPKK,LKPR,1,2026-10-04,12:27
RYR851,LIPH,EPKT,1,2026-10-08,15:23
RYR851,LOWW,LDZA,1,2026-10-07,08:37
RYR851J,LEMG,EGSS,4,2026-10-09,16:09
RYR851V,LEPA,EPPO,4,2026-10-08,05:20
RYR8521,LKPR,EPPO,3,2026-10-09,05:12
RYR8522,EPPO,EKCH,3,2026-10-08,10:15
RYR8523,EKCH,EPPO,3,2026-10-08,08:39
RYR8526,EBCI,LICR,2,2026-10-07,14:08
RYR8527,LICR,EBCI,2,2026-10-07,11:02
RYR853,EPGD,EPKK,1,2026-10-04,07:26
RYR8532,EGSS,EPWR,2,2026-10-08,19:48
RYR854,EPKK,EPGD,1,2026-10-04,16:11
RYR854,EPPO,EPWR,1,2026-10-08,12:07
RYR8541,LKPR,LIRA,1,2026-10-07,17:33
RYR8548,EGSS,LIPZ,1,2026-10-07,18:49
RYR8549,LIPZ,EGSS,1,2026-10-07,21:31
RYR855,EPKT,LIPH,1,2026-10-08,08:31
RYR8556,LDZD,LKPR,1,2026-10-03,21:09
RYR8557,LATI,LIBD,3,2026-10-09,22:08
RYR855D,EGHQ,LEAL,2,2026-10-07,17:49
RYR856,EGGW,EIKY,2,2026-10-09,15:43
RYR8568,LROP,LGTS,3,2026-10-09,12:51
RYR8578,LEMG,EIDW,1,2026-10-05,00:23
RYR8579,EIDW,LEMG,1,2026-10-04,20:34
RYR857U,LKPR,EGSS,5,2026-10-08,17:43
RYR8586,EBCI,LFBO,2,2026-10-08,16:20
RYR8589,ESNS,EPGD,1,2026-10-04,15:10
RYR8592,LIPE,LICR,4,2026-10-09,16:00
RYR8593,LICR,LIPE,4,2026-10-09,13:52
RYR8598,LEBL,LICR,2,2026-10-08,11:51
RYR8599,LICR,LEBL,2,2026-10-08,07:32
RYR859V,LEAL,EYKA,1,2026-10-04,16:44
RYR85AP,EPPO,LKPR,3,2026-10-09,04:13
RYR85BG,LEIB,LIRF,3,2026-10-07,16:17
RYR85CE,LGAV,EDDB,3,2026-10-07,18:09
RYR85CT,LIME,EGPH,2,2026-10-08,07:26
RYR85DA,EGSS,ELLX,2,2026-10-08,19:55
RYR85FA,LIME,EGSS,4,2026-10-09,11:08
RYR85HE,EGPH,EBCI,7,2026-10-09,05:04
RYR85JL,LIRF,LMML,5,2026-10-09,08:03
RYR85KD,LIMF,EGSS,5,2026-10-08,16:30
RYR85KH,EPPO,LPPT,2,2026-10-05,04:31
RYR85KR,LEMG,EGBB,2,2026-10-09,20:19
RYR85MM,LEAL,EDLP,2,2026-10-09,15:07
RYR85MR,LOWW,LPPT,7,2026-10-09,12:46
RYR85PQ,LIMF,LEMG,2,2026-10-09,22:35
RYR85QL,LEMG,EDHL,3,2026-10-08,13:36
RYR85QP,EDDW,EGSS,5,2026-10-09,15:26
RYR85QU,EYVI,EGSS,4,2026-10-08,10:48
RYR85RT,EGSS,LEMD,7,2026-10-09,07:56
RYR85TC,EINN,LIRN,2,2026-10-06,15:45
RYR85UA,LEMG,EGSS,5,2026-10-08,18:52
RYR85WA,LPFR,EDDN,2,2026-10-08,20:04
RYR85WH,LEMG,LIMF,2,2026-10-09,19:43
RYR85XP,EPKK,EIDW,3,2026-10-08,16:25
RYR85YB,EGBB,LERS,4,2026-10-09,12:13
RYR85YL,LFML,LEAL,1,2026-10-07,23:13
RYR85YN,GCFV,EIDW,2,2026-10-07,19:58
RYR85ZR,LIME,ESSA,7,2026-10-09,08:11
RYR860,EDDN,EDJA,1,2026-10-05,09:28
RYR8602,EDDB,LICR,2,2026-10-09,07:18
RYR8603,LICR,EDDB,2,2026-10-09,04:14
RYR8607,LEVC,EDFH,1,2026-10-09,04:03
RYR8611,LFOB,LATI,3,2026-10-07,15:07
RYR861T,LICC,LIRF,7,2026-10-09,04:32
RYR863,EPRZ,EIDW,3,2026-10-09,21:07
RYR863C,EIDW,LIRN,3,2026-10-08,08:07
RYR8658,LIMF,EIDW,2,2026-10-06,08:21
RYR865P,LFML,LICZ,2,2026-10-09,21:32
RYR8667,LICC,LATI,1,2026-10-03,21:14
RYR866B,EHEH,LIME,7,2026-10-09,12:31
RYR866G,EFHK,LIPZ,2,2026-10-08,10:35
RYR866X,LMML,ESGG,2,2026-10-08,19:03
RYR8681,EGGD,EYKA,1,2026-10-05,16:23
RYR869P,LEGE,EBCI,6,2026-10-09,15:38
RYR869U,LZIB,LGKR,2,2026-10-09,19:08
RYR86CB,LICC,LFML,2,2026-10-09,19:13
RYR86CZ,LIME,LDZA,4,2026-10-09,04:31
RYR86DX,EIDW,EGGW,7,2026-10-09,13:39
RYR86EP,EGSS,LCPH,2,2026-10-09,08:39
RYR86EW,EBCI,LIEA,3,2026-10-09,15:46
RYR86FV,EIDW,LEMH,2,2026-10-07,18:32
RYR86FZ,LEBL,LIRF,6,2026-10-09,07:46
RYR86GG,EGSS,LBSF,4,2026-10-09,18:27
RYR86GY,EGPH,EIDW,6,2026-10-09,19:23
RYR86HL,EGKK,LEAL,2,2026-10-07,19:20
RYR86JB,LOWW,LICC,2,2026-10-09,11:18
RYR86JB,LOWW,LICZ,1,2026-10-03,15:06
RYR86JJ,EGCC,LIME,3,2026-10-09,17:40
RYR86LD,LICT,LIPE,1,2026-10-09,17:49
RYR86MF,EGNT,LEAL,3,2026-10-07,16:53
RYR86NA,EPKK,EGPF,4,2026-10-07,14:47
RYR86NE,LEBL,EGSS,6,2026-10-09,16:37
RYR86QR,LIBD,LFOB,4,2026-10-08,07:57
RYR86QT,EGNM,LEMG,2,2026-10-07,14:27
RYR86QW,LEIB,EGNT,2,2026-10-07,23:47
RYR86TM,EGGD,LEVC,3,2026-10-08,08:19
RYR86UV,EPKK,EGCC,1,2026-10-03,11:05
RYR86VH,EBCI,LICP,1,2026-10-09,05:56
RYR86XQ,LIME,LIBR,7,2026-10-09,17:26
RYR8702,LIPE,LEVC,1,2026-10-05,23:06
RYR8704,ESSA,EPMO,1,2026-10-04,13:06
RYR8708,LICC,EPKK,1,2026-10-06,07:50
RYR870T,EIKN,EGGW,4,2026-10-09,18:41
RYR871,EKCH,EYKA,3,2026-10-09,19:43
RYR871V,LBSF,EDDN,4,2026-10-09,08:37
RYR8724,ESGG,LIMC,2,2026-10-08,15:04
RYR872G,EPWR,LICA,2,2026-10-09,10:51
RYR8732,ESGG,LGTS,2,2026-10-07,18:45
RYR873M,EBCI,LIME,6,2026-10-09,17:21
RYR874,LEAL,LDZA,3,2026-10-08,07:44
RYR8742,ESSA,LIPQ,2,2026-10-06,12:11
RYR8743,LIPQ,ESSA,2,2026-10-06,15:20
RYR8749,LEMG,EIKN,1,2026-10-05,05:32
RYR8757,LEVC,LICA,1,2026-10-05,18:02
RYR8758,LICA,LEVC,1,2026-10-05,20:38
RYR8759,LIPZ,EFHK,2,2026-10-08,07:01
RYR8779,LGKR,ESGG,2,2026-10-06,19:51
RYR877Z,LPMA,EGCC,2,2026-10-06,15:59
RYR878Q,LIPH,LMML,7,2026-10-09,11:07
RYR8795,LMML,EPKK,1,2026-10-03,19:58
RYR879T,ELLX,LPPR,3,2026-10-07,20:14
RYR87AA,EGPH,LIME,6,2026-10-09,15:12
RYR87AQ,LEAL,EGNM,2,2026-10-08,17:59
RYR87AY,LIPE,LATI,7,2026-10-09,07:40
RYR87CG,LEMG,EINN,5,2026-10-09,04:14
RYR87CX,LEBL,EBBR,4,2026-10-09,14:23
RYR87DD,ESGG,LDDU,2,2026-10-08,17:28
RYR87DH,EIDW,EBCI,3,2026-10-09,04:48
RYR87EB,LDZA,LIRF,6,2026-10-09,20:09
RYR87EZ,LIME,EICK,1,2026-10-09,16:47
RYR87GN,EBCI,LIPY,4,2026-10-09,11:02
RYR87KH,EPKK,LEGE,4,2026-10-08,16:38
RYR87LN,LIME,LFOB,3,2026-10-08,19:13
RYR87LT,LIRF,LDDU,2,2026-10-09,21:36
RYR87MM,EPGD,EGNM,2,2026-10-07,11:39
RYR87NQ,EHEH,LDZD,1,2026-10-05,17:54
RYR87RV,LEPA,EDLV,5,2026-10-09,15:12
RYR87SK,LEAL,EGCC,5,2026-10-09,18:05
RYR87SQ,LPPR,EKCH,3,2026-10-09,12:19
RYR87SW,EGSS,LOWS,5,2026-10-08,07:25
RYR87UP,LEIB,LIPE,1,2026-10-04,20:07
RYR87VA,EGBB,EPBY,4,2026-10-08,04:56
RYR87VD,EGGW,GCFV,2,2026-10-08,06:58
RYR87WW,EDJA,LICA,3,2026-10-06,04:11
RYR87XN,EIDW,EGSS,6,2026-10-09,21:43
RYR87YL,EDLV,LDZA,4,2026-10-08,09:20
RYR87YR,EBCI,LPMA,1,2026-10-04,18:08
RYR87ZH,LMML,EVRA,2,2026-10-07,18:30
RYR88,LPPT,LPMA,3,2026-10-09,09:05
RYR8804,EKCH,EPMO,1,2026-10-05,21:43
RYR881,LIMF,GCRR,1,2026-10-05,17:53
RYR8828,EPMO,EIDW,1,2026-10-04,15:37
RYR882R,LIPZ,LICR,3,2026-10-09,19:39
RYR8842,EGPD,EPKK,1,2026-10-06,20:20
RYR8843,EPKK,EGPD,1,2026-10-06,17:24
RYR884A,LIRF,LIBR,3,2026-10-09,16:25
RYR885R,EINN,LERS,6,2026-10-09,06:28
RYR8865,EDDB,LIPZ,1,2026-10-03,04:01
RYR886D,LEMG,LFML,1,2026-10-07,19:13
RYR886U,EBCI,LICZ,3,2026-10-06,11:18
RYR887,LEGE,LEAL,1,2026-10-06,21:54
RYR8879,EGCC,EPWA,3,2026-10-09,13:35
RYR8897,LIMC,LGAV,3,2026-10-08,11:49
RYR889A,LIPX,LEVC,1,2026-10-07,06:36
RYR889X,EPWR,EGSS,4,2026-10-07,18:15
RYR88AA,LPPT,LMML,4,2026-10-08,17:30
RYR88DV,LEAL,EGGW,2,2026-10-06,22:14
RYR88FD,LEVC,LIRF,1,2026-10-04,21:23
RYR88FE,LEMI,EGCC,6,2026-10-09,12:00
RYR88GF,LIPH,EPPO,3,2026-10-08,14:11
RYR88JA,LIBD,EDFH,4,2026-10-09,08:59
RYR88JV,LEBL,EDDB,3,2026-10-08,19:22
RYR88NB,LEMD,LIPE,4,2026-10-09,16:57
RYR88NK,EGCC,ESGG,4,2026-10-08,13:52
RYR88PX,LEPA,EBCI,7,2026-10-09,12:15
RYR88QE,EPKK,EGGD,1,2026-10-06,12:10
RYR88RL,LHBP,EINN,2,2026-10-08,08:36
RYR88SA,EDSB,LEAL,4,2026-10-09,09:34
RYR88SE,LICR,EGSS,2,2026-10-08,15:36
RYR88TM,LIRF,LEBL,6,2026-10-09,18:21
RYR88VB,EGSS,EIDW,7,2026-10-09,17:02
RYR88VP,LEMG,LEBL,1,2026-10-04,06:34
RYR88WN,LPPT,LEMG,1,2026-10-03,20:35
RYR88YD,LIBD,LICC,1,2026-10-09,17:13
RYR88YD,LIBD,LICZ,1,2026-10-04,14:50
RYR88YJ,LFML,LIME,6,2026-10-09,05:34
RYR8908,EFHK,EPMO,4,2026-10-09,21:09
RYR8911,LDZA,EIDW,1,2026-10-06,12:35
RYR8912,EIDW,LDZA,1,2026-10-06,15:52
RYR8921,EGSS,LDZA,2,2026-10-09,20:11
RYR8924,LIRF,LICT,1,2026-10-08,21:09
RYR892M,ESSA,LGTS,4,2026-10-09,11:53
RYR893,EGCC,LMML,1,2026-10-08,17:22
RYR8936,LMML,EIDW,2,2026-10-06,10:04
RYR8946,EGHH,GCFV,1,2026-10-06,05:34
RYR8947,GCFV,EGHH,1,2026-10-06,10:21
RYR8948,GCRR,LFML,2,2026-10-07,15:50
RYR8949,LFML,GCRR,2,2026-10-07,19:40
RYR8958,EGNX,LEGE,1,2026-10-08,10:51
RYR8976,LBSF,EPKK,4,2026-10-09,06:28
RYR8978,LIEA,LEBL,3,2026-10-09,23:50
RYR898,EGGP,LGKR,1,2026-10-08,15:10
RYR8988,LFOB,EPGD,1,2026-10-04,08:04
RYR899T,LIME,LEPA,1,2026-10-05,09:07
RYR89BH,LEBL,LFOB,2,2026-10-05,14:59
RYR89DJ,LERS,EICK,7,2026-10-09,14:27
RYR89DV,LDZD,EDLV,6,2026-10-09,13:40
RYR89HU,LEMG,EGGD,3,2026-10-08,15:24
RYR89HZ,LEIB,LEBL,1,2026-10-04,23:06
RYR89JD,LPFR,EGNX,6,2026-10-09,06:46
RYR89JJ,LEBL,ESSA,4,2026-10-09,08:39
RYR89KM,LIMC,LEPA,2,2026-10-07,21:54
RYR89NK,LIPQ,LICC,2,2026-10-09,08:57
RYR89NK,LIPQ,LICZ,2,2026-10-06,12:41
RYR89NR,LHBP,EGSS,5,2026-10-08,03:46
RYR89PT,LIRF,LICP,1,2026-10-07,22:27
RYR89RA,LIMC,LICZ,3,2026-10-09,13:47
RYR89RA,LIMC,LICC,2,2026-10-06,07:37
RYR89SN,EDFH,LEPA,5,2026-10-08,08:36
RYR89SY,LEGE,EGSS,1,2026-10-06,22:23
RYR89TA,LDZA,EGSS,2,2026-10-09,17:19
RYR89TK,EPKK,LIMF,2,2026-10-06,10:10
RYR89TL,EIKY,EGGW,6,2026-10-09,15:09
RYR89VJ,EDDK,LIPE,3,2026-10-08,14:22
RYR89WB,LEAL,EIKN,3,2026-10-09,06:29
RYR89XQ,EGSS,LZKZ,4,2026-10-08,17:25
RYR89YH,EPMO,EIDW,5,2026-10-08,09:31
RYR89YN,ESSA,EPGD,4,2026-10-08,17:15
RYR89YY,LFRS,LFML,1,2026-10-04,17:16
RYR89ZN,LEAL,EGPH,2,2026-10-06,05:44
RYR8AA,LBSF,LEBL,5,2026-10-09,04:09
RYR8AB,LEMG,EGPF,4,2026-10-08,16:11
RYR8AD,LECH,LIME,2,2026-10-08,17:55
RYR8AE,ESGG,EGSS,4,2026-10-09,08:24
RYR8AG,LZIB,LEBL,5,2026-10-09,05:04
RYR8AG,LZIB,LEVC,1,2026-10-08,16:08
RYR8AL,EGGW,EYVI,7,2026-10-09,08:04
RYR8AQ,LIME,LBSF,5,2026-10-09,04:24
RYR8AT,LEMD,LPPT,5,2026-10-08,22:11
RYR8AU,LEMD,EBCI,6,2026-10-09,07:54
RYR8AZ,EGNT,EPKK,1,2026-10-06,13:15
RYR8BF,LIPE,LICC,3,2026-10-09,05:05
RYR8BF,LIPE,LICZ,1,2026-10-05,03:43
RYR8BH,LMML,LZIB,1,2026-10-06,16:25
RYR8BL,EPPO,EGSS,3,2026-10-07,12:13
RYR8BP,GCFV,EGBB,2,2026-10-08,19:31
RYR8BQ,LIEA,LHBP,3,2026-10-08,11:01
RYR8BR,LPFR,EDDK,3,2026-10-09,05:32
RYR8BT,LEPA,EGSS,7,2026-10-09,20:19
RYR8BU,LICC,EGGW,2,2026-10-08,19:45
RYR8BW,LGKR,EPKK,5,2026-10-08,16:32
RYR8BX,LDSP,LIRF,4,2026-10-08,06:52
RYR8BY,LEBL,EPKK,5,2026-10-09,13:06
RYR8CD,LDZD,EDJA,4,2026-10-07,17:45
RYR8CK,GCRR,EGBB,2,2026-10-08,17:47
RYR8CN,LROP,EGCC,4,2026-10-08,10:35
RYR8CR,EGGW,LMML,6,2026-10-09,07:20
RYR8CX,LEBL,EGPH,2,2026-10-07,21:16
RYR8D,EPGD,ENTO,1,2026-10-07,04:17
RYR8DA,LIMF,LMML,1,2026-10-09,07:35
RYR8DJ,EPKK,LPFR,1,2026-10-04,18:27
RYR8DN,LIRF,LFOB,5,2026-10-09,07:20
RYR8DT,LOWW,LIRF,7,2026-10-09,16:34
RYR8DU,ESSA,EGSS,7,2026-10-09,07:27
RYR8DW,EPGD,LKPR,5,2026-10-09,05:58
RYR8DY,LPFR,EICK,5,2026-10-08,05:48
RYR8DZ,EGCC,LEMG,5,2026-10-08,20:45
RYR8EA,EGCC,LPFR,1,2026-10-06,12:21
RYR8EB,EPKK,LBBG,4,2026-10-09,08:46
RYR8EC,EGPK,GCRR,3,2026-10-09,13:36
RYR8EG,LEPA,EIDW,6,2026-10-09,19:36
RYR8EJ,LEMD,LEPA,3,2026-10-08,11:28
RYR8EM,ESGG,LDZA,3,2026-10-09,07:43
RYR8EP,LIRF,EHEH,2,2026-10-06,15:26
RYR8ER,LIPE,EHEH,5,2026-10-09,14:25
RYR8EW,LEAL,ESSA,5,2026-10-08,06:13
RYR8FD,LEAL,EGSS,4,2026-10-09,17:00
RYR8FE,LEMG,ESSA,5,2026-10-09,16:34
RYR8FJ,LIRA,LHBP,7,2026-10-09,06:37
RYR8FV,LEGE,EDLV,7,2026-10-09,13:30
RYR8FZ,LIPE,LOWW,5,2026-10-08,11:04
RYR8G,LIRA,EGPH,7,2026-10-09,14:07
RYR8GK,EPKK,LFOB,4,2026-10-09,04:42
RYR8GM,LEMG,LIRF,5,2026-10-09,07:40
RYR8GU,LIPX,LIBR,6,2026-10-09,19:54
RYR8GW,LEBL,LOWW,6,2026-10-09,18:23
RYR8HF,EGSS,EVRA,4,2026-10-09,05:28
RYR8HG,LEAL,LPPT,4,2026-10-08,14:18
RYR8HK,LICA,LZIB,3,2026-10-08,15:17
RYR8HM,LPPT,LIME,5,2026-10-09,22:42
RYR8HU,EPWA,LOWW,4,2026-10-09,07:25
RYR8HX,EHEH,LEVC,5,2026-10-09,08:39
RYR8JH,EGNT,LPFR,3,2026-10-08,15:59
RYR8JU,EGGP,EPWR,2,2026-10-07,19:26
RYR8JV,EFHK,EGSS,1,2026-10-04,20:44
RYR8JY,EPKK,LEAL,5,2026-10-09,17:52
RYR8KA,LIME,EIKN,2,2026-10-06,08:30
RYR8KC,LCPH,LBSF,3,2026-10-09,03:05
RYR8KG,LCPH,EGBB,1,2026-10-08,11:07
RYR8KM,EGSS,LIBD,6,2026-10-08,20:18
RYR8KN,EIDW,LROP,3,2026-10-08,16:13
RYR8KQ,EPWR,EGNM,3,2026-10-08,11:13
RYR8KY,LEBL,LIRF,5,2026-10-09,17:22
RYR8LB,LGKR,EDDN,2,2026-10-05,15:24
RYR8LC,EPMO,LIBD,3,2026-10-09,11:58
RYR8LD,LEMG,LFML,3,2026-10-07,08:37
RYR8LE,GMFO,LFOB,2,2026-10-08,17:35
RYR8LF,LEPA,EPKK,1,2026-10-04,20:20
RYR8LM,LEIB,LFBO,3,2026-10-07,10:59
RYR8LP,LHBP,LFML,2,2026-10-09,16:14
RYR8LV,EIDW,LKPR,7,2026-10-09,11:50
RYR8LW,EGBB,ESSA,3,2026-10-09,21:03
RYR8LX,LIBR,LIME,6,2026-10-09,06:05
RYR8MA,LIME,EYVI,2,2026-10-08,17:20
RYR8MB,EIDW,LEBL,3,2026-10-07,23:03
RYR8MJ,LIPZ,LICZ,4,2026-10-09,18:58
RYR8MJ,LIPZ,LICC,1,2026-10-06,17:46
RYR8MK,EETN,EGSS,4,2026-10-09,15:42
RYR8MQ,EGNT,GCFV,2,2026-10-06,13:03
RYR8MR,EPWA,EBCI,3,2026-10-09,16:33
RYR8MV,LIRA,EGNX,4,2026-10-08,08:58
RYR8N,EPWR,EPGD,5,2026-10-09,16:59
RYR8NB,EPKK,LGKR,5,2026-10-08,18:32
RYR8NG,LIME,EDDK,3,2026-10-07,05:46
RYR8NK,ELLX,LFML,4,2026-10-08,14:08
RYR8NL,LEMG,EICK,3,2026-10-09,12:24
RYR8NN,LEPA,EIDW,1,2026-10-05,15:53
RYR8NP,LFBO,EGSS,4,2026-10-08,22:10
RYR8NQ,LIBD,EPKK,6,2026-10-08,06:28
RYR8NZ,EDDB,EIDW,6,2026-10-08,04:14
RYR8NZ,EDDB,EHAM,1,2026-10-09,07:43
RYR8PA,LEPA,EGHH,3,2026-10-08,19:47
RYR8PE,EPKK,ESSA,4,2026-10-08,05:12
RYR8PF,LBBG,EPMO,3,2026-10-09,14:07
RYR8PJ,EPPO,EGSS,3,2026-10-09,10:17
RYR8PK,LEAL,EGNX,5,2026-10-08,09:37
RYR8PL,LIMF,LATI,6,2026-10-08,21:24
RYR8PZ,LIPE,ESSA,3,2026-10-07,07:27
RYR8Q,EVRA,LKPR,2,2026-10-06,17:38
RYR8QH,EGSS,LDZA,5,2026-10-09,17:09
RYR8QK,EBCI,LDDU,3,2026-10-09,16:23
RYR8QL,ENTO,LEAL,2,2026-10-07,19:17
RYR8QN,LFML,LPPR,6,2026-10-09,13:10
RYR8QP,LMML,EGNX,2,2026-10-08,10:19
RYR8QQ,EPKK,LMML,1,2026-10-03,17:00
RYR8QW,LICC,LIRN,6,2026-10-08,09:30
RYR8QX,LATI,ESSA,4,2026-10-09,07:40
RYR8QZ,LEIB,LIPE,5,2026-10-08,21:21
RYR8RF,EHEH,LBSF,3,2026-10-09,16:58
RYR8RH,LIME,EIDW,5,2026-10-09,12:25
RYR8RL,LEMD,LEMH,3,2026-10-09,18:35
RYR8RN,EGAA,LIME,1,2026-10-07,09:07
RYR8RV,LEMG,EGAA,2,2026-10-09,14:34
RYR8RZ,EIDW,EDDB,7,2026-10-09,19:01
RYR8SF,EPSC,EGGP,1,2026-10-06,20:50
RYR8SJ,LIPY,EGSS,1,2026-10-08,20:38
RYR8SL,LIRN,LIME,2,2026-10-08,07:17
RYR8SN,LCPH,EGGP,1,2026-10-07,10:37
RYR8SQ,EIDW,LIME,5,2026-10-09,16:38
RYR8ST,LIPE,LPPR,1,2026-10-04,15:18
RYR8TB,EICK,EGGP,1,2026-10-04,22:54
RYR8TC,LHBP,LIBD,5,2026-10-09,08:16
RYR8TD,EGNM,LPPR,1,2026-10-04,08:06
RYR8TE,LEAL,ESGG,6,2026-10-09,03:55
RYR8TH,LICJ,LIRZ,1,2026-10-08,13:29
RYR8TP,LIPZ,LEBL,6,2026-10-09,06:53
RYR8TQ,EKCH,LOWW,4,2026-10-08,12:18
RYR8TR,EIDW,LEAL,4,2026-10-07,19:44
RYR8TT,LIME,EBCI,6,2026-10-09,08:15
RYR8TU,LICJ,LIPE,1,2026-10-09,21:26
RYR8UB,EPMO,LGKR,1,2026-10-04,16:33
RYR8UD,EHAM,LEMG,2,2026-10-07,19:11
RYR8UE,EGBB,GCFV,2,2026-10-08,14:49
RYR8UF,LIPZ,EGSS,5,2026-10-09,08:17
RYR8UJ,GCFV,EPKK,1,2026-10-08,11:05
RYR8UL,EIDW,EGPH,6,2026-10-09,19:06
RYR8UQ,LBSF,LEMG,2,2026-10-08,08:07
RYR8UU,LBSF,LIPH,2,2026-10-04,11:58
RYR8V,ENTO,EPKK,7,2026-10-09,06:53
RYR8VD,LICC,LIMC,7,2026-10-09,13:42
RYR8VE,LIMC,LICZ,5,2026-10-08,22:15
RYR8VE,LIMC,LICC,1,2026-10-09,07:42
RYR8VG,ESSA,EDSB,1,2026-10-06,03:49
RYR8VH,EBCI,LEAL,2,2026-10-07,07:52
RYR8VP,EGPH,EICK,5,2026-10-08,19:31
RYR8VR,LICA,LHBP,4,2026-10-08,12:58
RYR8VU,EPMO,EINN,3,2026-10-09,04:21
RYR8VV,LEPA,LIRN,3,2026-10-08,17:47
RYR8W,EGGD,GCRR,2,2026-10-07,10:59
RYR8WA,EGSS,LOWW,5,2026-10-08,17:05
RYR8WH,LGTS,EKCH,2,2026-10-08,20:13
RYR8WL,LIRF,LGAV,2,2026-10-09,19:03
RYR8WQ,LFBO,LIRF,7,2026-10-09,21:58
RYR8WR,EGGP,LEAL,1,2026-10-07,16:45
RYR8WT,LIPZ,EDDB,7,2026-10-09,19:21
RYR8WU,ESGG,LHBP,2,2026-10-07,14:54
RYR8WW,LIME,LICZ,3,2026-10-08,16:44
RYR8WW,LIME,LICC,1,2026-10-06,18:46
RYR8XC,EBCI,LEPA,4,2026-10-08,11:29
RYR8XE,EDDW,LEPA,2,2026-10-07,15:49
RYR8XM,EGSS,ESSA,3,2026-10-07,20:08
RYR8XV,LIME,LATI,6,2026-10-09,05:47
RYR8YB,EPMO,EKCH,1,2026-10-05,19:44
RYR8YD,LMML,EIDW,5,2026-10-08,19:26
RYR8YF,LEGE,EINN,2,2026-10-09,08:53
RYR8YH,LEMD,LHBP,6,2026-10-09,04:37
RYR8YN,EDNY,LEAL,1,2026-10-07,16:33
RYR8YU,LFML,EBCI,6,2026-10-09,19:14
RYR8YY,EGSS,EDDB,7,2026-10-09,18:56
RYR8ZE,LEMD,LEPA,5,2026-10-09,15:39
RYR8ZF,LIRF,LEBL,6,2026-10-09,12:03
RYR8ZP,LIRF,EIDW,6,2026-10-09,18:56
RYR8ZQ,LOWW,LIME,7,2026-10-09,04:46
RYR8ZU,EPMO,LIRN,2,2026-10-06,05:17
RYR8ZV,LROP,LCPH,5,2026-10-09,11:42
RYR8ZW,LEPA,EGNT,4,2026-10-09,14:44
RYR8ZZ,LGAV,LIME,5,2026-10-09,21:33
RYR9004,LOWW,LIBD,4,2026-10-09,18:40
RYR900A,LKPR,EBCI,7,2026-10-09,12:41
RYR9012,LIRF,LDSP,1,2026-10-08,05:16
RYR9016,LECH,EPKK,2,2026-10-08,12:12
RYR9017,EPKK,LECH,2,2026-10-08,08:29
RYR904K,LIPE,LEZL,1,2026-10-08,08:40
RYR9065,LIME,LEAL,1,2026-10-08,03:59
RYR9066,LOWW,LIBD,1,2026-10-05,04:20
RYR906U,EGCC,EDDK,5,2026-10-09,19:44
RYR9071,EPGD,ESGG,1,2026-10-08,14:56
RYR9078,LEAL,EGNM,1,2026-10-08,08:00
RYR907P,LATI,LIPQ,4,2026-10-08,15:31
RYR908,EICK,EGSS,6,2026-10-09,21:00
RYR9086,LIMC,EIDW,1,2026-10-04,18:04
RYR9087,EIDW,LIMC,1,2026-10-04,20:54
RYR908N,LIPE,LEMD,4,2026-10-09,19:28
RYR9092,EDDB,LEBL,1,2026-10-03,17:03
RYR9095,LIME,EPGD,1,2026-10-08,06:45
RYR909C,LIPE,LBSF,1,2026-10-04,20:46
RYR90BX,EDFH,LPPR,3,2026-10-06,19:18
RYR90EJ,LICT,LIME,2,2026-10-09,08:38
RYR90EK,LICA,LIPQ,2,2026-10-08,17:45
RYR90FN,LMML,LFBO,4,2026-10-09,09:26
RYR90FP,EPKK,EGCC,5,2026-10-08,22:19
RYR90GK,EPPO,EIDW,2,2026-10-09,15:50
RYR90PV,LMML,EGCC,1,2026-10-06,03:55
RYR90PV,LMML,EGSH,1,2026-10-03,16:35
RYR90QC,EBCI,EGCC,6,2026-10-09,06:52
RYR90QD,EDFH,EGSS,5,2026-10-09,19:58
RYR90QE,EPMO,LIPH,3,2026-10-09,04:54
RYR90RC,LGKR,LIME,2,2026-10-09,21:36
RYR90RJ,EIDW,LFMK,3,2026-10-09,05:46
RYR90RR,LEBL,EGGP,5,2026-10-08,04:51
RYR90RV,EPWR,LIPE,3,2026-10-08,19:28
RYR90SF,EIDW,LEMD,7,2026-10-09,07:27
RYR90SG,ESSA,EPGD,2,2026-10-05,13:15
RYR90TC,LOWW,EDDK,5,2026-10-08,15:12
RYR90UU,EBCI,LIRF,4,2026-10-09,16:49
RYR90VE,GCFV,LIPE,2,2026-10-06,09:51
RYR90WB,LEBL,EGGW,1,2026-10-03,14:29
RYR90WG,EGSS,LIME,4,2026-10-07,10:14
RYR90WG,EGSS,EDJA,1,2026-10-06,05:04
RYR90XP,EPPO,EGBB,2,2026-10-07,20:33
RYR910G,LFML,LOWW,3,2026-10-09,14:09
RYR9112,LIMF,LEBL,1,2026-10-06,16:09
RYR9113,LCPH,EYKA,3,2026-10-09,08:27
RYR911R,ESMS,EGSS,1,2026-10-07,11:42
RYR9131,LPFR,EGCC,1,2026-10-06,08:45
RYR913W,EGSS,EPWR,5,2026-10-09,20:16
RYR9145,EGSS,EFHK,1,2026-10-04,17:06
RYR9154,ENGM,EYVI,1,2026-10-05,10:08
RYR9159,LIPZ,LICA,2,2026-10-08,21:34
RYR915B,EPKK,EGSS,2,2026-10-06,21:43
RYR9166,ESSA,LFOB,4,2026-10-07,12:43
RYR9167,LFOB,ESSA,1,2026-10-03,10:44
RYR916R,ESSA,LIME,3,2026-10-09,14:08
RYR916W,EDDK,LEBL,5,2026-10-09,18:37
RYR9174,EGGD,LEBL,1,2026-10-07,20:35
RYR917L,EGPH,LKPR,4,2026-10-08,11:41
RYR9189,EGPH,LEPA,1,2026-10-06,19:41
RYR919,LIRZ,LEBL,1,2026-10-03,11:33
RYR9191,LEGE,LEBL,1,2026-10-04,04:21
RYR9195,EPWR,LIME,2,2026-10-09,09:50
RYR919G,EICK,LEGE,3,2026-10-09,18:10
RYR91AC,LICT,LIBD,1,2026-10-09,14:24
RYR91CA,EGGW,LEPA,2,2026-10-08,16:26
RYR91CV,LIME,LROP,6,2026-10-09,16:42
RYR91DJ,EGPH,LPPR,2,2026-10-09,08:50
RYR91EQ,EGSS,LPMA,3,2026-10-08,11:55
RYR91JL,LIPE,EPMO,4,2026-10-09,18:02
RYR91KF,LIPE,LEVC,4,2026-10-08,07:09
RYR91LE,EGTE,LEAL,2,2026-10-07,21:39
RYR91QQ,LGAV,LIMC,3,2026-10-08,08:42
RYR91QV,ESSA,LEPA,1,2026-10-05,11:33
RYR91SB,EGSS,LFMN,1,2026-10-08,18:25
RYR91SP,LEMD,EDDB,3,2026-10-09,04:28
RYR91WW,GCRR,LIPE,2,2026-10-09,12:08
RYR91XZ,LEMI,EGCC,2,2026-10-08,17:24
RYR91ZT,LIPE,EDDB,4,2026-10-09,12:53
RYR9209,LEGE,EDSB,2,2026-10-08,06:47
RYR9219,EDJA,LCPH,2,2026-10-06,13:09
RYR921Q,LEAL,EGPD,2,2026-10-08,05:35
RYR9229,EFHK,LGTS,2,2026-10-08,08:10
RYR9239,LIME,EPLB,2,2026-10-06,08:42
RYR924,EINN,EPMO,3,2026-10-09,07:54
RYR9245,LFBT,LMML,1,2026-10-07,20:47
RYR9256,LMML,LROP,2,2026-10-05,17:51
RYR9257,LROP,LMML,2,2026-10-05,20:43
RYR9265,EPWR,LCPH,1,2026-10-08,07:24
RYR9265,EPWR,OJAI,1,2026-10-06,07:02
RYR9266,LFOB,EKCH,4,2026-10-09,06:20
RYR9267,EKCH,LFOB,5,2026-10-09,03:45
RYR926K,EDDK,LPPR,5,2026-10-09,03:51
RYR926T,EGSS,EDSB,7,2026-10-09,18:20
RYR9276,EGSS,ESGG,2,2026-10-07,07:44
RYR9277,ESGG,EGSS,2,2026-10-07,05:06
RYR927A,LEBL,LIMF,1,2026-10-06,14:16
RYR9288,EIDW,LIBR,3,2026-10-08,15:37
RYR9289,LIBR,EIDW,3,2026-10-09,19:40
RYR9292,LIME,LOWW,1,2026-10-04,04:01
RYR9293,EYKA,LIME,1,2026-10-03,12:12
RYR92BL,LEAL,EGGP,3,2026-10-09,16:59
RYR92CF,LIRF,EGBB,4,2026-10-09,05:01
RYR92HL,EETN,LEBL,2,2026-10-09,22:12
RYR92HW,EGGP,LIRA,3,2026-10-08,08:00
RYR92LR,EGCC,LFOB,5,2026-10-09,18:59
RYR92MY,EDJA,LPPR,4,2026-10-09,10:33
RYR92PF,EGGW,EPRZ,3,2026-10-08,06:07
RYR92SE,EPWR,LFML,2,2026-10-06,07:03
RYR92SN,LPFR,LFML,5,2026-10-08,20:31
RYR92WA,EGHH,LEGE,2,2026-10-07,17:44
RYR92WN,LBSF,LIPE,2,2026-10-09,13:20
RYR92XY,LEMD,LIME,4,2026-10-07,16:30
RYR92YX,LDDU,EGSS,2,2026-10-06,18:53
RYR92ZR,EGNX,LEAL,2,2026-10-07,17:21
RYR9313,EGAA,LPPR,2,2026-10-09,17:00
RYR9314,LPPR,EGAA,2,2026-10-09,13:48
RYR9319,EIDW,LIPQ,2,2026-10-08,11:31
RYR931Q,LIPH,EPWR,3,2026-10-09,19:56
RYR9321,EGNM,LEGE,1,2026-10-09,05:17
RYR9322,LEGE,EGNM,1,2026-10-09,08:00
RYR9329,EGNM,EIDW,2,2026-10-09,20:29
RYR933,LIME,EPWR,1,2026-10-04,16:29
RYR9331,EPGD,EGPH,4,2026-10-07,17:29
RYR9363,EDLV,LEMG,1,2026-10-04,04:08
RYR9373,LKTB,LIME,2,2026-10-06,17:16
RYR937E,LIEA,LIME,2,2026-10-06,14:42
RYR938,EBCI,EYKA,2,2026-10-08,14:50
RYR938,LEGE,EGNX,1,2026-10-03,21:54
RYR9388,EGNX,LEGE,1,2026-10-03,19:13
RYR939,EYKA,EBCI,2,2026-10-08,11:57
RYR9393,EDLV,LOWW,1,2026-10-04,04:44
RYR93BJ,LEBL,EDDB,1,2026-10-03,17:12
RYR93BN,LEGE,EICK,3,2026-10-09,20:54
RYR93CQ,EGBB,LEPA,1,2026-10-09,14:54
RYR93DE,GCFV,EGCC,3,2026-10-09,19:39
RYR93DW,LFBE,EGGP,1,2026-10-07,17:42
RYR93GH,EGGP,LZKZ,2,2026-10-09,18:26
RYR93GN,LEMG,EDDK,4,2026-10-08,20:51
RYR93HA,LEBL,LIME,4,2026-10-09,08:10
RYR93KF,EDDB,LEVC,2,2026-10-06,14:33
RYR93LD,LICC,EHEH,3,2026-10-08,09:47
RYR93NC,EYKA,LIPR,4,2026-10-09,09:53
RYR93QA,EHEH,LIPH,3,2026-10-07,07:44
RYR93QL,EBCI,LEGE,4,2026-10-07,08:38
RYR93QM,LIPZ,LOWW,6,2026-10-09,12:39
RYR93QN,EGPH,EDDB,4,2026-10-09,11:34
RYR93QW,LFOB,LIRF,1,2026-10-06,20:35
RYR93RR,LIMC,LPPR,2,2026-10-06,20:55
RYR93SC,EGKK,EIDW,7,2026-10-09,20:56
RYR93SK,EIKN,EGBB,3,2026-10-09,16:33
RYR93SP,EIDW,LIRF,5,2026-10-09,14:21
RYR93TK,LIMF,EBCI,1,2026-10-05,19:10
RYR93TP,LPFR,EGNM,4,2026-10-09,21:12
RYR93WG,EIDW,LMML,1,2026-10-03,20:12
RYR93XA,EGSS,LPPR,6,2026-10-09,17:34
RYR940,EPKK,LIME,1,2026-10-09,06:27
RYR940,EPWR,EPPO,1,2026-10-08,10:57
RYR9403,LEMD,LPFR,1,2026-10-03,12:51
RYR9404,LPFR,LEMD,2,2026-10-05,14:41
RYR9414,LOWW,LIRN,2,2026-10-06,18:03
RYR9424,EGAA,LMML,1,2026-10-09,08:46
RYR9428,EIDW,LIME,1,2026-10-09,07:44
RYR9436,EDLV,LERS,2,2026-10-07,16:02
RYR9437,LERS,EDLV,2,2026-10-07,19:24
RYR9438,EGNX,EPPO,1,2026-10-05,14:37
RYR9446,LIRF,LMML,2,2026-10-07,21:10
RYR9447,LMML,LIRF,2,2026-10-07,18:45
RYR9448,LEMG,EGHQ,1,2026-10-06,17:03
RYR945,LIRF,LFML,6,2026-10-08,04:18
RYR9452,LPFR,EGNM,1,2026-10-03,15:57
RYR946,EPKK,LOWW,5,2026-10-08,19:44
RYR9462,GCRR,LIMC,1,2026-10-03,12:23
RYR9465,EDLV,LDPL,5,2026-10-09,18:08
RYR9466,LDPL,EDLV,5,2026-10-09,19:31
RYR947,LOWW,EPKK,5,2026-10-08,18:09
RYR9473,EIDW,LFRS,2,2026-10-07,13:32
RYR9478,EGBB,LPPR,1,2026-10-07,17:15
RYR9482,LICJ,LIMP,1,2026-10-08,08:01
RYR9489,LICR,LIMC,5,2026-10-09,17:36
RYR9494,LEGE,LEBL,1,2026-10-04,05:32
RYR9497,LPFR,LPPR,2,2026-10-07,07:14
RYR94AZ,LMML,EGBB,1,2026-10-05,15:57
RYR94BQ,LPFR,EGGP,3,2026-10-05,16:49
RYR94CC,EGCC,EPGD,5,2026-10-09,11:40
RYR94CD,LKPR,LEBL,6,2026-10-09,14:17
RYR94DH,LEBL,EPKK,4,2026-10-08,19:44
RYR94DX,LIPH,EPKK,6,2026-10-09,12:35
RYR94EE,LEAL,EGPH,5,2026-10-09,09:42
RYR94EL,EGBB,LEMI,4,2026-10-09,10:57
RYR94GZ,LPMA,EGSS,4,2026-10-08,07:28
RYR94JD,EGNM,EIDW,7,2026-10-09,09:24
RYR94PB,EGSS,LMML,2,2026-10-07,07:53
RYR94SN,LMML,EGPF,2,2026-10-06,03:46
RYR94TN,LIRF,EPKT,5,2026-10-09,15:54
RYR94TV,LATI,LIRA,6,2026-10-09,08:43
RYR94VF,LEAL,EKCH,2,2026-10-06,08:07
RYR94VL,LIPQ,LEBL,5,2026-10-09,12:02
RYR94VW,EIDW,LGKR,1,2026-10-05,11:44
RYR94WE,LBSF,EGGD,2,2026-10-07,20:44
RYR94WF,EBBR,EIDW,2,2026-10-09,16:52
RYR94WW,LEXJ,EGPH,1,2026-10-03,16:29
RYR94XU,LICJ,LFOB,1,2026-10-03,17:42
RYR94ZG,LEBL,LIRF,6,2026-10-09,07:27
RYR94ZY,LPFR,EGTE,2,2026-10-07,17:04
RYR950,EPKT,EDDN,1,2026-10-06,05:16
RYR950,EPWR,EVRA,1,2026-10-04,22:15
RYR9503,EGGD,EPBY,2,2026-10-08,06:49
RYR9504,EPBY,EGGD,2,2026-10-08,09:28
RYR9523,EGSS,EKCH,2,2026-10-04,19:34
RYR952H,LPFR,EGSH,2,2026-10-05,14:48
RYR953,EDFH,EGSS,1,2026-10-05,08:51
RYR9531,EGSS,EDFH,1,2026-10-05,10:51
RYR9532,LRBS,EDSB,2,2026-10-07,17:47
RYR9533,EDSB,LRBS,2,2026-10-07,14:50
RYR9534,EDJA,LMML,3,2026-10-09,04:09
RYR9535,LMML,EDJA,3,2026-10-09,13:29
RYR9536,LRBS,LIBD,3,2026-10-09,17:48
RYR9538,LRBS,EDJA,3,2026-10-08,15:49
RYR953B,LDZA,LEAL,2,2026-10-08,13:44
RYR9541,EPKK,LRBS,4,2026-10-09,03:57
RYR955M,LEAL,EDDH,2,2026-10-08,07:01
RYR955V,EGPH,LHBP,3,2026-10-07,22:19
RYR9561,LPFR,EGAA,3,2026-10-09,14:03
RYR957B,LICR,LIPZ,3,2026-10-09,17:33
RYR959,EGPH,GCRR,1,2026-10-03,06:22
RYR9595,LEGE,LEBL,1,2026-10-04,08:27
RYR95AT,LIPZ,LIBD,4,2026-10-09,18:20
RYR95CH,LROP,EDDB,7,2026-10-09,11:27
RYR95DF,EGSS,EYPA,1,2026-10-07,17:19
RYR95FC,LPPT,LEBL,3,2026-10-08,23:00
RYR95GB,EINN,LEAL,2,2026-10-09,10:12
RYR95GH,EGPH,LFBZ,1,2026-10-04,05:25
RYR95HJ,LEPA,EDDK,3,2026-10-06,15:24
RYR95HN,EDFH,LGTS,2,2026-10-09,03:59
RYR95JY,EDSB,EGSS,7,2026-10-09,20:07
RYR95KE,LFOB,LPFR,1,2026-10-03,10:54
RYR95LQ,LBSF,EPMO,6,2026-10-09,14:00
RYR95LU,EDSB,LEMG,4,2026-10-09,10:24
RYR95LW,EDDK,EGCC,5,2026-10-09,23:29
RYR95MP,EDDB,EIDW,7,2026-10-09,17:03
RYR95ND,LEBL,EGGW,6,2026-10-09,15:54
RYR95PT,EDFH,LEPA,3,2026-10-08,14:00
RYR95QF,EGNX,LEAL,4,2026-10-08,07:12
RYR95QV,LEAL,EGPD,2,2026-10-07,15:50
RYR95SM,GCFV,LOWW,2,2026-10-09,14:14
RYR95SN,EGSS,LPPT,6,2026-10-09,14:55
RYR95SZ,EPKT,EGCC,3,2026-10-07,09:16
RYR95TC,EGCC,LMML,5,2026-10-07,08:03
RYR95VG,LHBP,LEPA,5,2026-10-08,09:06
RYR95WA,EIDW,LBSF,2,2026-10-06,16:53
RYR95WE,EDSB,LEPA,4,2026-10-07,13:25
RYR95WM,GCFV,LIME,2,2026-10-07,09:00
RYR95XV,EDFH,LEBL,2,2026-10-06,17:49
RYR95YC,EDJA,LIRN,2,2026-10-08,04:15
RYR9604,LIME,EGAA,1,2026-10-07,06:04
RYR9619,EVRA,LKPR,1,2026-10-04,12:24
RYR961M,LIBD,LEZL,2,2026-10-08,19:46
RYR9621,LHBP,LICA,4,2026-10-08,10:38
RYR9623,EGNT,EGSS,1,2026-10-05,17:10
RYR9626,EGGD,LIBD,1,2026-10-03,05:16
RYR9628,LIBD,LZIB,1,2026-10-04,16:14
RYR9631,EPMO,EPBY,1,2026-10-03,09:30
RYR9634,LEPA,EINN,1,2026-10-07,13:23
RYR9636,EPMO,EINN,1,2026-10-03,08:44
RYR9641,EGSS,LIME,3,2026-10-09,18:21
RYR9647,LGAV,EBCI,1,2026-10-03,18:07
RYR9651,LIPZ,LICR,1,2026-10-03,08:49
RYR9654,LMML,LPPT,4,2026-10-08,13:05
RYR9658,LICR,LIMC,1,2026-10-07,15:31
RYR9659,LIMC,LICR,1,2026-10-07,18:20
RYR9663,ESGG,LIRF,3,2026-10-09,08:35
RYR967Q,LDZA,LFOB,6,2026-10-09,11:41
RYR9683,EKCH,EYKA,1,2026-10-08,20:39
RYR9688,EYKA,EIDW,1,2026-10-09,06:12
RYR9689,EIDW,EYKA,1,2026-10-09,10:01
RYR9693,LATI,LIBD,2,2026-10-05,06:45
RYR9697,ENTO,EPGD,1,2026-10-07,06:11
RYR969Z,LEPA,EBCI,4,2026-10-09,18:28
RYR96AH,LPFR,LIRF,2,2026-10-09,14:39
RYR96BJ,EINN,LMML,3,2026-10-08,14:57
RYR96CQ,EGNM,LPFR,1,2026-10-03,19:20
RYR96DK,LEPA,LEBL,5,2026-10-09,13:38
RYR96EU,EDDB,LIME,7,2026-10-09,08:12
RYR96FD,LPFR,EGHQ,1,2026-10-05,17:21
RYR96GG,LEMG,EIDW,5,2026-10-09,16:47
RYR96HW,EIDW,EGKK,3,2026-10-08,18:33
RYR96JG,EBCI,LBSF,5,2026-10-08,17:39
RYR96KK,LIPH,EBCI,2,2026-10-09,19:26
RYR96LF,LPFR,EIDW,5,2026-10-09,16:55
RYR96MF,LKPD,LEAL,1,2026-10-07,10:17
RYR96PA,LPFR,EGNT,3,2026-10-08,14:13
RYR96QW,LEPA,EDDG,1,2026-10-07,07:59
RYR96RB,LIRN,LIPZ,2,2026-10-08,17:21
RYR96RZ,LPPR,LEBL,6,2026-10-09,13:34
RYR96SP,LPFR,LFBO,2,2026-10-05,18:30
RYR96SR,EIKY,EIDW,7,2026-10-09,09:51
RYR96SW,EBCI,EPWR,4,2026-10-09,18:26
RYR96UL,LFRS,LFML,5,2026-10-09,14:59
RYR96VH,EIDW,LIRN,4,2026-10-09,16:40
RYR96VR,EGPD,LPFR,1,2026-10-03,18:05
RYR96WH,EGCC,LEPA,3,2026-10-09,09:23
RYR96XP,EGPH,LIME,3,2026-10-09,10:32
RYR96XR,LGTS,EDLV,5,2026-10-09,07:57
RYR9701,LATI,LIBD,2,2026-10-06,21:07
RYR9706,LROP,EPGD,2,2026-10-06,20:09
RYR9709,EPGD,LDDU,2,2026-10-08,18:01
RYR970R,LEPA,LOWW,2,2026-10-06,21:11
RYR970Y,ESSA,LFML,2,2026-10-06,16:01
RYR9717,LICJ,EPGD,1,2026-10-03,07:51
RYR9718,EPGD,LICP,1,2026-10-08,04:43
RYR9719,EPGD,LATI,3,2026-10-08,04:04
RYR9722,EPKT,ENGM,1,2026-10-04,04:46
RYR9725,LIRF,LFML,2,2026-10-09,10:21
RYR9731,LIME,EDDN,1,2026-10-03,20:58
RYR9732,EDDN,LIME,1,2026-10-03,22:34
RYR9733,EPPO,ENTO,1,2026-10-03,15:20
RYR9734,ENTO,EPPO,1,2026-10-03,19:39
RYR973Z,EYVI,LMML,3,2026-10-08,07:34
RYR9745,LEMG,LKPR,2,2026-10-07,04:18
RYR9749,EKCH,EPMO,3,2026-10-09,14:19
RYR9752,LHBP,EPKK,2,2026-10-08,18:08
RYR975U,LEMG,EVRA,2,2026-10-06,13:50
RYR9765,LDZA,LIRF,1,2026-10-04,18:47
RYR9768,EGGW,EPWR,4,2026-10-08,17:17
RYR976E,LFML,GMFO,2,2026-10-08,17:27
RYR9775,EPWR,LEZL,2,2026-10-08,05:26
RYR9776,EIDW,LFTW,2,2026-10-06,12:25
RYR9786,EPKT,LHBP,2,2026-10-09,05:41
RYR978N,LIPQ,EBCI,3,2026-10-08,17:31
RYR97BL,LEVC,LIRF,1,2026-10-05,15:45
RYR97BR,ESGG,LEPA,1,2026-10-07,10:11
RYR97BW,LFML,LEZL,3,2026-10-09,08:24
RYR97CB,LPPR,EDSB,4,2026-10-08,18:16
RYR97DM,EDDN,LGTS,4,2026-10-09,15:06
RYR97ED,LIRN,LIME,6,2026-10-08,20:57
RYR97GU,LPMA,EIDW,2,2026-10-09,13:52
RYR97HB,EGPH,LKPR,1,2026-10-08,08:04
RYR97HG,LIPX,EIDW,1,2026-10-03,21:36
RYR97JJ,EPMO,LEBL,1,2026-10-04,16:29
RYR97MQ,EBCI,EGCC,7,2026-10-09,18:07
RYR97TZ,LEAL,EGBB,2,2026-10-08,21:12
RYR97UU,EBCI,LGKR,3,2026-10-08,13:15
RYR97VX,LROP,LIRN,4,2026-10-09,17:43
RYR97WV,LIME,EDDB,7,2026-10-09,06:01
RYR97XF,EGNM,LEPA,1,2026-10-07,08:08
RYR97ZH,EICK,EGKK,7,2026-10-09,10:08
RYR9801,LEBL,LEPA,1,2026-10-08,06:20
RYR9813,LEMD,LFOB,1,2026-10-05,11:52
RYR9814,LFOB,LEMD,1,2026-10-05,21:53
RYR9818,LEIB,LEST,2,2026-10-09,12:39
RYR981G,LEMD,LICZ,3,2026-10-08,17:03
RYR981G,LEMD,LICC,1,2026-10-06,08:17
RYR981Y,EGBB,LROP,4,2026-10-08,06:49
RYR9821,LEMH,LEVC,1,2026-10-03,05:49
RYR982M,LIME,LIBD,1,2026-10-08,04:29
RYR9834,LIEA,EPMO,3,2026-10-08,10:47
RYR9835,EPMO,LIEA,3,2026-10-08,07:37
RYR9837,EPKK,GCFV,1,2026-10-08,04:50
RYR9846,EGBB,EPLL,2,2026-10-08,05:36
RYR9847,EPLL,EGBB,2,2026-10-08,08:16
RYR984D,EDDG,LGKR,2,2026-10-07,17:33
RYR9854,GCRR,LDZA,1,2026-10-09,13:05
RYR9855,LDZA,GCRR,1,2026-10-09,18:13
RYR9857,LOWW,EFHK,4,2026-10-08,07:03
RYR9858,LIMC,LBPD,2,2026-10-07,10:11
RYR985X,EIDW,GCRR,7,2026-10-09,05:09
RYR987,LIMC,LHBP,1,2026-10-08,15:52
RYR9871,EPWA,EPMO,1,2026-10-05,08:13
RYR9872,LEMG,EDLP,2,2026-10-06,13:18
RYR9874,LIBD,LMML,3,2026-10-08,17:52
RYR988,LHBP,LIMC,1,2026-10-08,06:33
RYR9881,LIMP,LATI,2,2026-10-09,14:55
RYR9884,EBCI,EPLL,2,2026-10-08,11:06
RYR9885,EPLL,EBCI,2,2026-10-08,13:20
RYR9894,LHBP,LEZL,2,2026-10-08,04:59
RYR989J,EGCC,EIDW,6,2026-10-09,16:28
RYR98AR,EDDB,LIRF,5,2026-10-09,17:30
RYR98DD,LEMG,EPPO,2,2026-10-09,06:16
RYR98EE,LEBL,EIDW,3,2026-10-08,21:44
RYR98FA,LEMG,ESGG,4,2026-10-08,13:40
RYR98FB,EGSS,LMML,6,2026-10-09,05:31
RYR98FC,EPPO,LDDU,1,2026-10-08,18:34
RYR98FG,EKCH,LFOB,1,2026-10-04,09:29
RYR98HW,EDDB,LPPT,5,2026-10-09,18:45
RYR98KJ,ELLX,EGSS,7,2026-10-09,07:25
RYR98LA,EGGD,LEBL,7,2026-10-09,16:44
RYR98LT,EPKK,LIPR,2,2026-10-07,19:05
RYR98ML,EGSS,LIME,4,2026-10-09,13:37
RYR98PJ,LFML,LEAL,3,2026-10-07,14:00
RYR98QX,EGSS,LFML,6,2026-10-09,10:18
RYR98RD,LIME,LIRN,6,2026-10-09,19:33
RYR98RQ,EKCH,LIRF,5,2026-10-09,04:56
RYR98SH,LDZA,LMML,4,2026-10-09,03:49
RYR98SM,LPFR,EGNX,1,2026-10-07,14:14
RYR98ST,EDDB,LGTS,5,2026-10-07,07:11
RYR98TG,LIPE,LEBL,2,2026-10-09,19:57
RYR98VN,LEMG,LROP,3,2026-10-09,05:55
RYR98WH,LIME,LEMH,1,2026-10-09,19:28
RYR98ZY,EDFH,LIBD,2,2026-10-09,11:35
RYR9906,EDJA,LATI,4,2026-10-08,19:02
RYR9908,EGNX,EGSS,1,2026-10-09,16:41
RYR990N,LPPT,EGPH,3,2026-10-09,10:12
RYR991,EPWR,EPGD,1,2026-10-03,16:33
RYR9915,LEPA,EDHL,1,2026-10-09,12:32
RYR992,LIME,EPKK,1,2026-10-03,05:00
RYR9928,EGBB,LEMD,1,2026-10-07,07:40
RYR9929,LEMG,EDDW,3,2026-10-09,04:29
RYR992U,EGSS,EINN,3,2026-10-09,20:13
RYR9941,LEAL,LHBP,1,2026-10-09,16:33
RYR9954,EPKK,EGNT,1,2026-10-06,10:20
RYR9957,EDSB,LGTS,3,2026-10-07,08:20
RYR9963,EINN,EIDW,1,2026-10-07,17:22
RYR9969,EDFH,LICA,2,2026-10-06,17:12
RYR9969,EIDW,EINN,1,2026-10-07,18:50
RYR997,EPGD,EGCC,1,2026-10-07,04:48
RYR997,LZIB,EPKK,1,2026-10-03,21:34
RYR9976,LEIB,EIDW,1,2026-10-06,21:20
RYR9983,LEAL,EPLL,1,2026-10-05,16:23
RYR99AK,EDDH,LEPA,1,2026-10-07,19:43
RYR99AP,EGCC,LFMK,4,2026-10-09,11:44
RYR99BQ,LFRS,EGPH,2,2026-10-08,19:23
RYR99CA,EYKA,LEPA,3,2026-10-09,11:39
RYR99CK,LFMK,EGCC,2,2026-10-09,16:23
RYR99CN,EPKK,EKCH,7,2026-10-09,06:31
RYR99CY,LROP,LFML,2,2026-10-08,19:25
RYR99FP,EDDB,LEPA,1,2026-10-06,12:47
RYR99GG,LCPH,LOWW,3,2026-10-09,14:46
RYR99HR,LRCL,EIDW,3,2026-10-09,15:05
RYR99JH,LIMJ,LICA,1,2026-10-09,16:32
RYR99LP,LFOB,LIRN,2,2026-10-05,18:28
RYR99LX,EDDN,EGSS,5,2026-10-08,18:04
RYR99MB,LDZA,LEPA,3,2026-10-08,09:42
RYR99NC,LIPE,LIEA,5,2026-10-09,08:59
RYR99NN,EPWR,EGCC,2,2026-10-08,17:49
RYR99PV,LEBL,LEMH,2,2026-10-09,16:35
RYR99QQ,EPGD,EGNT,2,2026-10-09,08:05
RYR99RH,EGCC,LEMI,6,2026-10-09,08:52
RYR99SA,GMMI,EDLV,1,2026-10-03,15:50
RYR99SD,EGCC,LEBL,4,2026-10-08,13:26
RYR99SH,LEPA,EDDH,6,2026-10-09,17:25
RYR99SQ,LATI,LIME,4,2026-10-08,14:02
RYR99TH,LPPT,EIDW,1,2026-10-05,22:42
RYR99TV,LEIB,LEBL,5,2026-10-09,17:03
RYR99UP,EICK,LEVC,2,2026-10-09,11:32
RYR99WT,EGSS,EKCH,5,2026-10-09,07:20
RYR99XC,LIPH,LEIB,1,2026-10-06,19:18
RYR99XM,LDZD,EDDN,2,2026-10-09,15:06
RYR99XX,EGCC,LPMA,1,2026-10-08,10:06
RYR99ZG,EGSS,LIPQ,6,2026-10-09,19:31
RYR9AF,LEMG,EGSS,3,2026-10-07,21:32
RYR9AH,EGBB,EPKK,5,2026-10-09,12:39
RYR9AJ,LEIB,LEAL,2,2026-10-08,15:24
RYR9AM,LGAV,EYVI,3,2026-10-08,19:20
RYR9AP,EPMO,LIPH,1,2026-10-08,06:08
RYR9AQ,LPPR,ELLX,5,2026-10-09,06:34
RYR9AW,LOWW,LMML,4,2026-10-09,16:08
RYR9AZ,LFOB,LIME,1,2026-10-09,19:26
RYR9B,LIBD,LFBO,3,2026-10-08,17:50
RYR9BA,LEPA,LEMD,4,2026-10-09,04:36
RYR9BB,LIME,EIDW,1,2026-10-09,10:42
RYR9BG,EPKK,LIPY,2,2026-10-05,13:51
RYR9BJ,EKCH,LIPE,5,2026-10-09,08:25
RYR9BK,LEMG,EGSS,4,2026-10-09,14:10
RYR9BL,EIDW,EGNT,4,2026-10-09,11:38
RYR9BN,LOWW,EGPH,4,2026-10-09,04:11
RYR9BR,ESSA,EPKK,4,2026-10-08,05:19
RYR9CA,EICK,EGGP,5,2026-10-09,13:08
RYR9CB,LGAV,EGSS,5,2026-10-09,01:21
RYR9CE,LFML,LFOT,3,2026-10-09,10:14
RYR9CH,LEPA,LIME,4,2026-10-09,13:50
RYR9CL,EDDB,LIRF,7,2026-10-09,07:38
RYR9CY,LCPH,EBCI,2,2026-10-05,12:29
RYR9CZ,LPPT,EGCC,4,2026-10-09,16:39
RYR9DA,LKPR,EPKK,5,2026-10-09,05:20
RYR9DC,EGGP,LEAL,1,2026-10-06,18:15
RYR9DJ,EIDW,EGGW,6,2026-10-09,10:57
RYR9DK,LDZA,EBCI,7,2026-10-09,07:39
RYR9DT,EGSS,LICA,4,2026-10-09,12:21
RYR9ED,EGSS,EDDK,6,2026-10-09,23:20
RYR9EF,LPPR,EDJA,3,2026-10-08,08:50
RYR9EG,ESSA,LEBL,3,2026-10-09,04:07
RYR9EN,LEPA,LFBO,4,2026-10-08,20:21
RYR9EP,LIBD,LKPR,5,2026-10-08,04:25
RYR9ET,LIRZ,EGSS,7,2026-10-09,20:22
RYR9EY,LICC,LIMC,5,2026-10-09,21:55
RYR9FC,LEBL,LHBP,6,2026-10-09,13:27
RYR9FF,LKPR,LIRA,7,2026-10-09,17:39
RYR9FG,LPPT,EPWR,2,2026-10-07,19:39
RYR9FM,LDDU,EIDW,3,2026-10-06,20:40
RYR9FR,EINN,EGCC,6,2026-10-09,15:04
RYR9FU,LFML,LEMD,1,2026-10-04,17:46
RYR9FX,EETN,LIMC,2,2026-10-09,18:34
RYR9G,LEMD,LEIB,1,2026-10-07,19:18
RYR9GA,EGSS,EPKK,7,2026-10-09,07:31
RYR9GE,LIPE,EBCI,1,2026-10-05,14:52
RYR9GF,LCPH,EPGD,3,2026-10-06,08:17
RYR9GG,LIEA,EICK,2,2026-10-06,21:13
RYR9GR,LIBR,LIME,7,2026-10-09,17:09
RYR9GU,EPKT,LICR,2,2026-10-08,09:45
RYR9GW,EGGP,EIDW,7,2026-10-09,06:11
RYR9HC,EIDW,EGSS,6,2026-10-09,12:56
RYR9HD,LICC,LIPY,5,2026-10-08,10:37
RYR9HE,LFMK,EBCI,2,2026-10-08,14:07
RYR9HL,LEPA,EDDK,7,2026-10-09,11:14
RYR9HQ,EGSS,EPGD,2,2026-10-09,16:27
RYR9HT,LIMC,LEVC,4,2026-10-09,06:36
RYR9HV,EGPK,EIDW,1,2026-10-08,13:29
RYR9HZ,LZIB,EPMO,6,2026-10-09,17:29
RYR9JC,EGSS,EVRA,3,2026-10-08,07:15
RYR9JF,LEAL,EDDN,4,2026-10-09,10:29
RYR9JJ,EDDK,LEMG,1,2026-10-06,16:59
RYR9JN,EIDW,LPFR,2,2026-10-08,19:37
RYR9JP,LIBR,LIPE,5,2026-10-09,16:01
RYR9JR,EPGD,EGCC,5,2026-10-09,05:53
RYR9JT,EDJA,LGTS,4,2026-10-09,05:56
RYR9JV,EIDW,LZIB,3,2026-10-09,18:07
RYR9JW,EHEH,LEMG,7,2026-10-09,09:43
RYR9JX,LIBD,LIME,5,2026-10-08,11:51
RYR9K,LIBD,LIRF,7,2026-10-09,05:52
RYR9KA,EIDW,LHBP,2,2026-10-07,19:20
RYR9KE,LEMD,GCRR,7,2026-10-09,19:26
RYR9KG,LEBL,EBBR,6,2026-10-09,04:21
RYR9KJ,LHBP,LIMC,1,2026-10-07,10:45
RYR9KT,EGSS,LOWW,5,2026-10-09,16:15
RYR9KU,EPKK,EGSS,7,2026-10-09,13:57
RYR9KV,LFML,LIRF,2,2026-10-06,13:15
RYR9KY,LKPR,LZKZ,7,2026-10-09,09:33
RYR9LB,LEST,LEAL,7,2026-10-09,20:28
RYR9LD,LROP,EGSS,6,2026-10-09,18:49
RYR9LE,EPWR,LEMG,1,2026-10-07,03:42
RYR9LF,EPGD,EPKK,6,2026-10-09,06:48
RYR9LH,EGSS,LEBL,6,2026-10-09,07:11
RYR9LR,EDDW,LEPA,2,2026-10-07,11:08
RYR9LX,LOWW,LDDU,3,2026-10-09,19:18
RYR9LY,LFMN,EIDW,5,2026-10-08,21:27
RYR9LZ,LIBR,LIPE,6,2026-10-09,06:23
RYR9M,EINN,GCLP,1,2026-10-09,05:15
RYR9MA,LOWW,LBSF,6,2026-10-09,03:51
RYR9MC,ESSA,LIME,2,2026-10-04,04:31
RYR9ME,EDDK,EGCC,2,2026-10-07,05:30
RYR9MG,LFML,EPWR,2,2026-10-06,04:24
RYR9MJ,LEMH,EGCC,2,2026-10-06,20:12
RYR9MP,EGBB,EIDW,6,2026-10-08,07:59
RYR9MR,LEPA,EDDH,1,2026-10-06,14:57
RYR9MT,EDJA,LEAL,3,2026-10-07,07:20
RYR9MU,EVRA,EGSS,3,2026-10-08,03:40
RYR9MV,LATI,LIME,6,2026-10-09,19:58
RYR9MW,LIME,LICT,2,2026-10-09,10:42
RYR9MX,EDDK,LEMG,4,2026-10-08,17:16
RYR9MZ,LMML,LEBL,5,2026-10-09,14:27
RYR9N,EBCI,LFML,6,2026-10-09,04:41
RYR9NE,EGSS,LEAL,2,2026-10-07,15:05
RYR9NH,EYVI,LOWW,3,2026-10-06,15:02
RYR9NM,LOWW,LEPA,1,2026-10-06,14:26
RYR9NN,EIDW,LPFR,3,2026-10-09,11:03
RYR9NP,LIME,LKPR,1,2026-10-04,13:59
RYR9NR,EGBB,EPKK,3,2026-10-09,20:36
RYR9NT,LPPR,EIDW,2,2026-10-07,20:48
RYR9NY,EPKT,LICZ,2,2026-10-04,15:53
RYR9PA,EIDW,LPPT,2,2026-10-06,17:10
RYR9PJ,EGSS,LEZL,2,2026-10-09,13:52
RYR9PJ,EGSS,LEMG,1,2026-10-04,11:26
RYR9PK,LGAV,EBCI,5,2026-10-09,10:44
RYR9PX,LEZL,LPPT,3,2026-10-07,14:51
RYR9PY,EDFH,GMMW,1,2026-10-04,16:20
RYR9QG,EGNV,LEPA,1,2026-10-07,07:46
RYR9QK,LEMD,EPKK,4,2026-10-08,04:03
RYR9QM,LIMF,LICA,5,2026-10-09,20:41
RYR9QR,LEMD,LIME,2,2026-10-09,20:26
RYR9QV,LEZL,LEPA,1,2026-10-07,17:12
RYR9QX,EGCC,LIRA,7,2026-10-09,07:35
RYR9R,LOWW,LGAV,2,2026-10-06,12:07
RYR9RA,LIRN,LIPQ,1,2026-10-04,05:53
RYR9RJ,EBCI,LKPR,7,2026-10-09,10:48
RYR9RL,EGFF,LEMG,5,2026-10-09,14:59
RYR9RM,LIME,LATI,4,2026-10-08,16:24
RYR9RQ,LEBL,LIRZ,2,2026-10-07,08:50
RYR9RR,ESSA,EETN,1,2026-10-04,19:30
RYR9RW,EPKK,EGGW,1,2026-10-06,22:00
RYR9RX,EGNM,EPGD,2,2026-10-07,14:36
RYR9SA,GMFO,LFML,3,2026-10-08,20:04
RYR9SE,EGSS,EKAH,7,2026-10-09,17:18
RYR9SK,ESGG,EPGD,2,2026-10-09,13:13
RYR9SL,LEBL,EETN,1,2026-10-08,16:38
RYR9SN,LEMD,EGBB,1,2026-10-07,11:50
RYR9SP,EPGD,LZIB,3,2026-10-08,09:58
RYR9SU,LFML,EBCI,6,2026-10-09,06:47
RYR9SV,LRBS,LEGE,3,2026-10-07,08:11
RYR9SW,EPWA,EGNM,2,2026-10-08,19:58
RYR9TF,EKCH,LGTS,2,2026-10-08,16:55
RYR9TG,LEMD,LEPA,2,2026-10-08,12:33
RYR9TK,LIMC,LFOB,5,2026-10-09,06:12
RYR9TM,LEMG,EDLV,6,2026-10-09,15:53
RYR9TN,LMML,EPPO,4,2026-10-08,07:58
RYR9TY,EGSS,EPPO,3,2026-10-07,14:43
RYR9UA,LPPR,LPMA,2,2026-10-08,07:20
RYR9UD,LMML,EPWR,1,2026-10-09,16:59
RYR9UJ,LFBO,LEAL,2,2026-10-07,21:34
RYR9UM,EYVI,EDDN,3,2026-10-07,09:02
RYR9UQ,EIDW,EPKK,5,2026-10-09,05:16
RYR9UR,LEMD,EGBB,4,2026-10-08,23:35
RYR9UX,EGSS,LROP,3,2026-10-08,19:45
RYR9UZ,EBCI,LIPH,2,2026-10-09,17:05
RYR9VA,GCRR,EGNM,2,2026-10-07,14:12
RYR9VB,LHBP,EKCH,7,2026-10-09,15:30
RYR9VC,LIPH,LBSF,2,2026-10-04,09:37
RYR9VG,LEXJ,EGSS,4,2026-10-09,14:41
RYR9VH,EPGD,EGPH,1,2026-10-08,21:13
RYR9VJ,LICC,LOWW,3,2026-10-09,14:25
RYR9VP,LEMG,EBCI,7,2026-10-09,08:32
RYR9WA,LEBL,LIME,7,2026-10-09,08:43
RYR9WD,LEPA,EDSB,5,2026-10-08,19:28
RYR9WE,LFOB,LOWW,4,2026-10-09,07:38
RYR9WF,LEMG,EDFH,2,2026-10-09,20:31
RYR9WG,LHBP,LMML,6,2026-10-09,12:48
RYR9WM,EPPO,EGGD,1,2026-10-09,11:34
RYR9WN,EIDW,EGPH,3,2026-10-09,21:23
RYR9WQ,EGGP,EPKK,6,2026-10-09,08:03
RYR9WV,LEPA,EGSS,2,2026-10-08,21:11
RYR9WW,EGSS,LICZ,1,2026-10-03,08:04
RYR9WZ,EGBB,LEBL,1,2026-10-05,00:10
RYR9XB,EGPH,LIRA,7,2026-10-09,16:31
RYR9XF,LERS,EGNX,2,2026-10-08,15:48
RYR9XH,LIBD,LIPX,4,2026-10-08,14:21
RYR9XL,LICA,LBSF,2,2026-10-07,20:06
RYR9XT,EPKK,ENTO,4,2026-10-09,13:56
RYR9YA,LIBD,LIPZ,2,2026-10-08,15:23
RYR9YC,EGBB,LEMG,5,2026-10-08,07:46
RYR9YD,LEPA,EDDB,7,2026-10-09,08:50
RYR9YF,LEVC,LIME,2,2026-10-08,18:19
RYR9YH,LEMG,EIDW,4,2026-10-09,20:17
RYR9YP,LPPR,LFOT,3,2026-10-09,13:41
RYR9YU,LIRA,EPPO,5,2026-10-08,07:44
RYR9YW,LIPR,EPKK,2,2026-10-07,21:15
RYR9Z,LHBP,LIME,5,2026-10-08,18:06
RYR9ZH,LEIB,LIBD,2,2026-10-08,04:45
RYR9ZM,LIRF,LEAL,4,2026-10-07,19:07
RYR9ZN,LIME,EPKT,5,2026-10-09,21:15
RYR9ZP,EIDW,EPBY,1,2026-10-07,17:20
