callsign,origin,destination,days_seen,last_seen,takeoff_utc
SKW1000,KSLC,KSDF,1,2026-10-01,18:57
SKW1001,KFOE,KPVU,1,2026-10-03,03:05
SKW1002,KCLL,KAHN,1,2026-10-01,19:12
SKW1003,KAHN,KCLL,1,2026-10-03,02:46
SKW101A,KSGU,KSLC,5,2026-10-06,11:56
SKW102P,KSLC,KBIL,7,2026-10-06,17:03
SKW104T,KSLC,CYYC,7,2026-10-06,15:34
SKW105W,CYVR,KSLC,7,2026-10-06,13:59
SKW107K,KAUS,KJAX,3,2026-10-06,15:38
SKW108R,KSLC,KLGB,7,2026-10-06,21:26
SKW113H,KSLC,KSJC,7,2026-10-06,14:14
SKW116X,KSLC,KOKC,7,2026-10-06,20:01
SKW117W,KCOS,KSLC,7,2026-10-06,14:30
SKW118R,KBOI,KSEA,7,2026-10-06,12:58
SKW120W,KSLC,KPSP,5,2026-10-06,02:52
SKW123J,KSEA,CYVR,7,2026-10-06,16:47
SKW124T,KSLC,KABQ,7,2026-10-06,15:49
SKW125R,KMSP,CYYZ,7,2026-10-06,01:22
SKW125X,KATL,KXNA,1,2026-10-05,13:46
SKW125X,KDTW,KAZO,1,2026-10-01,16:43
SKW125X,KDTW,KIAD,1,2026-10-02,11:23
SKW125X,KMSP,KFSD,1,2026-10-03,13:39
SKW129H,CYYC,KSLC,7,2026-10-06,18:48
SKW129W,KMSP,KGRB,6,2026-10-05,15:17
SKW130W,KLAX,KABQ,7,2026-10-06,15:55
SKW132K,KSEA,CYVR,6,2026-10-05,01:25
SKW134F,KLAX,KSMF,7,2026-10-06,19:12
SKW135K,KMSP,CYWG,7,2026-10-06,02:59
SKW137C,KSLC,KEUG,7,2026-10-06,04:56
SKW138Y,KLAX,KTUS,7,2026-10-06,16:45
SKW139W,KMSP,CYYZ,7,2026-10-06,13:38
SKW141E,KAUS,KMSY,5,2026-10-05,18:44
SKW144J,KLGB,KSLC,6,2026-10-06,00:05
SKW148E,KMSO,KSLC,6,2026-10-05,00:25
SKW149R,CYYZ,KMSP,7,2026-10-06,16:45
SKW149Y,KMSP,KGFK,1,2026-10-06,13:34
SKW154F,KSLC,CYYC,7,2026-10-06,03:06
SKW155A,KSLC,KEUG,7,2026-10-06,17:02
SKW156H,KGEG,KSEA,7,2026-10-06,16:47
SKW157E,CYWG,KMSP,7,2026-10-06,17:50
SKW158J,KABR,KMSP,7,2026-10-06,11:41
SKW160Y,KIDA,KSLC,5,2026-10-05,01:12
SKW162Z,KSEA,CYVR,7,2026-10-06,05:18
SKW164T,KSEA,KSMF,7,2026-10-06,16:16
SKW166C,KSLC,KMSO,5,2026-10-05,22:12
SKW167P,KMSP,KDLH,1,2026-10-01,13:35
SKW167P,KSEA,KSJC,1,2026-10-06,13:07
SKW167P,KSNA,KSEA,1,2026-10-02,15:34
SKW168F,KSEA,KSJC,7,2026-10-06,19:04
SKW1702,KTUS,KPSP,1,2026-10-06,22:14
SKW1703,KDEN,KMKE,1,2026-10-02,14:40
SKW170A,KMSP,CYYZ,6,2026-10-06,20:40
SKW172E,KSLC,KSUN,7,2026-10-06,17:28
SKW174P,CYYC,KSLC,7,2026-10-06,13:54
SKW181H,KSEA,KEUG,5,2026-10-06,23:08
SKW182J,KMSP,CYWG,6,2026-10-06,20:23
SKW183T,KBOI,KSEA,7,2026-10-06,18:47
SKW185X,KMSP,KRAP,1,2026-10-01,11:51
SKW185X,KSJC,KSEA,1,2026-10-06,15:57
SKW188F,KMSP,KOMA,6,2026-10-06,20:49
SKW192E,KMSP,CYWG,6,2026-10-05,18:45
SKW194R,CYVR,KSEA,7,2026-10-06,13:34
SKW197F,KMSP,CYWG,7,2026-10-06,15:23
SKW208A,KDEN,KLAX,6,2026-10-06,13:13
SKW215Y,KOKC,KLAX,5,2026-10-04,12:28
SKW220C,KXNA,KLAX,7,2026-10-06,12:17
SKW225X,KCLT,KSHV,1,2026-10-03,17:10
SKW225X,KLAX,KPDX,1,2026-10-04,15:55
SKW238P,KPHX,KOKC,6,2026-10-06,02:28
SKW241C,KDFW,KSJT,1,2026-10-03,15:34
SKW247W,KRIC,KORD,1,2026-10-02,13:24
SKW249R,KSFO,KLAX,7,2026-10-06,18:19
SKW259E,KDFW,KSHV,1,2026-10-06,22:19
SKW263T,KCLT,KSHV,1,2026-10-02,15:28
SKW283W,KLAX,KTUS,7,2026-10-06,03:57
SKW285R,KLEX,KORD,1,2026-10-05,23:26
SKW296Y,KLAX,KABQ,6,2026-10-06,03:56
SKW299X,KLAS,KLAX,1,2026-10-04,18:32
SKW299X,KORD,KBTV,1,2026-10-02,12:34
SKW3001,KBOI,KONT,2,2026-10-06,23:07
SKW3001,KONT,KBOI,2,2026-10-06,02:17
SKW3001,KPDX,KSJC,4,2026-10-03,00:46
SKW3002,KSAN,KGEG,3,2026-10-02,04:09
SKW3003,KSMF,KPDX,4,2026-10-06,19:04
SKW3005,KSAN,KMRY,6,2026-10-06,05:40
SKW3005,KSAN,KSMF,1,2026-10-03,06:18
SKW3006,KEUG,KPDX,3,2026-10-06,19:59
SKW3006,KPDX,KEUG,3,2026-10-06,18:30
SKW3006,KRNO,KSEA,1,2026-10-03,17:21
SKW3007,KSFO,KSAN,2,2026-10-02,17:42
SKW3009,KBOI,KLAX,4,2026-10-06,13:30
SKW3009,KEUG,KSAN,2,2026-10-02,15:14
SKW3010,KLAX,KBOI,3,2026-10-06,02:49
SKW3010,KSAN,KEUG,3,2026-10-03,01:51
SKW3011,KLAS,KSAN,4,2026-10-03,02:51
SKW3013,KEUG,KSEA,7,2026-10-06,22:14
SKW3015,KACV,KSEA,3,2026-10-02,22:32
SKW3015,KSEA,KACV,2,2026-10-02,20:22
SKW3016,KSEA,KEUG,5,2026-10-06,23:21
SKW3017,KSAN,KSLC,3,2026-10-05,03:49
SKW3018,KSLC,KSAN,6,2026-10-05,14:09
SKW3019,KSLC,KSAN,4,2026-10-06,02:21
SKW3020,KBOI,KSEA,3,2026-10-06,14:35
SKW3020,KBOI,KPSC,1,2026-10-04,14:39
SKW3020,KFAT,KSAN,2,2026-10-02,16:48
SKW3020,KPSC,KSEA,1,2026-10-04,17:34
SKW3021,KFAT,KSAN,3,2026-10-06,03:24
SKW3021,KSAN,KFAT,7,2026-10-06,01:55
SKW3022,KPDX,KPSP,6,2026-10-06,01:00
SKW3023,KGEG,KPDX,3,2026-10-02,15:39
SKW3024,KPDX,KFAT,7,2026-10-06,00:58
SKW3025,KBOI,KSFO,7,2026-10-06,16:25
SKW3026,KSEA,KIDA,6,2026-10-06,20:12
SKW3027,KIDA,KSEA,7,2026-10-06,20:21
SKW3028,KPDX,KGEG,6,2026-10-06,15:54
SKW3029,KDEN,KSAN,4,2026-10-03,02:45
SKW3029,KSAN,KDEN,4,2026-10-03,23:35
SKW3030,KSAN,KLAS,3,2026-10-02,15:19
SKW3031,KONT,KSTS,7,2026-10-06,23:43
SKW3032,KSTS,KONT,6,2026-10-06,22:34
SKW3033,KPHX,KSAN,3,2026-10-02,20:32
SKW3033,KSAN,KPHX,3,2026-10-02,17:38
SKW3034,KPHX,KSAN,3,2026-10-03,23:26
SKW3034,KSAN,KPHX,3,2026-10-02,20:42
SKW3035,KPHX,KSAN,4,2026-10-03,03:31
SKW3035,KSAN,KPHX,4,2026-10-03,01:02
SKW3036,KPDX,KSTS,2,2026-10-06,02:07
SKW3036,KSAN,KSJC,3,2026-10-02,17:00
SKW3037,KGEG,KSAN,3,2026-10-02,13:15
SKW3038,KPDX,KSEA,4,2026-10-06,19:28
SKW3039,KSJC,KSAN,3,2026-10-02,17:46
SKW3039,KSNA,KSFO,4,2026-10-06,19:06
SKW3040,KEUG,KPDX,7,2026-10-06,12:40
SKW3041,KEUG,KPDX,3,2026-10-02,23:16
SKW3042,KEUG,KPDX,4,2026-10-06,23:13
SKW3042,KPDX,KEUG,7,2026-10-06,21:41
SKW3043,KPDX,KEUG,5,2026-10-06,04:52
SKW3044,KPDX,KIDA,3,2026-10-02,17:47
SKW3045,KSAN,KSTS,7,2026-10-06,20:10
SKW3046,KSTS,KSAN,4,2026-10-03,03:11
SKW3047,KSTS,KSAN,3,2026-10-02,18:19
SKW3048,KSFO,KSNA,4,2026-10-06,18:04
SKW3049,KEUG,KPDX,3,2026-10-02,19:45
SKW3049,KPSC,KSEA,3,2026-10-06,01:19
SKW3049,KSEA,KPSC,3,2026-10-06,23:34
SKW304R,KORD,KEAU,5,2026-10-05,18:33
SKW3050,KOAK,KSAN,3,2026-10-06,22:24
SKW3050,KSAN,KOAK,4,2026-10-06,19:50
SKW3051,KSAN,KFAT,3,2026-10-06,02:43
SKW3052,KFAT,KSAN,4,2026-10-06,18:02
SKW3052,KSAN,KLAS,3,2026-10-03,23:43
SKW3053,KSNA,KSTS,4,2026-10-06,20:06
SKW3054,KSNA,KSFO,7,2026-10-06,16:45
SKW3055,KSFO,KSNA,3,2026-10-02,20:11
SKW3055,KSNA,KSFO,4,2026-10-06,20:59
SKW3056,KSNA,KSTS,4,2026-10-03,23:43
SKW3056,KSTS,KSNA,4,2026-10-06,21:09
SKW3057,KSNA,KSTS,2,2026-10-06,23:59
SKW3057,KSTS,KSNA,4,2026-10-03,00:49
SKW3058,KEUG,KLAX,3,2026-10-06,20:05
SKW3058,KLAX,KEUG,3,2026-10-06,17:08
SKW3058,KSAN,KSLC,3,2026-10-02,16:11
SKW3059,KSLC,KSAN,3,2026-10-02,20:44
SKW3059,KSTS,KSNA,2,2026-10-06,01:07
SKW305G,KDEN,KPSP,3,2026-10-04,21:58
SKW3060,KLAX,KSTS,3,2026-10-06,16:46
SKW3060,KSTS,KLAX,3,2026-10-06,19:08
SKW3063,KRDM,KSEA,3,2026-10-02,17:34
SKW3063,KSEA,KRDM,3,2026-10-02,15:19
SKW3064,KEUG,KLAX,3,2026-10-02,15:23
SKW3065,KLAX,KEUG,2,2026-10-02,01:31
SKW3065,KLAX,KBOI,1,2026-10-03,01:30
SKW306R,KDEN,KCOS,6,2026-10-06,03:35
SKW3080,KBZN,KSAN,1,2026-10-03,19:52
SKW3081,KSAN,KBZN,1,2026-10-03,15:24
SKW3090,CYYJ,KSEA,1,2026-10-02,00:54
SKW3099,KSFO,KSAN,4,2026-10-03,01:00
SKW309L,KDEN,KFSD,7,2026-10-06,03:17
SKW3100,KSAN,KSFO,4,2026-10-03,01:53
SKW3102,KPDX,KEUG,3,2026-10-02,19:12
SKW3103,KOAK,KSAN,3,2026-10-03,22:59
SKW3103,KSAN,KOAK,3,2026-10-02,20:05
SKW3103,KSBA,KSAN,3,2026-10-06,13:19
SKW3104,KSAN,KOAK,4,2026-10-03,01:07
SKW3104,KSAN,KSBA,3,2026-10-06,06:06
SKW3105,KBLI,KPDX,6,2026-10-06,15:29
SKW3106,KPDX,KBLI,7,2026-10-06,04:47
SKW3107,KOAK,KSAN,3,2026-10-02,21:07
SKW3108,KSAN,KOAK,4,2026-10-03,05:23
SKW3109,KPSC,KPDX,4,2026-10-06,12:29
SKW310M,KDEN,KRDD,7,2026-10-06,18:00
SKW3110,KPSC,KSEA,4,2026-10-06,19:22
SKW3110,KSAN,KBOI,4,2026-10-03,00:51
SKW3110,KSEA,KPSC,4,2026-10-06,16:47
SKW3111,KOAK,KSAN,3,2026-10-02,14:13
SKW3111,KSEA,KPDX,4,2026-10-06,18:03
SKW3112,KPDX,KSTS,4,2026-10-06,14:07
SKW3112,KSAN,KSBA,3,2026-10-02,21:05
SKW3112,KSBA,KSAN,3,2026-10-03,22:44
SKW3113,KSAN,KSBA,3,2026-10-02,06:03
SKW3114,KBUR,KSTS,3,2026-10-06,21:28
SKW3114,KSBA,KSAN,3,2026-10-02,13:07
SKW3115,KSTS,KBUR,3,2026-10-06,03:14
SKW3116,KSEA,KACV,4,2026-10-06,21:09
SKW3117,KACV,KSEA,2,2026-10-06,23:28
SKW3118,KSAN,KSLC,4,2026-10-06,16:03
SKW3119,KSLC,KSAN,4,2026-10-06,20:55
SKW3120,KDEN,KSAN,2,2026-10-06,17:21
SKW3120,KLAS,KBOI,2,2026-10-02,22:26
SKW3121,KBOI,KLAS,3,2026-10-02,19:42
SKW3121,KSAN,KDEN,2,2026-10-06,03:45
SKW3123,KJAC,KSEA,3,2026-10-02,18:27
SKW3124,KBUR,KBOI,1,2026-10-06,19:23
SKW3126,KBOI,KLAX,3,2026-10-02,13:18
SKW3127,KLAX,KBOI,4,2026-10-03,03:08
SKW3128,KEUG,KSEA,4,2026-10-03,03:38
SKW3128,KSEA,KEUG,4,2026-10-03,00:57
SKW3129,KGEG,KSEA,4,2026-10-06,15:38
SKW312A,KORD,KMCW,7,2026-10-06,13:02
SKW3130,KPDX,KOAK,3,2026-10-02,18:09
SKW3131,KPDX,KSLC,3,2026-10-02,21:58
SKW3132,KSLC,KPDX,3,2026-10-02,15:00
SKW3136,KSEA,KRNO,3,2026-10-02,04:26
SKW3136,KSEA,KPSP,1,2026-10-03,03:20
SKW3137,KRNO,KSEA,3,2026-10-02,13:16
SKW313H,KLAX,KSMF,6,2026-10-06,20:41
SKW3140,KPSC,KSEA,3,2026-10-02,18:13
SKW3140,KSEA,KPSC,3,2026-10-02,16:23
SKW3141,KSTS,KSAN,3,2026-10-06,00:23
SKW3142,KSEA,KGEG,3,2026-10-02,17:34
SKW3143,KGEG,KSEA,3,2026-10-02,19:40
SKW3143,KSEA,KPDX,4,2026-10-06,22:11
SKW3144,KPHX,KSAN,4,2026-10-06,18:22
SKW3144,KSAN,KPHX,4,2026-10-06,15:03
SKW3145,KDEN,KPDX,2,2026-10-06,02:35
SKW3145,KPDX,KDEN,2,2026-10-06,23:13
SKW3145,KSEA,KPDX,3,2026-10-02,17:36
SKW3146,KPDX,KSEA,3,2026-10-06,23:18
SKW3147,KSAN,KSJC,3,2026-10-06,00:04
SKW3148,KBOI,KPDX,3,2026-10-06,02:35
SKW3156,KSTS,KBUR,4,2026-10-06,21:43
SKW3159,KTUS,KSEA,2,2026-10-02,14:14
SKW3160,KSEA,KTUS,3,2026-10-03,01:17
SKW3161,KSEA,CA-1291,3,2026-10-02,21:38
SKW3162,CA-1291,KSEA,3,2026-10-03,00:08
SKW3163,KPSP,KSFO,2,2026-10-02,19:22
SKW3164,KSFO,KPSP,2,2026-10-02,21:45
SKW317K,KORD,KBHM,1,2026-10-06,16:20
SKW3180,KPSP,KSFO,2,2026-10-02,21:18
SKW3181,KSEA,CYYJ,4,2026-10-06,22:59
SKW3201,KPDX,KSEA,3,2026-10-02,17:54
SKW3202,KFAT,KPDX,1,2026-10-01,00:28
SKW3202,KPDX,KFAT,1,2026-09-30,21:43
SKW3207,KMSO,KPDX,4,2026-10-06,19:30
SKW3208,KBOI,KGEG,4,2026-10-06,19:10
SKW3209,KSAN,KSMF,3,2026-10-02,15:28
SKW3209,KSMF,KSAN,3,2026-10-02,18:09
SKW3210,KLAS,KSAN,3,2026-10-02,18:07
SKW3210,KSFO,KSNA,4,2026-10-06,18:51
SKW3211,KSAN,KSFO,3,2026-10-02,21:40
SKW3211,KSEA,KBOI,4,2026-10-06,18:59
SKW3212,KSJC,KSAN,4,2026-10-03,03:58
SKW3213,KPSP,KSTS,3,2026-10-05,19:16
SKW3213,KSTS,KBUR,3,2026-10-02,22:34
SKW3213,KSTS,KPSP,3,2026-10-05,16:40
SKW3214,KSAN,KSBP,3,2026-10-02,21:06
SKW3215,KBOI,KONT,2,2026-10-06,21:24
SKW3215,KONT,KBOI,1,2026-10-04,00:20
SKW3216,KLAX,KRDM,3,2026-10-06,21:36
SKW3216,KRDM,KLAX,2,2026-10-06,00:27
SKW3216,KSFO,KSNA,3,2026-10-02,21:30
SKW3217,KSBP,KPDX,1,2026-10-03,14:34
SKW3217,KSEA,KPSC,3,2026-10-02,05:59
SKW3218,KPSC,KSEA,3,2026-10-02,13:11
SKW3218,KSEA,KGEG,3,2026-10-06,01:00
SKW3219,KGEG,KBOI,4,2026-10-06,21:01
SKW3220,KPDX,KSTS,3,2026-10-02,14:43
SKW3220,KSEA,KGEG,3,2026-10-06,00:46
SKW3221,KGEG,KSEA,3,2026-10-06,02:16
SKW3221,KSTS,KPDX,3,2026-10-02,21:58
SKW3222,KRDM,KLAX,2,2026-10-06,14:04
SKW3223,KRDM,KBUR,6,2026-10-06,18:30
SKW3224,KBUR,KRDM,6,2026-10-06,15:38
SKW3225,KSTS,KBUR,3,2026-10-02,02:08
SKW3246,KSAN,KSFO,1,2026-10-03,04:44
SKW3247,KLAX,KSTS,2,2026-10-06,23:20
SKW3248,KSNA,KSFO,3,2026-10-03,01:55
SKW3251,KSNA,KSFO,7,2026-10-06,15:05
SKW3252,KSAN,KSMF,4,2026-10-06,16:07
SKW3259,KBUR,KEUG,7,2026-10-06,19:10
SKW3260,KEUG,KBUR,6,2026-10-06,01:03
SKW3266,KOAK,KPDX,3,2026-10-02,15:18
SKW3267,KPDX,KOAK,3,2026-10-02,03:10
SKW3267,KSEA,KPSC,1,2026-10-03,20:47
SKW3268,KSEA,KSLC,3,2026-10-06,00:13
SKW3278,KLAX,KEUG,3,2026-10-02,16:28
SKW327W,KORD,KROA,7,2026-10-06,01:17
SKW3281,KSLC,KSEA,3,2026-10-02,00:51
SKW3282,KSEA,KSLC,2,2026-10-01,22:13
SKW3283,KBUR,KBOI,3,2026-10-05,00:35
SKW3284,KPSP,KSEA,4,2026-10-06,14:56
SKW3285,KSEA,KPSP,3,2026-10-06,02:28
SKW3287,KONT,KSNA,1,2026-10-02,18:57
SKW3287,KSTS,KSNA,6,2026-10-06,16:38
SKW3287,KSTS,KONT,1,2026-10-02,16:40
SKW3288,KPDX,KSLC,3,2026-10-06,21:39
SKW328X,KORD,KLYH,6,2026-10-06,23:26
SKW3291,KPDX,KSLC,2,2026-10-02,00:55
SKW3292,KSAN,KAUS,6,2026-10-06,02:05
SKW3293,KAUS,KSAN,7,2026-10-06,11:18
SKW3294,KBLI,KSEA,6,2026-10-06,21:28
SKW3294,KSEA,KBLI,6,2026-10-06,20:01
SKW3295,KSBP,KSAN,2,2026-10-02,13:20
SKW3298,KSEA,KSLC,4,2026-10-03,03:04
SKW3299,KBUR,KBOI,1,2026-09-30,19:15
SKW329M,KDEN,KBIS,7,2026-10-06,03:29
SKW3300,KAUS,KSAN,3,2026-10-06,02:28
SKW3300,KSAN,KAUS,6,2026-10-06,22:15
SKW3301,KAUS,KSAN,4,2026-10-03,02:45
SKW3302,CYYJ,KSEA,3,2026-10-06,00:37
SKW3302,KSAN,KSTS,3,2026-10-03,05:13
SKW3303,KLAX,KPSC,6,2026-10-06,02:57
SKW3304,KPSC,KLAX,6,2026-10-06,14:13
SKW3305,KSAN,KSFO,2,2026-10-01,18:34
SKW3305,KSAN,KSJC,1,2026-10-02,16:40
SKW3306,KOAK,KSAN,1,2026-10-02,05:12
SKW3306,KSFO,KSAN,4,2026-10-06,02:53
SKW3307,KIDA,KPDX,2,2026-10-02,22:25
SKW3308,KSLC,KPDX,4,2026-10-06,01:54
SKW3309,KSAN,KPHX,4,2026-10-06,21:24
SKW330Z,KORD,KSUX,2,2026-10-06,21:51
SKW3310,KPHX,KSAN,3,2026-10-06,23:28
SKW3310,KSFO,KSAN,3,2026-10-02,20:31
SKW3311,KPDX,KTUS,3,2026-10-06,00:49
SKW3312,KSJC,KSAN,2,2026-10-06,04:09
SKW3313,KSAN,KSJC,2,2026-10-06,01:16
SKW3313,KSNA,KSFO,4,2026-10-03,00:38
SKW3314,KPDX,KMSO,4,2026-10-06,18:09
SKW3314,KPDX,KRDM,3,2026-10-02,18:04
SKW3314,KRDM,KPDX,3,2026-10-02,19:40
SKW3315,KSEA,KGEG,4,2026-10-06,16:13
SKW3315,KSTS,KSAN,2,2026-10-01,13:32
SKW3316,KGEG,KSEA,4,2026-10-06,17:51
SKW3317,KLAX,KRDM,2,2026-10-06,03:43
SKW3319,KBOI,KPHX,2,2026-10-05,21:00
SKW3320,KPHX,KBOI,2,2026-10-06,23:48
SKW3321,KPDX,KIDA,4,2026-10-06,17:45
SKW3322,KIDA,KPDX,3,2026-10-06,22:34
SKW3323,KSAN,KLAS,3,2026-10-06,05:46
SKW3324,KLAS,KSAN,3,2026-10-06,16:17
SKW3324,KPSC,KSEA,1,2026-10-03,22:16
SKW3325,KLAX,KSTS,1,2026-10-04,01:00
SKW3326,KSTS,KLAX,1,2026-10-04,14:14
SKW3327,KSTS,KPSP,2,2026-10-02,17:54
SKW3328,KSAN,KSBA,4,2026-10-06,20:31
SKW3329,KPDX,KRDM,3,2026-10-06,18:03
SKW3329,KRDM,KPDX,3,2026-10-06,19:47
SKW3330,KSMF,KSAN,4,2026-10-06,18:31
SKW3331,KTUS,KPDX,4,2026-10-06,13:25
SKW3332,KSEA,KMSO,4,2026-10-06,17:34
SKW3333,KMSO,KSEA,4,2026-10-06,20:39
SKW3333,KSNA,KSFO,3,2026-10-02,22:23
SKW3334,KRDM,KSAN,3,2026-10-06,02:19
SKW3334,KSAN,KRDM,3,2026-10-06,23:36
SKW3335,KSTS,KPDX,3,2026-10-06,15:20
SKW3336,KSEA,KPDX,3,2026-10-06,03:17
SKW3338,KEUG,KLAX,3,2026-10-06,15:42
SKW3339,KLAX,KEUG,3,2026-10-06,03:46
SKW3340,KPSP,KSTS,2,2026-10-02,20:14
SKW3340,KSJC,KPDX,3,2026-10-06,15:07
SKW3341,KPDX,KSJC,3,2026-10-06,04:08
SKW3342,KOAK,KSAN,1,2026-10-03,15:53
SKW3342,KPDX,KSEA,3,2026-10-06,21:53
SKW3343,KSEA,KFAT,5,2026-10-06,02:59
SKW3344,KSLC,KSEA,7,2026-10-06,12:24
SKW3345,KFAT,KSEA,7,2026-10-06,14:17
SKW3346,KMRY,KSAN,7,2026-10-06,22:03
SKW3346,KSAN,KMRY,7,2026-10-06,19:53
SKW3347,KSAN,KSFO,3,2026-10-02,19:13
SKW3349,KSTS,KSAN,4,2026-10-06,13:32
SKW3350,KSAN,KSTS,3,2026-10-06,04:17
SKW3355,KPDX,KSLC,7,2026-10-06,17:40
SKW3356,KSFO,KPSP,6,2026-10-06,03:09
SKW3357,KRDM,KLAX,2,2026-10-02,16:26
SKW3358,KLAX,KSTS,1,2026-10-02,00:15
SKW3359,KSJC,KSAN,3,2026-10-06,19:05
SKW3360,KRDM,KSFO,2,2026-10-03,02:25
SKW3360,KRDM,KOAK,1,2026-10-02,02:26
SKW3360,KSAN,KSMF,3,2026-10-06,19:59
SKW3360,KSMF,KSAN,3,2026-10-06,22:18
SKW3361,KRDM,KSFO,3,2026-10-06,01:54
SKW3361,KSFO,KRDM,6,2026-10-06,00:01
SKW3370,KPSP,KPDX,6,2026-10-05,14:20
SKW3371,KSTS,KPDX,4,2026-10-06,02:04
SKW3372,KOAK,KPDX,4,2026-10-03,03:01
SKW3373,KLAX,KRDM,2,2026-10-02,03:31
SKW3374,KPDX,KSMF,4,2026-10-06,15:09
SKW3375,KSFO,KBOI,7,2026-10-06,03:03
SKW3378,KPSC,KSEA,4,2026-10-03,01:00
SKW3378,KSEA,KPSC,2,2026-10-03,23:22
SKW3379,KSJC,KPDX,3,2026-10-02,19:06
SKW3380,KSEA,CYYJ,3,2026-10-02,23:14
SKW3383,KSBP,KSAN,3,2026-10-03,22:54
SKW3384,KMRY,KSAN,7,2026-10-06,13:12
SKW3387,KPDX,KRNO,1,2026-10-03,14:34
SKW3388,KSAN,KFAT,2,2026-10-02,22:45
SKW3390,KSEA,KSJC,1,2026-10-02,21:38
SKW3391,KSJC,KSEA,1,2026-10-03,00:23
SKW3399,KSTS,KPDX,4,2026-10-06,22:27
SKW3400,KBOI,KGEG,3,2026-10-02,13:37
SKW3401,KBUR,KSTS,7,2026-10-06,14:20
SKW3402,KFAT,KSAN,7,2026-10-06,13:07
SKW3403,KPDX,KBOI,3,2026-10-02,14:17
SKW3404,KBUR,KBOI,1,2026-10-06,01:17
SKW3404,KGEG,KBOI,3,2026-10-02,17:47
SKW3405,KBOI,KGEG,4,2026-10-06,13:37
SKW3406,KGEG,KPDX,3,2026-10-06,02:38
SKW3407,KPDX,KBOI,4,2026-10-06,14:20
SKW3408,KSJC,KSAN,4,2026-10-06,16:58
SKW3409,KPDX,KPSC,3,2026-10-06,05:10
SKW3410,KSAN,KSMF,5,2026-10-06,01:06
SKW3410,KSMF,KSAN,5,2026-10-06,03:36
SKW3411,KPDX,KSBA,2,2026-10-02,18:40
SKW3411,KSBA,KPDX,2,2026-10-02,21:21
SKW3412,KEUG,KLAX,3,2026-10-02,20:45
SKW3413,KSJC,KBOI,3,2026-10-06,01:47
SKW3414,KSTS,KLAX,3,2026-10-06,01:28
SKW3415,KBOI,KBUR,7,2026-10-06,16:13
SKW3418,KBOI,KSJC,4,2026-10-06,13:23
SKW3419,KBUR,KSTS,3,2026-10-02,22:19
SKW3420,KSFO,KPSP,2,2026-10-01,20:51
SKW3420,KSJC,KPSP,1,2026-10-02,18:37
SKW3422,KJAC,KPDX,1,2026-09-30,20:35
SKW3422,KSEA,KIDA,3,2026-10-06,03:28
SKW3423,KIDA,KSEA,6,2026-10-06,12:23
SKW3423,KIDA,KPSC,1,2026-10-05,12:15
SKW3423,KPSC,KSEA,1,2026-10-05,19:25
SKW3424,KSEA,KIDA,3,2026-10-03,03:23
SKW3430,KSLC,KPDX,6,2026-10-06,18:53
SKW3431,KPDX,KPSP,2,2026-10-02,15:42
SKW3432,KPSP,KPDX,2,2026-10-03,00:12
SKW3433,KBLI,KSEA,6,2026-10-06,02:46
SKW3433,KSEA,KBLI,6,2026-10-06,01:14
SKW3435,KRDM,KSEA,3,2026-10-06,01:22
SKW3435,KSEA,KRDM,3,2026-10-06,23:30
SKW3439,KSAN,KSMF,3,2026-10-02,18:32
SKW3439,KSMF,KSAN,2,2026-10-02,20:45
SKW3440,KSFO,KSNA,7,2026-10-06,14:09
SKW3441,KSNA,KSFO,3,2026-10-02,19:38
SKW3444,KSAN,KSBP,3,2026-10-03,05:54
SKW3445,KSAN,KSTS,3,2026-10-02,15:37
SKW3448,KBLI,KSEA,6,2026-10-06,12:34
SKW3449,KSBA,KSAN,4,2026-10-06,22:06
SKW3450,KSFO,KSNA,7,2026-10-06,16:27
SKW3462,KPSP,KSFO,4,2026-10-06,20:11
SKW3462,KSFO,KPSP,4,2026-10-06,18:01
SKW3463,KSAN,KSFO,4,2026-10-06,14:05
SKW3464,KAUS,KSAN,4,2026-10-06,21:47
SKW3464,KSAN,KAUS,5,2026-10-05,18:04
SKW3464,KSAN,KSAT,1,2026-09-30,15:45
SKW3464,KSAT,KAUS,1,2026-09-30,19:52
SKW3465,KSFO,KSNA,5,2026-10-06,04:05
SKW3466,KGEG,KBOI,4,2026-10-06,17:22
SKW3467,KSNA,KSTS,7,2026-10-06,18:36
SKW3481,KBOI,KSAN,4,2026-10-03,01:16
SKW3482,KSAN,KSFO,3,2026-10-06,23:27
SKW3483,KPDX,KSTS,5,2026-10-06,22:07
SKW3484,KPSC,KPDX,3,2026-10-02,12:28
SKW3485,KPDX,KPSC,4,2026-10-03,05:09
SKW3487,KFAT,KPDX,7,2026-10-06,15:00
SKW3488,KSAN,KSLC,5,2026-10-06,23:23
SKW3489,KAUS,KSAN,4,2026-10-06,19:56
SKW3489,KSAN,KAUS,4,2026-10-06,15:21
SKW3491,KFAT,KSAN,7,2026-10-06,19:16
SKW3491,KSAN,KFAT,7,2026-10-06,16:55
SKW3492,KSFO,KSNA,6,2026-10-05,23:27
SKW3492,KSNA,KSFO,3,2026-10-06,00:55
SKW3493,KSNA,KSFO,2,2026-10-06,03:41
SKW3494,KSFO,KSNA,7,2026-10-06,21:58
SKW3494,KSNA,KSFO,3,2026-10-06,23:52
SKW3495,KBOI,KPDX,3,2026-10-02,15:07
SKW3497,KPSP,KSFO,7,2026-10-06,16:09
SKW3499,KSNA,KSFO,4,2026-10-03,03:12
SKW3500,KDTW,KGRR,4,2026-10-05,13:08
SKW3500,KGRR,KDTW,4,2026-10-05,15:00
SKW3502,KTUS,KLAX,6,2026-10-06,13:46
SKW3504,KCHA,KATL,1,2026-10-01,14:21
SKW3504,KSHV,KATL,6,2026-10-06,11:22
SKW3504,KSHV,KCHA,1,2026-10-01,11:04
SKW3505,KATL,KSHV,6,2026-10-06,23:14
SKW3507,KATL,KSHV,6,2026-10-06,15:35
SKW3507,KSHV,KATL,6,2026-10-06,18:07
SKW3508,KAUS,KTPA,6,2026-10-06,20:47
SKW3508,KTPA,KAUS,6,2026-10-06,00:02
SKW3512,KOMA,KMSP,6,2026-10-06,13:20
SKW3526,CYWG,KMSP,6,2026-10-05,21:08
SKW3532,KMSP,KDLH,1,2026-10-06,23:14
SKW3533,KSLC,KSTS,1,2026-10-06,21:22
SKW3535,KAUS,KPHX,6,2026-10-06,13:37
SKW3535,KPHX,KAUS,7,2026-10-06,17:14
SKW3541,KSLC,KSTS,1,2026-10-06,15:42
SKW3541,KSTS,KSLC,1,2026-10-06,18:53
SKW356A,KIAH,KMGM,7,2026-10-06,20:01
SKW3576,KLAX,KGEG,6,2026-10-05,04:19
SKW3577,KAUS,KMCI,4,2026-10-06,23:22
SKW3577,KMCI,KAUS,5,2026-10-06,01:03
SKW3584,KSLC,CYVR,7,2026-10-06,03:19
SKW359C,KDEN,KLAR,6,2026-10-06,03:33
SKW3607,KBOI,KSLC,5,2026-10-05,15:09
SKW3620,KSLC,KXNA,7,2026-10-06,19:43
SKW3620,KXNA,KSLC,7,2026-10-06,23:12
SKW3650,KAUS,KMCI,7,2026-10-06,12:22
SKW3650,KMCI,KAUS,7,2026-10-06,15:07
SKW3660,CYWG,KMSP,7,2026-10-06,11:48
SKW3669,KAUS,KDEN,4,2026-10-05,22:28
SKW3669,KDEN,KAUS,6,2026-10-06,01:15
SKW3675,KDTW,KMKE,4,2026-10-06,22:20
SKW3675,KMKE,KDTW,5,2026-10-06,00:12
SKW3675,KMSP,KPIT,1,2026-10-06,20:03
SKW3676,KBZN,KSLC,7,2026-10-06,00:47
SKW3676,KSLC,KBZN,6,2026-10-05,22:47
SKW3677,KSEA,KGEG,5,2026-10-06,03:16
SKW3678,KSEA,KBOI,6,2026-10-06,16:47
SKW3679,KTUS,KSEA,7,2026-10-06,18:58
SKW3680,KSEA,KTUS,6,2026-10-06,16:00
SKW3681,KBUR,KSLC,2,2026-10-06,17:00
SKW3681,KSLC,KBUR,2,2026-10-06,14:06
SKW3684,KDTW,KLAN,5,2026-10-05,03:16
SKW3685,KBHM,KDTW,5,2026-10-05,15:39
SKW3685,KDTW,KBHM,5,2026-10-05,13:01
SKW3685,KFAR,KATL,1,2026-10-06,19:43
SKW3686,KDLH,KMSP,7,2026-10-06,16:50
SKW3686,KMSP,KDLH,7,2026-10-06,15:08
SKW3687,KPIT,KMSP,1,2026-10-06,10:56
SKW3687,KSNA,KSEA,6,2026-10-05,14:15
SKW3688,KBOI,KSEA,4,2026-10-06,01:50
SKW3688,KSEA,KBOI,7,2026-10-06,23:32
SKW3689,KSLC,KSUN,6,2026-10-06,19:37
SKW3690,KATL,KFAR,5,2026-10-05,22:36
SKW3690,KMSP,KCLE,1,2026-10-06,20:20
SKW3692,KSEA,KBOI,6,2026-10-06,03:34
SKW3693,KBUR,KSLC,6,2026-10-06,00:06
SKW3693,KSLC,KBUR,7,2026-10-06,21:20
SKW3694,KDTW,KSAV,1,2026-10-06,19:54
SKW3694,KSEA,KSNA,6,2026-10-05,16:03
SKW3694,KSNA,KSEA,6,2026-10-05,19:37
SKW3695,KPDX,KSEA,1,2026-10-06,14:23
SKW3695,KSEA,KSNA,6,2026-10-05,02:55
SKW3696,KGEG,KLAX,7,2026-10-06,13:35
SKW3697,KMSP,KCMH,1,2026-10-06,20:10
SKW3697,KSEA,KSNA,5,2026-10-06,21:59
SKW3697,KSNA,KSEA,4,2026-10-06,02:07
SKW3698,KSBA,KSLC,1,2026-10-06,20:44
SKW3698,KSEA,CYVR,6,2026-10-06,03:30
SKW3698,KSLC,KSBA,1,2026-10-06,17:12
SKW3699,KIAD,KMSP,7,2026-10-06,15:57
SKW3699,KMSP,KIAD,7,2026-10-06,12:32
SKW3700,KLAX,KSMF,7,2026-10-06,14:14
SKW3700,KSMF,KLAX,7,2026-10-06,16:26
SKW3701,KBOI,KLAX,5,2026-10-06,22:18
SKW3702,KCMH,KMSP,1,2026-10-06,15:14
SKW3702,KMSP,KCMH,1,2026-10-06,12:35
SKW3703,KSLC,KOKC,7,2026-10-06,02:53
SKW3706,KMCI,KOMA,1,2026-10-01,06:20
SKW3706,KSLC,KOMA,6,2026-10-06,02:49
SKW3706,KSLC,KMCI,1,2026-10-01,02:53
SKW3707,KSEA,KSFO,5,2026-10-06,22:07
SKW3707,KSFO,KSEA,7,2026-10-06,01:10
SKW3708,KEUG,KSLC,7,2026-10-06,12:27
SKW3709,KATL,KXNA,1,2026-10-06,14:20
SKW3709,KFAR,KATL,6,2026-10-05,11:17
SKW3709,KXNA,KATL,1,2026-10-06,17:31
SKW3710,KPVD,KDTW,6,2026-10-05,10:07
SKW3711,KDTW,KSAV,6,2026-10-05,19:19
SKW3711,KSAV,KDTW,4,2026-10-04,22:08
SKW3712,KLAX,KSMF,6,2026-10-06,23:48
SKW3712,KSMF,KLAX,7,2026-10-06,02:03
SKW3714,KMSP,KRAP,5,2026-10-06,02:47
SKW3715,KDTW,KOMA,6,2026-10-06,00:07
SKW3716,KLAX,KSAN,6,2026-10-06,16:47
SKW3716,KSAN,KLAX,6,2026-10-06,18:43
SKW3717,KSLC,KTUS,5,2026-10-05,21:21
SKW3717,KTUS,KSLC,1,2026-10-04,23:44
SKW3718,KSLC,KTUS,6,2026-10-06,15:56
SKW3718,KTUS,KSLC,6,2026-10-06,18:22
SKW3719,KRNO,KSLC,6,2026-10-06,16:47
SKW3719,KSLC,KRNO,6,2026-10-06,14:29
SKW371U,KDEN,KRAP,6,2026-10-06,14:27
SKW3720,KDTW,KPVD,4,2026-10-05,18:57
SKW3720,KPVD,KDTW,5,2026-10-05,21:14
SKW3723,KDTW,KPVD,6,2026-10-05,14:46
SKW3723,KPVD,KDTW,6,2026-10-05,17:10
SKW3724,KDTW,KMKE,6,2026-10-06,00:54
SKW3725,KBOI,KLAX,7,2026-10-06,13:19
SKW3726,KABQ,KSLC,7,2026-10-06,00:15
SKW3726,KSLC,KABQ,7,2026-10-06,21:59
SKW3727,KRDM,KSLC,7,2026-10-06,19:40
SKW3727,KSLC,KRDM,7,2026-10-06,17:14
SKW3728,KPSC,KSLC,6,2026-10-06,00:27
SKW3728,KSLC,KPSC,7,2026-10-06,22:07
SKW3729,KSLC,KABQ,6,2026-10-06,03:05
SKW3730,KLAX,KSJC,1,2026-10-06,20:17
SKW3730,KSJC,KLAX,1,2026-10-06,22:01
SKW3730,KSLC,KSNA,6,2026-10-06,00:07
SKW3730,KSNA,KSLC,6,2026-10-06,02:41
SKW3731,KAUS,KIND,6,2026-10-06,00:31
SKW3732,KRNO,KSLC,6,2026-10-06,00:41
SKW3732,KSLC,KRNO,6,2026-10-05,22:21
SKW3733,KCMH,KMSP,1,2026-10-06,20:26
SKW3733,KCVG,KMSP,3,2026-10-05,20:34
SKW3733,KMSP,KCVG,3,2026-10-05,18:13
SKW3733,KMSP,KCMH,1,2026-10-06,18:00
SKW3734,KATL,KOAJ,5,2026-10-05,20:36
SKW3734,KOAJ,KATL,5,2026-10-05,22:45
SKW3735,KRDM,KSEA,7,2026-10-06,21:04
SKW3735,KSEA,KRDM,7,2026-10-06,19:08
SKW3736,KSEA,KSJC,7,2026-10-06,15:51
SKW3736,KSJC,KSEA,7,2026-10-06,18:41
SKW3737,KBTV,KDTW,1,2026-10-06,21:36
SKW3737,KDTW,KORF,5,2026-10-05,18:49
SKW3737,KDTW,KBTV,1,2026-10-06,19:14
SKW3737,KORF,KDTW,5,2026-10-05,21:27
SKW3738,KMSP,KMKE,7,2026-10-06,00:51
SKW3739,KATL,KXNA,6,2026-10-06,14:49
SKW3739,KXNA,KATL,6,2026-10-06,17:17
SKW3740,KBOI,KSEA,7,2026-10-06,16:16
SKW3741,KLAS,KSAN,7,2026-10-06,20:32
SKW3743,KSAN,KLAX,7,2026-10-06,13:41
SKW3744,KGEG,KSLC,1,2026-10-06,17:08
SKW3744,KONT,KSLC,7,2026-10-06,00:25
SKW3744,KSLC,KONT,6,2026-10-05,21:53
SKW3744,KSLC,KGEG,1,2026-10-06,14:28
SKW3745,KTUS,KSLC,7,2026-10-06,14:18
SKW3746,KLAX,KSAN,7,2026-10-06,06:10
SKW3747,KATL,KXNA,5,2026-10-04,03:10
SKW3747,KSLC,KONT,1,2026-10-06,21:49
SKW3748,KSEA,CYVR,6,2026-10-06,21:28
SKW3749,KLWS,KSEA,5,2026-10-05,16:40
SKW3750,KBOI,KSEA,7,2026-10-06,17:11
SKW3750,KSEA,KBOI,7,2026-10-06,14:38
SKW3751,KMSP,KXNA,5,2026-10-05,19:38
SKW3751,KXNA,KMSP,5,2026-10-05,22:05
SKW3752,KFAR,KMSP,7,2026-10-06,20:08
SKW3752,KMSP,KFAR,7,2026-10-06,18:15
SKW3753,KBTV,KDTW,6,2026-10-05,21:07
SKW3753,KDTW,KBTV,6,2026-10-05,18:42
SKW3753,KXNA,KATL,1,2026-10-06,21:58
SKW3754,KGEG,KSEA,6,2026-10-05,20:13
SKW3754,KSEA,KGEG,6,2026-10-05,18:36
SKW3755,KLAX,KSMF,7,2026-10-06,16:21
SKW3755,KSMF,KLAX,7,2026-10-06,18:35
SKW3756,KSLC,KRDM,7,2026-10-06,05:16
SKW3757,KMKE,KDTW,6,2026-10-06,12:30
SKW3758,KOAJ,KATL,4,2026-10-06,10:11
SKW3759,KLAX,KSMF,6,2026-10-06,01:21
SKW3759,KSMF,KLAX,6,2026-10-06,03:42
SKW3760,KATL,KOAJ,6,2026-10-05,13:53
SKW3760,KOAJ,KATL,4,2026-10-04,16:10
SKW3761,KICT,KMSP,1,2026-10-06,12:42
SKW3761,KMSP,KXNA,6,2026-10-05,14:26
SKW3761,KXNA,KMSP,6,2026-10-05,16:56
SKW3762,KDTW,KOMA,5,2026-10-05,16:34
SKW3762,KICT,KMSP,1,2026-10-06,21:34
SKW3762,KMSP,KICT,1,2026-10-06,19:21
SKW3762,KOMA,KDTW,4,2026-10-05,19:20
SKW3763,KFSD,KMSP,5,2026-10-05,18:15
SKW3763,KMSP,KFSD,6,2026-10-05,16:36
SKW3764,CYVR,KSEA,5,2026-10-06,23:08
SKW3765,KIDA,KSLC,7,2026-10-06,19:13
SKW3765,KSLC,KIDA,7,2026-10-06,17:23
SKW3767,KAUS,KECP,7,2026-10-06,18:27
SKW3767,KECP,KAUS,5,2026-10-06,21:35
SKW3768,KFAT,KSLC,7,2026-10-06,19:48
SKW3768,KSLC,KFAT,7,2026-10-06,17:14
SKW376Z,KDEN,KSHV,6,2026-10-06,00:15
SKW3770,KSEA,KEUG,1,2026-10-04,22:58
SKW3771,KFAR,KMSP,7,2026-10-06,18:25
SKW3771,KMSP,KFAR,7,2026-10-06,16:18
SKW3772,KJAX,KAUS,5,2026-10-06,19:54
SKW3773,KLAX,KBOI,7,2026-10-06,18:56
SKW3774,KSLC,KFAT,6,2026-10-05,02:50
SKW3776,KLAX,KTUS,6,2026-10-06,21:31
SKW3777,KFAT,KSLC,4,2026-10-06,00:37
SKW3777,KSLC,KFAT,7,2026-10-06,22:02
SKW3778,KALB,KDTW,1,2026-10-06,17:09
SKW3778,KDTW,KPVD,6,2026-10-05,02:49
SKW3778,KDTW,KALB,1,2026-10-06,14:25
SKW3780,KBOI,KSLC,1,2026-10-06,12:27
SKW3782,KICT,KMSP,6,2026-10-05,12:36
SKW3783,KIAD,KMSP,6,2026-10-06,22:59
SKW3783,KMSP,KIAD,6,2026-10-06,19:53
SKW3784,KALB,KDTW,6,2026-10-06,13:39
SKW3784,KDTW,KALB,6,2026-10-06,11:27
SKW3785,KATL,KXNA,6,2026-10-05,17:51
SKW3785,KXNA,KATL,6,2026-10-05,20:27
SKW3786,KFAT,KSLC,6,2026-10-06,16:59
SKW3786,KSLC,KFAT,6,2026-10-06,14:10
SKW3787,KMSP,KICT,7,2026-10-06,01:37
SKW3787,KMSP,KSTL,1,2026-10-06,18:45
SKW3787,KSTL,KMSP,1,2026-10-06,21:11
SKW3788,KSLC,KCOS,6,2026-10-06,02:58
SKW3789,KSJC,KSEA,6,2026-10-06,21:52
SKW3790,KGEG,KSEA,5,2026-10-06,14:19
SKW3790,KGEG,KPSC,1,2026-10-04,14:10
SKW3790,KPSC,KSEA,1,2026-10-04,17:20
SKW3791,KMSP,KOKC,7,2026-10-06,23:36
SKW3792,KBGM,KDTW,7,2026-10-06,18:30
SKW3792,KDTW,KBGM,7,2026-10-06,16:24
SKW3794,KGEG,KLAX,7,2026-10-06,23:25
SKW3794,KLAX,KGEG,6,2026-10-06,20:17
SKW3795,KXNA,KATL,6,2026-10-05,11:32
SKW3796,KMCI,KMSP,1,2026-10-06,17:41
SKW3796,KMSP,KMCI,1,2026-10-06,15:40
SKW3796,KOMA,KSLC,4,2026-10-06,22:54
SKW3797,KSLC,KOAK,7,2026-10-06,05:06
SKW3799,KCLE,KMSP,1,2026-10-06,11:12
SKW3801,KDTW,KOMA,1,2026-10-06,20:17
SKW3801,KGEG,KSLC,6,2026-10-05,17:08
SKW3801,KSLC,KGEG,6,2026-10-05,14:28
SKW3802,KPDX,KSEA,7,2026-10-06,20:01
SKW3802,KSEA,KPDX,7,2026-10-06,18:29
SKW3803,KSLC,KSBA,7,2026-10-06,03:17
SKW3804,KMKE,KMSP,4,2026-10-06,15:11
SKW3804,KMSP,KMKE,3,2026-10-05,13:16
SKW3805,KATL,KOAJ,2,2026-10-05,18:26
SKW3805,KOAJ,KATL,4,2026-10-04,18:36
SKW3807,KICT,KMSP,6,2026-10-05,21:05
SKW3807,KMSP,KICT,6,2026-10-05,18:38
SKW3809,KALB,KDTW,5,2026-10-05,21:10
SKW3809,KDTW,KALB,5,2026-10-05,18:46
SKW3809,KPVD,KDTW,1,2026-10-06,17:05
SKW3810,KALB,KDTW,6,2026-10-05,17:26
SKW3810,KDTW,KALB,5,2026-10-05,14:52
SKW3810,KMKE,KMSP,1,2026-10-06,23:02
SKW3810,KMSP,KMKE,1,2026-10-06,20:13
SKW3811,KMKE,KMSP,1,2026-10-06,17:52
SKW3811,KMSP,KSTL,6,2026-10-05,18:52
SKW3811,KMSP,KMKE,1,2026-10-06,15:46
SKW3811,KSTL,KMSP,6,2026-10-05,21:02
SKW3812,KSMF,KLAX,7,2026-10-06,21:26
SKW3813,KAUS,KMSP,7,2026-10-06,14:54
SKW3814,KABQ,KLAX,6,2026-10-05,18:19
SKW3815,KOMA,KSLC,7,2026-10-06,17:47
SKW3815,KSLC,KOMA,1,2026-10-06,15:36
SKW3816,KGEG,KSEA,1,2026-10-04,17:13
SKW3816,KONT,KSEA,6,2026-10-06,13:21
SKW3816,KONT,KGEG,1,2026-10-04,13:07
SKW3817,KABQ,KLAX,1,2026-10-06,18:19
SKW3817,KEUG,KSLC,6,2026-10-05,20:53
SKW3818,KPDX,KSEA,5,2026-10-06,18:40
SKW3818,KSEA,KPDX,5,2026-10-06,17:09
SKW3819,KDTW,KORD,5,2026-10-05,14:28
SKW3819,KMKE,KMSP,1,2026-10-06,15:58
SKW3819,KORD,KDTW,5,2026-10-05,16:41
SKW3820,KATL,KFAY,4,2026-10-04,21:13
SKW3820,KFAY,KATL,3,2026-10-05,23:01
SKW3821,KEUG,KSLC,1,2026-10-06,20:52
SKW3821,KMKE,KMSP,7,2026-10-06,00:08
SKW3821,KMSP,KMKE,5,2026-10-05,22:07
SKW3822,KTUS,KSLC,5,2026-10-06,23:40
SKW3824,KGEG,KSEA,6,2026-10-06,18:32
SKW3824,KSEA,KGEG,6,2026-10-06,16:44
SKW3825,KSLC,KTUL,6,2026-10-06,03:08
SKW3826,KDTW,KMKE,1,2026-10-06,16:44
SKW3826,KIAD,KDTW,6,2026-10-05,10:25
SKW3826,KMKE,KDTW,1,2026-10-06,18:26
SKW3827,KLAX,KPHX,4,2026-10-06,05:22
SKW3828,KBIL,KSLC,7,2026-10-06,00:47
SKW3828,KSLC,KBIL,6,2026-10-06,22:35
SKW3829,CYYZ,KMSP,6,2026-10-06,23:48
SKW3830,KSEA,KGEG,7,2026-10-06,14:35
SKW3831,KMSP,KOMA,6,2026-10-06,14:10
SKW3831,KOMA,KMSP,6,2026-10-06,16:04
SKW3832,KGEG,KSEA,6,2026-10-06,02:45
SKW3832,KSEA,KGEG,7,2026-10-06,00:55
SKW3833,KLWS,KSLC,6,2026-10-05,19:26
SKW3834,KMSP,KBIS,7,2026-10-06,02:47
SKW3835,KSBN,KMSP,6,2026-10-06,12:18
SKW3837,KSBN,KDTW,7,2026-10-06,12:30
SKW3838,KMSP,KOMA,7,2026-10-06,15:53
SKW3838,KOMA,KMSP,1,2026-10-06,17:53
SKW3839,KSLC,KHLN,2,2026-10-06,03:07
SKW383H,KDEN,KRIW,7,2026-10-06,03:01
SKW383V,KORD,KPAH,7,2026-10-06,17:17
SKW3841,KBUF,KDTW,1,2026-10-06,13:19
SKW3841,KDTW,KBUF,1,2026-10-06,11:16
SKW3841,KSBA,KSLC,6,2026-10-05,19:52
SKW3841,KSLC,KSBA,6,2026-10-05,17:02
SKW3842,KLAX,KSJC,7,2026-10-06,20:18
SKW3842,KSJC,KLAX,6,2026-10-05,22:07
SKW3843,KGRB,KMSP,5,2026-10-05,21:40
SKW3843,KMSP,KGRB,6,2026-10-05,19:51
SKW3844,KOKC,KMSP,7,2026-10-06,12:24
SKW3846,KLAX,KTUS,6,2026-10-06,02:19
SKW3847,KBUF,KDTW,1,2026-10-06,20:50
SKW3847,KDTW,KBUF,1,2026-10-06,18:55
SKW3847,KLAX,KSJC,5,2026-10-05,15:01
SKW3847,KSJC,KLAX,5,2026-10-05,17:02
SKW3848,KBUF,KDTW,1,2026-10-06,17:07
SKW3848,KDTW,KBUF,1,2026-10-06,14:27
SKW3848,KMSP,KMKE,5,2026-10-06,23:21
SKW3849,KLAX,KSJC,6,2026-10-05,21:35
SKW3849,KSJC,KLAX,7,2026-10-06,23:38
SKW3850,KDTW,KGRB,6,2026-10-05,00:25
SKW3851,KMSP,KRAP,7,2026-10-06,20:11
SKW3851,KRAP,KMSP,6,2026-10-05,22:43
SKW3852,KPSP,KSLC,6,2026-10-06,00:20
SKW3852,KSLC,KPSP,6,2026-10-06,21:50
SKW3853,KSBA,KSLC,6,2026-10-06,00:06
SKW3853,KSLC,KSBA,7,2026-10-06,21:14
SKW3855,KSEA,KEUG,7,2026-10-06,05:59
SKW3856,KBUF,KDTW,2,2026-10-01,23:55
SKW3856,KDTW,KBUF,1,2026-09-30,21:57
SKW3856,KLAX,KSJC,1,2026-10-06,15:14
SKW3856,KSJC,KLAX,1,2026-10-06,17:08
SKW3857,KGEG,KSEA,6,2026-10-06,01:04
SKW3857,KSEA,KGEG,5,2026-10-06,23:22
SKW3858,KELM,KDTW,6,2026-10-06,10:17
SKW385A,KUNV,KORD,7,2026-10-06,15:00
SKW385P,KORD,KMSN,1,2026-10-01,12:47
SKW385P,KRDD,KSFO,1,2026-10-02,16:39
SKW385P,KSFO,KPSP,1,2026-10-03,14:44
SKW3860,KELM,KDTW,4,2026-10-06,21:58
SKW3861,KBUF,KDTW,6,2026-10-05,16:19
SKW3861,KCMH,KDTW,1,2026-10-06,14:44
SKW3861,KDTW,KBUF,6,2026-10-05,14:25
SKW3863,KBUF,KDTW,6,2026-10-05,13:18
SKW3863,KDTW,KBUF,6,2026-10-05,11:34
SKW3863,KFSD,KMSP,1,2026-10-06,17:07
SKW3863,KMSP,KFSD,1,2026-10-06,15:44
SKW3864,KOMA,KMSP,7,2026-10-06,11:19
SKW3865,KFSD,KMSP,1,2026-10-06,18:45
SKW3865,KMSP,KFSD,1,2026-10-06,17:16
SKW3867,KCMH,KDTW,3,2026-10-05,23:19
SKW3867,KDTW,KCMH,5,2026-10-05,21:42
SKW3867,KMCI,KMSP,1,2026-10-06,16:12
SKW3867,KMSP,KMCI,1,2026-10-06,14:12
SKW3869,KELM,KDTW,3,2026-10-05,17:07
SKW3870,KBUF,KDTW,5,2026-10-05,20:18
SKW3870,KDTW,KBUF,6,2026-10-05,18:21
SKW3870,KFSD,KMSP,1,2026-10-06,22:08
SKW3870,KMSP,KFSD,1,2026-10-06,20:24
SKW3872,KFSD,KMSP,1,2026-10-06,10:15
SKW3872,KONT,KSLC,5,2026-10-05,16:56
SKW3872,KSLC,KONT,5,2026-10-05,14:14
SKW3873,KSEA,KLWS,5,2026-10-05,05:17
SKW3874,KOMA,KSLC,7,2026-10-06,13:29
SKW3875,KDTW,KPIT,4,2026-10-05,23:47
SKW3875,KPIT,KDTW,5,2026-10-05,01:20
SKW3876,KAUS,KDEN,7,2026-10-06,12:38
SKW3876,KDEN,KAUS,6,2026-10-06,15:48
SKW3877,KSLC,KBOI,1,2026-10-06,05:00
SKW3878,KABQ,KSLC,6,2026-10-05,18:45
SKW3878,KAGS,KATL,1,2026-10-06,22:39
SKW3878,KATL,KAGS,1,2026-10-06,21:30
SKW3880,KHLN,KSLC,3,2026-10-04,19:14
SKW3880,KSLC,KHLN,2,2026-10-06,17:17
SKW3881,KSMF,KSEA,7,2026-10-06,18:41
SKW3882,KOKC,KSLC,7,2026-10-06,23:08
SKW3883,KLAX,KSJC,7,2026-10-06,01:51
SKW3883,KSJC,KLAX,7,2026-10-06,03:50
SKW3884,KCLE,KDTW,1,2026-10-06,10:17
SKW3884,KSEA,KONT,7,2026-10-06,03:10
SKW3885,KCMH,KDTW,6,2026-10-05,14:41
SKW3885,KDTW,KCMH,6,2026-10-05,12:54
SKW3886,KMSP,KSBN,5,2026-10-06,01:33
SKW3887,CYVR,KSEA,6,2026-10-05,03:02
SKW3888,KFSD,KMSP,5,2026-10-05,16:16
SKW3888,KMSP,KFSD,5,2026-10-05,14:30
SKW3889,KDTW,KOMA,5,2026-10-05,20:31
SKW3889,KDTW,KLAN,1,2026-10-06,20:59
SKW3889,KLAN,KDTW,1,2026-10-06,22:15
SKW3889,KOMA,KDTW,7,2026-10-06,23:13
SKW3890,KFSD,KMSP,6,2026-10-05,21:39
SKW3890,KMSP,KFSD,6,2026-10-05,19:54
SKW3891,KPSC,KSEA,6,2026-10-06,22:43
SKW3891,KSEA,KPSC,6,2026-10-06,21:09
SKW3892,KPSC,KSLC,7,2026-10-06,19:24
SKW3892,KSLC,KPSC,7,2026-10-06,17:03
SKW3894,KLAX,KPHX,7,2026-10-06,21:06
SKW3894,KPHX,KLAX,7,2026-10-06,23:20
SKW3895,KSLC,KIDA,3,2026-10-03,23:21
SKW3896,KSLC,KOMA,6,2026-10-06,19:44
SKW3897,KSEA,KSJC,5,2026-10-05,22:07
SKW3897,KSJC,KSEA,7,2026-10-06,01:12
SKW3898,KDTW,KMBS,5,2026-10-05,14:31
SKW3898,KMBS,KDTW,6,2026-10-06,15:50
SKW3899,KMEM,KMSP,6,2026-10-06,11:11
SKW3900,KDTW,KSBN,7,2026-10-06,00:07
SKW3901,KHLN,KSLC,1,2026-10-05,13:19
SKW3902,KLAX,KRNO,7,2026-10-06,20:09
SKW3902,KRNO,KLAX,5,2026-10-06,22:17
SKW3903,KOAK,KSLC,7,2026-10-06,00:10
SKW3903,KSLC,KOAK,6,2026-10-06,21:35
SKW3904,KABQ,KSLC,1,2026-10-06,18:48
SKW3904,KTUS,KLAX,6,2026-10-05,19:49
SKW3905,KMSP,KFSD,6,2026-10-06,23:52
SKW3905,KTUS,KLAX,1,2026-10-06,19:35
SKW3906,KBOI,KSEA,1,2026-10-06,21:44
SKW3906,KTUS,KLAX,6,2026-10-06,00:01
SKW3907,KMSP,KDLH,6,2026-10-06,02:48
SKW3908,KAUS,KSLC,3,2026-10-05,20:55
SKW3909,KDTW,KAZO,6,2026-10-06,03:19
SKW390U,KDEN,KLBL,3,2026-10-05,22:33
SKW3910,KSEA,KPDX,5,2026-10-06,06:07
SKW3911,KABQ,KSEA,1,2026-10-04,21:15
SKW3911,KSEA,KABQ,1,2026-10-03,17:56
SKW3912,KDLH,KMSP,1,2026-10-06,21:31
SKW3912,KMSP,KDLH,6,2026-10-06,23:33
SKW3913,KSEA,KPDX,7,2026-10-06,04:21
SKW3914,KBIS,KMSP,7,2026-10-06,10:06
SKW3915,KAUS,KBZN,1,2026-10-03,15:57
SKW3915,KBZN,KAUS,1,2026-10-03,20:02
SKW3916,KBOI,KSEA,6,2026-10-05,21:44
SKW3917,KFSD,KMSP,6,2026-10-05,10:14
SKW3917,KOMA,KMSP,1,2026-10-06,22:56
SKW3918,KPDX,KSEA,6,2026-10-06,01:39
SKW3918,KSEA,KPDX,5,2026-10-06,23:38
SKW3919,KAZO,KDTW,6,2026-10-06,22:48
SKW3919,KDTW,KAZO,6,2026-10-06,21:30
SKW391E,KORD,KFOD,1,2026-10-06,21:19
SKW391V,KDEN,KIDA,7,2026-10-06,01:35
SKW3920,KGRB,KMSP,5,2026-10-05,17:08
SKW3920,KSUN,KSLC,1,2026-10-06,21:33
SKW3921,KAGS,KATL,5,2026-10-05,20:13
SKW3921,KATL,KAGS,5,2026-10-05,18:26
SKW3921,KATW,KMSP,1,2026-10-06,18:51
SKW3921,KMSP,KATW,1,2026-10-06,17:12
SKW3922,KDLH,KMSP,6,2026-10-05,13:17
SKW3923,KATL,KXNA,1,2026-10-03,12:36
SKW3923,KMSP,KSDF,1,2026-10-06,20:39
SKW3923,KXNA,KATL,1,2026-10-03,16:20
SKW3924,KCLE,KDTW,2,2026-10-03,19:59
SKW3924,KDTW,KCLE,2,2026-10-03,18:22
SKW3925,KDTW,KPVD,1,2026-10-06,14:35
SKW3925,KGRR,KDTW,6,2026-10-05,12:40
SKW3926,KCLE,KDTW,2,2026-10-01,12:45
SKW3927,KRAP,KMSP,7,2026-10-06,12:59
SKW3928,KDTW,KGRR,4,2026-10-04,00:18
SKW3928,KSEA,KEUG,1,2026-10-06,18:43
SKW3929,KLAX,KRNO,6,2026-10-06,05:52
SKW3930,KDLH,KMSP,6,2026-10-06,10:22
SKW3931,KATW,KMSP,1,2026-10-06,11:14
SKW3931,KDTW,KCLE,2,2026-10-01,03:42
SKW3932,KSAN,KLAS,6,2026-10-06,23:48
SKW3933,KBUR,KSLC,6,2026-10-05,19:53
SKW3933,KSLC,KBUR,6,2026-10-05,17:18
SKW3934,KDTW,KCMH,1,2026-10-06,21:53
SKW3934,KMKE,KMSP,5,2026-10-05,13:15
SKW3935,KBIS,KMSP,5,2026-10-05,22:53
SKW3935,KMSP,KBIS,6,2026-10-05,20:28
SKW3936,KOMA,KMSP,5,2026-10-05,22:50
SKW3937,KSJC,KSLC,4,2026-10-06,02:15
SKW3937,KSLC,KSJC,4,2026-10-06,23:40
SKW3938,KDTW,KLAN,6,2026-10-05,21:00
SKW3938,KLAN,KDTW,6,2026-10-05,22:22
SKW3939,KATL,KOAJ,6,2026-10-06,01:03
SKW3941,KDTW,KMBS,7,2026-10-06,18:25
SKW3941,KMBS,KDTW,7,2026-10-06,19:52
SKW3942,KBIS,KMSP,2,2026-10-06,20:20
SKW3942,KMSP,KBIS,2,2026-10-06,18:10
SKW3944,KLAX,KPHX,1,2026-10-06,17:17
SKW3945,KAUS,KBNA,6,2026-10-06,20:51
SKW3945,KBNA,KAUS,5,2026-10-06,00:11
SKW3946,KOMA,KMSP,6,2026-10-05,18:50
SKW3946,KSEA,KSNA,1,2026-10-06,16:00
SKW3946,KSNA,KSEA,1,2026-10-06,19:18
SKW3947,KSUN,KSLC,5,2026-10-04,21:28
SKW394Y,KDEN,KMAF,7,2026-10-06,21:04
SKW3950,KMSP,KAUS,6,2026-10-06,12:35
SKW3951,KLAX,KPHX,6,2026-10-05,17:21
SKW3951,KPHX,KLAX,7,2026-10-06,19:27
SKW3952,KAUS,KMEM,6,2026-10-06,01:20
SKW3952,KSLC,KTUS,1,2026-10-06,21:07
SKW3953,KPDX,KSEA,7,2026-10-06,17:22
SKW3953,KSEA,KPDX,7,2026-10-06,14:57
SKW3955,KSLC,KAUS,4,2026-10-05,18:31
SKW3956,KSEA,KSJC,5,2026-10-05,03:50
SKW3957,KCLE,KDTW,1,2026-10-06,18:26
SKW3957,KDTW,KCLE,1,2026-10-06,17:09
SKW3957,KPDX,KSEA,5,2026-10-05,15:09
SKW3958,KDTW,KORD,1,2026-10-03,17:25
SKW3958,KORD,KDTW,1,2026-10-03,19:38
SKW3959,KSEA,KBOI,7,2026-10-06,20:10
SKW3960,KAUS,KBNA,5,2026-10-06,13:36
SKW3960,KBNA,KAUS,3,2026-10-06,16:41
SKW3961,KDLH,KMSP,6,2026-10-05,21:22
SKW3961,KMSP,KDLH,6,2026-10-05,19:33
SKW3962,KMBS,KDTW,6,2026-10-05,10:58
SKW3963,KLAX,KSAN,1,2026-10-06,21:29
SKW3963,KSJC,KSLC,1,2026-09-30,20:43
SKW3963,KSLC,KSJC,1,2026-09-30,17:57
SKW3964,KDTW,KMBS,6,2026-10-06,20:54
SKW3964,KMBS,KDTW,6,2026-10-06,22:24
SKW3965,KDTW,KMKE,1,2026-10-03,20:02
SKW3965,KMKE,KDTW,1,2026-10-03,21:59
SKW3966,KDTW,KIND,1,2026-09-30,14:20
SKW3966,KIND,KDTW,1,2026-09-30,16:19
SKW3967,KMSP,KRAP,6,2026-10-06,18:29
SKW3967,KRAP,KMSP,6,2026-10-06,21:08
SKW3968,CYVR,KSEA,5,2026-10-06,01:13
SKW3968,KSEA,CYVR,3,2026-10-05,23:07
SKW3969,KSMF,KLAX,7,2026-10-06,13:22
SKW3970,KFAR,KMSP,1,2026-10-06,20:56
SKW3970,KMSP,KPIT,2,2026-10-04,21:02
SKW3970,KMSP,KFAR,1,2026-10-06,18:13
SKW3970,KPIT,KMSP,2,2026-10-05,00:01
SKW3971,KMSP,KRAP,7,2026-10-06,14:50
SKW3971,KRAP,KMSP,7,2026-10-06,17:01
SKW3972,KPSC,KSEA,7,2026-10-06,12:31
SKW3974,KFSD,KMSP,1,2026-10-03,18:18
SKW3976,KTVC,KDTW,1,2026-10-06,17:00
SKW3977,KLEX,KDTW,7,2026-10-06,11:54
SKW3978,KDTW,KLEX,6,2026-10-05,12:49
SKW3978,KLEX,KDTW,6,2026-10-05,14:49
SKW3978,KMSP,KSDF,1,2026-10-06,15:41
SKW3978,KSDF,KMSP,1,2026-10-06,17:54
SKW3979,KDTW,KGRB,6,2026-10-05,21:15
SKW3979,KGRB,KDTW,5,2026-10-05,23:09
SKW3980,KAZO,KDTW,7,2026-10-06,09:42
SKW3981,KDTW,KMKE,6,2026-10-05,16:41
SKW3981,KMKE,KDTW,6,2026-10-05,18:40
SKW3981,KMSP,KATW,1,2026-10-06,21:54
SKW3982,KATW,KDTW,5,2026-10-05,19:17
SKW3982,KDTW,KATW,5,2026-10-05,17:19
SKW3983,KATW,KMSP,5,2026-10-05,21:36
SKW3983,KMSP,KATW,6,2026-10-05,19:40
SKW3984,KGRB,KDTW,6,2026-10-05,12:14
SKW3984,KMSP,KMKE,1,2026-10-06,13:52
SKW3985,KSLC,KSUN,6,2026-10-06,03:11
SKW3986,KAZO,KDTW,7,2026-10-06,16:01
SKW3986,KDTW,KAZO,7,2026-10-06,14:23
SKW3987,CYVR,KSEA,5,2026-10-05,14:38
SKW3988,KDTW,KIAD,4,2026-10-05,01:57
SKW3989,KDTW,KMBS,1,2026-10-06,14:18
SKW3989,KMEM,KMSP,7,2026-10-06,17:17
SKW3989,KMSP,KMEM,6,2026-10-06,14:22
SKW3990,KGRR,KMSP,5,2026-10-05,15:38
SKW3990,KMSP,KGRR,5,2026-10-05,13:29
SKW3991,KSEA,KSFO,7,2026-10-06,01:32
SKW3991,KSFO,KSEA,7,2026-10-06,04:32
SKW3992,KPSC,KSEA,7,2026-10-06,19:58
SKW3992,KSEA,KPSC,7,2026-10-06,18:20
SKW3993,KSAN,KLAX,5,2026-10-05,22:50
SKW3995,KMSP,KTVC,4,2026-10-04,15:29
SKW3995,KTVC,KMSP,4,2026-10-04,17:43
SKW3996,KIAD,KMSP,7,2026-10-06,10:20
SKW3997,KSEA,KPDX,7,2026-10-06,02:09
SKW3998,KATW,KMSP,6,2026-10-05,11:29
SKW3999,KDTW,KTVC,1,2026-10-06,20:29
SKW399Y,KFOD,KDEN,1,2026-10-03,15:46
SKW399Y,KORD,KCRW,1,2026-10-01,13:03
SKW399Y,KORD,KGRB,1,2026-10-02,11:44
SKW399Y,KSFO,KACV,1,2026-10-04,16:58
SKW4001,KLAX,KSAN,6,2026-10-05,21:30
SKW4001,KSAN,KLAX,1,2026-10-06,22:14
SKW4002,KEUG,KSEA,6,2026-10-05,19:53
SKW4003,KMSP,KGRB,5,2026-10-05,01:30
SKW4003,KMSP,KPIT,1,2026-10-06,00:55
SKW4004,KRDM,KSLC,7,2026-10-06,12:17
SKW4005,CYWG,KMSP,5,2026-10-06,22:43
SKW4006,KTUL,KSLC,7,2026-10-06,13:17
SKW4007,KMSP,KSDF,6,2026-10-05,18:30
SKW4007,KSDF,KMSP,6,2026-10-05,20:58
SKW4008,KPDX,KSEA,7,2026-10-06,12:40
SKW4009,KMSP,KATW,7,2026-10-06,03:04
SKW4010,KDTW,KLEX,1,2026-10-06,12:34
SKW4010,KLEX,KDTW,1,2026-10-06,14:39
SKW4012,KMSP,KCLE,1,2026-10-06,01:56
SKW4013,KDTW,KLEX,6,2026-10-06,00:51
SKW4014,KMSP,KOMA,6,2026-10-06,02:51
SKW4015,KIND,KAUS,6,2026-10-06,11:28
SKW4016,KMSY,KAUS,5,2026-10-05,21:21
SKW4017,KSEA,KPSC,7,2026-10-06,06:11
SKW4018,KBOI,KSLC,1,2026-10-06,00:57
SKW4018,KSLC,KBOI,1,2026-10-05,22:48
SKW4019,KSUN,KSLC,6,2026-10-06,19:11
SKW4020,CYVR,KSEA,7,2026-10-06,18:29
SKW4021,KDTW,KCLE,1,2026-10-06,00:04
SKW4022,KJAC,KSLC,1,2026-09-30,14:28
SKW4024,KMSP,KOMA,6,2026-10-06,23:41
SKW4026,KSJC,KSLC,7,2026-10-06,16:51
SKW4027,KAUS,KIND,4,2026-10-05,19:28
SKW4027,KIND,KAUS,4,2026-10-06,22:46
SKW4028,KAUS,KCMH,6,2026-10-06,14:39
SKW4028,KCMH,KAUS,6,2026-10-06,18:34
SKW4029,KOKC,KSLC,7,2026-10-06,13:42
SKW402E,KDEN,KCRQ,5,2026-10-06,17:51
SKW402E,KDEN,KSAN,1,2026-10-03,17:43
SKW402E,KSAN,KCRQ,1,2026-10-03,23:06
SKW4030,KPSP,KSLC,6,2026-10-05,13:09
SKW4031,KONT,KSEA,6,2026-10-06,01:41
SKW4031,KSEA,KONT,6,2026-10-06,21:53
SKW4033,KATL,KSBN,5,2026-10-05,18:37
SKW4033,KSBN,KATL,3,2026-10-05,22:22
SKW4034,KDTW,KSBN,7,2026-10-06,17:41
SKW4034,KSBN,KDTW,7,2026-10-06,19:25
SKW4035,KMSP,KMEM,7,2026-10-06,01:19
SKW4036,KRDM,KSEA,6,2026-10-06,13:20
SKW4037,KSUN,KSLC,6,2026-10-06,13:28
SKW4038,KBIL,KSLC,7,2026-10-06,19:13
SKW4039,KSEA,KBZN,6,2026-10-06,03:23
SKW4041,KSJC,KSEA,6,2026-10-05,14:42
SKW4042,KPSP,KSLC,6,2026-10-06,19:34
SKW4042,KSLC,KPSP,6,2026-10-06,17:06
SKW4043,KSEA,KSMF,7,2026-10-06,00:18
SKW4043,KSMF,KSEA,6,2026-10-06,03:06
SKW4044,KDTW,KMKE,1,2026-10-02,13:12
SKW4044,KMKE,KDTW,1,2026-10-02,14:51
SKW4047,KSEA,KRDM,4,2026-10-06,05:11
SKW4048,KCLE,KMSP,2,2026-10-04,17:46
SKW4048,KMSP,KCLE,2,2026-10-04,15:11
SKW4052,KLIT,KSLC,7,2026-10-06,23:02
SKW4052,KSLC,KLIT,7,2026-10-06,19:27
SKW4053,KMFE,KAUS,1,2026-10-05,00:24
SKW4054,KSLC,KTUS,7,2026-10-06,02:56
SKW4055,KDTW,KOMA,7,2026-10-06,12:47
SKW4055,KOMA,KDTW,7,2026-10-06,15:35
SKW4057,KPHX,KLAX,7,2026-10-06,13:10
SKW4059,KDTW,KGRB,6,2026-10-05,14:22
SKW4059,KGRB,KDTW,6,2026-10-05,16:17
SKW4060,KLAN,KDTW,4,2026-10-05,09:42
SKW4061,KOAK,KSLC,7,2026-10-06,13:09
SKW4062,KPDX,KSEA,7,2026-10-06,22:45
SKW4062,KSEA,KPDX,7,2026-10-06,21:01
SKW4063,KMEM,KMSP,6,2026-10-06,00:04
SKW4063,KMSP,KMEM,6,2026-10-06,21:08
SKW4066,KBIS,KMSP,5,2026-10-06,16:07
SKW4066,KMSP,KBIS,5,2026-10-06,13:58
SKW4069,KSBA,KSLC,6,2026-10-06,12:54
SKW4070,KONT,KSEA,6,2026-10-06,19:05
SKW4070,KSEA,KONT,6,2026-10-06,15:45
SKW4073,CYYZ,KMSP,7,2026-10-06,10:43
SKW4074,KMKE,KMSP,7,2026-10-06,11:35
SKW4075,KSMF,KSEA,7,2026-10-06,14:55
SKW4077,KLAX,KPHX,5,2026-10-06,01:27
SKW4077,KPHX,KLAX,4,2026-10-06,03:20
SKW4078,KLAS,KSNA,7,2026-10-06,16:17
SKW4078,KSNA,KLAS,7,2026-10-06,18:07
SKW4079,KAZO,KDTW,7,2026-10-06,19:26
SKW4079,KDTW,KAZO,6,2026-10-06,18:35
SKW4083,KLAX,KSMF,7,2026-10-06,04:47
SKW4087,KLAX,KSAN,6,2026-10-06,02:35
SKW4087,KSAN,KLAX,6,2026-10-06,04:17
SKW4088,KMEM,KAUS,5,2026-10-05,11:55
SKW408P,KIAH,KCHA,7,2026-10-06,01:20
SKW4090,KSEA,KBOI,4,2026-10-06,04:44
SKW4091,KABQ,KLAX,6,2026-10-06,01:44
SKW4091,KLAX,KABQ,5,2026-10-06,22:19
SKW4092,KBZN,KSEA,7,2026-10-06,15:29
SKW4095,KATL,KSHV,6,2026-10-06,01:30
SKW4096,KDTW,KRIC,1,2026-10-03,18:47
SKW4096,KPDX,KSEA,6,2026-10-06,04:06
SKW4096,KRIC,KDTW,1,2026-10-03,21:22
SKW4097,KATL,KSBN,7,2026-10-06,13:22
SKW4097,KSBN,KATL,7,2026-10-06,16:04
SKW4098,KLAX,KABQ,7,2026-10-06,03:51
SKW4099,KLAX,KRNO,7,2026-10-06,15:29
SKW4099,KRNO,KLAX,7,2026-10-06,17:47
SKW409E,KORD,KATW,6,2026-10-06,16:12
SKW4100,KSEA,KSJC,6,2026-10-05,01:21
SKW4100,KSJC,KSEA,5,2026-10-05,04:08
SKW4101,KAUS,KIND,7,2026-10-06,12:21
SKW4101,KIND,KAUS,4,2026-10-05,15:33
SKW4102,KMSN,KMSP,6,2026-10-05,17:15
SKW4102,KMSP,KMSN,6,2026-10-05,15:22
SKW4103,KMSN,KMSP,6,2026-10-05,14:12
SKW4103,KMSP,KMSN,6,2026-10-05,12:29
SKW4104,KBZN,KSEA,6,2026-10-06,21:59
SKW4104,KSEA,KBZN,5,2026-10-06,19:58
SKW4105,KEUG,KSLC,6,2026-10-06,23:52
SKW4105,KSLC,KEUG,7,2026-10-06,21:10
SKW4106,KRNO,KLAX,7,2026-10-06,14:23
SKW4107,KSBN,KATL,7,2026-10-06,10:22
SKW4109,KATL,KSBN,6,2026-10-06,01:07
SKW410Z,KSFO,KMRY,4,2026-10-06,04:06
SKW4110,KOMA,KDTW,6,2026-10-06,11:32
SKW4111,KATL,KSHV,6,2026-10-05,19:47
SKW4111,KSHV,KATL,5,2026-10-06,22:21
SKW4112,KMSO,KSLC,6,2026-10-06,19:26
SKW4112,KSLC,KMSO,6,2026-10-06,17:11
SKW4114,KSLC,KOMA,6,2026-10-05,15:51
SKW4115,KABQ,KLAX,7,2026-10-06,12:08
SKW4116,KBNA,KAUS,2,2026-10-02,22:35
SKW4117,KSHV,KATL,6,2026-10-06,13:22
SKW4119,KLAX,KPHX,7,2026-10-06,15:33
SKW4119,KPHX,KLAX,7,2026-10-06,17:54
SKW4122,KLAX,KABQ,1,2026-10-06,22:05
SKW4124,KEUG,KSEA,5,2026-10-06,01:09
SKW4125,KSEA,KSMF,7,2026-10-06,17:33
SKW4125,KSMF,KSEA,7,2026-10-06,20:25
SKW4126,KLAX,KRNO,6,2026-10-06,00:25
SKW4126,KRNO,KLAX,7,2026-10-06,02:25
SKW4127,KBOI,KSEA,6,2026-10-05,00:55
SKW4127,KSEA,KBOI,6,2026-10-06,22:08
SKW4128,KEUG,KSEA,7,2026-10-06,13:20
SKW4129,KMSP,KIAD,6,2026-10-06,01:01
SKW412H,KORD,KSLN,1,2026-10-02,19:11
SKW4131,KSEA,KSMF,6,2026-10-06,04:17
SKW4134,KOAK,KSLC,7,2026-10-06,19:44
SKW4134,KSLC,KOAK,7,2026-10-06,17:10
SKW4137,KATL,KSHV,1,2026-10-06,19:48
SKW4138,KFAT,KSLC,5,2026-10-05,13:17
SKW4140,KGRB,KMSP,5,2026-10-05,11:18
SKW4141,KRDM,KSEA,7,2026-10-06,02:43
SKW4141,KSEA,KRDM,6,2026-10-06,00:49
SKW4145,KGEG,KSEA,4,2026-10-06,23:09
SKW4145,KSEA,KGEG,5,2026-10-06,21:14
SKW4146,KBNA,KAUS,6,2026-10-06,12:29
SKW4148,KLAX,KBOI,7,2026-10-06,03:01
SKW4149,KEUG,KSEA,1,2026-10-06,19:42
SKW4149,KSEA,KEUG,6,2026-10-05,19:06
SKW414K,KORD,KOKC,7,2026-10-06,14:51
SKW4152,KABQ,KSLC,7,2026-10-06,14:08
SKW4153,KSEA,KSMF,6,2026-10-06,22:06
SKW4153,KSMF,KSEA,7,2026-10-06,00:52
SKW4159,KDTW,KATW,7,2026-10-06,00:46
SKW4163,KAUS,KBNA,5,2026-10-06,01:13
SKW4166,KATW,KDTW,6,2026-10-06,23:30
SKW4166,KDTW,KATW,6,2026-10-06,21:30
SKW4166,KDTW,KIAD,1,2026-10-04,01:50
SKW416H,KSFO,KRDD,7,2026-10-06,18:40
SKW4173,KDTW,KMBS,6,2026-10-05,01:47
SKW4175,KMFE,KAUS,4,2026-10-06,10:31
SKW4176,KATW,KDTW,7,2026-10-06,12:08
SKW4177,KMFE,KAUS,1,2026-09-30,18:37
SKW4179,KLAS,KSNA,7,2026-10-06,01:17
SKW4179,KSNA,KLAS,7,2026-10-06,03:08
SKW4181,KMEM,KSLC,1,2026-10-06,03:11
SKW4183,KDTW,KMSP,1,2026-10-06,23:54
SKW4200,KATL,KSBN,1,2026-10-01,12:16
SKW4200,KDTW,KMSP,1,2026-10-06,23:40
SKW420W,KLAX,KSGU,1,2026-10-05,13:24
SKW420W,KORD,KCRW,1,2026-09-30,12:27
SKW420W,KORD,KFWA,1,2026-10-04,11:45
SKW420W,KORD,KLYH,1,2026-10-01,11:29
SKW420W,KORD,KSLN,1,2026-10-03,15:32
SKW420W,KSFO,KACV,1,2026-10-06,19:39
SKW4213,KGRB,KDTW,1,2026-10-04,01:43
SKW4229,KHIB,KMSP,4,2026-10-05,16:09
SKW4229,KMSP,KHIB,4,2026-10-06,14:23
SKW4230,KGJT,KSLC,2,2026-10-01,13:51
SKW4233,KMSP,KRHI,6,2026-10-06,01:04
SKW4234,KSLC,KGJT,2,2026-10-01,02:57
SKW4236,KHIB,KMSP,3,2026-10-05,20:49
SKW4236,KMSP,KHIB,2,2026-10-05,18:23
SKW4237,KSGU,KSLC,7,2026-10-06,15:19
SKW4244,KESC,KDTW,5,2026-10-06,10:20
SKW4246,KGJT,KSLC,6,2026-10-06,19:22
SKW4246,KSLC,KGJT,6,2026-10-06,15:51
SKW4253,KSGU,KSLC,7,2026-10-06,19:39
SKW4253,KSLC,KSGU,7,2026-10-06,17:35
SKW425P,KDEN,KABI,7,2026-10-06,14:05
SKW425X,KCLE,KORD,1,2026-10-02,17:16
SKW4262,KABR,KMSP,7,2026-10-06,20:02
SKW4262,KMSP,KABR,7,2026-10-06,17:57
SKW4263,KSLC,KSGU,5,2026-10-06,23:42
SKW4264,KMSP,KABR,6,2026-10-06,00:59
SKW4270,KMSP,KIMT,3,2026-10-05,20:35
SKW4273,KBRD,KMSP,5,2026-10-05,16:02
SKW4273,KMSP,KBRD,5,2026-10-05,14:24
SKW4279,KSLC,KSGU,7,2026-10-06,03:07
SKW4283,KBJI,KMSP,6,2026-10-05,20:52
SKW4283,KMSP,KBJI,6,2026-10-06,18:10
SKW4288,KIMT,KMSP,2,2026-10-06,18:03
SKW4290,KDTW,KIMT,4,2026-10-03,14:33
SKW4291,KMSP,KBJI,6,2026-10-05,03:00
SKW4292,KRHI,KMSP,6,2026-10-06,11:35
SKW4294,KIMT,KDTW,5,2026-10-06,22:16
SKW4298,KATY,KMSP,6,2026-10-05,12:03
SKW4301,KMSP,KBRD,2,2026-10-06,01:05
SKW4302,KSLC,KPIH,1,2026-10-02,02:53
SKW4303,KBJI,KMSP,7,2026-10-06,11:48
SKW4305,KMSP,KRHI,6,2026-10-06,14:25
SKW4305,KRHI,KMSP,6,2026-10-06,16:02
SKW4308,KSGU,KSLC,6,2026-10-06,17:44
SKW4308,KSLC,KSGU,6,2026-10-06,15:42
SKW430A,KSFO,KBOI,4,2026-10-05,20:40
SKW430X,KORD,KFAR,1,2026-10-02,12:29
SKW4312,KBTM,KSLC,7,2026-10-06,00:04
SKW4312,KSLC,KBTM,1,2026-10-05,23:41
SKW4315,KSGU,KSLC,6,2026-10-06,00:00
SKW4315,KSLC,KSGU,5,2026-10-06,22:18
SKW4321,KSGU,KSLC,7,2026-10-06,21:29
SKW4321,KSLC,KSGU,6,2026-10-06,19:45
SKW4322,KTWF,KSLC,7,2026-10-06,12:18
SKW4323,KSLC,KTWF,7,2026-10-06,17:58
SKW4323,KTWF,KSLC,7,2026-10-06,20:01
SKW4325,KSLC,KTWF,7,2026-10-06,03:26
SKW4326,KPIH,KSLC,1,2026-10-01,19:16
SKW4326,KSLC,KPIH,1,2026-10-01,17:37
SKW4328,KGFK,KMSP,7,2026-10-06,10:21
SKW4329,KGFK,KMSP,7,2026-10-06,16:08
SKW4329,KMSP,KGFK,7,2026-10-06,14:03
SKW4330,KGFK,KMSP,7,2026-10-06,21:01
SKW4330,KMSP,KGFK,7,2026-10-06,18:24
SKW4331,KGFK,KMSP,6,2026-10-06,00:57
SKW4331,KMSP,KGFK,3,2026-10-05,23:05
SKW4332,KMSP,KGFK,6,2026-10-05,03:04
SKW4336,KBRD,KMSP,4,2026-10-06,11:51
SKW435M,KORD,KOKC,7,2026-10-06,18:55
SKW435T,KORD,KMBS,1,2026-10-01,14:34
SKW435T,KSFO,KABQ,1,2026-10-03,16:34
SKW438G,KDEN,KCYS,7,2026-10-06,18:36
SKW439H,KDEN,KABI,7,2026-10-06,18:53
SKW440U,KMBS,KORD,1,2026-10-01,16:05
SKW4440,KATW,KDTW,7,2026-10-06,16:23
SKW4440,KDTW,KATW,7,2026-10-06,14:17
SKW4446,KSLC,KBOI,5,2026-10-05,02:58
SKW4449,KCOS,KSLC,6,2026-10-06,00:35
SKW4449,KSLC,KCOS,7,2026-10-06,22:02
SKW445W,KORD,KFNT,1,2026-10-01,18:02
SKW445W,KORD,KSBN,1,2026-10-02,14:08
SKW4470,KJAC,KSLC,4,2026-10-05,17:45
SKW449T,KDEN,KSLC,5,2026-10-06,00:34
SKW450H,KDEN,KCOS,1,2026-10-02,16:32
SKW450W,KLAX,KSBP,1,2026-10-01,14:21
SKW4545,KABQ,KSEA,2,2026-10-05,00:18
SKW4545,KSEA,KABQ,2,2026-10-04,20:54
SKW4550,KABQ,KLAX,1,2026-10-04,00:41
SKW4550,KLAX,KABQ,1,2026-10-03,22:02
SKW455X,KFSD,KLNK,1,2026-10-01,16:34
SKW4567,KABQ,KAUS,2,2026-10-04,19:13
SKW4567,KAUS,KABQ,2,2026-10-04,16:36
SKW457E,KRNO,KLAX,6,2026-10-06,17:29
SKW458H,KDEN,KCYS,7,2026-10-06,03:30
SKW4607,KDTW,KGRR,1,2026-10-03,17:23
SKW4608,KMSP,KATW,1,2026-10-05,14:31
SKW4608,KMSP,KDTW,1,2026-10-03,23:51
SKW4609,KDTW,KSBN,1,2026-10-06,12:45
SKW460W,KORD,KLNS,1,2026-10-01,17:10
SKW4610,KDTW,KSLC,1,2026-09-30,23:49
SKW4610,KSLC,KMSP,1,2026-10-01,12:15
SKW4612,KBUF,KDTW,1,2026-10-01,16:56
SKW4615,KMSP,KMKE,1,2026-10-03,00:11
SKW4618,KTUS,KSLC,1,2026-09-30,04:31
SKW4619,KATW,KDTW,1,2026-10-06,19:07
SKW4619,KSLC,KMSP,1,2026-10-02,20:20
SKW4620,KDTW,KATW,1,2026-10-06,19:57
SKW4620,KPSP,KSLC,1,2026-10-01,18:11
SKW4622,KGRR,KDTW,1,2026-10-03,20:59
SKW4624,KSBN,KMSP,1,2026-10-02,16:27
SKW4625,KMKE,KMSP,1,2026-10-03,13:37
SKW4625,KMSP,KATW,1,2026-10-02,13:26
SKW4626,KATW,KMSP,1,2026-10-04,05:13
SKW4626,KSLC,KFAR,1,2026-10-06,16:27
SKW4627,KABQ,KSLC,1,2026-10-02,14:00
SKW4627,KSBN,KDTW,1,2026-10-03,18:53
SKW4628,KABQ,KIAH,6,2026-10-06,11:21
SKW4628,KRNO,KSFO,1,2026-10-01,02:24
SKW4629,KIAH,KMOB,1,2026-10-04,01:12
SKW4629,KLAX,KSLC,5,2026-10-05,17:41
SKW4632,KACV,KSFO,5,2026-10-05,23:15
SKW4633,KACV,KLAX,2,2026-10-06,20:44
SKW4633,KMRY,KSFO,5,2026-10-06,02:15
SKW4634,KFAR,KDEN,5,2026-10-06,22:25
SKW4635,KGJT,KDEN,7,2026-10-06,21:58
SKW4636,KORD,KSBN,4,2026-10-04,00:48
SKW4637,KBIL,KDEN,4,2026-10-05,22:11
SKW4637,KDEN,KCOS,1,2026-10-03,22:23
SKW4637,KLAX,KRNO,2,2026-10-01,00:49
SKW4638,KORD,KCOS,7,2026-10-06,01:31
SKW4639,KBOI,KSFO,7,2026-10-06,14:24
SKW463C,KDEN,KPSC,7,2026-10-06,17:33
SKW4640,KHSV,KDEN,6,2026-10-06,13:14
SKW4642,KBFL,KSFO,2,2026-10-06,17:35
SKW4642,KIAH,KSGF,3,2026-10-05,20:00
SKW4642,KSFO,KRNO,1,2026-10-01,23:55
SKW4643,KBIL,KDEN,7,2026-10-06,00:14
SKW4644,KCRW,KORD,4,2026-10-06,22:37
SKW4645,KORD,KFWA,6,2026-10-06,17:01
SKW4646,KCAK,KORD,7,2026-10-06,10:09
SKW4648,KATW,KORD,7,2026-10-06,13:23
SKW4649,KSBA,KLAX,7,2026-10-06,13:30
SKW4650,KBIS,KDEN,6,2026-10-06,22:22
SKW4651,KBHM,KORD,7,2026-10-06,12:22
SKW4652,KAVL,KORD,7,2026-10-06,15:04
SKW4653,KBFL,KSFO,6,2026-10-06,23:52
SKW4654,KBZN,KDEN,7,2026-10-06,16:46
SKW4655,KACV,KSFO,7,2026-10-06,21:45
SKW4656,KCOS,KDEN,7,2026-10-06,11:48
SKW4658,KCPR,KDEN,1,2026-10-06,19:53
SKW4659,KORD,KDSM,7,2026-10-06,03:25
SKW465F,KORD,KSBN,7,2026-10-06,19:26
SKW4660,KHLN,KDEN,3,2026-10-06,12:51
SKW4661,KBOI,KSFO,6,2026-10-06,21:04
SKW4662,KDEN,KMSN,5,2026-10-06,02:57
SKW4662,KLAX,KACV,2,2026-10-06,17:55
SKW4663,KDEN,KBIS,7,2026-10-06,16:32
SKW4664,KORD,KCHS,7,2026-10-06,19:50
SKW4665,KDEN,KBIS,5,2026-10-06,23:55
SKW4667,KABE,KORD,7,2026-10-06,10:31
SKW4668,KDEN,KBFL,7,2026-10-06,18:08
SKW4669,KATW,KORD,7,2026-10-06,15:09
SKW4670,KCAE,KORD,7,2026-10-06,10:26
SKW4671,KSFO,KPSP,2,2026-10-04,23:36
SKW4671,KSGF,KIAH,4,2026-10-05,20:59
SKW4672,KDEN,KGEG,1,2026-09-30,19:59
SKW4672,KORD,KGEG,6,2026-10-06,14:43
SKW4673,KDTW,KORD,7,2026-10-06,20:32
SKW4674,KDEN,KRAP,6,2026-10-05,16:57
SKW4675,KCOS,KDEN,7,2026-10-06,18:12
SKW4677,KCAE,KORD,7,2026-10-06,14:36
SKW4678,KBOI,KSFO,4,2026-10-05,12:40
SKW4679,KCID,KDEN,7,2026-10-06,10:39
SKW4680,KCHA,KORD,7,2026-10-06,14:30
SKW4681,KATW,KORD,6,2026-10-06,19:48
SKW4682,KBFL,KDEN,7,2026-10-06,19:16
SKW4683,KTUS,KSFO,7,2026-10-06,14:14
SKW4684,KDEN,KSAF,6,2026-10-06,02:28
SKW4685,KCID,KORD,1,2026-10-06,15:58
SKW4686,KLIT,KDEN,7,2026-10-06,18:37
SKW4688,KDEN,KFAR,7,2026-10-06,16:12
SKW4689,KCLE,KORD,7,2026-10-06,16:31
SKW4690,KCOS,KDEN,7,2026-10-06,21:10
SKW4691,KCOS,KDEN,6,2026-10-05,15:01
SKW4692,KMLI,KDEN,6,2026-10-06,14:37
SKW4693,KDEN,KSGF,7,2026-10-06,20:16
SKW4694,KBIS,KDEN,7,2026-10-06,18:48
SKW4695,KORD,KECP,1,2026-10-03,18:03
SKW4695,KSFO,KACV,3,2026-10-05,04:36
SKW4696,KCOS,KDEN,7,2026-10-06,13:37
SKW4698,KCAK,KORD,5,2026-10-06,22:18
SKW4699,KORD,KSRQ,1,2026-10-03,13:15
SKW4700,KCMH,KIAH,6,2026-10-06,21:05
SKW4701,KDEN,KOTH,2,2026-10-05,19:05
SKW4702,KBGR,KORD,6,2026-10-06,20:48
SKW4703,KDEN,KBHM,7,2026-10-06,23:49
SKW4704,KDEN,KGJT,6,2026-10-06,16:08
SKW4705,KDEN,KHLN,1,2026-10-06,01:21
SKW4706,KIDA,KDEN,7,2026-10-06,13:16
SKW4707,KGRB,KORD,6,2026-10-06,11:38
SKW4708,KSFO,KACV,7,2026-10-06,18:36
SKW4709,KGJT,KDEN,7,2026-10-06,17:52
SKW4710,KBIS,KDEN,6,2026-10-06,14:18
SKW4711,KORD,KMKE,6,2026-10-06,03:18
SKW4712,KDEN,KTUL,7,2026-10-06,03:17
SKW4713,KMRY,KDEN,7,2026-10-06,19:51
SKW4714,KFNT,KORD,7,2026-10-06,11:12
SKW4715,KSFO,KACV,7,2026-10-06,21:17
SKW4717,KMRY,KLAX,5,2026-10-06,15:05
SKW4717,KSBP,KLAX,2,2026-10-06,21:09
SKW4718,KDEN,KMKE,7,2026-10-06,19:46
SKW4719,KCOS,KDEN,6,2026-10-06,23:57
SKW471Z,KDEN,KMSN,6,2026-10-06,19:49
SKW4720,KSLC,KDEN,6,2026-10-06,19:20
SKW4721,KPSC,KDEN,7,2026-10-06,20:06
SKW4722,KDEN,KIDA,7,2026-10-06,20:01
SKW4722,KIDA,KDEN,1,2026-10-06,22:11
SKW4723,KLAS,KLAX,1,2026-10-02,18:20
SKW4723,KLAX,KSBP,6,2026-10-06,16:34
SKW4724,KCRP,KIAH,1,2026-10-02,14:41
SKW4724,KLAX,KFAT,2,2026-10-01,23:28
SKW4725,KORD,KGRB,7,2026-10-06,03:29
SKW4727,KABQ,KDEN,1,2026-10-03,16:49
SKW4727,KDEN,KOKC,6,2026-10-06,03:01
SKW4728,KDEN,KABQ,7,2026-10-06,22:06
SKW4729,KSEA,KLAX,7,2026-10-06,19:50
SKW4730,KBFL,KLAX,7,2026-10-06,21:13
SKW4731,KDEN,KSAF,7,2026-10-06,14:35
SKW4732,KDEN,KMAF,2,2026-10-01,01:23
SKW4732,KSGF,KORD,5,2026-10-06,23:56
SKW4733,KDEN,KSTL,7,2026-10-06,02:48
SKW4734,KEUG,KSFO,6,2026-10-05,18:33
SKW4735,KCVG,KORD,7,2026-10-06,18:15
SKW4736,KDEN,KRNO,6,2026-10-06,19:57
SKW4736,KDEN,KHOB,1,2026-10-03,20:23
SKW4737,KORD,KMSN,6,2026-10-05,16:03
SKW4738,KBIS,KDEN,7,2026-10-06,11:10
SKW4739,KCOS,KDEN,1,2026-09-30,14:38
SKW4739,KORD,KSGF,6,2026-10-06,21:28
SKW4740,KMKE,KORD,7,2026-10-06,17:25
SKW4741,KBUF,KORD,5,2026-10-06,18:30
SKW4742,KCMH,KORD,2,2026-10-01,00:38
SKW4742,KSGF,KORD,6,2026-10-06,11:20
SKW4743,KDEN,KABQ,1,2026-10-03,14:29
SKW4744,KOKC,KORD,6,2026-10-06,23:10
SKW4746,KBNA,KIAH,7,2026-10-06,13:58
SKW4747,KORD,KSGF,4,2026-10-06,02:47
SKW4748,KCLE,KORD,5,2026-10-06,23:52
SKW4749,KCVG,KORD,6,2026-10-06,20:21
SKW4751,KOKC,KDEN,7,2026-10-06,11:05
SKW4752,KCAK,KORD,7,2026-10-06,18:05
SKW4753,KDEN,KICT,5,2026-10-05,22:05
SKW4753,KSFO,KBFL,2,2026-10-04,01:39
SKW4754,KDEN,KBZN,7,2026-10-06,14:02
SKW4755,KDEN,KICT,7,2026-10-06,03:33
SKW4756,KDEN,KMCI,6,2026-10-06,14:20
SKW4756,KECP,KORD,1,2026-10-03,21:53
SKW4757,KATW,KORD,6,2026-10-06,17:55
SKW4758,KMRY,KSFO,7,2026-10-06,22:39
SKW4759,KDEN,KFSD,7,2026-10-06,16:20
SKW4760,KDEN,KMCI,5,2026-10-05,21:45
SKW4760,KSFO,KGEG,1,2026-10-04,23:19
SKW4761,KIAH,KPWM,1,2026-10-03,14:43
SKW4761,KMCI,KDEN,6,2026-10-06,16:47
SKW4762,KDEN,KBIL,7,2026-10-06,14:23
SKW4763,KSLC,KSFO,7,2026-10-06,12:12
SKW4764,KFAT,KDEN,5,2026-10-06,19:47
SKW4765,KDEN,KSHV,7,2026-10-06,17:49
SKW4766,KDEN,KMKE,5,2026-10-06,02:48
SKW4768,KIND,KORD,1,2026-10-03,23:08
SKW4768,KOKC,KDEN,6,2026-10-06,00:11
SKW4769,KFAR,KORD,7,2026-10-06,12:07
SKW4770,KSGF,KDEN,4,2026-10-05,16:34
SKW4771,KFWA,KORD,6,2026-10-06,13:28
SKW4772,KORD,KPIA,7,2026-10-06,03:12
SKW4773,KGJT,KDEN,7,2026-10-06,15:57
SKW4774,KIAH,KMKE,6,2026-10-06,01:19
SKW4775,KDEN,KCOS,7,2026-10-06,20:27
SKW4776,KECP,KIAH,6,2026-10-06,11:28
SKW4777,KCID,KORD,6,2026-10-06,21:15
SKW4778,KGRR,KORD,6,2026-10-06,10:21
SKW4779,KCOU,KORD,7,2026-10-06,16:46
SKW4781,KORD,KSBN,6,2026-10-06,03:13
SKW4782,KLAX,KFAT,1,2026-10-03,19:55
SKW4782,KXNA,KIAH,6,2026-10-06,17:11
SKW4783,KCAE,KORD,5,2026-10-06,21:54
SKW4784,KFWA,KORD,6,2026-10-06,18:47
SKW4785,KIAH,KBNA,7,2026-10-06,23:09
SKW4786,KIAH,KMSY,7,2026-10-06,03:05
SKW4787,KDEN,KSLC,7,2026-10-06,22:43
SKW4788,KIAH,KCMH,7,2026-10-06,17:26
SKW4789,KORD,KFAR,6,2026-10-06,02:55
SKW4790,KSFO,KSMF,7,2026-10-06,19:26
SKW4791,KORD,KSBN,7,2026-10-06,15:51
SKW4792,KMLI,KORD,7,2026-10-06,19:34
SKW4793,KDEN,KCOS,6,2026-10-06,02:05
SKW4794,KSBN,KORD,7,2026-10-06,13:57
SKW4796,KSEA,KLAX,6,2026-10-06,00:04
SKW4797,KDEN,KCPR,1,2026-10-06,22:17
SKW4798,KBUR,KSFO,1,2026-10-06,17:06
SKW4799,KSAF,KDEN,6,2026-10-06,00:44
SKW479K,KDEN,KSUX,4,2026-10-05,03:23
SKW4800,KCOS,KDEN,1,2026-10-03,18:34
SKW4800,KGJT,KDEN,6,2026-10-06,11:50
SKW4801,KMSP,KSFO,7,2026-10-06,12:23
SKW4802,KDEN,KOMA,5,2026-10-05,21:52
SKW4803,KMKE,KORD,7,2026-10-06,12:42
SKW4804,KLAX,KBFL,7,2026-10-06,17:37
SKW4805,KDEN,KXNA,6,2026-10-06,03:08
SKW4806,KDAY,KORD,7,2026-10-06,15:44
SKW4807,KMAF,KDEN,6,2026-10-06,18:52
SKW4808,KPIA,KORD,7,2026-10-06,21:02
SKW4809,KORD,KICT,7,2026-10-06,14:18
SKW4810,KSGU,KPHX,5,2026-10-04,13:36
SKW4811,KPHX,KSGU,5,2026-10-04,16:28
SKW4812,KSGU,KPHX,5,2026-10-04,17:47
SKW4813,KPHX,KSGU,4,2026-10-04,22:16
SKW4814,KSGU,KPHX,4,2026-10-05,00:29
SKW4815,KPHX,KSGU,4,2026-10-05,05:22
SKW4816,KSGU,KDFW,4,2026-10-04,11:06
SKW4817,KDFW,KSGU,6,2026-10-05,03:02
SKW4818,KSGU,KDFW,5,2026-10-04,18:17
SKW4819,KDFW,KSGU,4,2026-10-04,14:22
SKW481U,CYWG,KDEN,6,2026-10-06,13:58
SKW4820,KDFW,KGTR,1,2026-10-03,19:18
SKW4821,KGRI,KDFW,2,2026-10-04,00:22
SKW4822,KGRI,KDFW,4,2026-10-04,10:45
SKW4823,KDFW,KGRI,1,2026-10-02,02:56
SKW4824,KORD,KALO,5,2026-10-05,04:01
SKW4825,KALO,KORD,4,2026-10-04,21:22
SKW4825,KORD,KALO,4,2026-10-04,19:05
SKW4826,KALO,KORD,5,2026-10-04,10:08
SKW4827,KSHD,KCLT,4,2026-10-04,10:27
SKW4828,KCLT,KSHD,1,2026-10-04,16:21
SKW4830,KCLT,KLWB,1,2026-09-30,18:49
SKW4831,KSHD,KORD,4,2026-10-03,17:25
SKW4832,KORD,KSHD,4,2026-10-04,23:59
SKW4833,KLWB,KORD,1,2026-10-04,20:14
SKW4835,KGCK,KDFW,1,2026-09-30,10:53
SKW4836,KGCK,KDFW,2,2026-10-04,21:07
SKW4885,KORD,KDTW,6,2026-10-05,00:37
SKW4886,KOMA,KPHX,5,2026-10-04,13:18
SKW4888,KTUS,KPHX,5,2026-10-04,13:52
SKW488X,KDEN,KXWA,2,2026-10-06,02:03
SKW4890,KORD,KDSM,3,2026-10-05,23:26
SKW4891,KLAX,KDSM,5,2026-10-04,19:57
SKW4892,KPHX,KMAF,6,2026-10-05,02:27
SKW4893,KOMA,KPHX,2,2026-10-05,23:38
SKW4893,KPHX,KOMA,4,2026-10-04,23:12
SKW4894,KOKC,KPHX,5,2026-10-04,20:11
SKW4895,KCLT,KLIT,5,2026-10-04,12:37
SKW4896,KSEA,KLAX,5,2026-10-04,14:29
SKW4897,KABQ,KLAX,5,2026-10-04,18:45
SKW4897,KLAX,KABQ,5,2026-10-04,16:04
SKW4899,KORD,KFWA,5,2026-10-05,02:14
SKW4900,KTVC,KORD,2,2026-10-03,12:21
SKW4901,KSHV,KCLT,5,2026-10-04,12:41
SKW4902,KDFW,KSHV,5,2026-10-05,03:05
SKW4903,KDFW,KBPT,3,2026-10-03,19:21
SKW4904,KCLE,KORD,5,2026-10-04,21:25
SKW4904,KORD,KCLE,5,2026-10-04,19:08
SKW4906,KORD,KTVC,2,2026-10-03,00:55
SKW4908,KLAX,KSMF,4,2026-10-05,04:53
SKW4909,KORD,KMKE,6,2026-10-05,01:23
SKW490K,KORD,KFWA,5,2026-10-06,23:38
SKW4910,KELP,KLAX,1,2026-10-06,12:37
SKW4912,KGRR,KORD,2,2026-10-06,20:11
SKW4912,KORD,KGRR,2,2026-10-06,18:35
SKW4913,KABQ,KPHX,1,2026-10-06,01:10
SKW4913,KPHX,KSMF,5,2026-10-04,14:29
SKW4913,KPHX,KABQ,1,2026-10-06,23:15
SKW4913,KSMF,KPHX,5,2026-10-04,17:08
SKW4915,KIND,KORD,1,2026-10-03,20:40
SKW4915,KORD,KIND,1,2026-10-03,18:58
SKW4916,KEVV,KORD,1,2026-10-06,00:34
SKW4917,KORD,KBNA,5,2026-10-04,13:37
SKW4918,KORD,KBNA,5,2026-10-04,23:47
SKW4919,KBOI,KPHX,3,2026-10-06,23:42
SKW4919,KPHX,KBOI,4,2026-10-06,20:53
SKW4920,KBPT,KDFW,7,2026-10-06,21:12
SKW4921,KBOI,KPHX,2,2026-10-06,14:21
SKW4921,KPSP,KPHX,5,2026-10-04,14:06
SKW4922,KPHX,KPSP,6,2026-10-06,03:29
SKW4923,KIAH,KLAX,2,2026-10-06,20:41
SKW4923,KLAX,KIAH,2,2026-10-06,16:49
SKW4924,KFWA,KORD,2,2026-10-06,10:53
SKW4924,KHOU,KDFW,4,2026-10-05,16:58
SKW4925,KELP,KPHX,1,2026-10-06,12:22
SKW4925,KORD,KFWA,5,2026-10-04,13:22
SKW4926,KSWO,KDFW,6,2026-10-06,11:10
SKW4927,KBTV,KORD,1,2026-10-06,22:41
SKW4927,KDFW,KLFT,6,2026-10-05,02:43
SKW4927,KORD,KBTV,2,2026-10-06,20:18
SKW4928,KDSM,KORD,5,2026-10-06,01:05
SKW4930,KSJT,KDFW,5,2026-10-05,10:24
SKW4931,KFLG,KPHX,7,2026-10-06,00:38
SKW4931,KPHX,KFLG,4,2026-10-06,23:52
SKW4932,KCLE,KORD,4,2026-10-04,17:18
SKW4932,KDFW,KCID,1,2026-10-06,03:53
SKW4932,KORD,KCLE,4,2026-10-04,15:33
SKW4933,KDSM,KORD,7,2026-10-06,19:47
SKW4933,KORD,KDSM,7,2026-10-06,17:37
SKW4935,KBNA,KORD,1,2026-10-06,12:22
SKW4935,KCID,KPHX,2,2026-10-05,00:08
SKW4935,KPHX,KCID,3,2026-10-04,23:18
SKW4936,KFWA,KORD,5,2026-10-04,15:08
SKW4937,KGJT,KPHX,1,2026-10-06,00:42
SKW4937,KORD,KCLE,5,2026-10-04,17:14
SKW4938,KSAF,KDFW,6,2026-10-06,14:12
SKW4939,KMAF,KPHX,7,2026-10-06,14:44
SKW4940,KORD,KSDF,5,2026-10-04,20:18
SKW4940,KORD,KBNA,1,2026-10-06,02:10
SKW4940,KSBN,KORD,1,2026-10-01,03:13
SKW4940,KSDF,KORD,3,2026-10-04,22:48
SKW4940,KSDF,KSBN,1,2026-10-01,23:51
SKW4941,KABQ,KDFW,2,2026-10-06,22:29
SKW4941,KDFW,KABQ,2,2026-10-06,20:13
SKW4942,KCOS,KORD,7,2026-10-06,18:54
SKW4943,KABQ,KPHX,2,2026-10-06,18:06
SKW4943,KORD,KBTV,5,2026-10-05,00:59
SKW4944,KCOS,KDEN,1,2026-10-02,03:14
SKW4944,KDEN,KPHX,2,2026-10-05,04:42
SKW4944,KMRY,KPHX,1,2026-10-06,02:25
SKW4944,KPHX,KCOS,1,2026-10-02,22:35
SKW4944,KPHX,KDEN,1,2026-10-05,22:37
SKW4944,KPHX,KMRY,1,2026-10-06,23:52
SKW4945,KLAX,KAUS,7,2026-10-06,02:01
SKW4946,KDFW,KOKC,7,2026-10-06,12:29
SKW4947,KALB,KORD,1,2026-10-06,11:46
SKW4947,KLFT,KDFW,4,2026-10-04,11:05
SKW4948,KDEN,KLAX,6,2026-10-06,00:35
SKW4948,KLAX,KDEN,6,2026-10-06,21:25
SKW4949,KLIT,KCLT,3,2026-10-03,15:11
SKW4950,KPHX,KDSM,6,2026-10-05,02:23
SKW4951,KSAT,KLAX,5,2026-10-06,11:07
SKW4952,KPHX,KBOI,7,2026-10-06,02:03
SKW4953,KDFW,KSWO,6,2026-10-06,19:06
SKW4953,KSWO,KDFW,7,2026-10-06,20:46
SKW4954,KDFW,KEVV,1,2026-09-30,15:00
SKW4955,KDSM,KORD,5,2026-10-04,15:57
SKW4955,KORD,KDSM,7,2026-10-06,12:38
SKW4956,KDFW,KSJT,6,2026-10-06,03:52
SKW4957,KDFW,KSJT,6,2026-10-06,14:34
SKW4957,KSJT,KDFW,6,2026-10-06,16:19
SKW4958,KORD,KFSD,6,2026-10-06,04:22
SKW4959,KPHX,MMHO,6,2026-10-05,17:24
SKW4959,MMHO,KPHX,6,2026-10-05,19:20
SKW4960,KORD,KALB,1,2026-10-06,03:10
SKW4961,KDFW,KSWO,7,2026-10-06,02:40
SKW4962,KLAX,KSAT,6,2026-10-06,02:10
SKW4963,KCID,KDFW,2,2026-10-06,21:27
SKW4963,KDFW,KCID,2,2026-10-06,19:03
SKW4964,KBNA,KORD,6,2026-10-05,10:29
SKW4965,KPHX,KMRY,6,2026-10-05,03:32
SKW4966,KFSD,KPHX,5,2026-10-04,19:36
SKW4966,KPHX,KFSD,5,2026-10-04,16:14
SKW4966,KSAF,KORD,2,2026-10-06,20:36
SKW4967,KBIF,KDFW,1,2026-10-06,20:30
SKW4968,KPHX,KSLC,7,2026-10-06,03:13
SKW4969,KLIT,KCLT,2,2026-10-04,15:11
SKW4971,KELP,KPHX,1,2026-10-06,21:56
SKW4972,KIDA,KDFW,7,2026-10-06,20:12
SKW4973,KELP,KLAX,1,2026-10-06,18:24
SKW4974,KCID,KDFW,1,2026-10-05,12:36
SKW4974,KMRY,KPHX,6,2026-10-05,23:33
SKW4974,KPHX,KMRY,5,2026-10-04,21:08
SKW4974,KSBN,KORD,1,2026-10-06,11:20
SKW4975,KDFW,KSJT,6,2026-10-06,22:30
SKW4975,KSJT,KDFW,6,2026-10-05,00:06
SKW4976,KDFW,KLNK,6,2026-10-06,17:35
SKW4976,KLNK,KDFW,7,2026-10-06,20:03
SKW4977,KFSD,KORD,5,2026-10-04,12:20
SKW4977,KPHX,KABQ,2,2026-10-06,16:24
SKW4978,KFAT,KPHX,6,2026-10-06,16:58
SKW4978,KPHX,KFAT,2,2026-10-06,21:09
SKW4979,KFLG,KPHX,7,2026-10-06,17:43
SKW4979,KPHX,KFLG,7,2026-10-06,16:22
SKW497J,KDEN,KSGF,4,2026-10-05,13:53
SKW4980,KDFW,KIAH,2,2026-10-06,15:24
SKW4980,KFNT,KORD,4,2026-10-04,22:07
SKW4980,KIAH,KDFW,2,2026-10-06,17:51
SKW4980,KORD,KFNT,5,2026-10-04,20:43
SKW4982,KDFW,KMAF,2,2026-10-06,13:54
SKW4982,KMAF,KDFW,2,2026-10-06,16:31
SKW4982,KPHX,KSBP,2,2026-10-05,23:52
SKW4982,KSBP,KPHX,2,2026-10-05,02:07
SKW4983,KCID,KPHX,5,2026-10-04,12:56
SKW4983,KORD,KDTW,1,2026-10-06,00:24
SKW4984,KMKE,KORD,2,2026-10-06,17:30
SKW4984,KORD,KMKE,7,2026-10-06,12:51
SKW4985,KSAF,KDFW,5,2026-10-06,12:20
SKW4986,KORD,KHSV,6,2026-10-05,04:11
SKW4987,KBFL,KPHX,2,2026-10-05,00:01
SKW4987,KFNT,KORD,1,2026-10-06,00:35
SKW4987,KORD,KFNT,2,2026-10-06,22:20
SKW4987,KPHX,KBFL,2,2026-10-04,22:03
SKW4988,KSEA,KLAX,7,2026-10-06,20:31
SKW4989,KORD,KSBN,2,2026-10-06,20:18
SKW4989,KPHX,KSTS,5,2026-10-04,20:48
SKW4989,KSBN,KORD,2,2026-10-06,21:51
SKW4989,KSTS,KPHX,5,2026-10-05,23:26
SKW498K,KDEN,KGJT,5,2026-10-06,22:38
SKW4990,KMKE,KORD,7,2026-10-06,18:50
SKW4990,KORD,KMKE,7,2026-10-06,17:10
SKW4991,KBNA,KORD,1,2026-10-05,17:11
SKW4991,KFSD,KORD,5,2026-10-04,17:15
SKW4991,KORD,KFSD,5,2026-10-04,15:02
SKW4991,KORD,KBNA,2,2026-10-06,14:09
SKW4992,KFSD,KORD,6,2026-10-06,00:00
SKW4992,KORD,KFSD,5,2026-10-04,21:48
SKW4993,KMKE,KORD,5,2026-10-04,14:02
SKW4993,KORD,KMKE,2,2026-10-06,22:56
SKW4994,KOKC,KORD,7,2026-10-06,12:33
SKW4995,KPHX,KDSM,1,2026-10-05,20:22
SKW4996,KGJT,KPHX,5,2026-10-04,18:19
SKW4996,KPHX,KGJT,5,2026-10-04,16:02
SKW4997,KORD,KRAP,4,2026-10-05,21:31
SKW4997,KORD,KSBN,2,2026-10-06,17:10
SKW4997,KRAP,KORD,5,2026-10-05,00:28
SKW4997,KSBN,KORD,2,2026-10-06,19:00
SKW4998,KIAH,KLAX,5,2026-10-06,01:34
SKW4998,KLAX,KIAH,5,2026-10-06,21:24
SKW4999,KORD,KICT,7,2026-10-06,15:13
SKW499U,KDEN,KXNA,1,2026-10-03,14:08
SKW5000,KLAX,KSTL,7,2026-10-06,00:58
SKW5001,KICT,KORD,6,2026-10-06,23:14
SKW5001,KORD,KICT,5,2026-10-04,20:54
SKW5002,KOKC,KPHX,3,2026-10-06,23:34
SKW5002,KPHX,KOKC,2,2026-10-05,22:26
SKW5004,KDFW,KSGF,1,2026-10-05,23:05
SKW5004,KORD,KBHM,6,2026-10-05,02:48
SKW5004,KSGF,KDFW,1,2026-10-06,00:54
SKW5005,KBDL,KORD,1,2026-10-06,21:54
SKW5005,KDFW,KLBB,2,2026-10-05,00:34
SKW5005,KLBB,KDFW,2,2026-10-05,01:52
SKW5005,KORD,KBDL,2,2026-10-06,19:25
SKW5006,KPHX,KPSC,7,2026-10-06,03:20
SKW5007,KPSC,KPHX,7,2026-10-06,12:12
SKW5008,KMKE,KORD,2,2026-10-06,14:18
SKW5009,KIDA,KORD,6,2026-10-06,21:03
SKW5010,KDFW,KMAF,5,2026-10-06,22:22
SKW5011,KBHM,KORD,5,2026-10-04,11:44
SKW5012,KLEX,KORD,5,2026-10-04,15:22
SKW5012,KORD,KLEX,5,2026-10-04,13:32
SKW5013,KDFW,KMAF,6,2026-10-06,12:47
SKW5014,KIND,KORD,1,2026-10-05,16:46
SKW5014,KLEX,KORD,3,2026-10-04,22:54
SKW5014,KORD,KLEX,5,2026-10-04,20:24
SKW5014,KORD,KIND,1,2026-10-05,14:57
SKW5016,KCMX,KMKE,1,2026-10-01,10:36
SKW5016,KCMX,KORD,1,2026-10-03,11:30
SKW5016,KMKE,KORD,1,2026-10-01,14:10
SKW5017,KCMX,KORD,1,2026-10-06,19:46
SKW5019,KATY,KDEN,5,2026-10-05,23:32
SKW5019,KDEN,KATY,1,2026-10-05,22:13
SKW501P,KDEN,KACV,7,2026-10-06,17:43
SKW5020,KJLN,KORD,7,2026-10-06,12:39
SKW5023,KDDC,KDEN,3,2026-10-06,00:20
SKW5024,KCYS,KDEN,7,2026-10-06,20:11
SKW5025,KIAD,KMGW,2,2026-10-05,02:54
SKW5027,KDEC,KORD,5,2026-10-05,14:15
SKW5027,KORD,KDEC,5,2026-10-05,12:52
SKW5029,KJST,KORD,6,2026-10-06,18:38
SKW5031,KLAR,KDEN,4,2026-10-06,01:09
SKW5032,KSGU,KDEN,6,2026-10-06,15:14
SKW5033,KLBL,KDEN,5,2026-10-06,16:27
SKW5036,KCYS,KDEN,7,2026-10-06,12:37
SKW5037,KBTM,KDEN,6,2026-10-06,15:58
SKW5038,KIAD,KLYH,7,2026-10-06,13:03
SKW503R,KORD,KLNK,7,2026-10-06,17:48
SKW5041,KLYH,KIAD,7,2026-10-06,10:11
SKW5042,KHYS,KDEN,1,2026-10-01,00:30
SKW5043,KLAF,KORD,7,2026-10-06,09:54
SKW5045,KIAH,KPAH,5,2026-10-06,22:35
SKW5046,KJST,KIAD,5,2026-10-05,10:45
SKW5047,KDEN,KSGU,6,2026-10-06,03:16
SKW5048,KORD,KLAF,7,2026-10-06,03:34
SKW5049,KIAH,KHBG,1,2026-10-05,17:05
SKW5049,KPIB,KIAH,2,2026-10-04,15:47
SKW5050,KDEN,KPRC,7,2026-10-06,20:27
SKW5054,KDEN,KSGU,3,2026-10-06,23:24
SKW5055,KPAH,KIAH,7,2026-10-06,19:21
SKW5058,KVCT,KIAH,7,2026-10-06,10:47
SKW5062,KMGW,KIAD,2,2026-10-06,17:08
SKW5064,KDEC,KORD,7,2026-10-06,00:23
SKW5064,KORD,KDEC,6,2026-10-06,22:49
SKW5065,KLYH,KORD,7,2026-10-06,14:34
SKW5066,KPRC,KLAX,6,2026-10-06,21:36
SKW5069,KSLN,KIAH,5,2026-10-06,13:07
SKW506W,KDEN,KPIR,7,2026-10-06,03:14
SKW5070,KLAF,KORD,4,2026-10-05,20:16
SKW5070,KORD,KLAF,4,2026-10-05,19:05
SKW5071,KSUX,KORD,5,2026-10-06,13:45
SKW5073,KVCT,KIAH,5,2026-10-05,22:41
SKW5075,KORD,KLNS,7,2026-10-06,02:58
SKW5076,KPAH,KORD,6,2026-10-06,10:06
SKW5077,KDEN,KRIW,6,2026-10-06,18:38
SKW5077,KRIW,KDEN,5,2026-10-06,20:28
SKW5078,KDEN,KPRC,4,2026-10-06,03:15
SKW5078,KPRC,KDEN,4,2026-10-06,23:53
SKW5080,KDEN,KJMS,1,2026-09-30,14:12
SKW5080,KJMS,KDEN,5,2026-10-05,16:45
SKW5081,KJMS,KDEN,6,2026-10-06,23:33
SKW5082,KSGU,KDEN,7,2026-10-06,11:18
SKW5084,KPIR,KDEN,5,2026-10-05,11:26
SKW5085,KLAR,KDEN,6,2026-10-06,11:36
SKW5086,KCHA,KIAH,7,2026-10-06,11:39
SKW5088,KIAH,KMEI,1,2026-10-02,15:09
SKW5090,KDEN,KSHR,1,2026-10-06,02:52
SKW5091,KCHA,KIAH,5,2026-10-06,21:08
SKW5091,KIAH,KCHA,7,2026-10-06,18:12
SKW5095,KORD,KSLN,4,2026-10-06,02:50
SKW5100,KFOD,KORD,6,2026-10-06,16:33
SKW5100,KORD,KFOD,5,2026-10-05,21:49
SKW5101,KSUX,KDEN,7,2026-10-06,00:16
SKW5102,KDEN,KDVL,1,2026-09-30,13:48
SKW5104,KSLN,KORD,6,2026-10-06,14:28
SKW5105,KMCW,KORD,7,2026-10-06,15:13
SKW5106,KPIR,KDEN,6,2026-10-06,22:18
SKW5108,KABI,KDEN,7,2026-10-06,19:31
SKW5109,KSLN,KDEN,7,2026-10-06,16:05
SKW510A,KDEN,KOMA,6,2026-10-06,14:15
SKW510T,KLAX,KPRC,7,2026-10-06,19:01
SKW5112,KABI,KDEN,7,2026-10-06,16:38
SKW5113,KDEN,KSGU,7,2026-10-06,18:09
SKW5113,KSGU,KDEN,6,2026-10-06,20:26
SKW5114,KLBL,KDEN,3,2026-10-06,00:15
SKW5115,KDDC,KDEN,1,2026-10-05,16:08
SKW5117,KLAX,KSGU,6,2026-10-06,00:18
SKW5117,KSGU,KLAX,7,2026-10-06,16:33
SKW5119,KDEN,KFOD,7,2026-10-06,14:14
SKW5121,KEAU,KORD,7,2026-10-06,10:10
SKW5122,KEAU,KORD,5,2026-10-05,20:37
SKW5124,KORD,KEAU,7,2026-10-06,03:30
SKW5125,KEAR,KORD,1,2026-10-03,04:41
SKW5127,KPRC,KDEN,6,2026-10-06,15:50
SKW5128,KIAH,KMGM,7,2026-10-06,16:08
SKW5128,KMGM,KIAH,7,2026-10-06,18:31
SKW5129,KMGM,KIAH,4,2026-10-06,22:44
SKW5130,KRIW,KDEN,7,2026-10-06,11:21
SKW5133,KAEX,KIAH,1,2026-10-01,00:25
SKW5134,KJLN,KDEN,5,2026-10-05,18:36
SKW5135,KMCW,KORD,5,2026-10-06,00:20
SKW5137,KHYS,KDEN,1,2026-10-06,11:39
SKW513F,KDEN,KSLN,7,2026-10-06,03:04
SKW5141,KDEN,KLAR,5,2026-10-05,22:57
SKW5141,KLAR,KDEN,1,2026-10-03,00:52
SKW5142,KFAR,KORD,1,2026-10-03,00:09
SKW5191,KDEN,KSLC,1,2026-10-01,00:50
SKW5191,KORD,KMBS,1,2026-10-04,12:40
SKW5192,KDEN,KLNK,1,2026-10-06,14:30
SKW5192,KORD,KFOD,1,2026-09-30,18:43
SKW5192,KORD,KIAD,1,2026-10-02,01:55
SKW5193,KORD,KMEM,1,2026-09-30,20:47
SKW5194,KIAD,KMKE,1,2026-10-02,04:40
SKW5194,KIAD,KORD,1,2026-10-04,17:07
SKW5194,KORD,KSBN,1,2026-10-06,01:45
SKW5195,KCOS,KDEN,1,2026-10-02,19:07
SKW5195,KFOD,KDEN,1,2026-10-01,20:24
SKW5195,KMBS,KORD,1,2026-10-04,21:32
SKW5196,KORD,KMKE,1,2026-10-01,00:19
SKW5197,KCAK,KDTW,1,2026-10-02,18:40
SKW5197,KIAH,KDEN,1,2026-10-06,12:44
SKW5198,KSBN,KORD,1,2026-10-03,00:39
SKW5199,KSLC,KDEN,1,2026-10-03,15:31
SKW519Y,KORD,KCAK,7,2026-10-06,16:02
SKW5200,KSHV,KDEN,1,2026-10-03,17:28
SKW5200,KSLC,KCOS,1,2026-10-01,22:27
SKW5201,KOKC,KIAH,1,2026-09-30,16:14
SKW5202,KDEN,KTUS,1,2026-09-30,18:52
SKW5203,KORD,KIAD,1,2026-10-03,00:50
SKW5207,KORD,KSLC,1,2026-09-30,03:21
SKW5208,KORD,KSBN,1,2026-09-30,02:28
SKW5208,KRAP,KMKE,1,2026-10-02,04:15
SKW5209,KFAT,KDEN,1,2026-10-02,21:56
SKW5209,KORD,KCOS,1,2026-10-05,11:19
SKW5210,KDEN,KATY,1,2026-10-04,04:51
SKW5210,KDEN,KCOS,1,2026-10-06,12:43
SKW5210,KDEN,KMRY,1,2026-10-04,15:25
SKW5210,KDEN,KORD,1,2026-10-05,14:18
SKW5211,KIAH,KSGF,5,2026-10-06,01:28
SKW5214,KSFO,KPSC,7,2026-10-06,17:32
SKW5215,KORD,KCVG,6,2026-10-06,14:00
SKW5216,KORD,CYWG,7,2026-10-06,15:34
SKW5217,KGEG,KSFO,7,2026-10-06,20:18
SKW5218,KSMF,KSFO,7,2026-10-06,19:06
SKW5220,KSFO,KSMF,7,2026-10-06,15:56
SKW5222,KBZN,KLAX,1,2026-10-06,19:40
SKW5222,KIAH,KPSP,6,2026-10-05,15:00
SKW5223,MMMY,KIAH,1,2026-10-04,16:20
SKW5225,KDEN,KRAP,6,2026-10-05,00:10
SKW5228,KORD,KLNK,6,2026-10-05,00:18
SKW5229,KDEN,KFSD,5,2026-10-05,21:49
SKW5230,KIAH,KABQ,5,2026-10-06,22:22
SKW5230,KICT,KORD,1,2026-09-30,03:40
SKW5231,KSBN,KORD,6,2026-10-06,12:15
SKW5232,KORD,KPWM,7,2026-10-06,12:25
SKW5234,KORD,KMKE,7,2026-10-06,15:55
SKW5235,KIAH,MMGL,5,2026-10-06,17:26
SKW5236,MMGL,KIAH,2,2026-10-03,20:49
SKW5239,KFAR,KDEN,7,2026-10-06,11:02
SKW5240,KICT,KDEN,5,2026-10-06,22:42
SKW5241,MMGL,KIAH,4,2026-10-06,12:51
SKW5242,KIAH,MMMY,7,2026-10-06,01:41
SKW5243,MMMY,KIAH,6,2026-10-06,23:30
SKW5244,KDEN,KCOS,6,2026-10-06,02:49
SKW5246,KDEN,KCOS,7,2026-10-06,14:01
SKW5247,KDAY,KORD,1,2026-10-04,22:20
SKW5247,KORD,KUNV,6,2026-10-06,19:38
SKW5248,KSFO,KBFL,5,2026-10-06,05:52
SKW5249,KMRY,KSFO,7,2026-10-06,19:33
SKW5250,KORD,KGRR,7,2026-10-06,21:31
SKW5251,KPVD,KORD,6,2026-10-06,20:48
SKW5252,KORD,CYWG,7,2026-10-06,01:29
SKW5253,KDEN,KFAR,7,2026-10-06,03:09
SKW5256,KSBA,KSFO,7,2026-10-06,23:39
SKW5257,KDEN,KBIL,7,2026-10-06,03:28
SKW5258,KCLT,KORD,1,2026-10-05,19:19
SKW5258,KJAX,KORD,4,2026-10-06,11:14
SKW5258,KJAX,KCLT,1,2026-10-05,11:56
SKW5259,KSMF,KLAX,5,2026-10-06,23:19
SKW5260,KIAH,MMGL,5,2026-10-06,01:47
SKW5261,KIAH,KTUL,7,2026-10-06,12:47
SKW5262,KORD,KMKE,6,2026-10-06,22:04
SKW5263,KSBA,KSFO,5,2026-10-06,02:22
SKW5264,KIAH,KXNA,6,2026-10-06,20:44
SKW5264,KLAX,KSBP,1,2026-10-04,01:57
SKW5266,KORD,KCVG,7,2026-10-06,16:15
SKW5267,KDEN,KXNA,7,2026-10-06,16:11
SKW5268,KSUN,KDEN,7,2026-10-06,20:52
SKW526H,KORD,KFWA,7,2026-10-06,19:27
SKW5271,KLAX,KSEA,1,2026-10-03,18:18
SKW5271,KSFO,KFAT,5,2026-10-06,04:17
SKW5272,KBUR,KSFO,2,2026-10-05,04:27
SKW5273,KCID,KDEN,5,2026-10-06,23:18
SKW5274,KIAH,KSGF,3,2026-10-05,23:50
SKW5274,KLAX,KBZN,1,2026-10-06,16:21
SKW5275,KLAX,KPSP,1,2026-10-05,01:28
SKW5275,KORD,KBUF,6,2026-10-06,15:59
SKW5276,KTUL,KDEN,7,2026-10-06,16:57
SKW5277,KIAH,KMCI,7,2026-10-06,17:34
SKW5278,KIAH,KOKC,7,2026-10-06,23:07
SKW5280,KGRB,KORD,7,2026-10-06,10:11
SKW5285,KMEM,KIAH,7,2026-10-06,16:43
SKW5286,KABQ,KSFO,1,2026-10-03,19:23
SKW5287,KIND,KORD,7,2026-10-06,13:33
SKW5288,KLAX,KMRY,1,2026-09-30,23:28
SKW5288,KPSP,KIAH,5,2026-10-05,19:16
SKW5289,KSFO,KABQ,5,2026-10-05,01:42
SKW5290,KORD,KBOI,7,2026-10-06,01:22
SKW5291,KCOS,KDEN,6,2026-10-05,12:23
SKW5291,KLAX,KPHX,1,2026-09-30,02:04
SKW5292,KORD,MMMY,7,2026-10-06,14:28
SKW5293,KDEN,KXWA,3,2026-10-06,14:20
SKW5294,KDEN,KCPR,1,2026-10-06,22:02
SKW5295,KBHM,KDEN,7,2026-10-06,13:17
SKW5296,KFSD,KDEN,5,2026-10-06,00:10
SKW5297,KLNK,KORD,6,2026-10-06,20:22
SKW5299,KLAX,KFAT,6,2026-10-06,17:54
SKW529A,KDEN,KFAR,7,2026-10-06,19:47
SKW5300,KORD,KSTL,2,2026-10-04,16:24
SKW5301,KIAH,KSLC,7,2026-10-06,17:37
SKW5302,KDEN,KLNK,6,2026-10-06,16:26
SKW5302,KDEN,KMCI,1,2026-09-30,16:08
SKW5302,KMCI,KLNK,1,2026-09-30,18:50
SKW5303,KDEN,KRAP,7,2026-10-06,03:20
SKW5304,KORD,KCMH,5,2026-10-06,22:10
SKW5305,KMCI,KIAH,7,2026-10-06,20:41
SKW5306,KDEN,KCOS,7,2026-10-06,16:11
SKW5307,KFAT,KLAX,7,2026-10-06,21:30
SKW5308,KDEN,KCOS,6,2026-10-06,23:19
SKW5309,KMCI,KORD,6,2026-10-06,18:26
SKW5310,KDEN,KSAF,7,2026-10-06,17:38
SKW5311,KDEN,KTUL,7,2026-10-06,19:53
SKW5313,KACV,KSFO,5,2026-10-06,14:08
SKW5314,KLNK,KORD,1,2026-10-03,16:12
SKW5314,KORD,KLNK,7,2026-10-06,01:09
SKW5315,KDEN,KTUL,7,2026-10-06,16:16
SKW5316,KORD,KIND,1,2026-10-03,20:54
SKW5316,KRNO,KDEN,6,2026-10-06,23:07
SKW5317,KGRB,KORD,6,2026-10-05,15:39
SKW5318,KSFO,KBUR,2,2026-10-05,01:57
SKW5319,KFSD,KDEN,6,2026-10-06,16:50
SKW5320,KFSD,KORD,7,2026-10-06,20:37
SKW5321,KLEX,KORD,7,2026-10-06,13:09
SKW5323,KSMF,KSFO,7,2026-10-06,21:21
SKW5324,KDEN,KOKC,7,2026-10-06,16:22
SKW5325,KCOS,KIAH,7,2026-10-06,13:54
SKW5326,KXNA,KDEN,7,2026-10-06,10:53
SKW5328,KOMA,KORD,1,2026-10-04,23:36
SKW5329,KGRR,KORD,7,2026-10-06,16:10
SKW532A,KIAH,KSLN,5,2026-10-06,00:11
SKW532X,KFOD,KORD,1,2026-09-30,21:06
SKW5330,KONT,KSFO,2,2026-10-06,18:40
SKW5330,KSNA,KSFO,4,2026-10-05,18:37
SKW5331,KORD,KFWA,7,2026-10-06,20:58
SKW5332,KSTL,KORD,7,2026-10-06,20:23
SKW5333,KDEN,KMAF,6,2026-10-06,16:05
SKW5334,KLEX,KORD,6,2026-10-06,14:23
SKW5335,KDEN,KRNO,5,2026-10-05,14:25
SKW5335,KPHX,KLAX,2,2026-10-06,21:03
SKW5336,KMEM,KORD,7,2026-10-06,23:50
SKW5337,KORD,KROA,7,2026-10-06,19:24
SKW5338,KFAT,KSFO,7,2026-10-06,13:10
SKW5339,KSNA,KSFO,7,2026-10-06,03:17
SKW5340,KATW,KORD,7,2026-10-06,11:36
SKW5341,KSFO,KTUS,7,2026-10-06,02:22
SKW5344,KMKE,KDEN,5,2026-10-06,23:03
SKW5345,KLAX,KPSP,6,2026-10-06,02:11
SKW5346,KHOB,KDEN,7,2026-10-06,13:13
SKW5347,KABE,KORD,6,2026-10-05,21:59
SKW5347,KABE,KMKE,1,2026-10-02,00:44
SKW5347,KMKE,KORD,1,2026-10-02,04:55
SKW5348,KLNK,KDEN,7,2026-10-06,15:25
SKW5349,KFAT,KSFO,4,2026-10-06,01:42
SKW5349,KLAX,KSMF,1,2026-09-30,01:57
SKW5350,KROA,KORD,6,2026-10-06,22:09
SKW5351,KSNA,KSFO,6,2026-10-06,23:30
SKW5352,KCAK,KORD,1,2026-10-04,12:52
SKW5352,KORD,KCAK,7,2026-10-06,23:30
SKW5353,KFSD,KORD,5,2026-10-06,23:44
SKW5354,KIAH,KECP,6,2026-10-06,01:53
SKW5354,KORD,KOMA,1,2026-10-03,21:07
SKW5355,KICT,KDEN,6,2026-10-06,11:08
SKW5356,KDEN,KHSV,6,2026-10-06,00:16
SKW5358,KORD,KCAK,6,2026-10-06,20:06
SKW5359,KFSD,KORD,1,2026-09-30,23:49
SKW5359,KORD,KFSD,7,2026-10-06,21:37
SKW5360,KCHO,KORD,7,2026-10-06,16:54
SKW5361,KDEN,KDSM,6,2026-10-06,14:20
SKW5361,KORD,KRDU,1,2026-10-03,18:02
SKW5362,KFNT,KORD,5,2026-10-06,23:00
SKW5362,KFNT,KMKE,1,2026-10-02,01:59
SKW5362,KMKE,KORD,1,2026-10-02,06:16
SKW5363,KORD,KOKC,7,2026-10-06,21:04
SKW5364,KDEN,KMAF,4,2026-10-06,01:34
SKW5364,KRDU,KORD,1,2026-10-03,20:53
SKW5365,KMSY,KIAH,7,2026-10-06,10:27
SKW5366,KIAH,KSHV,6,2026-10-06,23:55
SKW5367,KXWA,KDEN,3,2026-10-06,12:30
SKW5368,KIAH,KSHV,5,2026-10-06,01:41
SKW5369,KDEN,KLIT,7,2026-10-06,15:51
SKW5370,KCMH,KORD,4,2026-10-06,00:44
SKW5371,KCOS,KDEN,5,2026-10-06,14:14
SKW5374,KDEN,KIDA,7,2026-10-06,14:23
SKW5375,KMSY,KORD,7,2026-10-06,22:45
SKW5376,KORD,KLEX,7,2026-10-06,19:48
SKW5377,KSAF,KDEN,7,2026-10-06,21:46
SKW5378,KDEN,KFSD,7,2026-10-06,20:01
SKW5379,KLAX,KSUN,4,2026-10-05,18:49
SKW5380,KSLC,KLAX,1,2026-10-03,16:46
SKW5381,KDTW,KORD,7,2026-10-06,18:09
SKW5382,KSFO,KBOI,1,2026-10-04,01:59
SKW5383,KMSN,KORD,6,2026-10-05,18:40
SKW5384,KSBP,KLAX,4,2026-10-05,18:04
SKW5385,KOMA,KORD,7,2026-10-06,13:08
SKW5386,KBOI,KORD,7,2026-10-06,14:18
SKW5387,MMMY,KORD,7,2026-10-06,18:44
SKW5388,KDEN,KHLN,2,2026-10-06,18:06
SKW5390,KSMF,KLAX,7,2026-10-06,14:52
SKW5391,KCOS,KDEN,5,2026-10-06,00:47
SKW5392,KSFO,KBUR,1,2026-10-06,14:41
SKW5393,KHSV,KDEN,7,2026-10-06,20:51
SKW5394,KSFO,KRNO,5,2026-10-05,15:47
SKW5395,KGRB,KORD,7,2026-10-06,18:30
SKW5396,KONT,KSFO,4,2026-10-06,02:23
SKW5397,KSAT,KDEN,7,2026-10-06,10:42
SKW5398,KLAX,KMRY,6,2026-10-06,02:01
SKW5398,KORD,KICT,2,2026-10-06,01:26
SKW5399,KORD,KCID,6,2026-10-06,19:04
SKW5400,KCOS,KDEN,7,2026-10-06,16:40
SKW5401,KJAX,KORD,6,2026-10-06,17:21
SKW5402,KMKE,KORD,7,2026-10-06,13:46
SKW5403,KORD,KGSP,7,2026-10-06,19:16
SKW5404,KSGF,KDEN,6,2026-10-06,22:50
SKW5405,KSFO,KSNA,7,2026-10-06,14:32
SKW5406,KSRQ,KORD,1,2026-10-03,16:25
SKW5407,KSGF,KORD,7,2026-10-06,16:36
SKW5408,CYYZ,KORD,1,2026-10-03,22:17
SKW5408,KSLC,KLAX,6,2026-10-06,13:20
SKW5409,KDEN,KILM,1,2026-10-03,15:58
SKW5410,KLAX,KRNO,5,2026-10-05,16:38
SKW5411,KLAX,KRNO,3,2026-10-06,02:17
SKW5411,KORD,KSAV,1,2026-10-03,23:46
SKW5412,KORD,KDSM,7,2026-10-06,16:31
SKW5413,KORD,KAVL,7,2026-10-06,12:36
SKW5414,KORD,KMEM,7,2026-10-06,17:59
SKW5415,KSEA,KSFO,5,2026-10-06,03:47
SKW5416,KORD,KBHM,7,2026-10-06,03:12
SKW5417,KMSO,KSFO,6,2026-10-06,22:23
SKW5418,KORD,KCID,1,2026-10-06,14:12
SKW5419,KLAX,KPHX,7,2026-10-06,15:18
SKW5420,KMKE,KORD,6,2026-10-06,23:53
SKW5421,KDEN,KLBB,6,2026-10-06,20:21
SKW5422,KSFO,KMSO,7,2026-10-06,19:53
SKW5423,KLAX,KSBA,1,2026-10-05,02:00
SKW5424,KLAX,KSMF,1,2026-10-05,05:47
SKW5425,KLAX,KPHX,5,2026-10-05,20:42
SKW5426,KLAX,KMCI,7,2026-10-06,17:29
SKW5427,KORD,KBGR,7,2026-10-06,17:19
SKW5428,KDEN,KLBB,6,2026-10-06,01:53
SKW5429,KLIT,KDEN,5,2026-10-06,21:51
SKW5430,KLAX,KSMF,5,2026-10-06,04:46
SKW5431,KLNK,KDEN,6,2026-10-06,22:09
SKW5432,KLNK,KORD,7,2026-10-06,11:05
SKW5433,KLEX,KORD,1,2026-09-30,18:45
SKW5433,KSFO,KTUS,7,2026-10-06,17:15
SKW5434,KORD,KTUL,1,2026-10-06,20:49
SKW5435,KSFO,KBFL,7,2026-10-06,21:33
SKW5436,KORD,KUNV,1,2026-10-04,16:22
SKW5437,KORD,KCHA,7,2026-10-06,12:16
SKW5438,KDEN,KMRY,7,2026-10-06,18:00
SKW5439,KORD,KCRW,7,2026-10-06,20:09
SKW543V,KDEN,KRAP,6,2026-10-06,22:18
SKW5440,KSFO,KSNA,7,2026-10-06,20:57
SKW5441,KLAX,KPHX,5,2026-10-06,04:12
SKW5442,KTUL,KORD,7,2026-10-06,14:56
SKW5443,KLEX,KORD,6,2026-10-06,18:13
SKW5445,KPSP,KLAX,1,2026-10-05,03:02
SKW5446,KABQ,KDEN,7,2026-10-06,00:18
SKW5446,KFWA,KORD,1,2026-10-05,22:08
SKW5447,KSFO,KOTH,3,2026-10-06,16:48
SKW5449,KMLI,KORD,7,2026-10-06,11:50
SKW5450,KLIT,KIAH,3,2026-10-05,22:36
SKW5451,KSBA,KLAX,1,2026-10-05,03:45
SKW5452,KRDD,KSFO,7,2026-10-06,21:23
SKW5453,KSFO,KEUG,7,2026-10-06,20:47
SKW5454,KDEN,KICT,7,2026-10-06,20:17
SKW5455,KPIA,KDEN,6,2026-10-05,14:14
SKW5456,KSFO,KEUG,6,2026-10-05,16:17
SKW5457,KSLC,KSFO,3,2026-10-05,01:29
SKW5458,KSBP,KSFO,1,2026-10-05,01:13
SKW5459,KIAH,KCOS,7,2026-10-06,01:32
SKW545M,KLAX,KSBA,7,2026-10-06,04:17
SKW5460,KSFO,KPHX,6,2026-10-06,19:51
SKW5461,KORD,KMLI,4,2026-10-06,23:55
SKW5462,KBFL,KSFO,1,2026-10-01,14:40
SKW5462,KFAR,KDEN,6,2026-10-06,16:41
SKW5463,KBIL,KDEN,7,2026-10-06,16:42
SKW5464,KSFO,KSBA,7,2026-10-06,21:17
SKW5465,KORD,KDAY,1,2026-10-04,20:23
SKW5466,KFWA,KORD,5,2026-10-04,21:50
SKW5467,KSFO,KONT,4,2026-10-06,23:25
SKW5468,KUNV,KORD,1,2026-10-04,18:38
SKW5470,KORD,KLNK,5,2026-10-06,02:48
SKW5470,KORD,KGEG,1,2026-09-30,15:18
SKW5471,KGEG,KSFO,3,2026-10-04,13:14
SKW5472,KCOS,KDEN,1,2026-10-02,01:06
SKW5472,KMAF,KDEN,4,2026-10-06,23:53
SKW5472,KMAF,KCOS,1,2026-10-02,22:18
SKW5473,KMBS,KORD,7,2026-10-06,12:58
SKW5474,KORD,KCID,5,2026-10-06,01:32
SKW5475,KSFO,KSBP,1,2026-10-05,04:34
SKW5477,KORD,KCLE,7,2026-10-06,21:32
SKW5478,KTUL,KORD,1,2026-09-30,23:27
SKW5480,KORD,KCLE,7,2026-10-06,14:27
SKW5481,KDEN,KSGF,7,2026-10-06,16:09
SKW5482,KORD,KDLH,6,2026-10-06,21:58
SKW5483,KONT,KSFO,4,2026-10-05,23:18
SKW5484,KMSO,KDEN,7,2026-10-06,16:48
SKW5485,KMSN,KDEN,5,2026-10-06,22:59
SKW5487,KORD,KCRW,4,2026-10-05,03:07
SKW5488,KDEN,KGJT,7,2026-10-06,19:20
SKW5489,KMCI,KLAX,7,2026-10-06,21:34
SKW5490,KOKC,KDEN,6,2026-10-06,16:53
SKW5491,KDEN,KGJT,6,2026-10-06,03:16
SKW5492,KFSD,KDEN,7,2026-10-06,18:51
SKW5493,KORD,KMLI,7,2026-10-06,16:44
SKW5495,KSAF,KDEN,6,2026-10-06,13:30
SKW5497,KDEN,KICT,7,2026-10-06,16:30
SKW5498,KDEN,KBIL,6,2026-10-06,21:56
SKW5499,KORD,KSBN,6,2026-10-06,01:10
SKW5500,KROA,KORD,7,2026-10-06,11:00
SKW5501,KMKE,KDEN,7,2026-10-06,15:46
SKW5502,KMRY,KSFO,7,2026-10-06,17:26
SKW5503,KEUG,KSFO,6,2026-10-06,23:09
SKW5504,KOMA,KDEN,5,2026-10-06,00:15
SKW5505,KORD,KSBN,7,2026-10-06,21:02
SKW5508,KSFO,KCRQ,6,2026-10-06,02:31
SKW5509,KSHV,KDEN,5,2026-10-06,21:59
SKW5510,KPSP,KCRQ,1,2026-10-03,21:54
SKW5510,KSFO,KCRQ,6,2026-10-06,17:41
SKW5510,KSFO,KPSP,1,2026-10-03,17:41
SKW5511,KOMA,KORD,7,2026-10-06,18:18
SKW5512,KDEN,KMLI,5,2026-10-06,23:36
SKW5514,KDEN,KHSV,7,2026-10-06,16:20
SKW5515,KCRQ,KDEN,6,2026-10-06,20:17
SKW5516,KGRR,KORD,6,2026-10-06,22:21
SKW5517,KGRB,KORD,6,2026-10-06,21:07
SKW5518,KROC,KORD,7,2026-10-06,14:48
SKW5519,KCRQ,KSFO,7,2026-10-06,14:27
SKW5520,KCRQ,KDEN,7,2026-10-06,15:47
SKW5521,KORD,KCVG,6,2026-10-06,18:23
SKW5522,KORD,KABE,7,2026-10-06,23:29
SKW5523,KMRY,KLAX,7,2026-10-06,21:09
SKW5524,KGSP,KORD,6,2026-10-06,21:57
SKW5525,KORD,KSGF,6,2026-10-06,14:15
SKW5526,KCRW,KORD,5,2026-10-06,14:48
SKW5526,KORD,KSAV,1,2026-10-02,16:37
SKW5527,KDEN,CYWG,5,2026-10-06,23:55
SKW5528,KXWA,KDEN,4,2026-10-06,19:07
SKW5529,KDEN,KCRQ,7,2026-10-06,01:29
SKW5530,KORD,KMSN,5,2026-10-05,21:27
SKW5530,KSLC,KSFO,1,2026-10-06,20:12
SKW5531,KOKC,KIAH,6,2026-10-06,19:07
SKW5532,KOKC,KIAH,1,2026-10-06,23:38
SKW5532,KSGF,KIAH,5,2026-10-06,11:34
SKW5532,KSGF,KOKC,1,2026-10-05,14:52
SKW5533,KRDD,KLAX,7,2026-10-06,15:47
SKW5534,KSFO,KPSP,4,2026-10-06,04:33
SKW5535,KDEN,KMSO,7,2026-10-06,20:21
SKW5536,KMKE,KIAH,7,2026-10-06,13:11
SKW5537,KLAX,KSMF,7,2026-10-06,16:38
SKW5538,KORD,KABE,7,2026-10-06,19:22
SKW5539,KUNV,KORD,5,2026-10-06,22:06
SKW5540,KCVG,KORD,6,2026-10-06,16:03
SKW5541,KSGF,KDEN,7,2026-10-06,18:44
SKW5542,KPSP,KLAX,7,2026-10-06,15:44
SKW5543,KJAC,KDEN,7,2026-10-06,16:54
SKW5544,KORD,KCID,7,2026-10-06,21:40
SKW5545,KSLC,KIAH,7,2026-10-06,22:27
SKW5546,KDEN,KCOS,7,2026-10-06,21:51
SKW5547,KPWM,KIAH,1,2026-10-04,20:38
SKW5548,KSTL,KDEN,7,2026-10-06,10:19
SKW5549,KRDD,KSFO,7,2026-10-06,13:09
SKW5550,KLAX,KSBP,5,2026-10-06,23:41
SKW5551,KIDA,KDEN,7,2026-10-06,23:59
SKW5552,KORD,KATW,6,2026-10-06,03:04
SKW5553,KORD,KSGF,2,2026-10-01,02:54
SKW5555,KORD,KMKE,4,2026-10-05,01:02
SKW5556,KDEN,KRAP,3,2026-10-04,19:13
SKW5556,KORD,KABE,1,2026-10-03,11:53
SKW5556,KXWA,KDEN,1,2026-10-05,21:10
SKW5557,KPIA,KORD,7,2026-10-06,11:23
SKW5558,KORD,KCRW,6,2026-10-06,12:21
SKW5558,KSAV,KORD,1,2026-10-02,20:17
SKW5559,KMKE,KORD,6,2026-10-06,16:17
SKW555A,KLAX,KSLC,7,2026-10-06,23:47
SKW5561,KBAD,KDEN,1,2026-10-02,16:22
SKW5561,KSHV,KDEN,5,2026-10-06,14:01
SKW5562,KBFL,KSFO,4,2026-10-05,14:25
SKW5563,KMSN,KORD,1,2026-10-01,23:29
SKW5563,KORD,KTVC,6,2026-10-06,16:15
SKW5565,KORD,KCHO,6,2026-10-06,19:46
SKW5566,KSFO,KFAT,7,2026-10-06,17:54
SKW5567,KORD,KGRR,6,2026-10-06,20:34
SKW5568,KORD,KGRR,7,2026-10-06,14:32
SKW5570,KSGF,KORD,2,2026-10-01,23:38
SKW5571,KBTR,KIAH,1,2026-09-30,15:07
SKW5571,KSFO,KONT,6,2026-10-06,20:57
SKW5573,KSGF,KORD,1,2026-09-30,11:05
SKW5574,KORD,KSGF,1,2026-09-30,21:43
SKW5575,KTUS,KORD,6,2026-10-06,13:52
SKW5576,KRAP,KDEN,6,2026-10-05,11:10
SKW5578,KPSC,KSFO,7,2026-10-06,20:48
SKW5579,KSFO,KSEA,5,2026-10-06,06:00
SKW5581,KORD,KMDT,6,2026-10-06,12:20
SKW5582,KORD,KIND,7,2026-10-06,11:17
SKW5583,KTUS,KSFO,7,2026-10-06,20:23
SKW5584,KCAK,KORD,6,2026-10-06,12:53
SKW5586,KIAH,KBTR,1,2026-09-30,23:24
SKW5586,KMSN,KORD,4,2026-10-05,23:50
SKW5587,KGEG,KDEN,7,2026-10-06,23:18
SKW5588,KFAT,KLAX,7,2026-10-06,13:23
SKW5590,KSFO,KSLC,6,2026-10-05,02:26
SKW5591,KMLI,KORD,7,2026-10-06,16:17
SKW5592,KORD,KMEM,1,2026-10-02,21:37
SKW5592,KTVC,KORD,5,2026-10-06,18:15
SKW5593,KORD,KMEM,7,2026-10-06,14:06
SKW5594,KORD,KCAE,7,2026-10-06,23:30
SKW5595,KCVG,KORD,6,2026-10-06,22:36
SKW5596,MMMY,KSFO,7,2026-10-06,12:29
SKW5597,KSFO,KSNA,7,2026-10-06,00:05
SKW5598,KDEN,KSAT,7,2026-10-06,02:58
SKW5599,KCRQ,KSFO,6,2026-10-06,21:07
SKW5600,KDEN,KPIA,4,2026-10-05,23:44
SKW5601,KLNK,KORD,7,2026-10-06,14:07
SKW5603,KORD,KFNT,6,2026-10-06,03:09
SKW5604,KORD,KJAX,3,2026-10-05,12:37
SKW5605,KORD,KGRB,5,2026-10-06,00:14
SKW5606,KCHO,KORD,6,2026-10-06,22:42
SKW5606,KORD,KGRB,1,2026-10-05,23:53
SKW5607,KLAX,KLAS,1,2026-10-02,15:34
SKW5607,KORD,KLNK,2,2026-10-01,04:35
SKW5608,KDEN,KXWA,3,2026-10-06,16:06
SKW5609,KORD,KATW,6,2026-10-06,18:00
SKW560P,KDEN,KMKE,7,2026-10-06,23:52
SKW5610,KORD,KCHO,7,2026-10-06,23:41
SKW5611,KORD,KATW,7,2026-10-06,22:40
SKW5612,KLAS,KLAX,4,2026-10-06,02:28
SKW5613,KLAX,KMRY,5,2026-10-05,17:44
SKW5614,KORD,KCOU,7,2026-10-06,14:29
SKW5615,KCID,KORD,7,2026-10-06,23:50
SKW5616,KSNA,KSFO,7,2026-10-06,17:12
SKW5617,KPSP,KDEN,7,2026-10-06,16:14
SKW5618,KTVC,KORD,3,2026-10-06,10:10
SKW5619,KIAH,KOKC,4,2026-10-06,14:53
SKW5620,KORD,KCAE,7,2026-10-06,11:46
SKW5621,KRNO,KLAX,4,2026-10-05,15:14
SKW5622,KDEN,KLNK,5,2026-10-06,00:06
SKW5622,KDEN,KFSD,1,2026-10-01,00:51
SKW5623,KGEG,KORD,5,2026-10-06,18:24
SKW5624,KORD,KLEX,7,2026-10-06,23:23
SKW5625,KGRB,KORD,1,2026-10-06,15:39
SKW5625,KORD,KGRB,7,2026-10-06,20:55
SKW5626,KORD,KDAY,7,2026-10-06,14:04
SKW5627,KSFO,KMRY,5,2026-10-06,00:31
SKW5628,KSMF,KLAX,6,2026-10-06,01:50
SKW5629,KORD,KGRB,7,2026-10-06,16:34
SKW5630,KICT,KDEN,5,2026-10-06,23:54
SKW5631,KABE,KORD,1,2026-10-03,14:37
SKW5631,KPSP,KSFO,5,2026-10-06,01:20
SKW5632,KORD,KJAX,3,2026-10-05,23:58
SKW5633,KLEX,KORD,7,2026-10-06,10:10
SKW5634,KCOS,KDEN,7,2026-10-06,16:13
SKW5635,KORD,KMBS,5,2026-10-06,03:10
SKW5636,KSFO,KSBP,7,2026-10-06,21:22
SKW5637,KORD,KAVL,7,2026-10-06,23:41
SKW5638,KORD,KOMA,6,2026-10-06,23:24
SKW5639,CYWG,KORD,7,2026-10-06,19:09
SKW5640,KMKE,KORD,7,2026-10-06,19:44
SKW5641,KDEN,KXNA,7,2026-10-06,19:44
SKW5642,KSLC,KDEN,6,2026-10-06,14:41
SKW5643,KDEN,KSAF,5,2026-10-06,22:02
SKW5644,KORD,KMCI,6,2026-10-06,19:45
SKW5644,KORD,KCLT,1,2026-10-03,17:33
SKW5645,KORD,KFSD,7,2026-10-06,18:22
SKW5646,KDEN,KSLC,7,2026-10-06,03:15
SKW5647,KFAT,KSFO,7,2026-10-06,19:47
SKW5648,KMKE,KORD,7,2026-10-06,21:23
SKW5649,KLNK,KDEN,7,2026-10-06,18:28
SKW5650,KORD,KGRB,6,2026-10-06,19:21
SKW5651,KORD,KMLI,7,2026-10-06,14:22
SKW5652,KSFO,KFAT,7,2026-10-06,23:49
SKW5653,KORD,KFAR,7,2026-10-06,13:55
SKW5654,CYYZ,KORD,6,2026-10-06,19:02
SKW5654,KCLT,KORD,1,2026-10-03,20:13
SKW5655,KDEN,KFAT,7,2026-10-06,18:14
SKW5656,KORD,KGRR,6,2026-10-05,23:36
SKW5657,KORD,KPIT,6,2026-10-06,21:59
SKW5659,KSUN,KDEN,7,2026-10-06,13:15
SKW565J,KIAH,KMEM,7,2026-10-06,17:25
SKW5660,KSEA,KSFO,7,2026-10-06,18:23
SKW5661,KSAF,KDEN,7,2026-10-06,16:40
SKW5662,KLAX,KPHX,6,2026-10-06,23:36
SKW5663,KOKC,KIAH,4,2026-10-06,17:02
SKW5664,KORD,KSGF,7,2026-10-06,18:08
SKW5665,KORD,KROA,7,2026-10-06,12:23
SKW5666,KIDA,KDEN,5,2026-10-05,22:19
SKW5667,KTUL,KDEN,7,2026-10-06,11:07
SKW5668,KORD,KMKE,6,2026-10-06,19:33
SKW5669,KDEN,KCOS,3,2026-10-04,02:10
SKW566Z,KDEN,KLBL,5,2026-10-06,14:22
SKW5671,KRAP,KDEN,7,2026-10-06,00:03
SKW5672,KMEM,KORD,7,2026-10-06,14:59
SKW5673,KTUL,KDEN,5,2026-10-06,00:13
SKW5674,KGRR,KORD,7,2026-10-06,09:09
SKW5675,KSBN,KORD,7,2026-10-06,20:57
SKW5676,KORD,KPVD,7,2026-10-06,16:23
SKW5677,KDEN,KCID,7,2026-10-06,20:16
SKW5678,KMLI,KORD,7,2026-10-06,13:42
SKW5679,KORD,KMSN,5,2026-10-06,00:16
SKW5680,KMCI,KORD,7,2026-10-06,11:10
SKW5681,KIAH,KLIT,7,2026-10-06,19:35
SKW5683,KSLC,KDEN,7,2026-10-06,11:41
SKW5684,KMCI,KDEN,5,2026-10-06,00:18
SKW5685,KXWA,KDEN,4,2026-10-06,16:59
SKW5686,KSGF,KORD,6,2026-10-06,20:51
SKW5687,KDEN,KSGF,7,2026-10-06,02:58
SKW5688,KORD,KLEX,7,2026-10-06,16:13
SKW5689,KORD,KMSY,7,2026-10-06,19:25
SKW568C,KDEN,KTUL,4,2026-10-05,21:49
SKW5690,KORD,KLEX,7,2026-10-06,02:40
SKW5691,KORD,KPVD,6,2026-10-06,00:36
SKW5692,KORD,KSDF,6,2026-10-06,16:10
SKW5693,KSUN,KSFO,5,2026-10-05,15:17
SKW5694,KXNA,KDEN,5,2026-10-04,22:19
SKW5696,KORD,KSTL,7,2026-10-06,18:09
SKW5698,KORD,KLNK,7,2026-10-06,14:27
SKW5699,KCHO,KORD,7,2026-10-06,11:01
SKW5701,KFSD,KDEN,7,2026-10-06,11:08
SKW5703,KFAR,KORD,7,2026-10-06,19:33
SKW5704,KORD,KTVC,5,2026-10-06,19:13
SKW5705,KORD,KIND,1,2026-10-04,03:01
SKW5705,KSFO,KPSP,4,2026-10-06,02:01
SKW5707,KLAX,KRNO,1,2026-10-02,20:25
SKW5707,KORD,KSYR,1,2026-09-30,14:00
SKW5708,KDEN,KMSN,1,2026-10-04,19:40
SKW5708,KRAP,KDEN,6,2026-10-06,16:42
SKW5709,KGRR,KORD,7,2026-10-06,14:15
SKW5710,KFWA,KORD,7,2026-10-06,11:56
SKW5712,KORD,KMCI,5,2026-10-05,23:25
SKW5713,KORD,KPIA,4,2026-10-06,23:47
SKW5714,KORD,KTVC,2,2026-10-06,03:26
SKW5715,KCID,KORD,5,2026-10-06,11:42
SKW5716,KIAH,KGRR,7,2026-10-06,23:37
SKW5717,KORD,KMCI,6,2026-10-06,12:50
SKW5719,KORD,KTYS,7,2026-10-06,19:42
SKW5720,KSFO,KBOI,7,2026-10-06,23:52
SKW5721,KORD,KBHM,7,2026-10-06,16:55
SKW5722,KIAH,KMEM,7,2026-10-06,12:37
SKW5723,KSBN,KORD,7,2026-10-06,10:33
SKW5724,KSFO,KRDD,6,2026-10-06,04:33
SKW5725,KORD,KSBN,7,2026-10-06,18:01
SKW5726,KORD,KTVC,7,2026-10-06,13:01
SKW5727,KBHM,KORD,6,2026-10-06,19:58
SKW5727,KBHM,KMKE,1,2026-10-02,22:54
SKW5727,KMKE,KORD,1,2026-10-02,04:44
SKW5728,KORD,KSDF,1,2026-09-30,16:05
SKW5729,KCHS,KORD,7,2026-10-06,23:09
SKW572U,KORD,KJST,7,2026-10-06,02:56
SKW5730,KDEN,KJAC,3,2026-10-05,14:10
SKW5731,KSBP,KLAX,4,2026-10-05,23:36
SKW5732,KRDU,KORD,7,2026-10-06,15:43
SKW5733,KPDX,KSFO,7,2026-10-06,18:20
SKW5734,KDEN,KSUN,7,2026-10-06,01:51
SKW5735,KMCI,KORD,6,2026-10-06,15:18
SKW5736,KLAX,KSEA,7,2026-10-06,15:54
SKW5737,KFAT,KSFO,7,2026-10-06,17:24
SKW5738,KSFO,KFAT,6,2026-10-06,06:05
SKW5739,KRNO,KDEN,5,2026-10-05,18:14
SKW5740,KORD,CYYZ,7,2026-10-06,16:23
SKW5741,KDEN,KSLC,5,2026-10-05,22:09
SKW5742,KRAP,KDEN,7,2026-10-06,18:47
SKW5743,KSAV,KORD,1,2026-10-03,10:14
SKW5744,KORD,KOMA,7,2026-10-06,15:59
SKW5745,KIAH,KTUL,5,2026-10-06,01:23
SKW5746,KSDF,KORD,1,2026-09-30,18:08
SKW5747,KPVD,KORD,6,2026-10-06,13:57
SKW5748,KTUL,KIAH,5,2026-10-06,14:08
SKW5751,KMOB,KIAH,2,2026-10-04,16:38
SKW5752,KSLC,KDEN,5,2026-10-06,00:13
SKW5753,KSFO,KSLC,4,2026-10-06,04:09
SKW5754,KDLH,KORD,7,2026-10-06,16:26
SKW5755,KGJT,KDEN,7,2026-10-06,00:39
SKW5756,KORD,KDTW,7,2026-10-06,16:01
SKW5757,KSBP,KSFO,7,2026-10-06,13:16
SKW5760,KDEN,KLIT,7,2026-10-06,19:41
SKW5763,KSFO,KSNA,4,2026-10-05,15:56
SKW5763,KSFO,KONT,2,2026-10-06,16:40
SKW5764,KORD,KRDU,7,2026-10-06,12:57
SKW5765,KIAH,KSHV,6,2026-10-06,19:54
SKW5767,KSGF,KIAH,6,2026-10-06,14:16
SKW5768,KORD,KMLI,7,2026-10-06,03:05
SKW576U,KIAD,KJST,4,2026-10-04,17:06
SKW5773,KROA,KORD,7,2026-10-06,15:08
SKW5777,KSFO,KPDX,7,2026-10-06,15:28
SKW5780,KMEM,KORD,6,2026-10-06,19:54
SKW5783,KIAH,KXNA,6,2026-10-06,14:54
SKW5784,KORD,KGRR,6,2026-10-06,11:17
SKW5785,KORD,KPIA,7,2026-10-06,19:24
SKW5787,KFAT,KDEN,6,2026-10-06,16:15
SKW5788,KHDN,KDEN,1,2026-10-05,22:05
SKW5789,KDEN,KHDN,5,2026-10-06,19:53
SKW5790,KSFO,KSEA,7,2026-10-06,14:51
SKW5791,KLBB,KDEN,7,2026-10-06,13:10
SKW5793,KIDA,KDEN,7,2026-10-06,16:47
SKW5794,KMAF,KDEN,7,2026-10-06,12:43
SKW5795,KORD,KTUL,7,2026-10-06,14:20
SKW5796,KSFO,KSMF,4,2026-10-06,01:58
SKW5797,KDEN,KCOU,4,2026-10-06,00:08
SKW5798,KMEM,KIAH,7,2026-10-06,20:45
SKW5799,KMKE,KORD,7,2026-10-06,10:32
SKW5801,KCRW,KORD,7,2026-10-06,11:24
SKW5804,KSHV,KIAH,7,2026-10-06,14:42
SKW5805,KRAP,KDEN,3,2026-10-04,21:48
SKW5806,KSFO,KSBA,7,2026-10-06,02:18
SKW5807,KPIA,KORD,7,2026-10-06,16:00
SKW5808,KORD,KUNV,7,2026-10-06,12:13
SKW5810,KICT,KORD,7,2026-10-06,16:17
SKW5811,KSYR,KORD,7,2026-10-06,16:43
SKW5812,KXNA,KDEN,7,2026-10-06,19:00
SKW5813,KICT,KDEN,7,2026-10-06,17:05
SKW5815,KPIA,KORD,6,2026-10-06,13:50
SKW5819,KORD,KDLH,7,2026-10-06,14:15
SKW5821,KORD,KMKE,6,2026-10-06,14:28
SKW5822,KSFO,KGEG,4,2026-10-06,03:22
SKW5823,KOKC,KORD,7,2026-10-06,14:22
SKW5824,KDEN,KLNK,7,2026-10-06,02:47
SKW5825,KLNK,KDEN,7,2026-10-06,17:14
SKW5826,KDEN,KLNK,5,2026-10-06,13:58
SKW5826,KDEN,KMCI,1,2026-09-30,13:52
SKW5826,KMCI,KLNK,1,2026-09-30,16:49
SKW5827,KDEN,KLNK,7,2026-10-06,19:56
SKW5829,KBIL,KDEN,7,2026-10-06,11:07
SKW5830,KORD,KFWA,7,2026-10-06,01:29
SKW5831,KSBA,KSFO,7,2026-10-06,17:01
SKW5832,KDEN,KBIS,6,2026-10-06,19:58
SKW5833,KAVL,KORD,7,2026-10-06,10:59
SKW5834,KSDF,KORD,6,2026-10-06,18:17
SKW5837,KSHV,KIAH,7,2026-10-06,20:56
SKW5838,KORD,KMKE,7,2026-10-06,11:26
SKW5839,KTVC,KORD,5,2026-10-06,16:06
SKW5840,KABQ,KSFO,5,2026-10-05,15:48
SKW5841,KSEA,KSFO,4,2026-10-06,01:43
SKW5842,KSFO,KSEA,4,2026-10-06,21:37
SKW5843,KSHV,KIAH,6,2026-10-06,12:15
SKW5845,KDEN,KBIL,4,2026-10-05,20:02
SKW5846,KOTH,KDEN,6,2026-10-06,19:43
SKW5848,KFSD,KDEN,5,2026-10-06,22:10
SKW5849,KMSO,KDEN,6,2026-10-06,23:29
SKW5850,KJAC,KSFO,2,2026-10-04,01:30
SKW5852,KORD,KFNT,6,2026-10-06,21:19
SKW5853,KMCI,KORD,4,2026-10-06,22:30
SKW5857,KCOU,KDEN,6,2026-10-06,14:37
SKW5858,KLAX,KSMF,4,2026-10-06,23:37
SKW5859,KDEN,KGEG,6,2026-10-06,20:13
SKW5860,KTUS,KDEN,3,2026-10-05,00:46
SKW5861,KDEN,KCOS,5,2026-10-06,00:16
SKW5862,KXNA,KIAH,3,2026-10-06,22:52
SKW5863,KLAX,KSBP,5,2026-10-06,05:53
SKW5865,KTVC,KORD,5,2026-10-06,22:11
SKW5866,KLNK,KDEN,6,2026-10-06,11:17
SKW5867,KOKC,KORD,7,2026-10-06,18:27
SKW5869,KTYS,KORD,6,2026-10-06,22:30
SKW5871,KLEX,KORD,6,2026-10-06,22:22
SKW5873,KDEN,KTUS,2,2026-10-04,22:01
SKW5874,CYYZ,KORD,6,2026-10-06,01:26
SKW5877,KORD,KTVC,1,2026-09-30,16:30
SKW5878,KSAF,KDEN,7,2026-10-06,19:39
SKW5880,KDEN,KABQ,7,2026-10-06,03:44
SKW5881,KSFO,KRDD,6,2026-10-06,23:53
SKW5882,KORD,KDTW,7,2026-10-06,18:14
SKW5884,KRAP,KDEN,7,2026-10-06,15:29
SKW5885,KSBN,KORD,6,2026-10-06,23:59
SKW5886,KDEN,KSGF,6,2026-10-06,00:12
SKW5887,KORD,KSBN,7,2026-10-06,14:42
SKW5889,KFWA,KORD,7,2026-10-06,10:18
SKW5890,KORD,KCHO,7,2026-10-06,14:07
SKW5891,KDEN,KRAP,7,2026-10-06,21:10
SKW5892,KDEN,KXWA,1,2026-10-06,20:33
SKW5892,KIND,KORD,1,2026-10-04,09:47
SKW5893,KLAX,KSBA,5,2026-10-05,20:15
SKW5895,KSGF,KDEN,7,2026-10-06,10:38
SKW5896,KMKE,KORD,7,2026-10-06,11:34
SKW5897,KSBP,KLAX,7,2026-10-06,14:22
SKW5898,KSGF,KDEN,6,2026-10-06,14:33
SKW5899,KRNO,KSFO,5,2026-10-05,18:57
SKW589F,KDEN,KXWA,2,2026-10-03,20:00
SKW5901,KORD,KFAR,7,2026-10-06,23:06
SKW5902,KMSN,KORD,7,2026-10-06,10:29
SKW5903,KIAH,KSGF,2,2026-10-01,01:37
SKW5904,KRDD,KSFO,4,2026-10-06,02:14
SKW5905,KONT,KSFO,1,2026-09-30,18:22
SKW5906,KXWA,KDEN,3,2026-10-06,23:31
SKW5907,KSFO,KONT,1,2026-09-30,16:20
SKW5908,KSFO,KSLC,7,2026-10-06,16:47
SKW5910,KLNK,KORD,6,2026-10-05,12:49
SKW5911,KHLN,KDEN,3,2026-10-06,20:56
SKW5912,KLNK,KORD,6,2026-10-06,16:01
SKW5914,KTUL,KDEN,5,2026-10-06,22:34
SKW5915,KSGF,KIAH,1,2026-09-30,12:14
SKW5916,KSLC,KLAX,5,2026-10-05,20:27
SKW5917,KSTL,KORD,2,2026-10-04,18:44
SKW5918,KORD,CYYZ,5,2026-10-06,22:29
SKW5919,KORD,KROC,7,2026-10-06,12:24
SKW5920,KSFO,KMRY,7,2026-10-06,21:09
SKW5921,KDEN,KXWA,2,2026-10-06,21:21
SKW5921,KONT,KSFO,2,2026-10-01,23:17
SKW5922,KICT,KDEN,1,2026-10-04,18:43
SKW5923,KDEN,KBOI,7,2026-10-06,02:56
SKW5924,KBOI,KDEN,7,2026-10-06,11:07
SKW5927,KMSN,KDEN,7,2026-10-06,10:25
SKW5928,KORD,KTUS,7,2026-10-06,18:03
SKW5930,KORD,KFAR,7,2026-10-06,19:00
SKW5932,KRNO,KLAX,1,2026-10-02,22:28
SKW5932,KSFO,KONT,1,2026-09-30,20:51
SKW5933,KORD,KMKE,7,2026-10-06,18:12
SKW5935,KOMA,KDEN,6,2026-10-06,16:55
SKW5936,KSFO,KSBA,5,2026-10-06,23:30
SKW5937,KORD,KSYR,6,2026-10-06,13:13
SKW5938,KOTH,KSFO,5,2026-10-05,21:19
SKW5939,KPHX,KLAX,7,2026-10-06,13:45
SKW5947,KRAP,KDEN,7,2026-10-06,23:21
SKW5949,KORD,KPIA,7,2026-10-06,14:30
SKW5950,KDSM,KDEN,6,2026-10-06,16:50
SKW5951,KSFO,KMSP,7,2026-10-06,00:22
SKW5952,KDRO,KDEN,1,2026-10-06,22:02
SKW5953,KSBN,KORD,7,2026-10-06,16:17
SKW5959,KSHV,KIAH,4,2026-10-04,23:23
SKW595Y,KORD,KMGW,1,2026-10-05,17:06
SKW5961,KSMF,KSFO,4,2026-10-06,03:41
SKW5962,KSFO,KTUS,4,2026-10-06,23:43
SKW5964,KCOS,KORD,7,2026-10-06,14:28
SKW5966,KACV,KDEN,7,2026-10-06,20:26
SKW5968,KPHX,KLAX,5,2026-10-06,23:17
SKW5969,KPHX,KLAX,5,2026-10-06,02:09
SKW5970,KSLC,KSFO,6,2026-10-05,16:55
SKW5972,KICT,KDEN,6,2026-10-06,18:47
SKW5974,KDLH,KORD,7,2026-10-06,11:10
SKW5975,KDEN,KFSD,6,2026-10-06,14:19
SKW5978,KDEN,KFAT,2,2026-10-06,21:59
SKW5981,KFWA,KORD,6,2026-10-06,15:40
SKW5982,KORD,KCAK,7,2026-10-06,02:59
SKW5985,KPHX,KSFO,5,2026-10-06,22:46
SKW5986,KSFO,KSUN,4,2026-10-04,02:10
SKW5987,KORD,KATW,6,2026-10-06,23:12
SKW5988,KABQ,KDEN,7,2026-10-06,11:35
SKW5989,KLBB,KDEN,6,2026-10-06,22:34
SKW5990,KDEN,KCHA,1,2026-10-03,16:19
SKW5994,KSBA,KLAX,5,2026-10-05,21:53
SKW5995,KORD,KLEX,6,2026-10-06,12:13
SKW5997,KORD,KMCI,5,2026-10-06,16:01
SKW5998,KSBN,KORD,7,2026-10-06,17:24
SKW6000,KFAR,KORD,5,2026-10-06,23:28
SKW6001,KSFO,MMMY,7,2026-10-06,18:52
SKW6002,KCHA,KDEN,1,2026-10-03,20:33
SKW6003,KFAR,KORD,7,2026-10-06,15:35
SKW6005,CYWG,KORD,7,2026-10-06,12:11
SKW6006,KTUS,KSFO,4,2026-10-06,23:27
SKW6008,KSUN,KLAX,4,2026-10-05,21:39
SKW6009,KDEN,KCID,5,2026-10-06,03:13
SKW6012,KORD,KFWA,6,2026-10-06,03:11
SKW6013,KGRR,KIAH,7,2026-10-06,11:00
SKW6014,KSFO,KGEG,4,2026-10-05,15:24
SKW6015,KTUL,KIAH,7,2026-10-06,19:05
SKW6018,KMBS,KORD,4,2026-10-06,23:03
SKW6019,KLAX,KFAT,4,2026-10-06,04:29
SKW6020,KDEN,KICT,6,2026-10-06,14:05
SKW6021,KSMF,KLAX,7,2026-10-06,17:21
SKW6023,KPIT,KORD,5,2026-10-05,00:00
SKW6024,KDSM,KORD,7,2026-10-06,11:14
SKW6026,KIAH,KSHV,5,2026-10-06,21:18
SKW6027,KSFO,KBOI,6,2026-10-06,04:21
SKW6028,KMKE,KDEN,7,2026-10-06,14:14
SKW6029,KDEN,KOKC,6,2026-10-06,14:13
SKW6031,KDEN,KSAF,7,2026-10-06,19:40
SKW6032,KPHX,KLAX,5,2026-10-05,17:41
SKW6037,KLAX,KRDD,7,2026-10-06,02:17
SKW6038,KRDD,KDEN,7,2026-10-06,20:15
SKW6039,KILM,KDEN,1,2026-10-04,20:31
SKW6040,KDSM,KORD,7,2026-10-06,18:41
SKW6041,KDEN,KGJT,7,2026-10-06,13:56
SKW6042,KORD,KMEM,6,2026-10-06,21:12
SKW6043,KLAX,KSEA,4,2026-10-05,20:26
SKW6046,KPWM,KORD,7,2026-10-06,15:40
SKW6047,KLAX,KSEA,7,2026-10-06,23:55
SKW6051,KSBN,KORD,7,2026-10-06,19:51
SKW6052,KPSP,KSFO,7,2026-10-06,16:14
SKW6053,KSEA,KLAX,7,2026-10-06,13:54
SKW6054,KMDT,KORD,6,2026-10-06,14:48
SKW6055,KLNS,KORD,6,2026-10-06,13:30
SKW6055,KLNS,KSBN,1,2026-10-01,15:43
SKW6055,KORD,KLNS,4,2026-10-05,16:57
SKW6055,KSBN,KORD,1,2026-10-01,19:00
SKW6056,KABI,KIAH,7,2026-10-06,22:02
SKW6056,KIAH,KABI,6,2026-10-05,17:34
SKW6058,KDEN,KPIR,5,2026-10-05,20:18
SKW6060,KLNS,KORD,4,2026-10-05,19:25
SKW6060,KLNS,KSBN,1,2026-10-01,19:31
SKW6060,KSBN,KORD,1,2026-10-01,22:45
SKW6071,KIAD,KCKB,1,2026-10-06,16:45
SKW6073,KCKB,KORD,3,2026-10-06,18:59
SKW6074,KORD,KCKB,2,2026-10-05,22:04
SKW6076,KMGW,KORD,3,2026-10-05,19:19
SKW6077,KATY,KDEN,2,2026-10-05,16:55
SKW6077,KDEN,KATY,2,2026-10-04,14:31
SKW6079,KFOD,KDEN,4,2026-10-06,23:38
SKW6080,KBOI,KGNV,1,2026-09-30,00:29
SKW6080,KFSD,KSGF,1,2026-10-02,12:46
SKW6081,KCOS,KDEN,1,2026-10-05,17:17
SKW6081,KCOS,KORD,1,2026-10-06,19:47
SKW6081,KCRW,KATW,1,2026-10-02,06:34
SKW6082,KDEN,KCOS,1,2026-10-05,00:57
SKW6082,KGNV,KSHV,1,2026-10-02,13:32
SKW6084,KMKE,KORD,1,2026-10-06,14:44
SKW6085,KSFO,KSLC,1,2026-10-05,16:43
SKW6085,KSLC,KSFO,1,2026-10-06,13:34
SKW6087,KFAR,KMBS,1,2026-10-02,04:39
SKW6087,KORD,KBUF,1,2026-09-30,22:17
SKW6088,KORD,KUNV,1,2026-10-01,02:34
SKW6090,KBUF,KORD,1,2026-10-02,16:24
SKW6091,KUNV,KCAK,1,2026-10-01,17:00
SKW6092,KIAH,KOKC,1,2026-10-05,20:19
SKW6093,KDEN,KFAR,1,2026-10-01,21:35
SKW6094,KOKC,KIAH,1,2026-10-06,03:43
SKW6095,KOTH,KDEN,1,2026-09-30,19:12
SKW6096,KDEN,KMKE,1,2026-10-06,02:32
SKW6096,KMEM,KORD,1,2026-10-02,01:39
SKW6097,KDEN,KSFO,1,2026-09-30,13:28
SKW6098,KCOS,KDEN,1,2026-10-01,16:22
SKW6098,KDEN,KCOS,1,2026-10-01,13:56
SKW6099,KORD,KIAH,1,2026-10-01,16:09
SKW6099,KORD,KMCN,1,2026-10-06,18:17
SKW6102,KDEN,KSLC,1,2026-10-01,15:19
SKW6103,KSDF,KORD,1,2026-10-02,00:28
SKW6104,KDEN,KCLL,1,2026-10-01,14:42
SKW6105,KORD,KFOE,1,2026-10-03,23:08
SKW6106,KPVU,KDEN,1,2026-10-03,16:56
SKW6107,KCLL,KDEN,1,2026-10-03,05:55
SKW6185,KBUR,KPHX,2,2026-10-05,01:58
SKW6185,KIAH,KPHX,1,2026-10-06,23:54
SKW6185,KPHX,KBUR,2,2026-10-05,23:55
SKW6185,KPHX,KIAH,1,2026-10-05,20:27
SKW6186,KDFW,KHOU,4,2026-10-04,17:28
SKW6186,KTUS,KPHX,2,2026-10-06,14:13
SKW6187,KDSM,KPHX,1,2026-10-05,10:11
SKW6188,KOMA,KPHX,2,2026-10-06,13:11
SKW6189,KCID,KDFW,1,2026-10-06,11:39
SKW6189,KORD,KCOS,5,2026-10-04,16:19
SKW6190,KLAS,KLAX,1,2026-10-06,00:51
SKW6190,KLAX,KLAS,2,2026-10-06,22:49
SKW6191,KORD,KCOS,2,2026-10-06,16:16
SKW6192,KAZO,KORD,4,2026-10-04,10:28
SKW6193,KORD,KAZO,6,2026-10-06,03:49
SKW6194,KFWA,KORD,5,2026-10-04,09:44
SKW6194,KICT,KDFW,1,2026-10-05,12:14
SKW6195,KMRY,KPHX,1,2026-10-05,13:05
SKW6196,KBTV,KORD,5,2026-10-04,11:33
SKW6196,KLFT,KDFW,1,2026-10-05,11:12
SKW6197,KCOS,KDFW,5,2026-10-04,19:48
SKW6197,KMCI,KORD,1,2026-10-05,17:29
SKW6197,KORD,KMCI,1,2026-10-05,15:20
SKW6198,KFSD,KORD,1,2026-10-05,12:15
SKW6199,KMAF,KDFW,6,2026-10-06,02:00
SKW6200,KORD,KFSD,1,2026-10-05,22:29
SKW6201,KAZO,KORD,1,2026-10-05,10:27
SKW6202,KTUS,KLAX,1,2026-10-05,19:17
SKW6203,KOKC,KDFW,6,2026-10-06,14:07
SKW6205,KPHX,KTUS,6,2026-10-06,22:52
SKW6207,KTUS,KPHX,7,2026-10-06,00:15
SKW6208,KPHX,KMAF,1,2026-10-06,03:36
SKW6208,KTUS,KPHX,2,2026-10-05,02:08
SKW6209,KTVC,KORD,5,2026-10-04,19:12
SKW6210,KLAX,KXNA,7,2026-10-06,00:29
SKW6213,KPHX,KOMA,2,2026-10-05,02:42
SKW6214,KICT,KPHX,5,2026-10-06,17:51
SKW6215,KMCI,KORD,5,2026-10-04,17:30
SKW6215,KOKC,KPHX,2,2026-10-06,20:01
SKW6215,KORD,KMCI,5,2026-10-04,15:23
SKW6217,KDFW,KICT,2,2026-10-06,21:58
SKW6217,KICT,KDFW,6,2026-10-06,13:35
SKW6218,KDFW,KICT,7,2026-10-06,02:14
SKW6218,KICT,KDFW,2,2026-10-06,22:03
SKW6219,KSEA,KLAX,2,2026-10-06,14:36
SKW6220,KPHX,KPSC,2,2026-10-06,21:02
SKW6221,KCOS,KDFW,5,2026-10-06,11:56
SKW6222,KDFW,KGJT,6,2026-10-05,02:02
SKW6223,KDFW,KIDA,6,2026-10-06,16:55
SKW6224,KLAX,KOMA,6,2026-10-06,01:53
SKW6225,KFLG,KPHX,6,2026-10-05,19:16
SKW6225,KPHX,KFLG,6,2026-10-05,17:50
SKW6226,KPHX,KICT,5,2026-10-06,16:23
SKW6227,KOMA,KLAX,7,2026-10-06,11:10
SKW6228,KDFW,KPVU,1,2026-10-02,14:49
SKW6228,KORD,KFWA,1,2026-10-06,03:28
SKW6228,KPVU,KDFW,1,2026-10-05,00:42
SKW6229,KLNK,KDFW,6,2026-10-06,11:55
SKW6230,KDFW,KPVU,1,2026-10-04,21:30
SKW6230,KDSM,KLAX,1,2026-10-06,00:34
SKW6230,KLAX,KDSM,2,2026-10-06,20:25
SKW6230,KPVU,KDFW,1,2026-10-02,18:00
SKW6231,KTUS,KLAX,1,2026-10-06,19:09
SKW6232,KPHX,KCID,2,2026-10-05,02:46
SKW6233,KALB,KORD,5,2026-10-04,16:17
SKW6233,KORD,KALB,5,2026-10-04,13:48
SKW6234,KCOS,KDFW,4,2026-10-06,23:55
SKW6234,KDFW,KCOS,4,2026-10-06,21:07
SKW6235,KDFW,KGJT,4,2026-10-05,14:14
SKW6235,KGJT,KDFW,5,2026-10-05,17:28
SKW6236,KDFW,KICT,1,2026-10-06,23:18
SKW6236,KICT,KDFW,2,2026-10-06,00:55
SKW6237,KDFW,KLFT,6,2026-10-06,17:35
SKW6237,KLFT,KDFW,5,2026-10-06,19:41
SKW6238,KMLU,KDFW,2,2026-10-04,00:26
SKW6239,KORD,KIDA,7,2026-10-06,16:33
SKW6239,KTVC,KORD,1,2026-10-06,00:16
SKW6241,KORD,KMKE,2,2026-10-06,12:42
SKW6242,KCOS,KDFW,2,2026-10-06,19:36
SKW6243,KAUS,KLAX,4,2026-10-04,20:38
SKW6243,KLAX,KAUS,4,2026-10-04,16:40
SKW6244,KPHX,KPSC,5,2026-10-04,19:15
SKW6244,KPSC,KPHX,7,2026-10-06,22:33
SKW6245,KDFW,KSHV,5,2026-10-06,00:33
SKW6246,KBUR,KPHX,6,2026-10-05,23:59
SKW6246,KPHX,KBUR,5,2026-10-04,21:52
SKW6246,KPHX,KPSP,2,2026-10-06,15:25
SKW6246,KPSP,KPHX,2,2026-10-06,17:27
SKW6247,KPHX,KPVU,7,2026-10-06,19:38
SKW6247,KPVU,KPHX,7,2026-10-06,21:42
SKW6248,KDFW,KPVU,5,2026-10-06,16:29
SKW6248,KPVU,KDFW,5,2026-10-06,19:51
SKW6249,KORD,KRIC,6,2026-10-06,22:07
SKW6249,KPHX,KFSD,1,2026-10-01,02:17
SKW6249,KRIC,KORD,6,2026-10-06,00:52
SKW6250,KSHV,KCLT,2,2026-10-06,12:32
SKW6251,KDFW,KSHV,1,2026-10-06,03:18
SKW6251,KORD,KRST,2,2026-10-03,21:46
SKW6251,KRST,KORD,6,2026-10-05,23:34
SKW6252,KDFW,KHOU,2,2026-10-04,00:07
SKW6252,KDFW,KBPT,1,2026-10-05,19:19
SKW6252,KHOU,KDFW,3,2026-10-05,00:33
SKW6253,KPHX,KOKC,7,2026-10-06,15:55
SKW6254,KDFW,KSAF,6,2026-10-06,18:09
SKW6254,KSAF,KDFW,6,2026-10-06,20:36
SKW6255,KBHM,KORD,2,2026-10-06,11:36
SKW6255,KDTW,KORD,4,2026-10-04,14:28
SKW6255,KORD,KDTW,5,2026-10-04,12:37
SKW6256,KBHM,KORD,1,2026-10-06,18:51
SKW6256,KMSN,KORD,5,2026-10-04,18:16
SKW6256,KORD,KMSN,5,2026-10-04,16:38
SKW6256,KORD,KBHM,1,2026-10-05,15:29
SKW6257,KORD,KMKE,6,2026-10-06,02:34
SKW6258,KALB,KORD,2,2026-10-06,16:24
SKW6258,KBHM,KORD,4,2026-10-04,19:23
SKW6258,KORD,KBHM,4,2026-10-04,16:26
SKW6258,KORD,KALB,2,2026-10-06,13:53
SKW6259,KDFW,KSAF,5,2026-10-06,21:18
SKW6259,KSAF,KDFW,6,2026-10-06,23:54
SKW6260,KLAX,KSFO,6,2026-10-05,03:12
SKW6260,KORD,KBHM,1,2026-10-06,03:35
SKW6261,KMKE,KORD,7,2026-10-06,10:34
SKW6262,KDSM,KPHX,5,2026-10-04,19:36
SKW6263,KFNT,KORD,7,2026-10-06,09:44
SKW6265,KSMF,KLAX,7,2026-10-06,13:31
SKW6267,KDFW,KCOS,5,2026-10-05,22:51
SKW6268,KDFW,KSAF,6,2026-10-06,16:21
SKW6269,KPHX,KSAF,4,2026-10-06,17:00
SKW6269,KSAF,KPHX,5,2026-10-06,01:21
SKW6270,KBHM,KCLT,5,2026-10-04,18:13
SKW6270,KCLT,KBHM,5,2026-10-04,16:08
SKW6270,KMSN,KORD,1,2026-10-06,17:27
SKW6270,KORD,KMSN,1,2026-10-06,15:56
SKW6271,KALB,KORD,1,2026-10-06,23:42
SKW6271,KDSM,KPHX,5,2026-10-04,10:37
SKW6271,KORD,KALB,2,2026-10-06,21:07
SKW6272,KDFW,KSBN,6,2026-10-06,19:43
SKW6273,KBNA,KORD,5,2026-10-04,16:03
SKW6274,KLAX,KSFO,7,2026-10-06,14:34
SKW6274,KSFO,KLAX,7,2026-10-06,16:47
SKW6275,KFAT,KPHX,7,2026-10-06,13:15
SKW6276,KLAX,KSFO,6,2026-10-06,21:19
SKW6276,KSFO,KLAX,7,2026-10-06,23:24
SKW6277,KLAX,KSFO,7,2026-10-06,17:29
SKW6277,KSFO,KLAX,7,2026-10-06,19:19
SKW6278,KLAX,KSMF,7,2026-10-06,00:00
SKW6278,KSMF,KLAX,5,2026-10-06,02:22
SKW6279,KLAX,KSMF,7,2026-10-06,16:56
SKW6279,KSMF,KLAX,7,2026-10-06,18:52
SKW6280,KMWA,KORD,1,2026-10-05,11:58
SKW6281,KAUS,KDFW,2,2026-10-06,19:12
SKW6281,KBTV,KORD,5,2026-10-05,22:48
SKW6281,KDFW,KAUS,2,2026-10-06,17:24
SKW6281,KORD,KBTV,5,2026-10-04,20:05
SKW6282,KMAF,KDFW,2,2026-10-06,12:11
SKW6283,KICT,KORD,2,2026-10-06,19:19
SKW6285,KCID,KORD,5,2026-10-04,18:56
SKW6285,KOKC,KLAX,1,2026-10-05,14:03
SKW6285,KORD,KCID,5,2026-10-04,17:12
SKW6286,KLAX,KTUL,7,2026-10-06,18:19
SKW6286,KTUL,KLAX,7,2026-10-06,22:12
SKW6287,KICT,KORD,5,2026-10-04,19:21
SKW6287,KORD,KICT,2,2026-10-06,20:27
SKW6288,KDFW,KCOS,2,2026-10-06,16:39
SKW6289,KORD,KERI,1,2026-10-06,02:22
SKW6290,KPDX,KLAX,7,2026-10-06,13:41
SKW6291,KTUS,KLAX,2,2026-10-06,14:24
SKW6292,KLAX,KTUS,6,2026-10-06,23:26
SKW6292,KTUS,KLAX,5,2026-10-05,01:31
SKW6294,KPHX,KTUS,7,2026-10-06,21:22
SKW6294,KTUS,KPHX,7,2026-10-06,22:31
SKW6295,KFWA,KORD,5,2026-10-05,23:50
SKW6295,KORD,KFWA,7,2026-10-06,22:23
SKW6296,KLAX,KTUS,7,2026-10-06,15:43
SKW6296,KTUS,KLAX,5,2026-10-04,17:48
SKW6297,KTVC,KORD,4,2026-10-04,00:50
SKW6298,KCID,KORD,1,2026-10-06,00:20
SKW6298,KORD,KTVC,4,2026-10-04,13:12
SKW6298,KORD,KCID,2,2026-10-06,15:54
SKW6298,KTVC,KORD,3,2026-10-03,15:07
SKW6299,KLAX,KXNA,6,2026-10-05,17:21
SKW6299,KXNA,KLAX,5,2026-10-05,21:23
SKW6300,KOKC,KORD,2,2026-10-06,19:08
SKW6302,KCID,KORD,2,2026-10-06,19:06
SKW6302,KDFW,KHSV,4,2026-10-04,15:09
SKW6302,KHSV,KDFW,5,2026-10-04,17:43
SKW6302,KORD,KCID,2,2026-10-06,17:14
SKW6303,CYVR,KLAX,1,2026-10-06,23:56
SKW6303,KLAX,CYVR,2,2026-10-06,20:09
SKW6304,KMCI,KORD,6,2026-10-05,01:57
SKW6304,KORD,KMCI,3,2026-10-05,00:01
SKW6304,KORD,KBTV,1,2026-10-06,02:35
SKW6305,KDFW,KSBN,6,2026-10-06,00:48
SKW6306,KSFO,KPHX,2,2026-10-06,12:48
SKW6307,KDFW,KSAF,1,2026-10-06,00:06
SKW6307,KLEX,KORD,5,2026-10-04,09:31
SKW6308,KMLI,KORD,4,2026-10-04,22:23
SKW6308,KORD,KMLI,5,2026-10-04,20:46
SKW6309,KPHX,KTUS,3,2026-10-06,04:22
SKW6310,KPSP,KPHX,1,2026-10-05,13:52
SKW6311,KCMH,KORD,2,2026-10-06,14:42
SKW6311,KORD,KCMH,2,2026-10-06,13:03
SKW6312,KERI,KORD,2,2026-10-06,12:13
SKW6313,KDFW,KBPT,6,2026-10-05,02:42
SKW6314,KELP,KLAX,1,2026-10-06,00:38
SKW6314,KOMA,KORD,1,2026-09-30,20:50
SKW6314,KORD,KOMA,1,2026-09-30,18:12
SKW6316,KFSD,KPHX,2,2026-10-06,19:24
SKW6316,KORD,KROC,4,2026-10-05,22:39
SKW6316,KPHX,KFSD,2,2026-10-06,16:16
SKW6316,KROC,KORD,5,2026-10-05,00:33
SKW6317,KPHX,KFAT,7,2026-10-06,00:35
SKW6318,KPHX,KGJT,2,2026-10-05,02:10
SKW6319,KCLE,KORD,5,2026-10-04,19:01
SKW6321,KSHV,KDFW,2,2026-10-06,11:13
SKW6322,KGRR,KORD,1,2026-10-06,01:06
SKW6322,KORD,KGRR,1,2026-10-05,23:15
SKW6323,KDFW,KMLI,2,2026-10-06,14:11
SKW6323,KMLI,KDFW,2,2026-10-06,16:46
SKW6324,KABQ,KPHX,1,2026-10-06,12:08
SKW6325,KMRY,KPHX,2,2026-10-06,20:01
SKW6325,KPHX,KMRY,2,2026-10-06,17:25
SKW6327,KSLC,KPHX,7,2026-10-06,13:30
SKW6329,KBPT,KDFW,7,2026-10-06,11:10
SKW6330,KXNA,KLAX,1,2026-10-06,22:32
SKW6331,KBTV,KORD,2,2026-10-06,11:25
SKW6331,KDFW,KSHV,3,2026-10-04,15:21
SKW6331,KSHV,KDFW,3,2026-10-04,17:45
SKW6332,KPHX,KTUS,4,2026-10-04,19:52
SKW6332,KPHX,KBOI,1,2026-10-06,02:51
SKW6332,KTUS,KPHX,4,2026-10-04,21:25
SKW6333,KLAX,KSMF,1,2026-10-06,04:58
SKW6335,KSBN,KDFW,5,2026-10-06,12:28
SKW6336,KJAC,KLAX,5,2026-10-05,23:37
SKW6336,KORD,KLEX,1,2026-10-06,02:54
SKW6337,KORD,KOKC,7,2026-10-06,17:17
SKW6338,KORD,KFNT,6,2026-10-06,03:17
SKW6339,KORD,KTVC,5,2026-10-06,22:24
SKW6340,KBFL,KPHX,1,2026-10-06,23:24
SKW6340,KPHX,KBFL,1,2026-10-05,21:17
SKW6341,KBAD,KDFW,1,2026-09-30,13:23
SKW6341,KSHV,KDFW,4,2026-10-06,13:54
SKW6342,KBTR,KDFW,6,2026-10-06,00:53
SKW6342,KDFW,KBTR,4,2026-10-06,22:27
SKW6343,KPHX,KRNO,2,2026-10-06,14:34
SKW6343,KRNO,KPHX,2,2026-10-06,17:07
SKW6344,KLEX,KORD,2,2026-10-06,09:44
SKW6344,KORD,KTYS,5,2026-10-04,22:19
SKW6344,KTYS,KORD,5,2026-10-05,00:31
SKW6345,KLEX,KORD,2,2026-10-06,15:35
SKW6345,KORD,KLEX,2,2026-10-06,13:34
SKW6346,KLEX,KORD,1,2026-10-06,23:32
SKW6346,KORD,KCMH,5,2026-10-04,15:37
SKW6346,KORD,KLEX,1,2026-10-06,21:12
SKW6347,KCMH,KORD,5,2026-10-04,17:42
SKW6347,KDFW,KSHV,2,2026-10-06,15:18
SKW6347,KSHV,KDFW,2,2026-10-06,17:10
SKW6348,KMRY,KPHX,7,2026-10-06,13:06
SKW6348,KPHX,KMRY,2,2026-10-06,16:07
SKW6349,KMCI,KORD,6,2026-10-06,14:29
SKW6349,KORD,KMCI,6,2026-10-06,12:14
SKW6350,KBHM,KCLT,3,2026-10-03,23:28
SKW6350,KCLT,KBHM,3,2026-10-03,21:01
SKW6350,KCLT,KTYS,1,2026-10-04,20:41
SKW6350,KSGU,KPHX,2,2026-10-06,13:54
SKW6350,KTYS,KCLT,1,2026-10-04,22:55
SKW6351,KDEN,KPHX,3,2026-10-03,23:47
SKW6351,KPHX,KDEN,2,2026-10-02,20:16
SKW6351,KPHX,KSGU,2,2026-10-06,16:46
SKW6352,KHSV,KORD,5,2026-10-04,17:19
SKW6352,KORD,KHSV,5,2026-10-04,15:04
SKW6352,KSGU,KPHX,2,2026-10-06,18:31
SKW6353,KDFW,KLFT,3,2026-10-03,21:57
SKW6353,KLFT,KDFW,3,2026-10-04,23:31
SKW6353,KPHX,KSGU,2,2026-10-06,22:24
SKW6354,KSGU,KPHX,1,2026-10-06,00:41
SKW6355,KORD,KSTL,5,2026-10-04,17:11
SKW6355,KPHX,KSGU,1,2026-10-06,02:20
SKW6355,KSTL,KORD,5,2026-10-04,19:12
SKW6356,KSGU,KDFW,2,2026-10-06,14:36
SKW6357,KDFW,KOKC,1,2026-10-02,16:14
SKW6357,KDFW,KSGU,1,2026-10-06,23:51
SKW6357,KOKC,KDFW,1,2026-10-02,17:57
SKW6358,KOMA,KPHX,1,2026-10-04,21:46
SKW6358,KPHX,KOMA,1,2026-10-03,17:04
SKW6358,KSGU,KDFW,2,2026-10-06,17:54
SKW6359,KDFW,KSGU,2,2026-10-06,14:06
SKW6359,KPHX,KFAT,5,2026-10-04,14:35
SKW6360,KDFW,KGTR,1,2026-10-06,19:03
SKW6360,KGTR,KDFW,1,2026-10-05,21:55
SKW6361,KGRI,KDFW,1,2026-10-05,20:30
SKW6362,KGRI,KDFW,2,2026-10-06,10:44
SKW6363,KCLE,KORD,5,2026-10-04,13:56
SKW6363,KORD,KCLE,5,2026-10-04,11:59
SKW6364,KORD,KALO,1,2026-10-06,03:39
SKW6365,KALO,KORD,1,2026-10-05,21:03
SKW6365,KGRR,KORD,5,2026-10-04,14:40
SKW6365,KORD,KGRR,4,2026-10-04,12:25
SKW6365,KORD,KALO,1,2026-10-05,18:52
SKW6366,KALO,KORD,2,2026-10-06,11:17
SKW6366,KPHX,KTUS,5,2026-10-04,17:37
SKW6367,KPHX,KTUS,5,2026-10-04,16:03
SKW6367,KSHD,KCLT,1,2026-10-06,13:33
SKW6368,KCLT,KSHD,1,2026-10-05,16:09
SKW6368,KORD,KTVC,4,2026-10-04,17:31
SKW6369,KLWB,KCLT,1,2026-10-05,15:00
SKW6370,KTUS,KPHX,5,2026-10-04,18:56
SKW6371,KLAX,KSEA,6,2026-10-05,03:00
SKW6371,KSHD,KORD,1,2026-10-06,17:53
SKW6372,KORD,KSHD,1,2026-10-06,23:41
SKW6374,KORD,KLWB,1,2026-10-05,21:09
SKW6374,KPHX,KDSM,5,2026-10-04,16:10
SKW6375,KGCK,KDFW,2,2026-10-06,10:50
SKW6376,KDEN,KLAX,4,2026-10-04,17:37
SKW6376,KDFW,KGCK,1,2026-10-05,21:33
SKW6376,KGCK,KDFW,1,2026-10-06,23:33
SKW6376,KLAX,KDEN,5,2026-10-04,14:29
SKW6377,KMWA,KORD,3,2026-10-04,20:47
SKW6377,KORD,KMWA,3,2026-10-04,18:29
SKW6378,KLAX,KOKC,5,2026-10-04,15:14
SKW6378,KOKC,KLAX,5,2026-10-04,18:53
SKW6380,KMWA,KORD,3,2026-10-04,10:56
SKW6381,KMAF,KDFW,5,2026-10-04,12:12
SKW6382,KDFW,KHOU,2,2026-10-02,15:15
SKW6385,KLAX,KOKC,6,2026-10-05,00:30
SKW6390,KDFW,KCOS,5,2026-10-04,16:35
SKW6391,KORD,KERI,6,2026-10-05,03:00
SKW6392,KOKC,KPHX,5,2026-10-04,14:13
SKW6393,KTUS,KLAX,5,2026-10-04,14:32
SKW6394,KBFL,KPHX,5,2026-10-04,19:54
SKW6394,KPHX,KBFL,5,2026-10-04,17:43
SKW6395,KOKC,KORD,5,2026-10-04,18:49
SKW6399,KSAF,KORD,5,2026-10-04,13:03
SKW6404,KSFO,KPHX,5,2026-10-04,12:53
SKW6405,KDFW,KSAF,4,2026-10-05,00:11
SKW6406,KPHX,KPSP,5,2026-10-04,22:34
SKW6406,KPSP,KPHX,5,2026-10-05,00:21
SKW6409,KDSM,KLAX,6,2026-10-05,00:04
SKW6410,KDFW,KSHV,4,2026-10-04,22:59
SKW6410,KSHV,KDFW,5,2026-10-05,00:09
SKW6412,KCLT,KSHV,4,2026-10-05,01:43
SKW6413,KHOU,KDFW,4,2026-10-04,19:21
SKW6413,KHOU,KTYR,1,2026-09-30,19:18
SKW6413,KTYR,KDFW,1,2026-09-30,22:45
SKW6414,KGJT,KDFW,4,2026-10-04,13:25
SKW6415,KERI,KORD,5,2026-10-04,12:28
SKW6416,KDFW,KLNK,6,2026-10-05,02:19
SKW6418,KAZO,KORD,5,2026-10-04,20:15
SKW6418,KORD,KAZO,5,2026-10-04,18:35
SKW6419,KBAD,KDFW,1,2026-10-02,11:18
SKW6419,KSHV,KDFW,4,2026-10-04,11:29
SKW6420,KLAX,KSEA,1,2026-10-06,03:21
SKW6421,KDFW,KPVU,6,2026-10-06,00:45
SKW6421,KDFW,KSLC,1,2026-10-01,00:46
SKW6421,KSLC,KPVU,1,2026-10-01,04:14
SKW6422,KPHX,KSLC,7,2026-10-06,16:09
SKW6422,KSLC,KPHX,7,2026-10-06,18:27
SKW6423,KLNK,KORD,7,2026-10-06,10:53
SKW6424,KLAX,KPDX,6,2026-10-06,02:53
SKW6425,KLAS,KLAX,6,2026-10-06,18:20
SKW6425,KLAX,KLAS,7,2026-10-06,16:03
SKW6426,KTUS,KLAX,1,2026-10-06,01:57
SKW6429,KCLT,KSHV,1,2026-10-06,00:50
SKW6429,KPHX,KFSD,5,2026-10-05,02:26
SKW643,KXNA,KBOI,1,2026-10-01,18:58
SKW643,TJSJ,KXNA,1,2026-10-01,13:12
SKW6430,KPHX,KSFO,7,2026-10-06,15:15
SKW6431,KGJT,KPHX,6,2026-10-05,14:31
SKW6432,KLAX,KSFO,1,2026-10-06,03:15
SKW6433,KABQ,KSAF,1,2026-09-30,17:16
SKW6433,KDFW,KSAF,4,2026-10-06,14:01
SKW6433,KSAF,KDFW,6,2026-10-06,16:33
SKW6434,KOKC,KPHX,1,2026-10-05,13:45
SKW6435,KPHX,KABQ,1,2026-10-06,05:09
SKW6436,KDFW,KSAF,6,2026-10-06,02:20
SKW6438,KLAX,KSEA,6,2026-10-06,20:24
SKW6438,KSEA,KLAX,7,2026-10-06,00:28
SKW6439,KBOI,KPHX,6,2026-10-06,14:14
SKW6440,KABQ,KLAX,2,2026-10-06,18:46
SKW6440,KLAX,KABQ,2,2026-10-06,15:58
SKW6441,KFLG,KPHX,6,2026-10-06,14:07
SKW6442,KFSD,KPHX,5,2026-10-04,13:11
SKW6443,KACT,KDFW,4,2026-10-04,16:29
SKW6443,KAUS,KLAX,2,2026-10-06,20:56
SKW6443,KDFW,KACT,4,2026-10-04,15:03
SKW6443,KDFW,KSAF,1,2026-10-04,14:44
SKW6443,KLAX,KAUS,2,2026-10-06,16:26
SKW6444,KABQ,KLAX,7,2026-10-06,13:06
SKW6445,KAZO,KORD,2,2026-10-06,21:53
SKW6445,KORD,KAZO,2,2026-10-06,20:44
SKW6446,KBUR,KPHX,1,2026-10-06,00:02
SKW6446,KPHX,KBUR,2,2026-10-06,21:50
SKW6447,KSAF,KDFW,6,2026-10-06,18:42
SKW6448,KSBN,KDFW,6,2026-10-06,23:08
SKW6450,KCLE,KORD,2,2026-10-06,14:31
SKW6450,KORD,KCLE,2,2026-10-06,12:39
SKW6451,KDEN,KLAX,2,2026-10-06,18:37
SKW6451,KLAX,KDEN,2,2026-10-06,15:34
SKW6452,KPHX,KFSD,1,2026-10-06,02:41
SKW6453,KFSD,KPHX,2,2026-10-06,13:40
SKW6454,KGRR,KORD,2,2026-10-06,13:50
SKW6454,KORD,KGRR,2,2026-10-06,12:25
SKW6455,KORD,KMWA,4,2026-10-05,03:40
SKW6456,KORD,KSAF,5,2026-10-06,01:30
SKW6457,KPHX,KTUS,5,2026-10-05,02:06
SKW6457,KTUS,KPHX,3,2026-10-06,03:29
SKW6458,KDFW,KHOU,2,2026-10-06,15:05
SKW6458,KHOU,KDFW,2,2026-10-06,16:51
SKW6459,KMCI,KORD,1,2026-10-06,00:34
SKW6459,KORD,KMCI,2,2026-10-06,22:28
SKW6460,KORD,KLNK,6,2026-10-06,03:58
SKW6461,KLAX,KOKC,2,2026-10-06,15:39
SKW6461,KOKC,KLAX,2,2026-10-06,19:32
SKW6462,KPHX,KSLC,7,2026-10-06,17:27
SKW6462,KSLC,KPHX,6,2026-10-06,19:57
SKW6464,KDFW,KSHV,1,2026-10-05,22:42
SKW6464,KHSV,KORD,5,2026-10-04,12:49
SKW6464,KSHV,KDFW,1,2026-10-06,01:56
SKW6465,KDTW,KORD,6,2026-10-05,10:52
SKW6466,KIDA,KDFW,4,2026-10-05,13:25
SKW6467,KDFW,KIDA,5,2026-10-05,01:00
SKW6468,KDFW,KIDA,4,2026-10-04,15:00
SKW6468,KIDA,KDFW,5,2026-10-04,18:17
SKW6468,KORD,KSTL,2,2026-10-06,16:45
SKW6468,KSTL,KORD,2,2026-10-06,18:20
SKW6469,KBHM,KCLT,2,2026-10-06,18:13
SKW6470,KCLT,KTYS,2,2026-10-06,20:44
SKW6470,KTYS,KCLT,2,2026-10-06,22:50
SKW6471,KJAC,KLAX,5,2026-10-05,20:02
SKW6471,KJAC,KSLC,1,2026-10-06,00:17
SKW6471,KSLC,KLAX,1,2026-10-06,01:43
SKW6472,KAUS,KLAX,7,2026-10-06,12:13
SKW6473,KMWA,KORD,1,2026-10-05,16:29
SKW6473,KORD,KMWA,1,2026-10-05,14:44
SKW6473,KORD,KPIT,1,2026-10-06,13:33
SKW6473,KPIT,KORD,1,2026-10-06,15:42
SKW6474,KPHX,KFLG,7,2026-10-06,02:29
SKW6475,KCLT,KBHM,1,2026-10-06,15:39
SKW6476,KLAX,KSEA,7,2026-10-06,16:54
SKW6477,KORD,KMCI,1,2026-10-06,20:50
SKW6477,KSAF,KLAX,1,2026-10-05,12:45
SKW6479,KMKE,KORD,6,2026-10-06,13:11
SKW6480,KSTL,KLAX,7,2026-10-06,11:29
SKW6481,KORD,KOKC,5,2026-10-06,22:06
SKW6483,KPHX,KOKC,1,2026-10-05,20:33
SKW6484,KOKC,KORD,5,2026-10-05,00:35
SKW6485,KHSV,KORD,1,2026-10-05,11:09
SKW6487,KGJT,KDFW,1,2026-10-05,13:09
SKW6488,CYYZ,KORD,7,2026-10-06,15:50
SKW6488,KORD,CYYZ,7,2026-10-06,13:21
SKW6491,KDAY,KORD,1,2026-10-06,22:28
SKW6491,KGJT,KPHX,2,2026-10-05,02:19
SKW6491,KORD,KDAY,1,2026-10-06,20:30
SKW6491,KPHX,KGJT,4,2026-10-03,23:42
SKW6492,KPVU,KDFW,6,2026-10-06,13:11
SKW6493,KORD,KOKC,6,2026-10-06,23:48
SKW6494,KPHX,KRNO,2,2026-10-06,21:13
SKW6494,KRNO,KPHX,1,2026-10-06,00:01
SKW6497,KLAX,KSAT,6,2026-10-06,17:19
SKW6497,KLAX,KMAF,1,2026-10-01,16:53
SKW6497,KMAF,KSAT,1,2026-10-01,22:10
SKW6497,KSAT,KLAX,5,2026-10-06,21:01
SKW6498,KORD,KLEX,6,2026-10-05,02:57
SKW6498,KPHX,KSBA,1,2026-10-06,21:00
SKW6499,KPHX,KOMA,1,2026-10-06,02:29
SKW6503,KDFW,KFLG,1,2026-10-06,00:19
SKW6504,KFLG,KDFW,2,2026-10-06,14:22
SKW6506,KLAX,KOMA,7,2026-10-06,16:12
SKW6506,KOMA,KLAX,7,2026-10-06,20:12
SKW6507,KMKE,KORD,1,2026-10-06,00:39
SKW6511,KLAS,KLAX,5,2026-10-05,00:55
SKW6511,KLAX,KLAS,5,2026-10-04,23:05
SKW6513,KLAX,KSAF,6,2026-10-06,21:23
SKW6513,KSAF,KLAX,4,2026-10-04,23:28
SKW6514,KPHX,KTUS,1,2026-10-06,02:09
SKW6514,KTUS,KPHX,6,2026-10-06,17:33
SKW6516,KDFW,KHOU,1,2026-10-03,15:03
SKW6517,KLAX,KDEN,5,2026-10-06,02:38
SKW6518,KPHX,KTUS,2,2026-10-05,00:37
SKW6O23,KPIT,KORD,1,2026-10-03,01:25
SKW704K,KORD,KCVG,6,2026-10-06,20:23
SKW717C,KDEN,KSUN,7,2026-10-06,18:17
SKW718J,KLAX,KLAS,4,2026-10-06,00:30
SKW723Z,KDEN,KMSO,7,2026-10-06,13:51
SKW735R,KDEN,KIDA,6,2026-10-06,21:51
SKW737Y,KIAH,KABI,1,2026-10-06,17:14
SKW741Y,KDEN,KCOS,5,2026-10-06,05:22
SKW750R,KSFO,KMRY,7,2026-10-06,17:30
SKW750W,KORD,KCAE,7,2026-10-06,19:19
SKW757F,KORD,KMKE,6,2026-10-06,03:35
SKW761Z,KDEN,KHOB,6,2026-10-06,00:11
SKW767U,KORD,KMBS,7,2026-10-06,19:23
SKW768V,KORD,KMCW,4,2026-10-05,22:45
SKW812T,KFAT,KSAN,4,2026-10-03,01:20
SKW847E,KSAN,KFAT,7,2026-10-06,05:53
SKW849R,KSEA,KBLI,6,2026-10-06,06:08
SKW864W,KSAN,KSJC,6,2026-10-06,15:25
SKW9320,KSMF,KMRY,1,2026-10-03,16:34
SKW939E,KSFO,KSAN,7,2026-10-06,19:43
SKW9665,KSJT,KBPT,1,2026-10-01,17:23
SKW9670,KSAF,KMAF,1,2026-10-01,22:27
SKW9778,KROC,KFSD,1,2026-10-02,01:15
SKW9790,KEUG,KSEA,1,2026-10-06,00:26
SKW9790,KFAT,KBNA,1,2026-10-03,16:09
SKW9790,KSAN,KEUG,1,2026-10-02,14:07
SKW9790,KSEA,KEUG,1,2026-10-01,18:03
SKW9790,KSLC,KSEA,1,2026-10-04,13:51
SKW9791,KBNA,KSAN,1,2026-10-04,21:56
SKW9791,KEUG,KFAT,1,2026-10-01,20:35
SKW9791,KSEA,KSAN,1,2026-10-04,18:30
SKW9793,KSAN,KPDX,1,2026-10-05,20:10
SKW9795,KLAX,KSAN,1,2026-10-01,19:06
SKW9908,KALO,KORD,1,2026-10-05,13:40
SKW9908,KDFW,KTUS,1,2026-10-01,17:22
SKW9908,KPHX,KSLC,1,2026-10-01,23:04
SKW9909,KCID,KORD,1,2026-10-06,21:15
SKW9909,KORD,KCID,1,2026-10-05,22:41
SKW9909,KTUS,KDFW,1,2026-10-02,22:57
SKW9910,KORD,KCLT,1,2026-09-30,14:29
SKW9910,KORD,KSHV,1,2026-10-03,12:43
SKW9910,KORD,KSLC,1,2026-10-02,23:09
SKW9911,KDFW,KOKC,1,2026-09-30,12:17
SKW9911,KPHX,KCID,1,2026-10-03,15:10
SKW9911,KSJT,KMAF,1,2026-10-01,11:04
SKW9912,KDTW,KORD,1,2026-10-06,16:19
SKW9912,KLFT,KGJT,1,2026-10-01,11:21
SKW9912,KPHX,KCOS,1,2026-10-06,03:33
SKW9912,KSHV,KLAX,1,2026-10-04,17:38
SKW9912,KTUS,KPHX,1,2026-10-06,00:59
SKW9913,KCLT,KORD,1,2026-09-30,17:10
SKW9913,KSWO,KSAF,1,2026-10-01,13:06
SKW9914,KGRI,KSGU,1,2026-10-01,10:50
SKW9914,KOKC,KORD,1,2026-10-01,00:50
SKW9914,KORD,KALO,1,2026-10-04,20:17
SKW9915,KGCK,KSBN,1,2026-10-03,21:07
SKW9915,KSBN,KORD,1,2026-10-05,18:56
SKW9916,KCOS,KSHV,1,2026-10-01,13:23
SKW9916,KPHX,KTUS,1,2026-10-03,20:36
SKW9916,KTUS,KPHX,1,2026-10-04,14:37
SKW9917,KLNK,KIDA,1,2026-10-01,12:12
SKW9917,KPSP,KPHX,1,2026-10-05,00:32
SKW9918,KCLT,KDTW,1,2026-10-05,17:32
SKW9918,KTUS,KPHX,1,2026-09-30,16:01
SKW9919,KCID,KLNK,1,2026-10-04,00:54
SKW9919,KOKC,KGNV,1,2026-10-02,01:48
SKW9919,KSLC,KOKC,1,2026-10-02,22:07
SKW9920,KPHX,KFAT,1,2026-10-06,14:48
SKW9920,KSAF,KHSV,1,2026-10-01,13:37
SKW9921,KLNK,KDFW,1,2026-10-04,21:16
SKW9921,KOKC,KIDA,1,2026-10-01,16:16
SKW9921,KPSP,KLAX,1,2026-10-05,13:58
SKW9922,KLAX,KPSP,1,2026-10-05,03:36
SKW9922,KPHX,KDEN,1,2026-10-03,20:32
SKW9923,KIDA,KLNK,1,2026-10-01,13:09
SKW9923,KLAX,KPHX,1,2026-10-04,20:20
SKW9923,KSLC,KDFW,1,2026-10-06,00:44
SKW9925,KPVU,KSWO,1,2026-10-01,13:16
SKW9926,KDEN,KLAX,1,2026-10-05,19:14
SKW9926,KSBN,KLFT,1,2026-10-01,12:13
SKW9927,KORD,KCLT,1,2026-10-02,22:40
SKW9981,KFNT,KSAF,1,2026-10-02,02:17
SKW9982,KICT,KLNK,1,2026-10-02,02:21
SKW9983,KFSD,KFNT,1,2026-10-02,02:15
SKW9989,KTYS,KMWA,1,2026-10-02,01:44
