callsign,origin,destination,days_seen,last_seen,takeoff_utc
SWA1,KDAL,KHOU,5,2026-10-06,12:07
SWA10,KDAL,KDCA,1,2026-10-06,15:28
SWA10,KDAL,KLAS,1,2026-10-04,15:54
SWA10,KDAL,KSAN,1,2026-09-30,15:28
SWA10,KHOU,KDAL,4,2026-10-06,13:46
SWA1001,KBNA,KAUS,1,2026-09-30,11:17
SWA1001,KBNA,KFLL,1,2026-10-04,11:14
SWA1001,KBWI,KFLL,1,2026-10-03,12:55
SWA1001,KTPA,KPIT,1,2026-10-06,10:33
SWA1002,KBWI,KFLL,3,2026-10-05,17:18
SWA1002,KBWI,KDAL,1,2026-10-04,13:48
SWA1002,KBWI,KMIA,1,2026-10-01,22:30
SWA1002,KDAL,KAUS,1,2026-10-04,17:47
SWA1003,KBWI,KFLL,4,2026-10-05,21:41
SWA1003,KBWI,KLAX,1,2026-09-30,13:20
SWA1003,KSJC,KAUS,1,2026-10-06,14:28
SWA1004,KBNA,KORF,1,2026-09-30,19:44
SWA1004,KBWI,KFLL,1,2026-10-04,22:57
SWA1004,KLAS,KBWI,2,2026-10-06,19:59
SWA1004,KLAS,KMCO,1,2026-10-04,19:26
SWA1004,KOAK,KLAS,1,2026-10-04,16:44
SWA1005,KBNA,KGRR,1,2026-10-04,16:36
SWA1005,KBWI,KGRR,5,2026-10-06,15:27
SWA1005,KGRR,KLAS,3,2026-10-06,19:01
SWA1005,KGRR,KMDW,3,2026-10-05,17:38
SWA1005,KLAS,KPHX,1,2026-10-04,23:23
SWA1005,KMDW,KDAL,2,2026-10-01,01:08
SWA1005,KPVD,KBWI,1,2026-10-03,13:37
SWA1005,KTPA,KPVD,1,2026-10-03,10:03
SWA1006,KAUS,KMAF,4,2026-10-05,16:58
SWA1006,KAUS,KMSY,1,2026-10-06,15:04
SWA1006,KBNA,KRDU,1,2026-09-30,21:20
SWA1006,KMAF,KDEN,1,2026-10-03,12:39
SWA1007,KSTL,KMCO,1,2026-09-30,21:51
SWA1008,KBNA,KPNS,1,2026-10-04,21:44
SWA1008,KBWI,KMSP,1,2026-09-30,20:44
SWA1008,KEUG,KSAN,1,2026-10-06,18:18
SWA1008,KMDW,KCMH,1,2026-10-03,12:57
SWA1008,KSAN,KPHX,1,2026-10-06,21:45
SWA1009,KBNA,KSAT,1,2026-09-30,17:43
SWA1009,KBOS,KSTL,1,2026-10-04,17:13
SWA1009,KBWI,KHOU,4,2026-10-06,11:54
SWA1009,KDCA,KBNA,1,2026-09-30,15:03
SWA1009,KMDW,KDSM,1,2026-10-04,01:35
SWA1010,KBDL,KBWI,3,2026-10-05,13:04
SWA1010,KBUR,KSJC,1,2026-10-05,23:47
SWA1010,KBWI,KHOU,4,2026-10-06,15:24
SWA1010,KBWI,KALB,1,2026-10-03,15:05
SWA1011,KBDL,KBWI,3,2026-10-05,20:35
SWA1011,KBWI,KHOU,3,2026-10-06,22:35
SWA1011,KMDW,KBDL,3,2026-10-05,17:58
SWA1011,KMDW,KCOS,1,2026-09-30,22:06
SWA1014,KBNA,KMCO,1,2026-09-30,10:49
SWA1014,KBWI,KHOU,1,2026-10-04,23:48
SWA1014,KIND,KRSW,1,2026-10-06,10:35
SWA1015,KBNA,KLGA,1,2026-10-04,11:32
SWA1015,KBOS,KSTL,4,2026-10-05,16:11
SWA1015,KSMF,KPHX,1,2026-09-30,13:15
SWA1016,KCOS,KDAL,1,2026-10-03,16:23
SWA1016,KDEN,KCOS,1,2026-10-03,15:02
SWA1016,KHOU,KDAL,1,2026-10-01,23:40
SWA1016,KLAS,KLAX,1,2026-10-04,13:03
SWA1016,KLAX,KBWI,4,2026-10-06,12:54
SWA1016,KLAX,KSAT,1,2026-10-04,14:53
SWA1016,KSAN,KHOU,1,2026-09-30,18:55
SWA1017,KBNA,KRSW,1,2026-09-30,22:17
SWA1017,KBUF,KTPA,4,2026-10-06,11:07
SWA1017,KMDW,KCVG,1,2026-10-03,21:32
SWA1018,MMUN,KDEN,2,2026-10-03,21:16
SWA102,KHOU,KDEN,1,2026-09-30,14:36
SWA1020,KBUR,KSMF,1,2026-10-04,14:07
SWA1020,KBWI,KIND,4,2026-10-06,03:07
SWA1020,KRDU,KBNA,1,2026-09-30,10:51
SWA1021,KBOI,KPHX,1,2026-09-30,13:17
SWA1021,KBUR,KSMF,1,2026-10-04,18:16
SWA1021,KBWI,KISP,1,2026-10-06,15:25
SWA1021,KPHX,KHOU,1,2026-10-03,14:48
SWA1025,MMUN,KMCO,2,2026-10-03,19:06
SWA1026,KMSY,MMUN,1,2026-10-03,16:38
SWA1029,KBUR,KSMF,1,2026-10-04,20:56
SWA1029,KBWI,KISP,3,2026-10-05,17:27
SWA1029,KBWI,KDJT,1,2026-09-30,12:30
SWA1029,KLGB,KPDX,1,2026-10-06,18:03
SWA103,KLAS,KPHX,1,2026-09-30,15:53
SWA1030,KBOS,KMCI,3,2026-10-05,18:55
SWA1030,KMCI,KMSY,1,2026-10-06,15:16
SWA1030,KPHX,KDEN,1,2026-10-05,22:51
SWA1031,KBUR,KOAK,6,2026-10-06,16:21
SWA1034,KBUR,KSMF,3,2026-10-06,04:19
SWA1034,KBWI,KRDU,1,2026-09-30,22:51
SWA1034,KCOS,KPHX,1,2026-10-03,12:16
SWA1034,KCVG,KBWI,1,2026-09-30,19:42
SWA1034,KHOU,KMSY,1,2026-10-04,11:08
SWA1034,KMDW,KCVG,1,2026-09-30,18:06
SWA1034,KRDU,KBNA,2,2026-10-01,00:29
SWA1035,KBHM,KHOU,1,2026-10-06,17:32
SWA1035,KBNA,KBHM,1,2026-10-06,15:58
SWA1035,KBUR,KMDW,1,2026-09-30,14:46
SWA1035,KGEG,KLAS,1,2026-10-04,18:54
SWA1035,KLAS,KSAT,1,2026-10-05,22:39
SWA1035,KMHT,KBWI,4,2026-10-05,13:13
SWA1036,KBWI,KJAX,3,2026-10-06,20:41
SWA1036,KPHX,KTUS,1,2026-10-04,02:57
SWA1037,KBWI,KJAX,2,2026-10-06,00:37
SWA1037,KDEN,KBWI,1,2026-10-06,19:14
SWA1037,KIND,KMCI,1,2026-10-04,11:33
SWA1037,KLAS,KSJC,1,2026-09-30,01:39
SWA1037,KLGB,KDEN,1,2026-10-06,16:19
SWA1037,KONT,KLAS,2,2026-10-01,00:04
SWA1039,KBWI,KLAS,3,2026-10-05,10:40
SWA1039,KBWI,KCVG,1,2026-10-03,14:46
SWA1039,KCVG,KBNA,1,2026-10-03,16:56
SWA1039,KMCO,KTYS,1,2026-09-30,15:30
SWA1039,KTYS,KDAL,1,2026-09-30,18:05
SWA104,KMDW,KMKE,2,2026-10-01,01:45
SWA1040,KBWI,KHOU,1,2026-10-04,19:07
SWA1040,KBWI,KPHX,1,2026-09-30,14:44
SWA1040,KBWI,KSFO,1,2026-10-06,16:10
SWA1040,KCLT,KBWI,1,2026-10-03,12:19
SWA1041,KBWI,KLAS,4,2026-10-06,00:36
SWA1041,KLAS,KSTS,1,2026-09-30,16:42
SWA1044,KBWI,KLAS,3,2026-10-06,19:41
SWA1044,KBWI,KPVD,1,2026-09-30,12:28
SWA1044,KCOS,KLAS,1,2026-10-04,23:49
SWA1044,KMCO,KBWI,1,2026-10-06,20:46
SWA1045,KBWI,KLAX,1,2026-10-03,10:22
SWA1045,KDEN,KLAX,1,2026-10-06,12:10
SWA1045,KLAX,KSJC,4,2026-10-06,16:27
SWA1045,KLAX,KOAK,1,2026-10-04,15:59
SWA1045,KMCI,KLAX,1,2026-10-04,11:43
SWA1045,KSFO,KBUR,1,2026-09-30,18:37
SWA1048,KBWI,KLAX,1,2026-10-05,19:55
SWA1048,KDEN,KOAK,3,2026-10-06,01:06
SWA1048,KHOU,KMEM,1,2026-10-06,20:37
SWA1048,KLAX,KOAK,1,2026-10-04,00:14
SWA1048,KOAK,KSEA,3,2026-10-06,04:44
SWA1049,KBUR,KPHX,3,2026-10-05,15:37
SWA1049,KDAL,KSAV,1,2026-09-30,18:25
SWA1049,KLAS,KPHX,1,2026-10-03,16:58
SWA1049,KPHX,KHOU,3,2026-10-05,17:56
SWA1049,KSAN,KLAS,1,2026-10-03,14:51
SWA1049,KSAV,KBWI,1,2026-09-30,21:36
SWA105,KBDL,KBWI,1,2026-09-30,16:54
SWA105,KMDW,KBDL,1,2026-09-30,14:07
SWA1050,KBWI,KPWM,1,2026-09-30,12:18
SWA1050,KLAS,KBUR,1,2026-10-04,21:15
SWA1050,KOKC,KLAS,1,2026-10-04,17:41
SWA1050,KSFO,KBUR,1,2026-10-06,22:53
SWA1051,KLAX,KPHX,1,2026-10-04,15:17
SWA1051,KLGB,KPHX,4,2026-10-06,14:16
SWA1051,KOAK,KHOU,1,2026-10-03,15:28
SWA1051,KPHX,KDAL,1,2026-10-06,17:13
SWA1051,KPHX,KHOU,1,2026-10-04,17:22
SWA1052,KBWI,KMCI,3,2026-10-06,03:35
SWA1052,KLAS,KMKE,1,2026-10-01,22:19
SWA1052,KSDF,KPHX,1,2026-10-03,18:52
SWA1053,KBWI,KMCO,2,2026-10-05,12:59
SWA1053,KBWI,KPWM,1,2026-09-30,00:08
SWA1056,KLAX,PHNL,4,2026-10-06,02:26
SWA1056,KSMF,KLAS,1,2026-09-30,18:17
SWA1057,KALB,KMDW,2,2026-10-01,22:28
SWA1057,KBWI,KMCO,5,2026-10-06,13:18
SWA1057,KBWI,KALB,1,2026-09-30,20:41
SWA1057,KMCI,KBWI,3,2026-10-05,10:05
SWA1057,KMCI,KMKE,1,2026-10-05,02:13
SWA1057,KSTL,KBWI,1,2026-10-06,10:31
SWA1058,KBWI,KMCO,6,2026-10-06,15:50
SWA1058,KCMH,KHOU,1,2026-09-30,12:18
SWA1059,KBWI,KSAN,3,2026-10-06,21:25
SWA1059,KBWI,KMCO,2,2026-10-06,16:21
SWA1059,KIND,KBWI,1,2026-10-06,13:39
SWA1059,KLAS,KDAL,1,2026-10-05,01:12
SWA1059,KSAN,KABQ,3,2026-10-06,03:57
SWA1059,KSAT,KBWI,1,2026-09-30,11:47
SWA106,KMCO,KMDW,1,2026-09-30,20:10
SWA106,KMDW,KDTW,2,2026-10-01,00:40
SWA1060,KBNA,KONT,2,2026-10-01,22:31
SWA1061,KBOI,KPHX,1,2026-10-01,22:43
SWA1062,KBWI,KMCO,2,2026-10-06,20:30
SWA1062,KHOU,KMCO,1,2026-10-05,23:36
SWA1062,KMCO,KCMH,1,2026-10-05,02:49
SWA1063,KBOI,KDEN,1,2026-10-03,15:08
SWA1063,KEUG,KDEN,1,2026-09-30,20:43
SWA1063,KLGA,KHOU,3,2026-10-06,22:53
SWA1063,KSAN,KLAS,1,2026-10-04,18:53
SWA1064,KBNA,KLAS,1,2026-10-06,17:32
SWA1064,KBWI,KMCO,3,2026-10-06,22:40
SWA1064,KBWI,KROC,1,2026-09-30,20:27
SWA1064,KDSM,KMDW,1,2026-10-04,22:32
SWA1064,KPHX,KDSM,1,2026-10-04,19:10
SWA1064,KROC,KMDW,1,2026-10-01,22:39
SWA1064,KSNA,KPHX,1,2026-10-04,17:10
SWA1065,KAUS,KCVG,1,2026-10-04,19:42
SWA1065,KBHM,KMDW,1,2026-10-06,20:37
SWA1065,KBWI,KMCO,3,2026-10-06,00:00
SWA1065,KBWI,KROC,2,2026-10-01,00:26
SWA1065,KCVG,KBWI,1,2026-10-04,22:47
SWA1065,KMCO,KBHM,1,2026-10-06,18:35
SWA1065,KMSP,KBWI,3,2026-10-05,20:29
SWA1066,KBWI,KMCO,4,2026-10-06,00:44
SWA1066,KBWI,KRSW,1,2026-09-30,12:36
SWA1066,KFLL,KMCI,1,2026-10-04,19:54
SWA1067,KBWI,KMDW,6,2026-10-06,10:39
SWA1067,KBWI,KRSW,1,2026-09-30,18:52
SWA107,KLAS,KTPA,1,2026-10-01,20:19
SWA107,KPHX,KLAS,1,2026-09-30,18:19
SWA1070,KBNA,KCLE,2,2026-10-01,00:06
SWA1070,KBUF,KMDW,1,2026-10-05,00:14
SWA1070,KBUR,KSJC,1,2026-10-06,16:49
SWA1070,KBWI,KMDW,3,2026-10-05,12:13
SWA1070,KBWI,KIND,1,2026-10-03,14:49
SWA1070,KPHX,KBUF,1,2026-10-04,19:38
SWA1071,KBWI,KMDW,4,2026-10-05,13:45
SWA1071,KBWI,KSTL,1,2026-10-03,19:15
SWA1071,KCMH,KPHX,1,2026-09-30,17:28
SWA1071,KMCO,KPVD,1,2026-10-06,12:07
SWA1071,KMDW,KDEN,1,2026-10-04,16:34
SWA1071,KPWM,KBWI,1,2026-10-03,16:47
SWA1071,KSAV,KBWI,1,2026-10-04,11:11
SWA1072,KBWI,KMDW,5,2026-10-06,19:08
SWA1072,KDJT,KBWI,1,2026-09-30,11:50
SWA1072,KMDW,KAUS,1,2026-10-05,23:29
SWA1072,KMDW,KBNA,1,2026-10-06,22:09
SWA1072,KTPA,KBWI,3,2026-10-05,15:58
SWA1073,KBWI,KMDW,4,2026-10-06,03:11
SWA1073,KBWI,KSAN,1,2026-09-30,18:14
SWA1073,KLAX,KLAS,1,2026-10-03,22:55
SWA1076,KBNA,KMSY,1,2026-10-04,16:31
SWA1076,KBWI,KSAN,2,2026-10-01,22:11
SWA1076,KLGB,KOAK,5,2026-10-06,15:30
SWA1077,KDAL,KOMA,2,2026-10-01,23:52
SWA1077,KLGA,KHOU,1,2026-10-06,13:04
SWA1077,KMSP,KAUS,1,2026-10-04,17:31
SWA1078,KBWI,KSAT,1,2026-09-30,20:20
SWA1078,KDCA,KFLL,1,2026-10-06,16:28
SWA1078,KLAS,KOAK,1,2026-10-03,22:27
SWA1078,KMCI,KDCA,4,2026-10-05,12:54
SWA1079,KDAL,KCMH,1,2026-10-04,22:53
SWA1079,KHOU,KMCO,1,2026-10-06,20:36
SWA1079,KLAX,KDEN,1,2026-09-30,17:03
SWA1079,KLAX,KTUS,1,2026-10-05,05:40
SWA1079,KMCO,KBWI,3,2026-10-06,23:58
SWA1079,KOAK,KLAX,1,2026-10-05,03:37
SWA1079,KSFO,KLAX,1,2026-09-30,14:45
SWA108,KHOU,MMPR,2,2026-10-06,15:29
SWA1080,KBWI,KMHT,4,2026-10-05,21:30
SWA1080,KBWI,KCVG,1,2026-09-30,16:25
SWA1080,KCHS,KBWI,1,2026-10-03,21:38
SWA1080,KCVG,KDEN,1,2026-09-30,18:33
SWA1081,KBWI,KMHT,3,2026-10-04,03:11
SWA1081,KDAL,KSMF,1,2026-10-04,12:31
SWA1081,KLAS,KBUR,1,2026-10-04,19:15
SWA1081,KSEA,KLAS,2,2026-10-01,00:13
SWA1081,KSMF,KLAS,1,2026-10-04,17:05
SWA1082,KDEN,KSDF,1,2026-10-03,17:36
SWA1082,KMCO,KSDF,3,2026-10-05,19:01
SWA1082,KMDW,KSDF,1,2026-10-06,18:39
SWA1082,KOMA,KSTL,1,2026-10-04,17:54
SWA1082,KONT,KDEN,1,2026-09-30,18:07
SWA1082,KPHX,KOMA,1,2026-10-04,14:39
SWA1082,KSDF,KBNA,2,2026-10-06,21:11
SWA1083,KDAL,KBWI,1,2026-10-03,15:10
SWA1083,KRDU,KAUS,4,2026-10-05,11:16
SWA1083,KSAN,KPHX,1,2026-09-30,14:54
SWA1085,KBWI,KPVD,1,2026-09-30,19:58
SWA1085,KSAN,KSLC,5,2026-10-06,01:18
SWA1085,KSFO,KSAN,2,2026-10-05,23:15
SWA1085,KSTL,KLGA,1,2026-10-06,10:53
SWA1086,KBNA,KMKE,1,2026-09-30,13:25
SWA1086,KBWI,KMKE,4,2026-10-05,14:08
SWA1086,KFLL,KBWI,1,2026-10-04,10:32
SWA1086,KMDW,KCHS,1,2026-10-03,13:30
SWA1086,KMKE,KDEN,1,2026-10-04,16:02
SWA1086,KMSY,KBWI,3,2026-10-05,10:48
SWA1087,KABQ,KOAK,3,2026-10-05,11:40
SWA1087,KAUS,KLAS,1,2026-10-04,11:18
SWA1087,KBNA,KCHS,1,2026-10-06,16:03
SWA1087,KBWI,KSEA,1,2026-09-30,14:33
SWA1087,KCHS,KBWI,2,2026-10-06,18:03
SWA1087,KMKE,KLAS,1,2026-10-03,11:30
SWA1088,KBNA,KMCO,3,2026-10-06,00:56
SWA1088,KLAS,KABQ,1,2026-10-06,17:24
SWA1088,KMDW,KDCA,1,2026-10-04,22:27
SWA1088,KMDW,KSMF,1,2026-10-04,02:05
SWA1088,KSJC,KLAS,1,2026-09-30,17:56
SWA1089,KHOU,KMEM,1,2026-10-04,15:47
SWA1089,KLAS,KDEN,1,2026-10-06,20:20
SWA1089,KMEM,KLAS,1,2026-10-04,17:54
SWA1089,KPHX,KSDF,1,2026-10-03,14:36
SWA1089,KSLC,KPHX,1,2026-09-30,20:56
SWA1089,TJSJ,KTPA,3,2026-10-05,10:12
SWA109,MMPR,KHOU,2,2026-10-06,20:07
SWA1090,KBNA,KMCO,1,2026-10-06,16:53
SWA1090,KBWI,TJSJ,2,2026-10-01,22:34
SWA1090,KPIT,KHOU,1,2026-10-05,23:46
SWA1091,KGSP,KBWI,1,2026-09-30,12:34
SWA1091,KSAN,KEUG,1,2026-10-04,18:46
SWA1091,KSJC,KLAS,1,2026-10-03,13:37
SWA1091,KSMF,KLGB,3,2026-10-05,20:44
SWA1092,KBDL,KBWI,1,2026-10-03,20:06
SWA1092,KBWI,KMSY,4,2026-10-05,20:45
SWA1092,KDCA,KMCO,1,2026-09-30,17:12
SWA1092,KMSY,KFLL,3,2026-10-06,00:02
SWA1092,KMSY,KDEN,1,2026-10-05,00:05
SWA1093,KBWI,KMSY,5,2026-10-06,01:56
SWA1093,KLGA,KHOU,1,2026-09-30,12:43
SWA1094,KBNA,KMEM,1,2026-10-04,17:56
SWA1094,KBWI,KMYR,1,2026-10-06,12:30
SWA1095,KLGA,KHOU,1,2026-09-30,18:02
SWA1095,KSMF,KONT,5,2026-10-06,02:10
SWA1095,KSMF,KPDX,1,2026-10-06,20:37
SWA1096,KBWI,KSTL,1,2026-09-30,10:44
SWA1096,KRNO,KSAN,1,2026-10-04,12:33
SWA1096,KSJC,KBOI,1,2026-10-06,17:17
SWA1096,KSNA,KSJC,3,2026-10-05,16:41
SWA1097,KBWI,KORF,4,2026-10-05,15:14
SWA1097,KBWI,KSTL,1,2026-09-30,13:14
SWA1097,KCHS,KHOU,1,2026-10-06,21:25
SWA1097,KMCI,KDAL,1,2026-10-03,20:36
SWA1097,KMDW,KCHS,1,2026-10-06,18:44
SWA1098,KBWI,KORF,4,2026-10-06,17:00
SWA1098,KBWI,KSTL,1,2026-09-30,17:48
SWA1098,KLGB,KPHX,1,2026-10-04,16:14
SWA1098,KPWM,KBWI,4,2026-10-06,14:51
SWA11,KBWI,KDAL,1,2026-10-03,10:55
SWA11,KDAL,KHOU,3,2026-10-06,14:43
SWA11,KDEN,KDAL,1,2026-09-30,12:09
SWA110,KATL,KDEN,1,2026-09-30,16:49
SWA1100,KBWI,KORF,4,2026-10-06,01:08
SWA1100,KMCO,KBWI,1,2026-10-04,19:18
SWA1100,KORF,KMDW,1,2026-10-05,23:36
SWA1100,KSTL,KBWI,1,2026-10-06,20:19
SWA1100,KVPS,KBWI,3,2026-10-05,22:09
SWA1101,KBWI,KORF,1,2026-10-05,03:03
SWA1101,KBWI,KTPA,1,2026-09-30,11:16
SWA1101,KMDW,KALB,1,2026-10-03,21:33
SWA1101,KMYR,KBNA,1,2026-10-05,20:15
SWA1102,KBWI,KDJT,5,2026-10-06,12:37
SWA1102,KBWI,KTPA,1,2026-09-30,12:41
SWA1102,KSNA,KOAK,1,2026-10-04,15:17
SWA1103,KBWI,KDJT,3,2026-10-05,20:29
SWA1103,KBWI,KTPA,1,2026-09-30,15:07
SWA1103,KDJT,KMCO,2,2026-10-05,23:13
SWA1103,KSTL,KLGA,1,2026-10-04,10:45
SWA1104,KLAS,KPSP,1,2026-10-06,16:24
SWA1104,KMDW,KTUL,1,2026-10-04,15:14
SWA1104,KPSP,KDEN,1,2026-10-06,17:57
SWA1104,KSMF,KPSP,4,2026-10-05,15:21
SWA1104,KTUL,KHOU,1,2026-10-04,18:03
SWA1105,KBHM,KLAS,1,2026-10-06,18:59
SWA1105,KBWI,KPHX,4,2026-10-05,10:42
SWA1105,KBWI,KDEN,1,2026-10-04,17:49
SWA1105,KDEN,KBWI,1,2026-09-30,12:44
SWA1105,KMDW,KBHM,1,2026-10-06,16:47
SWA1106,KATL,KBWI,1,2026-10-05,23:57
SWA1106,KBOS,KBWI,1,2026-10-03,16:13
SWA1106,KBWI,KPHX,4,2026-10-05,14:19
SWA1106,KJAX,KBWI,3,2026-10-05,11:19
SWA1107,KBNA,KDTW,1,2026-10-04,15:49
SWA1107,KDAL,KLBB,1,2026-10-03,15:06
SWA1107,KDTW,KLAS,1,2026-10-04,18:20
SWA1107,KLAS,KBNA,2,2026-10-01,23:49
SWA1107,KLBB,KLAS,1,2026-10-03,17:02
SWA1107,KPHX,KLAX,3,2026-10-06,03:23
SWA1108,KDAL,KIND,1,2026-10-03,17:32
SWA1108,KDJT,KBWI,1,2026-09-30,16:41
SWA1108,KPDX,KPHX,1,2026-10-04,12:48
SWA1108,KSMF,KDAL,1,2026-10-03,13:20
SWA1108,KSNA,KSJC,2,2026-10-06,04:02
SWA1109,KAUS,KCMH,1,2026-10-04,12:00
SWA1109,KBZN,KDEN,1,2026-09-30,15:06
SWA1109,KCHS,KBWI,1,2026-10-03,12:10
SWA1109,KPHL,KMCO,3,2026-10-05,19:01
SWA1109,KSTL,KPHL,3,2026-10-05,16:05
SWA111,KSMF,KLAS,1,2026-10-01,23:37
SWA1110,KBZN,KDEN,1,2026-09-30,20:24
SWA1110,KCLT,KBNA,1,2026-10-03,16:03
SWA1110,KDEN,KMDW,2,2026-10-01,22:54
SWA1110,KMCO,KHOU,1,2026-10-06,13:27
SWA1110,KSTL,KRSW,3,2026-10-05,10:58
SWA1111,KBWI,KPIT,4,2026-10-06,03:31
SWA1111,KBWI,KPHX,1,2026-10-04,10:28
SWA1111,KDEN,KBWI,1,2026-09-30,14:18
SWA1111,KPHX,KBOI,1,2026-10-04,16:16
SWA1118,KBWI,KPVD,5,2026-10-06,11:04
SWA1118,KDEN,KBNA,1,2026-09-30,12:07
SWA1119,KBWI,KPVD,4,2026-10-06,15:16
SWA1119,KBWI,KRDU,1,2026-09-30,12:56
SWA1120,KBUR,KSFO,1,2026-10-06,20:56
SWA1120,KBWI,KPVD,1,2026-10-04,16:46
SWA1120,KBZN,KMDW,1,2026-09-30,19:43
SWA1120,KPVD,KMCO,1,2026-10-04,18:45
SWA1120,KSDF,KBWI,1,2026-10-04,14:41
SWA1121,KBWI,KPVD,4,2026-10-05,19:02
SWA1121,KLAS,KSLC,1,2026-10-03,14:49
SWA1121,KONT,KSMF,1,2026-09-30,14:15
SWA1122,KCHS,KBNA,1,2026-09-30,10:52
SWA1122,KCLE,KDAL,1,2026-10-06,17:48
SWA1122,KCMH,KBWI,3,2026-10-05,22:06
SWA1122,KCMH,KMDW,1,2026-10-04,20:41
SWA1122,KMCO,KCMH,3,2026-10-05,19:27
SWA1123,KBUR,KOAK,1,2026-10-04,14:27
SWA1123,KDAL,KPHX,1,2026-10-01,02:09
SWA1123,KLGB,KLAS,1,2026-10-03,14:06
SWA1123,KPHL,KDAL,1,2026-10-01,21:58
SWA1123,KTPA,KSTL,3,2026-10-06,02:08
SWA1124,KABQ,KMCI,3,2026-10-06,21:52
SWA1124,KBWI,KDAL,1,2026-09-30,10:41
SWA1124,KBWI,KPVD,1,2026-10-04,10:55
SWA1124,KMCO,KMDW,1,2026-10-04,02:00
SWA1125,KBNA,KSAV,1,2026-10-06,20:35
SWA1125,KBWI,KPWM,4,2026-10-05,15:54
SWA1125,KCHS,KBWI,1,2026-09-30,21:20
SWA1125,KDEN,KCHS,1,2026-09-30,17:28
SWA1125,KMCO,KPHX,1,2026-10-03,14:38
SWA1129,KBUR,KOAK,1,2026-10-05,01:11
SWA1129,KBWI,KPWM,1,2026-10-06,18:26
SWA1129,KDEN,KAUS,2,2026-10-06,02:42
SWA1129,KDEN,KLAS,1,2026-10-02,07:07
SWA1129,KPHX,KMDW,2,2026-10-01,01:47
SWA1129,KSAN,KPHX,1,2026-10-04,00:36
SWA1129,KSAV,KBWI,1,2026-10-06,15:56
SWA113,KABQ,KDAL,4,2026-10-06,17:21
SWA113,KDAL,KDCA,6,2026-10-06,18:52
SWA113,KDEN,KBOI,1,2026-09-30,15:34
SWA113,KLAS,KDAL,1,2026-10-04,12:21
SWA113,KPHX,KDAL,1,2026-10-03,14:21
SWA1130,KABQ,KMCO,1,2026-10-04,13:05
SWA1130,KBNA,KAUS,1,2026-09-30,14:18
SWA1130,KDAL,KBWI,2,2026-10-05,21:17
SWA1130,KPHX,KIND,1,2026-10-03,16:46
SWA1130,KSJC,KONT,1,2026-10-06,22:21
SWA1131,KBWI,KRDU,4,2026-10-06,12:38
SWA1131,KBWI,KDJT,1,2026-10-01,22:05
SWA1131,KMDW,KRSW,1,2026-10-03,15:24
SWA1132,KAUS,KSJC,1,2026-09-30,13:10
SWA1132,KBOI,KSMF,5,2026-10-06,12:59
SWA1132,KBUR,KSMF,1,2026-10-05,03:06
SWA1132,KSJC,KSAN,1,2026-09-30,17:27
SWA1133,KBWI,KHOU,1,2026-10-05,00:21
SWA1133,KDEN,KSAN,3,2026-10-06,02:58
SWA1133,KPHX,KOAK,1,2026-09-30,18:02
SWA1136,KCLE,KBNA,1,2026-09-30,17:34
SWA1136,KFLL,KBWI,4,2026-10-05,19:47
SWA1137,KBOI,KSMF,3,2026-10-06,04:31
SWA1137,KBUR,KSJC,1,2026-10-04,15:12
SWA1137,KSJC,KBOI,1,2026-10-04,17:07
SWA1137,KSTL,KDAL,1,2026-10-03,14:03
SWA1138,KBWI,KRDU,3,2026-10-06,03:26
SWA1138,KCLE,KDEN,1,2026-10-05,21:30
SWA1138,KSFO,KLAS,1,2026-09-30,21:23
SWA1138,KSLC,KPHX,1,2026-10-03,21:29
SWA1139,KBWI,KRIC,2,2026-10-06,15:23
SWA1139,KCHS,KBWI,1,2026-10-04,12:14
SWA1139,KRIC,KBNA,2,2026-10-06,16:47
SWA114,KABQ,KDAL,3,2026-10-06,23:05
SWA114,KBOI,KLAS,1,2026-10-06,17:29
SWA114,KDAL,KSAT,3,2026-10-06,01:29
SWA114,KDEN,KBOI,1,2026-10-06,15:02
SWA114,KOKC,KBNA,1,2026-10-05,23:24
SWA1140,KATL,KSAT,3,2026-10-06,21:32
SWA1140,KDEN,KBNA,1,2026-10-04,21:40
SWA1140,KPVD,KBWI,1,2026-10-03,19:44
SWA1140,KSAN,KPHX,1,2026-09-30,21:44
SWA1140,KSAT,KHOU,1,2026-10-06,22:06
SWA1141,KBWI,KRIC,2,2026-10-05,03:23
SWA1141,KCLE,KLAS,1,2026-09-30,18:20
SWA1142,KBWI,KROC,6,2026-10-06,15:02
SWA1142,KCLE,KMDW,1,2026-09-30,12:57
SWA1142,KROC,KMCO,4,2026-10-05,17:02
SWA1143,KAUS,KDEN,1,2026-10-03,18:03
SWA1143,KBWI,KATL,1,2026-10-02,02:01
SWA1143,KDCA,KSTL,1,2026-10-05,00:26
SWA1143,KDEN,KBWI,3,2026-10-06,22:15
SWA1143,KSAN,KSJC,1,2026-09-30,13:46
SWA1144,KBWI,KRSW,3,2026-10-06,12:28
SWA1144,KCMH,KHOU,3,2026-10-06,23:06
SWA1144,KSAN,KAUS,1,2026-09-30,19:26
SWA1145,KBUR,KOAK,4,2026-10-06,04:02
SWA1145,KMDW,KSAT,1,2026-10-06,15:39
SWA1145,KSTL,KDTW,2,2026-10-01,00:27
SWA1145,KSTL,KLAS,1,2026-10-03,11:34
SWA1146,KBUR,KSFO,5,2026-10-06,15:46
SWA1146,KLGA,KHOU,1,2026-10-05,22:15
SWA1146,KMSY,KBNA,1,2026-09-30,15:22
SWA1147,KBUR,KSMF,5,2026-10-06,23:55
SWA1147,KCLE,KSTL,1,2026-09-30,11:21
SWA1148,KBWI,KISP,4,2026-10-05,20:09
SWA1148,KISP,KMCO,1,2026-10-03,20:59
SWA1148,KMCO,KATL,1,2026-10-04,01:05
SWA1149,KDCA,KATL,5,2026-10-06,16:59
SWA1149,KLAS,KPHX,1,2026-10-05,04:35
SWA1149,KTPA,KSTL,1,2026-09-30,19:31
SWA115,KBNA,KGSP,1,2026-10-01,00:22
SWA115,MMUN,KSAT,1,2026-10-04,22:11
SWA1150,KBNA,KMCI,1,2026-09-30,21:03
SWA1150,KDCA,KTPA,5,2026-10-06,18:53
SWA1150,KLGB,KOAK,1,2026-10-05,02:55
SWA1151,KALB,KDEN,2,2026-10-01,21:03
SWA1151,KAUS,KOAK,1,2026-10-03,19:53
SWA1151,KBWI,KSAN,1,2026-10-05,19:34
SWA1151,KOAK,KSEA,3,2026-10-05,19:43
SWA1151,KOAK,KONT,1,2026-10-04,00:21
SWA1151,KSEA,KDAL,3,2026-10-06,23:03
SWA1151,KSNA,KOAK,3,2026-10-05,17:37
SWA1152,KBWI,KSAT,2,2026-10-05,18:16
SWA1152,KBWI,KHOU,1,2026-10-01,18:08
SWA1152,KHOU,KSAT,1,2026-10-02,22:55
SWA1152,KLAS,KDEN,1,2026-10-03,22:16
SWA1152,KLAS,KSTL,1,2026-10-04,20:56
SWA1152,KMDW,KORF,2,2026-10-01,00:15
SWA1153,KABQ,KLAS,1,2026-10-06,15:50
SWA1153,KAUS,KABQ,1,2026-10-06,13:22
SWA1153,KBWI,KSAT,4,2026-10-06,01:20
SWA1153,KDEN,KPHX,1,2026-10-04,20:43
SWA1153,KLAS,KSMF,1,2026-10-06,18:05
SWA1153,KTYS,KDEN,1,2026-09-30,19:26
SWA1155,KBNA,KTUL,1,2026-09-30,13:10
SWA1155,KBUF,KBWI,1,2026-10-04,22:46
SWA1155,KDAL,KOMA,1,2026-10-03,16:46
SWA1155,KHOU,KVPS,3,2026-10-05,21:16
SWA1155,KMCO,KBUF,1,2026-10-04,18:57
SWA1155,KMCO,KBWI,1,2026-10-06,20:01
SWA1155,KOAK,KDAL,1,2026-10-03,12:55
SWA1155,KOMA,KMDW,1,2026-10-03,19:06
SWA1155,KTUL,KPHX,1,2026-09-30,15:34
SWA1155,KVPS,KBNA,3,2026-10-06,23:34
SWA1156,KBUF,KBWI,1,2026-09-30,16:10
SWA1156,KDAL,KMCO,1,2026-10-03,14:42
SWA1156,KECP,KHOU,3,2026-10-05,20:38
SWA1156,KMDW,KBUF,1,2026-09-30,14:04
SWA1156,KOAK,KBUR,1,2026-10-04,20:58
SWA1157,KCMH,KMDW,1,2026-10-06,16:32
SWA1157,KECP,KBWI,1,2026-10-03,19:15
SWA1157,KHOU,KPIT,1,2026-10-04,20:19
SWA1158,KBWI,KSDF,1,2026-10-06,12:31
SWA1158,KDAL,KABQ,1,2026-09-30,18:20
SWA1158,KHOU,KPHX,1,2026-10-04,01:05
SWA1159,KBWI,KSDF,2,2026-10-04,20:25
SWA1159,KCMH,KBNA,1,2026-09-30,11:01
SWA1159,KPWM,KBWI,3,2026-10-05,19:36
SWA1159,KSDF,KMCO,2,2026-10-06,22:40
SWA1159,KSDF,KMDW,1,2026-10-03,21:33
SWA116,KABQ,KAUS,2,2026-10-05,22:32
SWA116,KABQ,KMDW,1,2026-10-04,20:35
SWA116,KLAS,KABQ,1,2026-10-04,18:28
SWA116,KLAS,KOMA,1,2026-09-30,14:59
SWA116,KMDW,KHOU,1,2026-10-06,11:24
SWA116,KOMA,KLGA,1,2026-09-30,18:07
SWA116,KPHX,KDAL,1,2026-10-04,02:05
SWA116,KSNA,KLAS,1,2026-10-04,16:36
SWA1160,KLAS,KLAX,1,2026-10-06,13:33
SWA1160,KLAX,KELP,1,2026-10-05,15:47
SWA1160,KMSY,KAUS,1,2026-10-05,04:04
SWA1160,KSFO,KLAX,1,2026-10-03,13:19
SWA1160,KSJC,KLAX,3,2026-10-05,13:49
SWA1160,KSTL,KPHL,1,2026-10-01,00:19
SWA1161,KDAL,KMCI,1,2026-10-06,16:03
SWA1161,KDAL,KMCO,1,2026-10-05,23:11
SWA1161,KDEN,KPDX,2,2026-10-01,22:21
SWA1161,KLAX,KRNO,3,2026-10-06,04:46
SWA1161,KMCI,KLGA,1,2026-10-06,18:13
SWA1161,KPHX,KDAL,1,2026-10-06,13:06
SWA1162,KBWI,KATL,1,2026-10-03,18:47
SWA1162,KDEN,KBUF,1,2026-10-04,19:27
SWA1162,KLAX,KSFO,3,2026-10-05,21:53
SWA1162,KMCO,KDAL,1,2026-09-30,20:07
SWA1163,KCMH,KBWI,1,2026-09-30,19:24
SWA1163,KECP,KDAL,1,2026-10-03,21:35
SWA1163,KLGA,KMCI,4,2026-10-05,20:46
SWA1164,KBWI,TJSJ,2,2026-10-06,00:39
SWA1165,KAUS,KMDW,1,2026-09-30,14:27
SWA1165,KBWI,KSMF,1,2026-10-06,16:18
SWA1165,KMKE,KBWI,4,2026-10-05,11:32
SWA1165,KTPA,KBWI,1,2026-10-06,12:58
SWA1166,KABQ,KLAS,1,2026-10-03,16:39
SWA1166,KLAS,KLGB,1,2026-10-03,19:14
SWA1166,KLGB,KOAK,4,2026-10-05,19:17
SWA1166,KLGB,KSEA,1,2026-10-04,16:55
SWA1166,KPHX,KLGB,1,2026-10-04,14:54
SWA1167,KBWI,KSRQ,5,2026-10-06,19:03
SWA1167,KCMH,KDEN,1,2026-09-30,10:42
SWA1167,KMDW,KBWI,1,2026-10-03,16:53
SWA1167,KSDF,KBWI,3,2026-10-05,16:09
SWA1167,KSRQ,KMCO,1,2026-10-06,22:06
SWA1167,KTPA,KSDF,3,2026-10-05,13:21
SWA1168,KBWI,KSMF,1,2026-10-04,18:18
SWA1168,KLGA,KSTL,1,2026-09-30,17:09
SWA1168,KMKE,KMCO,3,2026-10-06,02:24
SWA1169,KBNA,KCMH,1,2026-09-30,20:54
SWA1169,KBWI,KSTL,5,2026-10-06,10:47
SWA1169,KCMH,KDEN,2,2026-10-01,22:54
SWA117,KABQ,KDEN,6,2026-10-06,11:29
SWA117,KBWI,KMCI,1,2026-09-30,14:17
SWA117,KDEN,KBWI,1,2026-10-04,13:45
SWA117,KPVD,KBWI,1,2026-09-30,12:11
SWA1170,KBNA,KPHX,1,2026-09-30,13:40
SWA1170,KHOU,KLAS,1,2026-10-04,17:25
SWA1170,KLGA,KHOU,1,2026-10-04,12:59
SWA1170,KOAK,KLGB,4,2026-10-06,21:43
SWA1171,KBWI,KSTL,4,2026-10-05,20:50
SWA1171,KLGB,KDEN,1,2026-10-06,21:03
SWA1172,KBWI,KSTL,4,2026-10-06,03:21
SWA1172,KMKE,KBNA,1,2026-09-30,12:52
SWA1173,KBNA,KTPA,1,2026-09-30,19:39
SWA1173,KBWI,KTPA,6,2026-10-06,11:20
SWA1177,KBNA,KPNS,1,2026-09-30,22:29
SWA1177,KBWI,KTPA,4,2026-10-06,12:58
SWA1177,KBWI,KSJC,1,2026-10-04,13:02
SWA1177,KMDW,KBWI,1,2026-10-04,10:17
SWA1178,KBNA,KTPA,1,2026-09-30,17:27
SWA1178,KBWI,KTPA,4,2026-10-05,14:36
SWA1178,KBWI,KRSW,1,2026-10-06,16:30
SWA1178,KMSP,KBWI,4,2026-10-05,11:26
SWA1178,KOAK,KSAN,1,2026-10-04,14:56
SWA1178,KOMA,KMCO,1,2026-10-04,20:53
SWA1178,KSAN,KOMA,1,2026-10-04,17:06
SWA1179,KHOU,KMDW,1,2026-10-03,18:37
SWA118,KPHX,KBWI,1,2026-09-30,19:16
SWA1180,KBWI,KTPA,4,2026-10-06,23:24
SWA1180,KCMH,KMDW,1,2026-09-30,13:18
SWA1180,KDAL,KRDU,1,2026-10-04,23:25
SWA1180,KPVD,KBWI,3,2026-10-05,20:44
SWA1181,KCMH,KRSW,1,2026-10-06,11:23
SWA1181,KLAS,KSTL,1,2026-10-03,18:07
SWA1181,KMDW,KPHX,1,2026-09-30,16:48
SWA1181,KPHX,KMDW,3,2026-10-05,19:46
SWA1182,KCMH,KMDW,1,2026-09-30,20:14
SWA1182,KONT,KSJC,5,2026-10-06,13:15
SWA1182,KPIT,KMCO,1,2026-10-05,02:12
SWA1183,KBWI,KVPS,4,2026-10-05,16:08
SWA1183,KCMH,KMDW,2,2026-10-01,23:37
SWA1183,KHOU,KCOS,1,2026-10-06,20:06
SWA1183,KIND,KBNA,1,2026-10-03,18:53
SWA1183,KMCO,KHOU,1,2026-10-06,17:02
SWA1183,KMCO,KRDU,1,2026-10-04,12:06
SWA1183,KRDU,KBWI,1,2026-10-04,14:30
SWA1183,KVPS,KDAL,1,2026-10-04,19:00
SWA1184,KBWI,KPIT,1,2026-10-03,15:07
SWA1184,KONT,KSMF,1,2026-10-04,17:31
SWA1184,KPIT,KTPA,3,2026-10-05,18:10
SWA1184,KSFO,KDAL,2,2026-10-01,22:11
SWA1185,KBUR,KSMF,2,2026-10-01,01:48
SWA1185,KDAL,KSTL,1,2026-10-03,12:27
SWA1185,KSAT,KATL,3,2026-10-05,23:32
SWA1185,KSJC,KSEA,1,2026-10-04,13:50
SWA1186,KBNA,KABQ,1,2026-09-30,18:13
SWA1186,KDEN,KOAK,1,2026-10-04,14:39
SWA1186,KOAK,KAUS,1,2026-10-06,16:07
SWA1186,KOAK,KPDX,1,2026-10-04,17:50
SWA1186,KSAN,KOAK,1,2026-10-06,13:51
SWA1186,KSLC,KOAK,3,2026-10-05,16:43
SWA1187,KBZN,KLAS,3,2026-10-05,12:03
SWA1187,KCVG,KBWI,1,2026-10-06,20:40
SWA1187,KEUG,KLAS,1,2026-09-30,18:52
SWA1187,KMDW,KCVG,1,2026-10-06,18:58
SWA1188,KBZN,KLAS,1,2026-10-05,00:48
SWA1188,KLAS,KSAN,1,2026-10-05,03:47
SWA1188,KSAT,KMCO,2,2026-10-05,20:03
SWA1189,KCHS,KBNA,6,2026-10-06,10:44
SWA1189,PHNL,KLAS,1,2026-09-30,07:23
SWA1190,KCHS,KBNA,3,2026-10-06,01:15
SWA1190,KCHS,KBWI,1,2026-10-05,00:47
SWA1190,KDEN,KCHS,3,2026-10-04,21:16
SWA1190,KMCI,KBNA,1,2026-10-03,18:20
SWA1190,KSMF,KONT,1,2026-09-30,01:51
SWA1191,KIND,KHOU,1,2026-09-30,11:03
SWA1191,KSAN,KMCI,1,2026-10-05,04:42
SWA1191,KSMF,KBUR,4,2026-10-06,01:44
SWA1192,KAUS,KDEN,3,2026-10-06,02:17
SWA1192,KBWI,KCHS,1,2026-10-03,15:47
SWA1192,KCHS,KDEN,1,2026-10-03,18:24
SWA1192,KCOS,KDEN,1,2026-09-30,14:25
SWA1192,KDAL,KBUR,1,2026-10-06,18:32
SWA1192,KMSY,KDAL,1,2026-10-06,15:58
SWA1192,KPHX,KMDW,1,2026-10-04,20:12
SWA1192,KSTL,KMSY,1,2026-10-06,13:35
SWA1193,KBWI,KFLL,1,2026-09-30,17:03
SWA1193,KDAL,KTUL,1,2026-10-04,00:24
SWA1193,KIND,KSAN,1,2026-10-04,17:31
SWA1193,KSAN,KSFO,1,2026-10-04,22:45
SWA1193,KSEA,KLGB,1,2026-10-06,18:21
SWA1194,KCHS,KMDW,3,2026-10-06,23:33
SWA1194,KCOS,KDEN,1,2026-09-30,22:52
SWA1194,KMCO,KBNA,1,2026-10-03,19:56
SWA1194,KOAK,KSNA,1,2026-09-30,16:18
SWA1194,KPHX,KCOS,1,2026-09-30,20:31
SWA1194,KSJC,KBUR,1,2026-10-04,19:06
SWA1194,KSNA,KPHX,1,2026-09-30,18:33
SWA1195,KBWI,KMDW,1,2026-10-01,22:46
SWA1195,KMSY,KHOU,1,2026-10-03,20:52
SWA1195,KSMF,KLGB,5,2026-10-06,16:27
SWA1196,KBWI,KVPS,1,2026-09-30,16:22
SWA1196,KCLE,KBNA,5,2026-10-06,10:48
SWA1197,KBNA,KCLE,1,2026-09-30,20:40
SWA1197,KCLE,KBNA,4,2026-10-06,17:50
SWA1197,KSJC,KLAS,1,2026-10-04,02:02
SWA1197,KTPA,KMSY,1,2026-10-05,05:06
SWA1198,KMCO,KISP,1,2026-09-30,16:28
SWA1198,KSJC,KONT,1,2026-10-05,04:40
SWA1198,KSMF,KLGB,3,2026-10-06,23:35
SWA1199,KCLE,KBWI,1,2026-10-04,10:04
SWA1199,KLAS,KLGB,1,2026-10-01,03:04
SWA1199,KMDW,KPHX,1,2026-10-06,12:01
SWA1199,KPHX,KSAN,1,2026-10-06,16:51
SWA120,KDAL,KMCI,1,2026-10-04,00:00
SWA120,KMDW,KDCA,1,2026-09-30,17:17
SWA120,KSAN,KSTS,3,2026-10-05,16:12
SWA1200,KCOS,KPHX,1,2026-09-30,13:08
SWA1200,KPDX,KDEN,1,2026-10-06,15:51
SWA1200,KSMF,KPDX,5,2026-10-06,12:49
SWA1201,KATL,KDCA,3,2026-10-06,02:01
SWA1201,KATL,KCMH,1,2026-10-04,21:44
SWA1202,KCLE,KBWI,1,2026-10-04,21:53
SWA1202,KCLE,KDEN,1,2026-10-04,21:47
SWA1202,KCOS,KPHX,2,2026-10-01,01:16
SWA1202,KDAL,KSAN,3,2026-10-06,03:43
SWA1204,KLAS,KOAK,1,2026-09-30,21:52
SWA1204,KLAS,KSAN,1,2026-10-05,01:33
SWA1204,KSAN,KLAS,1,2026-09-30,19:38
SWA1204,KSAN,KOAK,1,2026-10-05,03:19
SWA1206,KABQ,KHOU,1,2026-10-03,16:44
SWA1206,KCLE,KMCO,3,2026-10-06,21:46
SWA1206,KDAL,KLIT,1,2026-09-30,15:24
SWA1206,KSTL,KCLE,1,2026-10-04,15:16
SWA1207,KCLE,KMDW,5,2026-10-05,12:41
SWA1207,KMDW,KATL,1,2026-10-04,13:43
SWA1209,KCLE,KMDW,4,2026-10-06,18:55
SWA1209,KCLE,KDAL,1,2026-10-04,14:57
SWA1209,KCVG,KBNA,1,2026-09-30,11:07
SWA121,KABQ,KDEN,5,2026-10-06,17:27
SWA121,KDEN,KPHX,2,2026-10-01,00:06
SWA121,KPHX,KSAT,1,2026-10-05,03:50
SWA121,KRNO,KPHX,1,2026-10-05,01:25
SWA1211,KBNA,KRDU,1,2026-09-30,15:31
SWA1211,KCLE,KDAL,3,2026-10-05,18:01
SWA1211,KCLE,KMDW,1,2026-10-05,00:15
SWA1211,KDCA,KLAS,1,2026-10-03,11:47
SWA1211,KLAS,KSMF,1,2026-10-03,17:54
SWA1211,KMCO,KCLE,1,2026-10-06,21:06
SWA1211,KPHX,KCLE,1,2026-10-04,20:06
SWA1211,KSMF,KPHX,1,2026-10-04,17:33
SWA1217,KBWI,KRDU,1,2026-09-30,17:59
SWA1217,KDEN,KSJC,3,2026-10-06,01:23
SWA1217,KPHX,KBWI,1,2026-10-05,00:06
SWA1217,KPVD,KBWI,1,2026-09-30,15:51
SWA1217,KSAT,KLAS,1,2026-10-03,10:47
SWA1218,KCLE,KSTL,6,2026-10-06,11:18
SWA1218,KCLE,KBNA,1,2026-09-30,10:26
SWA1219,KATL,KTPA,3,2026-10-06,12:20
SWA1219,KCLE,KLAS,3,2026-10-05,14:48
SWA1219,KDEN,KBZN,2,2026-10-01,00:23
SWA122,KBWI,KSFO,1,2026-09-30,13:59
SWA1220,KCLT,KBNA,4,2026-10-05,11:13
SWA1220,KRSW,KMCO,1,2026-09-30,11:23
SWA1221,KBNA,KGRR,1,2026-10-03,16:53
SWA1221,KBWI,KCLT,1,2026-10-06,12:38
SWA1221,KCLT,KBNA,1,2026-10-06,15:08
SWA1221,KGRR,KMDW,1,2026-10-03,18:58
SWA1221,KSMF,KLAX,1,2026-09-30,13:58
SWA1222,KABQ,KMCO,1,2026-10-03,19:55
SWA1222,KBUR,KABQ,1,2026-10-06,17:50
SWA1222,KBWI,KBOS,1,2026-09-30,23:16
SWA1222,KLAX,KLAS,3,2026-10-05,23:12
SWA1223,KBNA,KCLT,3,2026-10-05,16:26
SWA1223,KBWI,KDEN,1,2026-10-06,13:20
SWA1223,KCLT,KBWI,3,2026-10-05,18:42
SWA1223,KDAL,KONT,1,2026-09-30,16:56
SWA1223,KMHT,KBWI,1,2026-10-06,10:55
SWA1223,KSAT,KMCO,1,2026-10-03,10:40
SWA1223,KSMF,KBUR,1,2026-10-05,02:06
SWA1225,KCLE,KPHX,3,2026-10-06,23:13
SWA1225,KDCA,KMDW,1,2026-10-03,19:55
SWA1225,KLAS,KRNO,1,2026-09-30,17:23
SWA1225,KMSY,KSTL,1,2026-10-06,18:41
SWA1225,KPHX,KABQ,3,2026-10-06,04:28
SWA1225,KSAT,KMSY,1,2026-10-06,16:31
SWA1225,KSMF,KLGB,1,2026-10-04,13:56
SWA1225,KSTL,KCLT,1,2026-10-06,21:14
SWA1226,KCLT,KMDW,4,2026-10-06,12:11
SWA1226,KDEN,KBUR,1,2026-09-30,02:29
SWA1226,KMDW,KLAS,1,2026-10-06,14:28
SWA1226,KSMF,KSNA,1,2026-10-04,15:54
SWA1226,KTUL,KDEN,1,2026-09-30,23:34
SWA1227,KBNA,KLAS,3,2026-10-05,10:23
SWA1227,KPWM,KBWI,1,2026-10-03,20:03
SWA1227,KSNA,KOAK,1,2026-10-05,04:17
SWA1228,KAUS,KDAL,1,2026-10-04,16:58
SWA1228,KBNA,KDAL,1,2026-10-03,12:59
SWA1228,KCMH,KDCA,4,2026-10-06,17:17
SWA1228,KDAL,KSNA,1,2026-10-04,19:51
SWA1228,KHOU,KAUS,1,2026-10-04,15:33
SWA1228,KSTL,KCMH,1,2026-10-06,15:29
SWA1229,KBWI,KISP,1,2026-10-03,15:10
SWA1229,KDCA,KMKE,2,2026-10-05,19:56
SWA1229,KHOU,KAUS,2,2026-10-01,02:19
SWA1229,KISP,KDJT,1,2026-10-03,17:18
SWA1229,KLAS,KMDW,1,2026-10-05,21:13
SWA1229,KMDW,KRIC,1,2026-10-05,01:28
SWA123,KABQ,KDEN,3,2026-10-05,23:24
SWA123,KDEN,KABQ,2,2026-10-01,03:14
SWA123,KMEM,KBNA,1,2026-10-06,13:54
SWA123,KONT,KOAK,1,2026-10-05,00:01
SWA1230,KDAL,KSAT,3,2026-10-05,19:02
SWA1230,KDAL,KBWI,1,2026-10-06,13:56
SWA1230,KSNA,KDAL,4,2026-10-05,14:41
SWA1230,KSTL,KDEN,1,2026-10-04,13:41
SWA1231,KBUR,KBOI,3,2026-10-06,02:19
SWA1231,KBWI,KDEN,1,2026-10-06,20:13
SWA1231,KDAL,KLBB,1,2026-10-03,19:34
SWA1231,KLAS,KPHX,1,2026-10-04,17:34
SWA1231,KMKE,KDAL,1,2026-10-03,16:30
SWA1231,KPVD,KBWI,1,2026-10-06,17:50
SWA1231,KSFO,KLAS,2,2026-10-01,00:53
SWA1231,KTPA,KPVD,1,2026-10-06,14:24
SWA1232,KCMH,KBNA,6,2026-10-06,11:06
SWA1232,KOKC,KLAS,1,2026-09-30,11:29
SWA1233,KBUR,KRNO,3,2026-10-06,23:20
SWA1233,KCHS,KMDW,1,2026-10-03,12:36
SWA1233,KCMH,KATL,1,2026-10-04,21:51
SWA1233,KDEN,KHOU,1,2026-10-06,15:36
SWA124,KLAS,KSNA,1,2026-10-01,01:26
SWA124,KSLC,KLAS,1,2026-10-01,23:09
SWA1240,KBNA,KONT,1,2026-10-04,14:24
SWA1240,KCMH,KBNA,4,2026-10-06,01:09
SWA1240,KDAL,KAUS,1,2026-09-30,13:55
SWA1241,KABQ,KLAX,1,2026-10-05,02:54
SWA1241,KBWI,KCLT,3,2026-10-05,12:54
SWA1241,KCLT,KSTL,3,2026-10-05,15:12
SWA1241,KMDW,KBUR,1,2026-10-01,23:15
SWA1242,KABQ,KMCI,1,2026-10-04,15:52
SWA1242,KCMH,KBWI,1,2026-10-03,19:50
SWA1242,KDCA,KOKC,4,2026-10-06,20:29
SWA1242,KOKC,KHOU,2,2026-10-06,23:49
SWA1243,KBNA,KLAS,1,2026-10-05,00:18
SWA1243,KDAL,KAUS,2,2026-10-01,03:15
SWA1243,KELP,KLAX,2,2026-10-06,19:22
SWA1245,KABQ,KAUS,1,2026-10-04,11:51
SWA1245,KAUS,KMCO,2,2026-10-01,00:28
SWA1245,KDAL,KCOS,3,2026-10-06,02:11
SWA1245,KDEN,KSAT,2,2026-10-05,22:04
SWA1245,KSAT,KDAL,3,2026-10-06,00:37
SWA1246,KDAL,KBNA,1,2026-09-30,12:37
SWA1246,KDAL,KMIA,1,2026-10-04,18:57
SWA1246,KLAX,KBWI,4,2026-10-06,05:33
SWA1246,KMEM,KDAL,1,2026-10-04,16:47
SWA1246,KMIA,KBWI,1,2026-10-05,22:24
SWA1247,KCMH,KDEN,5,2026-10-06,10:41
SWA1247,KTUS,KLAS,1,2026-10-05,04:25
SWA1249,KCMH,KMCO,3,2026-10-05,17:49
SWA1249,KCMH,KDEN,1,2026-10-06,17:53
SWA1249,KDAL,KBNA,1,2026-09-30,20:42
SWA1249,KDCA,KCMH,4,2026-10-06,15:55
SWA1249,KDEN,KSLC,1,2026-10-06,21:38
SWA1249,KLAS,KBUR,1,2026-10-03,22:13
SWA125,KSTL,KDEN,1,2026-09-30,17:44
SWA1250,KCMH,KDEN,4,2026-10-05,16:40
SWA1250,KDAL,KBNA,2,2026-10-01,02:01
SWA1251,KATL,KAUS,1,2026-10-05,00:46
SWA1251,KAUS,KDEN,1,2026-10-06,19:28
SWA1251,KDAL,KECP,2,2026-10-06,01:55
SWA1251,KMCI,KDAL,2,2026-10-06,23:40
SWA1251,KMCI,KECP,1,2026-10-02,03:38
SWA1252,KBNA,KMCO,1,2026-09-30,13:04
SWA1252,KCMH,KHOU,1,2026-10-04,14:44
SWA1252,KMDW,KCMH,1,2026-10-04,12:56
SWA1252,KSAN,KMDW,3,2026-10-05,19:45
SWA1253,KCMH,KLAS,6,2026-10-06,11:15
SWA1253,KSLC,KMDW,1,2026-09-30,14:29
SWA1254,KDEN,KLAX,1,2026-10-03,15:11
SWA1254,KLAS,KRNO,1,2026-10-06,20:38
SWA1254,KONT,KLAS,1,2026-10-04,17:04
SWA1254,KRNO,KDEN,3,2026-10-05,22:39
SWA1254,KSTL,KBWI,1,2026-09-30,21:45
SWA1255,KCMH,KLAS,3,2026-10-06,00:47
SWA1255,KDAL,KSLC,1,2026-09-30,15:50
SWA1255,KOAK,KLAS,1,2026-10-03,19:29
SWA1256,KBWI,KMCO,1,2026-09-30,16:34
SWA1256,KLGA,KMSY,3,2026-10-06,20:53
SWA1256,KMHT,KBWI,1,2026-09-30,14:06
SWA1256,KPHX,KSAN,1,2026-10-04,03:10
SWA1257,KATL,KBNA,1,2026-10-03,15:25
SWA1257,KBOS,KBNA,1,2026-10-01,22:36
SWA1257,KBUR,KSJC,1,2026-10-04,20:11
SWA1257,KCMH,KMCO,3,2026-10-05,15:01
SWA1257,KSJC,KSEA,1,2026-10-04,22:07
SWA126,KDEN,KTUL,2,2026-10-06,17:50
SWA126,KLAS,KTUL,3,2026-10-05,15:37
SWA126,KMDW,KSTL,1,2026-09-30,22:09
SWA126,KRNO,KDEN,1,2026-10-04,13:01
SWA126,KTUL,KHOU,3,2026-10-05,18:47
SWA126,KTUL,KBNA,1,2026-10-06,19:15
SWA1260,KCMH,KMCO,1,2026-10-03,17:15
SWA1260,KDAL,KBWI,2,2026-10-01,22:51
SWA1260,KDAL,KCLE,1,2026-10-06,16:19
SWA1260,KDAL,KVPS,1,2026-10-04,14:31
SWA1260,KDEN,KTPA,3,2026-10-05,16:57
SWA1260,KOMA,KDAL,1,2026-10-04,11:48
SWA1260,KSTL,KCMH,1,2026-10-03,15:10
SWA1260,KVPS,KBWI,1,2026-10-04,16:55
SWA1261,KBUR,KSJC,1,2026-10-04,21:46
SWA1261,KBWI,KPHX,1,2026-10-06,15:24
SWA1261,KCMH,KMCO,3,2026-10-06,23:34
SWA1261,KDEN,KLGB,1,2026-09-30,01:36
SWA1261,KMDW,KCMH,3,2026-10-05,21:45
SWA1261,KPVD,KBWI,1,2026-10-06,13:20
SWA1261,KSJC,KRNO,1,2026-10-05,23:31
SWA1262,KCMH,KMCO,3,2026-10-06,01:40
SWA1262,KCMH,KMCI,1,2026-10-04,19:52
SWA1262,KLAS,KMSY,1,2026-09-30,15:00
SWA1263,KCMH,KMDW,4,2026-10-05,12:55
SWA1263,KLAS,KSNA,2,2026-10-01,03:53
SWA1263,KLAS,KPHX,1,2026-10-06,18:41
SWA1263,KLAX,KSTL,1,2026-10-03,18:05
SWA1263,KPHX,KOKC,1,2026-10-06,20:31
SWA1263,KRNO,KLAX,1,2026-10-03,15:39
SWA1264,KCMH,KMDW,1,2026-10-04,17:39
SWA1264,KMCO,KCMH,3,2026-10-05,13:44
SWA1264,KSJC,KSAN,1,2026-10-06,20:11
SWA1265,KBOS,KDAL,1,2026-10-03,19:33
SWA1265,KCMH,KMDW,1,2026-10-06,18:43
SWA1265,KCOS,KDEN,1,2026-09-30,19:28
SWA1265,KDAL,KCOS,1,2026-09-30,16:50
SWA1265,KGEG,KSAN,1,2026-10-04,19:09
SWA1265,KMCO,KCMH,1,2026-10-06,15:54
SWA1265,KOAK,KSNA,2,2026-10-06,01:42
SWA1265,KOAK,KPHX,1,2026-10-03,03:33
SWA1265,KSNA,KPHX,2,2026-10-06,04:14
SWA1266,KBUR,KRNO,1,2026-10-04,15:58
SWA1266,KLGB,KLAS,1,2026-09-30,21:11
SWA1266,KMDW,KBOS,3,2026-10-06,01:07
SWA1266,KPHX,KMDW,1,2026-10-04,22:57
SWA1267,KDAL,KDCA,2,2026-10-01,02:17
SWA1267,KDEN,KBUR,1,2026-10-03,21:08
SWA1267,KHOU,KDEN,1,2026-10-03,17:57
SWA1267,KLAX,KOAK,1,2026-10-05,08:14
SWA1267,KMCI,KLAX,3,2026-10-06,02:34
SWA1268,KCMH,KPHX,3,2026-10-06,21:55
SWA1268,KMCO,KRSW,1,2026-09-30,23:07
SWA1268,KOKC,KPHX,1,2026-10-03,20:58
SWA1269,KDAL,KDEN,1,2026-09-30,12:31
SWA1269,KDEN,KLGB,3,2026-10-06,02:26
SWA1269,KLGB,KSMF,1,2026-10-04,17:56
SWA1269,KMDW,KMCO,1,2026-10-06,20:53
SWA1269,KMKE,KTPA,1,2026-10-03,13:07
SWA127,KABQ,KHOU,5,2026-10-06,11:48
SWA127,KDEN,KPHX,2,2026-10-01,01:44
SWA127,KPIT,KMCO,1,2026-10-04,09:23
SWA1270,KBOS,KAUS,1,2026-09-30,19:04
SWA1270,KBUR,KBNA,1,2026-10-03,14:22
SWA1271,KCMH,KSAN,3,2026-10-05,15:02
SWA1271,KCMH,KMDW,1,2026-10-05,00:25
SWA1271,KDAL,KDEN,1,2026-10-01,00:16
SWA1272,KATL,KDEN,1,2026-10-06,10:46
SWA1272,KDAL,KDEN,1,2026-10-01,23:08
SWA1272,KLGB,KPHX,1,2026-10-03,16:57
SWA1272,KMIA,KDAL,1,2026-09-30,19:01
SWA1272,KONT,KSMF,4,2026-10-05,20:57
SWA1272,KPHX,KSLC,1,2026-10-03,18:58
SWA1272,KSMF,KSEA,1,2026-10-04,21:53
SWA1274,KDAL,KLAS,1,2026-10-04,17:27
SWA1274,KFLL,KMCO,1,2026-09-30,11:09
SWA1274,KMDW,KOMA,1,2026-10-06,20:42
SWA1274,KONT,KSMF,4,2026-10-05,19:07
SWA1274,KPHX,KONT,3,2026-10-05,17:17
SWA1275,KDEN,KAUS,1,2026-09-30,17:54
SWA1275,KIND,KMCO,1,2026-10-03,20:44
SWA1275,KSFO,KLAX,4,2026-10-06,17:40
SWA1276,KAUS,KLAX,3,2026-10-05,10:31
SWA1276,KGEG,KDEN,1,2026-10-06,21:20
SWA1276,KLAX,KSMF,2,2026-10-05,14:25
SWA1276,KMKE,KTPA,1,2026-10-04,11:10
SWA1276,KPDX,KLAS,2,2026-10-01,23:29
SWA1276,KRDU,KBWI,1,2026-10-03,14:36
SWA1276,KSMF,KGEG,3,2026-10-06,16:20
SWA1277,KBWI,KBDL,1,2026-10-03,14:57
SWA1277,KDAL,KABQ,1,2026-09-30,16:32
SWA1277,KMDW,KLAS,2,2026-10-03,22:24
SWA1277,KMDW,KLGA,1,2026-10-06,15:04
SWA1277,KPSP,KLAS,1,2026-10-05,03:43
SWA1277,KSMF,KPSP,1,2026-10-05,01:01
SWA1278,KCMH,KTPA,4,2026-10-06,02:17
SWA1278,KDAL,KATL,1,2026-09-30,17:29
SWA1279,KCOS,KDAL,3,2026-10-05,11:17
SWA1279,KDAL,KLGA,3,2026-10-05,13:58
SWA1279,KLAS,KDAL,1,2026-10-06,15:03
SWA1279,KMCI,KMCO,1,2026-10-03,16:03
SWA1279,KTPA,KCMH,1,2026-10-04,19:37
SWA128,KDJT,KBWI,1,2026-09-30,20:30
SWA128,KLAS,KSNA,1,2026-09-30,01:40
SWA128,KSLC,KLAS,1,2026-09-30,23:47
SWA1280,KCOS,KDEN,3,2026-10-06,00:01
SWA1280,KCOS,KDAL,1,2026-10-05,00:37
SWA1280,KDAL,KBHM,1,2026-10-05,02:49
SWA1280,KDAL,KMSY,1,2026-10-04,00:42
SWA1280,KDTW,KBNA,2,2026-10-01,23:22
SWA1280,KLAS,KDTW,1,2026-09-30,18:32
SWA1280,KPHX,KCOS,4,2026-10-05,21:03
SWA1280,KSMF,KPHX,3,2026-10-05,18:14
SWA1281,KDAL,KLGA,1,2026-10-06,13:31
SWA1281,KMDW,KSJC,1,2026-10-04,00:50
SWA1281,KPIT,KRSW,1,2026-10-04,10:13
SWA1281,KTPA,KBUF,3,2026-10-06,01:20
SWA1282,KMCI,KDEN,1,2026-09-30,12:36
SWA1282,KONT,KSJC,1,2026-10-04,12:54
SWA1282,KTPA,KFLL,4,2026-10-05,21:35
SWA1283,KATL,KPIT,3,2026-10-05,14:04
SWA1283,KDAL,KLAS,1,2026-10-06,15:47
SWA1283,KDCA,KMSY,1,2026-09-30,15:50
SWA1283,KLAS,KPSP,1,2026-10-04,15:37
SWA1283,KMKE,KDAL,1,2026-10-06,12:40
SWA1283,KMSY,KHOU,1,2026-09-30,19:13
SWA1283,KPIT,KBWI,3,2026-10-05,16:16
SWA1283,KPSP,KSMF,1,2026-10-04,17:03
SWA1284,KBWI,KCLE,1,2026-09-30,14:55
SWA1284,KCOS,KHOU,4,2026-10-06,17:40
SWA1284,KLGB,KBNA,1,2026-10-03,14:04
SWA1284,KSJC,KBUR,1,2026-10-05,01:22
SWA1285,KCOS,KLAS,5,2026-10-06,11:49
SWA1285,KLAS,KBUR,3,2026-10-05,14:21
SWA1285,KLAS,KBHM,2,2026-10-01,23:42
SWA1285,KLAS,KLGB,1,2026-10-06,15:28
SWA1285,KLGB,KOAK,1,2026-10-06,16:55
SWA1286,KBWI,KCLE,1,2026-10-04,01:48
SWA1286,KDAL,KLAS,1,2026-09-30,11:23
SWA1286,KLAS,KAUS,3,2026-10-05,12:07
SWA1286,KMDW,KBNA,1,2026-10-04,15:58
SWA1287,KCOS,KLAS,3,2026-10-06,03:00
SWA1287,KMDW,KCOS,1,2026-10-06,20:39
SWA1287,KPHX,KMCI,1,2026-09-30,19:07
SWA1287,KSTL,KVPS,1,2026-10-05,22:55
SWA1288,KABQ,KLAS,1,2026-10-04,20:30
SWA1288,KBWI,KBUF,1,2026-10-03,15:09
SWA1288,KCOS,KMDW,3,2026-10-05,20:24
SWA1288,KDEN,KLGA,1,2026-09-30,12:23
SWA1288,KLAS,KFAT,1,2026-10-05,23:16
SWA1289,KBWI,KPVD,1,2026-10-06,22:42
SWA1289,KLAS,KBUR,1,2026-10-04,16:47
SWA1289,KLAS,KPIT,1,2026-10-03,16:08
SWA1289,KPHX,KLAS,1,2026-10-04,14:56
SWA1289,KTUS,KPHX,1,2026-10-04,13:16
SWA129,KMCO,KIND,1,2026-09-30,17:06
SWA1290,KCOS,KPHX,4,2026-10-05,18:43
SWA1290,KDAL,KLAX,1,2026-09-30,13:08
SWA1290,KMDW,KCOS,1,2026-10-04,15:05
SWA1291,KBNA,KMCO,1,2026-09-30,16:40
SWA1291,KCOS,KPHX,1,2026-10-05,03:39
SWA1291,KCVG,KMDW,1,2026-10-03,13:18
SWA1291,KDAL,KBWI,3,2026-10-06,22:39
SWA1292,KBOS,KBNA,3,2026-10-06,00:59
SWA1292,KCOS,KPHX,1,2026-10-04,11:41
SWA1292,KDCA,KMDW,1,2026-10-06,19:12
SWA1292,KMDW,KMCI,1,2026-10-06,22:10
SWA1293,KBWI,KPVD,1,2026-10-03,15:24
SWA1293,KMSY,KDEN,1,2026-10-04,10:59
SWA1294,KATL,KDAL,1,2026-09-30,14:10
SWA1294,KAUS,KDEN,1,2026-10-04,22:03
SWA1294,KBNA,KLAS,1,2026-10-06,19:28
SWA1294,KBUR,KLAS,3,2026-10-05,15:41
SWA1294,KDCA,KATL,1,2026-09-30,11:33
SWA1294,KOMA,KBNA,1,2026-10-03,17:44
SWA1295,KBNA,KDTW,1,2026-10-06,18:33
SWA1295,KBWI,KBOS,3,2026-10-06,00:41
SWA1295,KBWI,KMCO,1,2026-10-04,18:58
SWA1295,KDTW,KBWI,4,2026-10-06,22:19
SWA1295,KMDW,KDTW,3,2026-10-05,20:34
SWA1295,KMDW,KDCA,1,2026-09-30,13:41
SWA1296,KCOS,KPHX,3,2026-10-06,03:32
SWA1296,KDAL,KLBB,2,2026-10-01,03:07
SWA1296,KHOU,KCOS,3,2026-10-06,01:02
SWA1296,KONT,KHOU,1,2026-10-03,19:24
SWA1297,KCVG,KBNA,4,2026-10-06,23:53
SWA1297,KDEN,KCVG,4,2026-10-06,20:40
SWA1297,KPHX,KSMF,2,2026-10-01,01:34
SWA1297,KPHX,KBWI,1,2026-10-03,13:04
SWA1298,KPHX,MMPR,2,2026-10-06,16:50
SWA1299,MMPR,KPHX,2,2026-10-06,21:04
SWA130,KABQ,KHOU,3,2026-10-05,18:27
SWA130,KBHM,KDAL,1,2026-10-03,18:00
SWA130,KDAL,KMCI,1,2026-10-03,20:29
SWA130,KDAL,KMDW,1,2026-09-30,11:07
SWA130,KLAS,KAUS,1,2026-10-04,16:06
SWA130,KMCI,KDEN,1,2026-10-04,23:03
SWA130,KMDW,KBHM,1,2026-10-03,15:28
SWA1300,KCVG,KBWI,5,2026-10-05,09:53
SWA1300,KDAL,KLGA,1,2026-09-30,11:38
SWA1300,KDAL,KMCO,1,2026-10-06,18:55
SWA1301,KCVG,KBWI,4,2026-10-06,22:30
SWA1301,KDAL,KLGA,1,2026-09-30,14:44
SWA1301,KMCO,KCVG,3,2026-10-05,18:53
SWA1301,KMCO,KHOU,1,2026-10-04,00:54
SWA1301,KSAN,KMDW,1,2026-10-04,20:17
SWA1303,KBNA,KCVG,1,2026-10-04,17:44
SWA1303,KCVG,KAUS,3,2026-10-05,14:47
SWA1303,KCVG,KDEN,1,2026-10-04,19:30
SWA1303,KCVG,KMCO,1,2026-10-03,15:32
SWA1303,KMDW,KCVG,4,2026-10-05,13:00
SWA1303,KPHX,KPDX,1,2026-09-30,16:58
SWA1304,KAUS,KDAL,1,2026-09-30,22:47
SWA1304,KCVG,KMDW,4,2026-10-06,12:54
SWA1304,KDAL,KLGA,1,2026-09-30,22:03
SWA1304,KDEN,KGRR,1,2026-10-03,19:13
SWA1304,KPHX,KAUS,1,2026-09-30,18:26
SWA1305,KDAL,KPHX,3,2026-10-06,01:17
SWA1305,KDAL,KLGA,2,2026-10-01,00:47
SWA1305,KDAL,KABQ,1,2026-10-06,18:06
SWA1305,KDCA,KDAL,3,2026-10-05,21:29
SWA1305,KDEN,KSTL,1,2026-10-05,01:41
SWA1306,KBNA,KSLC,1,2026-09-30,17:50
SWA1306,KDEN,KOMA,3,2026-10-05,16:58
SWA1306,KFLL,KMCI,1,2026-10-06,13:37
SWA1306,KLAS,KOMA,1,2026-10-04,15:48
SWA1306,KMCI,KDAL,1,2026-10-06,17:28
SWA1306,KOMA,KMDW,3,2026-10-05,18:50
SWA1306,KOMA,KLGA,1,2026-10-04,18:59
SWA1307,KLAS,KSAN,1,2026-10-04,01:00
SWA1307,KSAN,KTUS,3,2026-10-06,03:58
SWA1307,KSFO,KSAN,1,2026-10-05,02:52
SWA1307,KSJC,KSAN,2,2026-10-06,01:50
SWA1307,KSJC,KTUS,1,2026-10-03,03:03
SWA1308,KBWI,KROC,2,2026-10-06,20:57
SWA1308,KDAL,KLIT,1,2026-10-01,23:28
SWA1308,KMCO,KBWI,1,2026-10-06,17:55
SWA1308,KMCO,KDAL,1,2026-09-30,16:44
SWA1309,KABQ,KDAL,1,2026-10-01,23:10
SWA1309,KDAL,KABQ,4,2026-10-06,04:46
SWA1309,KDAL,KLIT,1,2026-10-01,01:54
SWA1309,KLAS,KAUS,1,2026-10-04,01:03
SWA131,KDEN,MMUN,3,2026-10-06,17:10
SWA1310,KBNA,KSTL,1,2026-09-30,21:28
SWA1310,KPHX,KSNA,1,2026-10-04,00:18
SWA1311,KAUS,KMCI,1,2026-09-30,12:18
SWA1311,KDAL,KLGA,1,2026-10-05,21:40
SWA1311,KDEN,KSAT,2,2026-10-05,17:10
SWA1311,KMSY,KSAT,1,2026-10-03,18:31
SWA1312,KATL,KSAT,1,2026-10-04,13:18
SWA1312,KLAS,KDAL,3,2026-10-06,00:56
SWA1312,KLGB,KDAL,1,2026-10-03,15:37
SWA1313,KAUS,KECP,1,2026-10-04,17:59
SWA1313,KBUR,KSFO,4,2026-10-06,00:12
SWA1313,KBWI,KSLC,1,2026-09-30,14:06
SWA1313,KECP,KBNA,1,2026-10-04,20:47
SWA1314,KCMH,KMCO,6,2026-10-06,09:28
SWA1315,KBOS,KBWI,1,2026-10-06,17:15
SWA1315,KDAL,KATL,1,2026-10-01,00:59
SWA1315,KLAX,KPHX,2,2026-10-04,12:56
SWA1315,KPHX,KPDX,3,2026-10-05,14:16
SWA1315,KPHX,KATL,1,2026-10-04,14:58
SWA1315,KSTL,KPHX,3,2026-10-05,10:09
SWA1316,KAUS,KLAX,2,2026-10-01,00:03
SWA1316,KDAL,KATL,3,2026-10-04,02:23
SWA1316,KDEN,KDAL,2,2026-10-06,23:53
SWA1316,KLAX,KSJC,2,2026-10-01,03:51
SWA1316,KMDW,KRIC,1,2026-10-04,12:42
SWA1316,KRIC,KMCO,1,2026-10-04,15:30
SWA1317,KAUS,KMEM,1,2026-10-04,20:03
SWA1317,KBNA,KFLL,1,2026-09-30,19:36
SWA1317,KMEM,KMDW,1,2026-10-04,22:24
SWA1318,KDAL,KAUS,5,2026-10-06,12:46
SWA1318,KDAL,KLAS,1,2026-10-04,14:01
SWA1318,KDAL,KMCO,1,2026-09-30,11:24
SWA1318,KMCI,KDAL,4,2026-10-05,10:27
SWA1319,KABQ,KDEN,1,2026-10-05,00:52
SWA1319,KBNA,KVPS,5,2026-10-06,13:21
SWA1319,KBUR,KABQ,1,2026-10-04,22:32
SWA1319,KDAL,KSAN,3,2026-10-05,19:07
SWA1319,KDAL,KMCO,1,2026-09-30,18:21
SWA1319,KMKE,KDAL,1,2026-09-30,15:16
SWA1319,KVPS,KDAL,4,2026-10-06,15:38
SWA132,KSTL,KLAS,2,2026-10-01,23:35
SWA1320,KDAL,KAUS,2,2026-10-05,21:34
SWA1320,KEUG,KDEN,1,2026-10-06,20:49
SWA1320,KLAX,PHNL,2,2026-10-01,01:54
SWA1320,KSBA,KSAN,1,2026-10-03,19:52
SWA1320,KSMF,KLAS,1,2026-10-04,13:20
SWA1320,KSMF,KSBA,1,2026-10-03,16:37
SWA1321,KDAL,KMSY,3,2026-10-06,01:16
SWA1321,KDAL,KAUS,1,2026-10-04,00:27
SWA1321,KDAL,KCMH,1,2026-09-30,21:04
SWA1321,KLBB,KDAL,4,2026-10-06,23:18
SWA1322,KDCA,KMCI,3,2026-10-06,23:49
SWA1322,KLAS,KSEA,1,2026-10-03,16:40
SWA1322,KLAX,KABQ,1,2026-10-05,00:58
SWA1322,KLAX,KSLC,1,2026-09-30,19:29
SWA1322,KMCI,KDEN,3,2026-10-06,03:09
SWA1323,KDAL,KMCO,2,2026-10-01,00:50
SWA1323,PHNL,KLAS,3,2026-10-06,07:17
SWA1324,KMKE,KMCO,5,2026-10-06,15:34
SWA1325,KCMH,KMCO,1,2026-10-04,14:04
SWA1325,KDAL,KBNA,1,2026-10-03,12:18
SWA1325,KDAL,KLAS,1,2026-10-06,13:14
SWA1325,KLBB,KDAL,3,2026-10-05,10:32
SWA1325,KMCO,KBUF,2,2026-10-01,23:26
SWA1326,KABQ,KDAL,1,2026-10-03,11:46
SWA1326,KDAL,KBNA,2,2026-10-04,17:52
SWA1326,KDAL,KMDW,1,2026-09-30,20:03
SWA1326,KDEN,KDAL,1,2026-10-04,15:11
SWA1326,KLAS,KDAL,2,2026-10-06,22:50
SWA1326,KLAS,KBHM,1,2026-10-02,22:27
SWA1327,KBNA,KDEN,6,2026-10-06,13:43
SWA1327,KDAL,KMDW,2,2026-10-01,23:14
SWA1328,KDAL,KBNA,3,2026-10-06,23:49
SWA1328,KDAL,KMCI,1,2026-09-30,18:13
SWA1329,KBNA,KVPS,2,2026-10-01,01:47
SWA1329,KCMH,KDEN,1,2026-10-04,10:29
SWA1329,KOAK,KGEG,1,2026-10-06,20:36
SWA1329,KSAN,KDEN,3,2026-10-06,23:17
SWA1329,KSJC,KLAS,1,2026-10-04,23:05
SWA133,KBWI,KDAL,1,2026-09-30,22:24
SWA133,KPHX,KSTL,5,2026-10-06,20:51
SWA1330,KDAL,KBNA,3,2026-10-06,03:59
SWA1330,KDAL,KBUR,1,2026-10-04,16:00
SWA1330,KLAS,KSFO,2,2026-10-01,03:33
SWA1331,KATL,KPHX,1,2026-10-03,11:58
SWA1331,KDAL,KBOS,1,2026-10-06,13:29
SWA1331,KDAL,KMSY,1,2026-09-30,12:51
SWA1331,KDCA,KMCI,1,2026-10-05,23:45
SWA1332,KATL,KBWI,1,2026-10-04,18:28
SWA1332,KATL,KMDW,1,2026-09-30,15:19
SWA1332,KBWI,KCLE,3,2026-10-05,14:59
SWA1332,KDAL,KBWI,5,2026-10-06,11:13
SWA1332,KMCO,KATL,1,2026-09-30,13:11
SWA1332,KSTL,KATL,1,2026-10-04,15:34
SWA1333,KBWI,KBDL,1,2026-10-03,18:23
SWA1333,KCOS,KPHX,1,2026-10-06,14:16
SWA1333,KDAL,KBWI,3,2026-10-05,13:43
SWA1333,KDAL,KMSY,1,2026-09-30,16:52
SWA1333,KPHX,KSNA,1,2026-10-06,17:06
SWA1333,KSNA,KSJC,1,2026-10-06,18:53
SWA1334,KDAL,KMDW,1,2026-10-06,15:08
SWA1334,KDAL,KMSY,1,2026-09-30,20:52
SWA1334,KDEN,KDAL,1,2026-10-06,12:21
SWA1334,KOKC,KDCA,2,2026-10-05,16:48
SWA1334,KORF,KMDW,1,2026-10-03,12:48
SWA1335,KDAL,KBWI,2,2026-10-06,21:06
SWA1335,KDAL,KMSY,2,2026-10-01,01:38
SWA1335,KIND,KAUS,1,2026-10-05,01:44
SWA1336,KAUS,KDEN,1,2026-10-06,21:54
SWA1336,KDAL,KMCO,2,2026-10-06,23:51
SWA1336,KDAL,KMSY,2,2026-10-01,02:38
SWA1336,KPHX,KDAL,3,2026-10-05,20:27
SWA1336,KSAN,KLAS,1,2026-10-04,23:34
SWA1337,KAUS,KMCO,1,2026-10-03,12:34
SWA1337,KLGA,KMSY,1,2026-10-05,21:06
SWA1338,KABQ,KDAL,4,2026-10-05,18:37
SWA1338,KDAL,KCLT,2,2026-10-05,20:45
SWA1338,KDAL,KMIA,1,2026-10-03,16:58
SWA1338,KMCI,KDAL,1,2026-10-03,14:36
SWA1338,KSAN,KABQ,3,2026-10-05,16:04
SWA1339,KCOS,KMDW,1,2026-10-04,17:43
SWA1339,KHOU,KMDW,1,2026-10-04,23:16
SWA1339,KMDW,KSTL,1,2026-10-04,20:58
SWA1339,KPVD,KTPA,4,2026-10-06,20:15
SWA1339,KSRQ,KBNA,1,2026-09-30,12:53
SWA134,KIND,KBWI,1,2026-09-30,20:24
SWA1340,KATL,KBWI,3,2026-10-06,23:22
SWA1340,KDAL,KATL,1,2026-10-03,19:16
SWA1340,KHOU,KATL,3,2026-10-05,20:44
SWA1340,KLAS,KSMF,1,2026-10-06,16:17
SWA1341,KBOI,KDEN,1,2026-10-06,21:31
SWA1341,KDAL,KCMH,3,2026-10-06,02:13
SWA1341,KONT,KPHX,1,2026-10-05,00:31
SWA1341,KPHX,KMKE,1,2026-10-05,02:15
SWA1341,KSAT,KMCO,1,2026-10-04,22:19
SWA1341,KSJC,KONT,1,2026-10-04,22:41
SWA1342,KHOU,KMCO,1,2026-10-03,21:20
SWA1342,KSFO,KBWI,4,2026-10-06,05:29
SWA1343,KPHX,KMDW,4,2026-10-05,15:34
SWA1343,KPHX,KLAS,1,2026-10-03,14:35
SWA1343,KTPA,KBUF,1,2026-09-30,10:25
SWA1344,KDAL,KDCA,1,2026-10-05,22:37
SWA1344,KDAL,KSNA,1,2026-09-30,18:26
SWA1344,KLAS,KSDF,1,2026-10-03,14:49
SWA1344,KSDF,KTPA,3,2026-10-05,21:59
SWA1345,KDAL,KPHX,1,2026-09-30,12:44
SWA1345,KSAN,KDAL,1,2026-10-03,14:42
SWA1345,KSLC,KLGB,1,2026-10-05,01:39
SWA1346,KBOS,KMDW,1,2026-10-03,13:51
SWA1346,KLGA,KDAL,1,2026-10-04,15:02
SWA1346,KMDW,KTPA,1,2026-10-03,17:12
SWA1346,KMSY,KDAL,1,2026-10-06,17:45
SWA1346,KPHX,KSMF,1,2026-09-30,19:43
SWA1347,KBWI,KPVD,1,2026-09-30,17:09
SWA1347,KDAL,KDCA,3,2026-10-06,00:28
SWA1347,KDEN,KMDW,1,2026-10-03,17:38
SWA1347,KLAS,KDAL,2,2026-10-05,21:14
SWA1347,KPVD,KMCO,1,2026-09-30,19:08
SWA1347,KTPA,KCMH,1,2026-10-05,01:55
SWA1348,KDAL,KDEN,6,2026-10-06,11:25
SWA1348,KDAL,KPHX,1,2026-09-30,14:31
SWA1349,KDAL,KDEN,3,2026-10-05,12:25
SWA1349,KMDW,KDAL,1,2026-10-06,11:01
SWA1349,KSAN,KSFO,2,2026-10-01,03:16
SWA135,KDEN,KONT,1,2026-10-01,03:31
SWA1350,KBWI,KDJT,1,2026-09-30,17:58
SWA1350,KDAL,KDEN,4,2026-10-06,14:23
SWA1350,KDJT,KMCO,1,2026-09-30,20:49
SWA1350,KMCO,KDAL,1,2026-10-04,10:40
SWA1350,KMDW,KDAL,1,2026-10-03,11:46
SWA1351,KBZN,KLAS,1,2026-10-06,12:43
SWA1351,KCLE,KBNA,1,2026-09-30,22:40
SWA1351,KDAL,KDEN,3,2026-10-05,21:46
SWA1352,KDAL,KDEN,5,2026-10-06,23:09
SWA1353,KDAL,KDEN,4,2026-10-06,01:13
SWA1353,KDAL,KRDU,1,2026-09-30,21:32
SWA1353,KLAS,KABQ,1,2026-10-03,17:33
SWA1353,KMDW,KSTL,1,2026-10-06,13:15
SWA1353,KSAT,KDAL,1,2026-09-30,19:07
SWA1354,KAUS,KDAL,1,2026-10-03,19:15
SWA1354,KLAS,KBNA,1,2026-10-06,19:24
SWA1355,KCOS,KLAS,1,2026-09-30,16:15
SWA1355,KDEN,KCLE,1,2026-10-06,17:40
SWA1355,KDEN,KHOU,1,2026-10-04,14:01
SWA1355,KIND,KPHX,1,2026-10-03,11:53
SWA1355,KSLC,KLGB,3,2026-10-05,13:31
SWA1356,KDAL,KSAN,2,2026-10-01,00:48
SWA1356,KDAL,KOMA,1,2026-10-06,18:49
SWA1356,KLAS,KRDU,1,2026-10-03,16:02
SWA1356,KMDW,KDAL,1,2026-09-30,21:15
SWA1356,KOMA,KMDW,1,2026-10-06,21:13
SWA1357,KABQ,KBUR,1,2026-10-04,17:51
SWA1357,KATL,KDCA,3,2026-10-05,15:54
SWA1358,KATL,KDCA,6,2026-10-06,20:46
SWA1358,KDAL,KCLT,1,2026-09-30,20:33
SWA1359,KBWI,KDTW,1,2026-09-30,14:56
SWA1359,KDEN,KSAN,1,2026-10-05,01:42
SWA1359,KDTW,KMDW,1,2026-09-30,17:11
SWA136,KABQ,KLAS,6,2026-10-06,12:12
SWA136,KLAS,KHOU,1,2026-09-30,15:57
SWA136,KSNA,KLAS,1,2026-09-30,14:09
SWA1360,KDAL,KDCA,1,2026-10-05,01:27
SWA1360,KDAL,KSLC,1,2026-10-03,21:25
SWA1360,KOKC,KDAL,1,2026-10-05,23:35
SWA1360,KSTL,KDAL,1,2026-10-03,19:03
SWA1361,KATL,KDCA,1,2026-10-04,21:23
SWA1361,KDAL,KSAT,1,2026-10-01,02:24
SWA1361,KDEN,KOAK,1,2026-10-06,17:27
SWA1361,KRNO,KLAS,1,2026-10-03,13:48
SWA1361,KSEA,KDAL,2,2026-10-01,21:32
SWA1361,KSTL,KDAL,3,2026-10-06,02:50
SWA1362,KATL,KPIT,1,2026-10-04,13:19
SWA1362,KBNA,KPIT,1,2026-10-03,19:21
SWA1362,KDEN,KMCI,3,2026-10-05,14:26
SWA1362,KLGB,KPHX,1,2026-09-30,22:52
SWA1362,KRDU,KBWI,1,2026-10-06,22:51
SWA1362,KTPA,KRDU,1,2026-10-06,20:32
SWA1363,KDAL,KBNA,1,2026-10-06,12:32
SWA1363,KDAL,KMAF,1,2026-10-01,01:01
SWA1363,KFLL,KTPA,1,2026-10-04,14:21
SWA1363,KMSY,KFLL,1,2026-10-04,11:40
SWA1363,KTPA,KAUS,1,2026-10-04,16:45
SWA1364,KBDL,KTPA,4,2026-10-06,11:30
SWA1364,KBWI,KSRQ,1,2026-09-30,17:39
SWA1364,KSLC,KPHX,1,2026-10-04,00:10
SWA1365,KBWI,KROC,1,2026-09-30,15:24
SWA1365,KDAL,KLAS,6,2026-10-06,11:34
SWA1365,KROC,KMCO,1,2026-09-30,17:31
SWA1368,KBOS,KBNA,1,2026-10-03,17:06
SWA1368,KDAL,KLAS,3,2026-10-05,12:55
SWA1368,KLAX,KHOU,1,2026-10-04,15:35
SWA1368,KSMF,KLAX,1,2026-10-04,13:06
SWA1369,KDAL,KLAS,4,2026-10-06,19:46
SWA1369,KONT,KBNA,1,2026-09-30,14:41
SWA137,KGEG,KLAS,1,2026-10-06,14:41
SWA137,KLAS,PHNL,1,2026-10-03,15:46
SWA137,KMSP,KAUS,1,2026-09-30,15:51
SWA137,KPIT,KDAL,1,2026-10-04,17:32
SWA137,KSFO,KDEN,3,2026-10-05,23:05
SWA1370,KATL,KTPA,1,2026-09-30,22:22
SWA1370,KDAL,KLAS,2,2026-10-06,19:53
SWA1370,KDAL,KSAT,1,2026-10-04,00:46
SWA1370,KSTL,KATL,1,2026-09-30,20:06
SWA1371,KABQ,KLAX,1,2026-09-30,18:28
SWA1371,KBUR,KOAK,5,2026-10-06,22:44
SWA1371,KOAK,KSEA,1,2026-10-04,00:42
SWA1372,KDAL,KLAS,1,2026-10-05,04:01
SWA1373,KAUS,KDAL,1,2026-10-03,10:39
SWA1373,KDAL,KLAX,4,2026-10-06,11:17
SWA1373,KDAL,KSTL,1,2026-09-30,12:55
SWA1374,KSAV,KMDW,1,2026-09-30,17:37
SWA1374,KSTL,KDEN,3,2026-10-06,22:17
SWA1375,KBOS,KBWI,1,2026-10-05,03:23
SWA1375,KBWI,KSAN,1,2026-10-03,16:04
SWA1375,KCMH,KRSW,1,2026-10-06,19:55
SWA1375,KDAL,KLAS,3,2026-10-05,17:36
SWA1375,KDAL,KSTL,1,2026-09-30,21:37
SWA1375,KDEN,KBOS,1,2026-10-05,23:10
SWA1375,KRDU,KDAL,3,2026-10-05,14:03
SWA1376,KATL,KDCA,1,2026-09-30,20:09
SWA1376,KCMH,KSRQ,3,2026-10-05,19:39
SWA1376,KDAL,KSTL,1,2026-10-04,01:07
SWA1376,KMCO,KDAL,1,2026-10-03,21:36
SWA1376,KSRQ,KMCO,3,2026-10-05,22:31
SWA1377,KCMH,KTPA,6,2026-10-06,09:26
SWA1377,KMDW,KPHL,1,2026-09-30,18:20
SWA1378,KDAL,KTYS,1,2026-09-30,16:38
SWA1378,KHOU,KAUS,1,2026-10-03,13:33
SWA1378,KHOU,KLGA,1,2026-10-04,12:09
SWA1378,KLAX,KSLC,3,2026-10-05,15:45
SWA1378,KSLC,KDEN,3,2026-10-05,18:14
SWA1379,KDCA,KHOU,1,2026-09-30,17:43
SWA1379,KLGB,PHNL,6,2026-10-06,15:07
SWA138,KABQ,KLAS,1,2026-10-03,20:08
SWA138,KDAL,KPHX,1,2026-10-04,16:15
SWA138,KDEN,KSNA,3,2026-10-06,03:08
SWA138,KLAS,KHOU,1,2026-09-30,13:38
SWA138,KMSP,KDEN,1,2026-10-06,17:39
SWA138,KSTL,KDAL,1,2026-10-04,13:43
SWA1381,KCHS,KMDW,1,2026-10-04,11:16
SWA1381,KLAX,KMDW,1,2026-10-06,18:46
SWA1381,KLGB,KSLC,4,2026-10-05,16:11
SWA1381,KMDW,KHOU,1,2026-10-04,14:06
SWA1381,KSLC,KBNA,3,2026-10-05,18:31
SWA1382,KDAL,KLBB,4,2026-10-06,04:30
SWA1382,KLAS,KLAX,2,2026-10-01,00:54
SWA1382,KSAN,KDAL,2,2026-10-06,01:29
SWA1382,KSAN,KLBB,1,2026-10-02,00:07
SWA1383,KBOS,KMDW,1,2026-10-05,04:01
SWA1383,KDAL,KSAT,1,2026-10-06,22:01
SWA1383,KDEN,KPHX,1,2026-10-03,14:16
SWA1383,KMCI,KBNA,1,2026-09-30,18:35
SWA1383,KMKE,KDEN,1,2026-10-03,10:47
SWA1383,KPHX,KSJC,1,2026-10-03,16:54
SWA1384,KDAL,KMSY,1,2026-10-06,15:57
SWA1384,KSEA,KDEN,1,2026-09-30,20:35
SWA1384,KSTL,KDAL,1,2026-10-06,13:38
SWA1384,KSTL,KLAX,1,2026-10-03,19:00
SWA1385,KDAL,KLGA,1,2026-10-04,16:40
SWA1385,KDAL,KMSY,1,2026-10-03,19:19
SWA1385,KDAL,KSDF,1,2026-10-06,17:29
SWA1385,KPDX,KPHX,1,2026-09-30,14:22
SWA1385,KSAN,KDAL,1,2026-10-06,13:51
SWA1385,KSDF,KBWI,1,2026-10-06,19:55
SWA1386,KDEN,KSJC,2,2026-10-05,02:26
SWA1386,KPHX,KHOU,2,2026-10-01,01:09
SWA1386,KSJC,KSEA,3,2026-10-06,04:17
SWA1386,KSNA,KSJC,3,2026-10-06,02:34
SWA1387,KDAL,KLGA,1,2026-10-04,23:02
SWA1387,KDAL,KMCO,1,2026-10-05,02:08
SWA1387,KLAS,KDAL,1,2026-10-05,22:22
SWA1387,KMCO,KDAL,1,2026-09-30,19:05
SWA1387,KPHX,KSJC,3,2026-10-05,14:53
SWA1388,KBHM,KDAL,1,2026-10-06,21:34
SWA1388,KDAL,KLIT,3,2026-10-05,15:15
SWA1388,KDCA,KBNA,1,2026-09-30,10:23
SWA1388,KDEN,KDAL,3,2026-10-05,12:04
SWA1388,KDEN,KLIT,1,2026-10-02,12:05
SWA1389,KBNA,KDCA,1,2026-10-05,00:55
SWA1389,KDAL,KBNA,2,2026-10-05,17:42
SWA1389,KDAL,KLIT,1,2026-10-04,20:40
SWA1389,KLAS,KLIT,1,2026-10-03,17:16
SWA1389,KLIT,KBNA,2,2026-10-04,22:31
SWA1389,KOAK,KDAL,2,2026-10-05,13:19
SWA1389,KOAK,KBNA,1,2026-10-01,13:17
SWA1389,KSMF,KLAS,1,2026-10-03,14:46
SWA1389,KSNA,KOAK,1,2026-10-06,14:07
SWA139,KHOU,KJAN,3,2026-10-05,15:24
SWA139,KJAN,KBNA,3,2026-10-05,17:18
SWA139,KMDW,KSDF,1,2026-10-03,21:23
SWA139,KPHX,KSMF,1,2026-10-04,15:05
SWA1390,KBNA,KLGB,2,2026-10-01,23:32
SWA1390,KBUR,KBOI,1,2026-10-05,23:53
SWA1390,KDCA,KBNA,1,2026-09-30,20:10
SWA1390,KTPA,KIND,5,2026-10-06,09:14
SWA1391,KBWI,KRDU,2,2026-10-01,00:28
SWA1393,KATL,KMSY,3,2026-10-05,21:21
SWA1393,KDEN,KPHL,1,2026-10-03,17:43
SWA1393,KLGB,KLAS,1,2026-10-06,14:02
SWA1393,KLGB,KSJC,1,2026-10-04,14:53
SWA1393,KPHL,KMCO,1,2026-10-03,21:45
SWA1393,KPHX,KSMF,2,2026-10-01,03:24
SWA1394,KDAL,KMAF,2,2026-10-05,17:32
SWA1394,KDAL,KPHX,1,2026-10-03,16:15
SWA1394,KHOU,KMAF,1,2026-10-04,17:07
SWA1394,KMAF,KLAS,1,2026-10-04,19:06
SWA1394,KSEA,KPHX,2,2026-10-01,22:06
SWA1395,KDAL,KMAF,2,2026-10-05,21:44
SWA1395,KHOU,KMSY,1,2026-10-04,23:15
SWA1395,KLAX,KMCI,1,2026-09-30,15:29
SWA1395,KLIT,KDAL,1,2026-10-06,21:50
SWA1396,KDAL,KMAF,4,2026-10-06,04:09
SWA1396,KLAS,KDAL,1,2026-10-04,00:57
SWA1396,KSEA,KMDW,1,2026-09-30,12:42
SWA1397,KBDL,KBNA,1,2026-09-30,20:59
SWA1397,KBHM,KMDW,1,2026-10-05,23:31
SWA1397,KDAL,KDEN,3,2026-10-06,04:45
SWA1397,KDAL,KBHM,1,2026-10-04,21:03
SWA1397,KMCO,KALB,1,2026-10-04,01:19
SWA1397,KMDW,KPIT,1,2026-10-05,01:43
SWA1397,KTPA,KDAL,3,2026-10-06,00:40
SWA1399,KATL,KDAL,1,2026-10-03,11:02
SWA1399,KBUF,KMCO,1,2026-10-06,18:14
SWA1399,KBWI,KBUF,1,2026-10-06,15:27
SWA1399,KDAL,KMCI,1,2026-10-03,13:38
SWA14,KCRP,KHOU,1,2026-09-30,13:32
SWA14,KDAL,KMCO,1,2026-10-06,16:31
SWA14,KHOU,KDAL,2,2026-10-06,15:12
SWA140,KAUS,KIND,3,2026-10-05,21:17
SWA140,KLAS,KSMF,1,2026-09-30,21:21
SWA140,KPHX,KMDW,1,2026-10-04,02:09
SWA140,KSTL,KHOU,1,2026-10-05,03:59
SWA1400,KDAL,KSTL,2,2026-10-01,02:05
SWA1400,KLAS,KPHX,4,2026-10-06,18:24
SWA1400,KMCI,KRSW,1,2026-10-04,19:10
SWA1401,KDAL,KMCI,2,2026-10-05,21:39
SWA1401,KHOU,KMCO,1,2026-09-30,16:37
SWA1401,KLAS,KSAN,1,2026-10-03,19:47
SWA1401,KLBB,KDAL,1,2026-10-04,19:45
SWA1401,KRNO,KLAS,1,2026-10-03,16:47
SWA1401,KSAN,KOAK,1,2026-10-03,22:29
SWA1402,KDAL,KMCI,4,2026-10-06,01:38
SWA1402,KDCA,KLAS,2,2026-10-01,21:53
SWA1402,KFLL,KBWI,1,2026-10-03,15:03
SWA1402,KLAS,KSMF,2,2026-10-01,03:51
SWA1402,KSAN,KDAL,1,2026-10-04,20:48
SWA1403,KLAS,KSAN,3,2026-10-05,15:06
SWA1403,KMCO,KBWI,1,2026-10-04,20:39
SWA1403,KMCO,KMHT,1,2026-10-04,00:47
SWA1404,KDAL,KMCO,5,2026-10-06,11:26
SWA1404,KLAS,KFAT,1,2026-09-30,20:33
SWA1405,KCLT,KSTL,1,2026-10-06,16:10
SWA1405,KDAL,KMCO,1,2026-10-03,13:36
SWA1405,KDEN,KSAN,1,2026-09-30,19:57
SWA1405,KLAS,KMDW,1,2026-10-04,12:18
SWA1405,KMDW,KPHL,1,2026-10-04,16:32
SWA1405,KSTL,KDEN,1,2026-10-06,18:35
SWA1406,KBWI,KDEN,4,2026-10-06,21:50
SWA1406,KCLE,KDEN,1,2026-10-06,19:18
SWA1406,KGSP,KBNA,1,2026-09-30,21:41
SWA1406,KLAS,KOKC,1,2026-10-04,03:45
SWA1407,KDAL,KMCO,5,2026-10-05,18:39
SWA1407,KLBB,KDAL,1,2026-10-04,15:07
SWA1407,KOAK,KLAS,1,2026-10-06,14:30
SWA1407,KSJC,KLAS,2,2026-10-01,02:47
SWA1408,KDAL,KMDW,1,2026-10-06,20:34
SWA1408,KDEN,KDAL,5,2026-10-06,17:55
SWA1408,KHOU,KMAF,1,2026-09-30,20:08
SWA1408,KPHX,KDEN,1,2026-10-04,16:19
SWA1409,KBOI,KOAK,2,2026-10-04,19:36
SWA1409,KDCA,KMDW,1,2026-09-30,10:12
SWA1409,KLAS,KSTL,2,2026-10-05,16:40
SWA1409,KMDW,KBNA,1,2026-09-30,12:43
SWA1409,KOAK,KLGB,1,2026-10-04,21:45
SWA141,KBUF,KMCO,1,2026-09-30,18:40
SWA141,KDEN,KONT,1,2026-09-30,03:07
SWA1410,KBUR,KSTS,2,2026-10-06,20:02
SWA1410,KMDW,KAUS,1,2026-09-30,19:06
SWA1410,KMDW,KDAL,1,2026-10-05,00:40
SWA1411,KDAL,KMDW,5,2026-10-06,11:25
SWA1411,KDCA,KMDW,1,2026-09-30,21:32
SWA1411,KMDW,KFLL,3,2026-10-05,14:26
SWA1411,KMDW,KOMA,1,2026-10-04,22:32
SWA1411,KOMA,KDEN,1,2026-10-05,00:36
SWA1412,KDAL,KMDW,1,2026-10-04,17:42
SWA1412,KSAT,KLAS,1,2026-09-30,18:50
SWA1412,KTPA,KDAL,2,2026-10-05,11:29
SWA1412,KTPA,KBNA,1,2026-10-01,10:27
SWA1412,KTPA,KBWI,1,2026-10-06,12:25
SWA1413,KDCA,KMDW,2,2026-10-01,23:17
SWA1413,KFLL,KIND,4,2026-10-06,20:55
SWA1413,KMCO,KBUF,1,2026-10-06,17:51
SWA1413,KMDW,KOAK,2,2026-10-01,02:12
SWA1414,KATL,KMCO,1,2026-10-06,16:05
SWA1414,KDAL,KMDW,2,2026-10-05,23:12
SWA1414,KHOU,KATL,1,2026-10-06,13:30
SWA1414,KLAS,KSNA,1,2026-09-30,19:25
SWA1414,KMDW,KCHS,1,2026-10-05,01:52
SWA1414,KRNO,KLAS,1,2026-09-30,17:26
SWA1415,KDAL,KMDW,2,2026-10-06,00:42
SWA1415,KMDW,KPIT,1,2026-10-06,18:12
SWA1415,KPIT,KTPA,1,2026-10-06,20:04
SWA1415,KSAT,KTPA,1,2026-09-30,20:32
SWA1415,KSMF,KLGB,1,2026-10-04,19:40
SWA1416,KBUR,KAUS,1,2026-09-30,14:24
SWA1416,KDAL,KMDW,2,2026-10-06,04:35
SWA1416,KONT,KBNA,1,2026-10-03,18:39
SWA1416,KSNA,KDEN,1,2026-10-06,18:15
SWA1417,KBZN,KDEN,1,2026-10-06,21:05
SWA1417,KDAL,KMEM,2,2026-10-05,17:44
SWA1417,KDEN,KSFO,1,2026-10-04,01:50
SWA1417,KLGB,KDAL,2,2026-10-05,14:02
SWA1417,KMEM,KBWI,2,2026-10-05,19:55
SWA1417,KPHX,KBWI,1,2026-09-30,13:58
SWA1417,KSMF,KPSP,1,2026-10-04,14:55
SWA1418,KCMH,KMDW,1,2026-10-03,19:27
SWA1418,KDAL,KBHM,2,2026-10-06,02:24
SWA1418,KDAL,KSTL,1,2026-10-05,02:33
SWA1418,KHOU,KPIT,1,2026-10-01,23:45
SWA1418,KLAS,KDAL,1,2026-10-06,20:37
SWA1418,KMCO,KCMH,1,2026-10-03,16:46
SWA1419,KDEN,KMKE,1,2026-10-06,17:18
SWA1419,KOAK,KSAN,2,2026-10-01,23:44
SWA1419,KPHX,KSLC,1,2026-10-03,16:50
SWA1419,KTPA,KIND,1,2026-10-04,09:39
SWA142,KDEN,KLGB,1,2026-10-06,15:15
SWA142,KDEN,KMSP,1,2026-09-30,20:21
SWA142,KLAX,KOAK,1,2026-10-03,13:02
SWA142,KMCO,KBWI,3,2026-10-05,14:36
SWA142,KTPA,KAUS,1,2026-10-05,23:06
SWA1420,KDAL,KMSY,3,2026-10-05,12:57
SWA1420,KPHX,KBOI,2,2026-10-01,03:26
SWA1421,KRSW,KBNA,1,2026-09-30,18:49
SWA1422,KDAL,KMSY,2,2026-10-06,21:44
SWA1422,KSAN,KOAK,1,2026-09-30,14:43
SWA1423,KCVG,KBNA,1,2026-10-04,20:31
SWA1423,KDAL,KMSY,2,2026-10-05,22:03
SWA1423,KDAL,KLAX,1,2026-10-04,00:09
SWA1423,KMCO,KCVG,1,2026-10-04,17:41
SWA1423,KPHL,KDAL,1,2026-10-03,19:59
SWA1423,KRNO,KLAS,1,2026-09-30,19:36
SWA1424,KDAL,KMSY,4,2026-10-06,04:39
SWA1424,KSAN,KABQ,2,2026-10-01,01:58
SWA1424,KSMF,KLAS,1,2026-10-04,23:38
SWA1425,KDEN,KCLE,5,2026-10-06,01:30
SWA1425,KSNA,KDEN,1,2026-09-30,14:12
SWA1426,KDAL,KSLC,3,2026-10-05,15:53
SWA1426,KDCA,KMDW,1,2026-10-03,17:05
SWA1426,KMDW,KDAL,4,2026-10-05,13:41
SWA1426,KMDW,KOKC,1,2026-10-01,12:25
SWA1426,KOKC,KDAL,1,2026-10-01,16:54
SWA1426,KPHL,KMDW,1,2026-10-04,10:51
SWA1427,KSAN,KOAK,1,2026-09-30,19:42
SWA1427,KTUS,KSAN,1,2026-09-30,17:45
SWA1427,PHNL,KLAX,5,2026-10-06,07:35
SWA1428,KDEN,KMDW,1,2026-09-30,17:29
SWA1428,KMSY,KPHX,1,2026-10-06,11:49
SWA1429,KABQ,KDEN,1,2026-10-04,20:07
SWA1429,KDAL,KABQ,1,2026-10-04,17:51
SWA1429,KDAL,KSAT,1,2026-10-06,18:38
SWA1429,KMCO,KDAL,1,2026-10-04,14:35
SWA1429,KMCO,KMDW,1,2026-10-01,23:26
SWA143,KBHM,KPHX,3,2026-10-05,15:51
SWA143,KDEN,KOMA,1,2026-10-04,16:48
SWA143,KHOU,KBNA,1,2026-09-30,21:09
SWA143,KMCO,KBHM,3,2026-10-05,13:39
SWA143,KMDW,KCMH,1,2026-10-04,20:54
SWA143,KOMA,KMDW,1,2026-10-04,18:44
SWA143,KSAN,KOAK,1,2026-10-04,00:39
SWA1430,KRSW,KBNA,1,2026-10-03,15:35
SWA1430,KSLC,KDAL,2,2026-10-05,11:28
SWA1430,KSLC,KLBB,1,2026-10-01,11:21
SWA1431,KIND,KFLL,1,2026-10-03,11:00
SWA1431,KLAS,KSBA,1,2026-09-30,18:49
SWA1431,KMDW,KAUS,1,2026-10-04,10:35
SWA1431,KPHX,KMCO,3,2026-10-05,15:18
SWA1432,KMDW,KTPA,1,2026-09-30,17:52
SWA1432,PHNL,PHOG,3,2026-10-04,06:38
SWA1433,KDAL,KPHX,6,2026-10-06,11:32
SWA1434,KCMH,KSRQ,1,2026-10-04,21:02
SWA1434,KDAL,KPHX,2,2026-10-05,13:46
SWA1434,KMDW,KTUL,2,2026-10-01,02:37
SWA1434,KPHX,KSAN,3,2026-10-05,17:34
SWA1434,KPHX,KDEN,1,2026-10-06,16:39
SWA1435,KDAL,KPHX,3,2026-10-05,17:12
SWA1435,KDAL,KOAK,1,2026-10-04,16:38
SWA1435,KDEN,KSTS,1,2026-10-03,15:10
SWA1435,KOAK,KPDX,1,2026-10-04,21:03
SWA1435,KPHX,KSLC,1,2026-10-06,21:49
SWA1435,KSAN,KDEN,1,2026-09-30,20:56
SWA1435,KSAT,KDAL,1,2026-10-04,14:38
SWA1435,KSFO,KSAN,1,2026-09-30,18:27
SWA1436,KDAL,KPHX,4,2026-10-06,19:13
SWA1436,KDCA,KDAL,1,2026-10-06,13:33
SWA1436,KMDW,KLAS,1,2026-10-05,00:00
SWA1436,KPHX,KBUR,2,2026-10-06,22:58
SWA1437,KBOI,KSMF,1,2026-10-04,12:19
SWA1437,KDAL,KPHX,3,2026-10-06,23:29
SWA1437,KDEN,KMSP,1,2026-09-30,16:12
SWA1437,KMDW,KABQ,1,2026-10-06,15:13
SWA1438,KAUS,KDAL,2,2026-10-06,00:21
SWA1438,KAUS,KBUR,1,2026-10-02,03:56
SWA1438,KDAL,KPHX,1,2026-10-04,01:21
SWA1438,KLBB,KAUS,1,2026-10-04,23:01
SWA1439,KABQ,KAUS,1,2026-09-30,20:01
SWA1439,KAUS,KMCO,1,2026-10-01,01:07
SWA1439,KDAL,KPHX,3,2026-10-06,02:46
SWA1439,KMIA,KDAL,2,2026-10-06,23:11
SWA1439,KMIA,KPHX,1,2026-10-02,23:24
SWA1439,KPHX,KTUS,3,2026-10-06,05:49
SWA1439,KSTL,KPHX,1,2026-10-03,12:37
SWA1440,KBNA,KDAL,3,2026-10-06,01:56
SWA1440,KDAL,KPHX,3,2026-10-06,04:28
SWA1440,KDEN,KAUS,1,2026-09-30,21:39
SWA1440,KMSY,KMCO,1,2026-10-03,13:25
SWA1441,KBWI,KATL,1,2026-09-30,19:10
SWA1441,KIND,KRSW,3,2026-10-06,01:17
SWA1441,KPIT,KBWI,1,2026-10-06,21:53
SWA1441,KVPS,KBNA,1,2026-10-03,18:21
SWA1442,KDAL,KPNS,2,2026-10-03,21:16
SWA1442,KDEN,KDAL,1,2026-10-03,11:34
SWA1442,KPHX,KSAN,1,2026-10-04,15:34
SWA1442,KPNS,KBNA,3,2026-10-06,23:26
SWA1444,KALB,KBWI,1,2026-09-30,12:49
SWA1444,KBWI,KMCI,5,2026-10-06,17:33
SWA1444,KDAL,KRDU,1,2026-10-04,20:48
SWA1444,KHOU,KMDW,3,2026-10-05,10:15
SWA1444,KMDW,KRDU,3,2026-10-05,13:22
SWA1444,KRDU,KBWI,3,2026-10-05,15:40
SWA1445,KDAL,KSAN,4,2026-10-06,11:29
SWA1445,KDEN,KAUS,2,2026-10-01,02:28
SWA1446,KAUS,KCVG,1,2026-09-30,18:30
SWA1446,KCVG,KBNA,1,2026-09-30,21:35
SWA1447,KONT,KOAK,1,2026-09-30,13:02
SWA1448,KATL,KBWI,1,2026-09-30,21:30
SWA1448,KDAL,KSAN,1,2026-10-05,00:18
SWA1448,KMIA,KDAL,1,2026-10-03,19:54
SWA1450,KALB,KBWI,1,2026-10-03,16:51
SWA1450,KBUF,KMCO,1,2026-10-05,01:21
SWA1450,KBWI,KBOS,1,2026-09-30,15:23
SWA1450,KBWI,KBUF,1,2026-10-05,23:32
SWA1450,KLGB,KSLC,3,2026-10-06,01:35
SWA1450,KPHX,KBWI,1,2026-10-04,18:31
SWA1450,KSAT,KLAS,1,2026-10-06,19:45
SWA1450,KSJC,KLGB,3,2026-10-06,23:46
SWA1451,KBDL,KBWI,1,2026-09-30,12:16
SWA1451,KDAL,KSAT,5,2026-10-06,11:07
SWA1451,KSAT,KSTL,3,2026-10-05,12:45
SWA1452,KBNA,KALB,1,2026-10-03,19:03
SWA1452,KMSY,KFLL,1,2026-10-06,19:39
SWA1452,KPHX,KSTL,3,2026-10-05,14:56
SWA1452,KSAN,KDEN,1,2026-10-04,19:46
SWA1453,KBNA,KPHX,1,2026-10-06,15:19
SWA1453,KDEN,KBNA,1,2026-09-30,17:50
SWA1454,KBHM,KDEN,1,2026-10-06,10:51
SWA1454,KDAL,KSJC,1,2026-10-05,03:44
SWA1454,KDEN,KBNA,1,2026-09-30,20:48
SWA1454,KIND,KDAL,1,2026-10-05,00:58
SWA1454,KPHX,KSAT,1,2026-10-03,18:00
SWA1454,KSAT,KHOU,1,2026-10-03,20:44
SWA1456,KDAL,KMAF,1,2026-10-06,15:13
SWA1456,KMAF,KLAS,1,2026-10-06,16:50
SWA1456,KMDW,KMSP,1,2026-09-30,20:06
SWA1456,KSAT,KSAN,3,2026-10-06,02:36
SWA1456,KSRQ,KBNA,1,2026-10-03,19:24
SWA1457,KCLE,KLAS,1,2026-10-04,21:27
SWA1457,KDAL,KSAT,3,2026-10-06,01:43
SWA1457,KDCA,KDAL,1,2026-10-06,21:11
SWA1457,KORF,KBNA,1,2026-09-30,17:06
SWA1458,KBNA,KAUS,1,2026-10-04,01:42
SWA1458,KDAL,KSAT,3,2026-10-06,03:19
SWA1459,KDAL,KSAV,3,2026-10-05,22:46
SWA1459,KDCA,KMDW,1,2026-10-03,10:57
SWA1459,KTPA,KLAS,1,2026-10-06,10:15
SWA146,KBNA,KBDL,4,2026-10-06,20:32
SWA146,KMDW,KAUS,1,2026-10-04,15:47
SWA146,KPWM,KBWI,1,2026-09-30,17:12
SWA1460,KBWI,KDAL,1,2026-10-06,16:52
SWA1460,KDAL,KSDF,3,2026-10-06,20:02
SWA1460,KDAL,KMSY,1,2026-10-03,15:38
SWA1461,KDEN,KBOI,2,2026-10-01,03:45
SWA1461,KDEN,KABQ,1,2026-10-06,15:17
SWA1461,KONT,PHNL,4,2026-10-05,15:05
SWA1462,KDAL,KSFO,5,2026-10-05,12:52
SWA1462,KDAL,KAUS,1,2026-09-30,18:37
SWA1462,KDEN,KBOS,1,2026-10-06,14:19
SWA1462,KLAX,KDAL,1,2026-09-30,13:28
SWA1463,KBNA,KBWI,1,2026-09-30,11:45
SWA1463,KLGB,KLAS,1,2026-10-03,20:20
SWA1463,KPHX,KDEN,1,2026-10-05,05:58
SWA1463,KRNO,KLGB,4,2026-10-06,14:07
SWA1464,KECP,KBNA,1,2026-10-03,17:47
SWA1464,KHOU,KECP,1,2026-10-03,15:38
SWA1464,KLAS,KOAK,1,2026-10-06,15:03
SWA1464,KLGB,KPDX,1,2026-10-05,23:21
SWA1464,KSRQ,KIND,1,2026-10-02,22:24
SWA1465,KDCA,KDAL,1,2026-10-03,15:06
SWA1465,KDEN,KBUR,1,2026-09-30,20:04
SWA1466,KBUF,KBWI,1,2026-10-03,16:40
SWA1466,KDAL,KSMF,2,2026-10-06,04:41
SWA1466,KLAX,KRNO,1,2026-10-04,17:07
SWA1466,KMCO,KDAL,3,2026-10-06,00:45
SWA1466,KMKE,KMCO,1,2026-09-30,11:16
SWA1467,KDEN,KMSY,4,2026-10-06,03:14
SWA1467,KLAX,KSLC,1,2026-10-04,00:31
SWA1467,KOAK,KLAX,1,2026-10-03,22:42
SWA1467,KSAN,KSBA,1,2026-10-01,23:31
SWA1467,KSBA,KSMF,2,2026-10-01,01:07
SWA1468,KDAL,KSTL,4,2026-10-05,16:54
SWA1468,KSTL,KDCA,1,2026-10-06,18:26
SWA1469,KBWI,KJAX,1,2026-10-05,00:40
SWA1469,KDAL,KSTL,4,2026-10-05,19:46
SWA1469,KDAL,KSAN,1,2026-10-03,20:57
SWA1469,KDEN,KBWI,2,2026-10-01,21:33
SWA1469,KPHX,KDAL,2,2026-10-05,15:56
SWA1469,KSTL,KBWI,1,2026-10-04,22:08
SWA147,KABQ,KLAS,1,2026-10-04,18:32
SWA147,KBWI,KLAS,1,2026-10-01,22:39
SWA147,KMCO,KBWI,1,2026-09-30,19:10
SWA147,KMDW,KLGA,3,2026-10-05,14:49
SWA147,KSTL,KDEN,1,2026-10-04,22:50
SWA1470,KDAL,KSTL,3,2026-10-05,23:41
SWA1470,KDAL,KOKC,1,2026-10-05,04:27
SWA1470,KECP,KMCI,1,2026-10-03,20:43
SWA1470,KOMA,KDAL,1,2026-10-05,01:31
SWA1470,KPHX,KSAT,2,2026-10-01,01:32
SWA1470,KPHX,KHOU,1,2026-10-06,17:23
SWA1471,KDAL,KSTL,2,2026-10-06,04:29
SWA1471,KECP,KSTL,1,2026-10-03,11:10
SWA1471,KPHX,KPDX,1,2026-10-05,06:14
SWA1471,KPIT,KBWI,1,2026-09-30,10:23
SWA1472,KDAL,KTPA,5,2026-10-05,11:29
SWA1472,KSAN,KMSY,1,2026-09-30,16:23
SWA1473,KDAL,KTPA,1,2026-10-03,18:39
SWA1473,KMAF,KDAL,1,2026-10-01,17:04
SWA1473,KRSW,KMCI,1,2026-10-04,15:44
SWA1473,KSMF,KDAL,2,2026-10-05,12:12
SWA1473,KSMF,KONT,2,2026-10-01,00:21
SWA1473,KSMF,KMAF,1,2026-10-01,12:14
SWA1474,KDAL,KTPA,2,2026-10-06,03:10
SWA1474,KMCO,KPVD,1,2026-10-03,11:26
SWA1474,KOMA,KDCA,1,2026-10-04,16:25
SWA1474,KSMF,KPHX,1,2026-09-30,15:09
SWA1475,KBNA,KMSP,1,2026-09-30,01:57
SWA1475,KDAL,KLBB,1,2026-10-06,14:51
SWA1475,KSNA,KDEN,1,2026-10-05,22:52
SWA1476,KDAL,KTUL,3,2026-10-05,14:44
SWA1476,KSLC,KBWI,1,2026-10-06,18:12
SWA1476,KSMF,KGEG,1,2026-10-04,18:48
SWA1476,KTPA,KBUF,1,2026-10-03,10:51
SWA1477,KDAL,KTUL,1,2026-10-03,03:49
SWA1477,KDEN,KCMH,1,2026-09-30,17:41
SWA1478,KBWI,KDAL,1,2026-10-06,20:54
SWA1478,KDEN,KHOU,1,2026-10-05,22:56
SWA1478,KPHX,KPDX,1,2026-10-04,00:12
SWA1479,KBNA,KRSW,1,2026-09-30,18:12
SWA1479,KMDW,KMCI,1,2026-10-06,14:33
SWA1479,KSTL,KFLL,5,2026-10-05,11:12
SWA148,KBNA,KTPA,5,2026-10-06,10:17
SWA148,KBWI,KROC,1,2026-10-05,02:57
SWA148,KSJC,KPHX,1,2026-09-30,19:22
SWA1481,KDAL,KVPS,4,2026-10-06,15:04
SWA1481,KDEN,KCOS,1,2026-09-30,15:37
SWA1481,KECP,KDEN,1,2026-10-03,14:34
SWA1481,KPHX,KSNA,1,2026-10-04,17:54
SWA1481,KSNA,KSJC,1,2026-10-04,19:54
SWA1481,KVPS,KBNA,1,2026-10-06,17:21
SWA1482,KDCA,KATL,5,2026-10-06,11:38
SWA1482,KPIT,KSTL,1,2026-09-30,10:47
SWA1483,KBNA,KOKC,2,2026-10-01,02:42
SWA1483,KBNA,KLAS,1,2026-10-04,13:30
SWA1483,KDAL,KPHX,1,2026-10-06,13:13
SWA1483,KIND,KSAN,1,2026-10-04,20:27
SWA1483,KLAS,KSAN,3,2026-10-05,19:59
SWA1484,KDCA,KATL,4,2026-10-06,22:58
SWA1484,KMCO,KPVD,1,2026-09-30,13:13
SWA1485,KDCA,KBNA,6,2026-10-06,10:26
SWA1485,KMSY,KSTL,2,2026-10-01,23:31
SWA1486,KBNA,KLGB,3,2026-10-06,21:05
SWA1486,KDCA,KBNA,3,2026-10-05,18:26
SWA1486,KDEN,KDAL,2,2026-10-01,02:13
SWA1487,KDCA,KMCO,1,2026-10-03,16:18
SWA1487,KDEN,KDAL,2,2026-10-01,00:33
SWA1487,KLAS,KMDW,4,2026-10-06,13:47
SWA1487,KMDW,KFLL,3,2026-10-05,18:09
SWA1487,KSJC,KLAS,1,2026-10-04,18:55
SWA1488,KATL,KIND,1,2026-10-04,22:07
SWA1488,KCMH,KRSW,3,2026-10-05,09:08
SWA1488,KDAL,KSAT,1,2026-10-03,16:04
SWA1488,KMCO,KBWI,1,2026-10-06,15:14
SWA1488,KPHX,KSFO,1,2026-09-30,23:25
SWA1489,KBWI,KRIC,1,2026-09-30,14:36
SWA1489,KDEN,KAUS,2,2026-10-04,18:37
SWA149,KBNA,KLAX,3,2026-10-06,04:43
SWA149,KBWI,KRSW,1,2026-10-04,20:26
SWA149,KDAL,KECP,1,2026-10-04,23:13
SWA149,KHOU,KMDW,1,2026-09-30,12:11
SWA1490,KAUS,KDAL,1,2026-10-04,12:43
SWA1490,KBNA,KPHX,3,2026-10-06,23:52
SWA1490,KDAL,KSDF,1,2026-10-04,14:59
SWA1490,KDCA,KDAL,1,2026-10-06,18:14
SWA1490,KMCO,TJSJ,1,2026-09-30,13:31
SWA1491,KBWI,KCMH,1,2026-10-06,15:15
SWA1491,KCMH,KTPA,5,2026-10-06,19:52
SWA1491,KRNO,KPHX,1,2026-09-30,22:00
SWA1492,KDCA,KFLL,4,2026-10-05,16:08
SWA1492,KDEN,KIND,1,2026-10-06,17:35
SWA1492,KTUS,KSAN,1,2026-09-30,13:15
SWA1493,KDCA,KMKE,5,2026-10-06,11:06
SWA1493,KDTW,KBNA,1,2026-10-03,18:23
SWA1493,KSTL,KDCA,2,2026-10-01,00:29
SWA1494,KDCA,KHOU,4,2026-10-05,18:08
SWA1494,KLAS,KOAK,1,2026-10-03,19:51
SWA1494,KTPA,KBWI,1,2026-10-06,22:00
SWA1495,KBWI,KISP,1,2026-10-04,21:09
SWA1495,KCMH,KLAS,2,2026-10-01,21:30
SWA1495,KDCA,KHOU,3,2026-10-06,23:38
SWA1495,KISP,KMCO,1,2026-10-05,23:01
SWA1495,KMCO,KPHL,1,2026-10-04,00:36
SWA1496,KAUS,KIND,2,2026-10-01,00:39
SWA1496,KDEN,KAUS,2,2026-10-05,21:48
SWA1496,KMDW,KSAT,1,2026-10-03,16:56
SWA1496,KSAN,KOAK,1,2026-10-05,05:38
SWA1497,KABQ,KDAL,1,2026-10-05,11:14
SWA1497,KABQ,KMCO,1,2026-10-01,11:13
SWA1497,KAUS,KLAX,1,2026-09-30,17:30
SWA1497,KDAL,KMCO,2,2026-10-06,13:37
SWA1497,KDCA,KMCI,1,2026-10-03,10:09
SWA1498,KDCA,KMCI,4,2026-10-06,20:48
SWA1498,KMCI,KSAT,3,2026-10-06,00:05
SWA15,KBWI,KDAL,3,2026-10-05,11:37
SWA15,KDAL,KHOU,2,2026-10-05,16:01
SWA1500,KBWI,KFLL,1,2026-09-30,19:18
SWA1500,KDCA,KMCO,5,2026-10-05,10:23
SWA1500,KDEN,KGRR,1,2026-10-06,18:37
SWA1500,KGRR,KMDW,1,2026-10-06,22:00
SWA1501,KBUR,KSFO,1,2026-10-04,21:10
SWA1501,KCMH,KDAL,1,2026-09-30,13:42
SWA1501,KRSW,KCMH,3,2026-10-05,10:10
SWA1502,KDAL,KMSY,1,2026-10-04,13:54
SWA1502,KDCA,KMCO,3,2026-10-06,21:55
SWA1502,KDEN,KGRR,2,2026-10-01,23:04
SWA1503,KDCA,KBNA,1,2026-09-30,17:30
SWA1503,KDSM,KDEN,1,2026-10-06,12:21
SWA1503,KMCO,KHOU,4,2026-10-05,00:29
SWA1504,KBUR,KSFO,1,2026-10-05,04:05
SWA1504,KDCA,KMDW,5,2026-10-06,13:45
SWA1504,KDEN,KHOU,1,2026-09-30,13:11
SWA1505,KDCA,KMDW,1,2026-10-06,17:09
SWA1505,KDEN,KHOU,1,2026-09-30,18:01
SWA1506,KBUR,KSTS,1,2026-10-04,19:26
SWA1506,KDCA,KMDW,3,2026-10-05,20:40
SWA1506,KDEN,KHOU,1,2026-09-30,20:48
SWA1506,KDEN,KLAX,1,2026-09-30,22:07
SWA1506,KOMA,KPHX,1,2026-10-03,12:56
SWA1506,KPHX,KBUR,1,2026-10-06,15:53
SWA1506,KSTS,KDEN,1,2026-10-04,21:29
SWA1507,KCMH,KRSW,1,2026-10-04,10:24
SWA1507,KJAX,KDAL,1,2026-09-30,20:20
SWA1507,KRSW,KMKE,5,2026-10-06,14:12
SWA1508,KDAL,KSJC,1,2026-10-04,22:19
SWA1508,KDCA,KMDW,3,2026-10-06,01:03
SWA1508,KMDW,KMSY,3,2026-10-06,05:30
SWA1508,KMKE,KMCI,1,2026-09-30,16:52
SWA1509,KDAL,KMCO,1,2026-10-04,16:13
SWA1509,KDEN,KBWI,3,2026-10-05,16:22
SWA1509,KLAS,KSJC,1,2026-09-30,13:44
SWA1509,KPHX,KDAL,1,2026-10-04,13:11
SWA1509,KPIT,KMCO,1,2026-10-03,11:33
SWA151,KBNA,KPIT,1,2026-09-30,22:47
SWA1511,KOAK,KDEN,1,2026-10-05,22:40
SWA1511,KRDU,KBNA,1,2026-10-03,22:44
SWA1511,KRNO,KDEN,1,2026-09-30,18:07
SWA1511,KSAN,KMDW,3,2026-10-06,05:56
SWA1511,KSAN,KRNO,1,2026-09-30,15:47
SWA1513,KDAL,KSAT,1,2026-09-30,14:06
SWA1513,KDCA,KMSY,6,2026-10-06,16:28
SWA1513,KMSY,KSAT,2,2026-10-05,20:46
SWA1514,KDCA,KMSY,4,2026-10-06,01:06
SWA1514,KDEN,KMCI,1,2026-10-03,21:23
SWA1515,KBNA,KTYS,1,2026-09-30,22:42
SWA1515,KBOI,KBUR,4,2026-10-05,20:08
SWA1515,KCMH,KMDW,1,2026-10-06,12:53
SWA1516,KBNA,KOMA,1,2026-10-04,20:03
SWA1516,KDCA,KOMA,4,2026-10-06,22:29
SWA1516,KDEN,KPHX,1,2026-10-04,02:03
SWA1516,KOMA,KDEN,3,2026-10-06,01:42
SWA1516,KPHX,KONT,2,2026-10-01,03:18
SWA1517,KMSY,KTPA,1,2026-09-30,14:12
SWA1517,KRNO,KLGB,1,2026-10-04,13:52
SWA1518,KDAL,KDEN,1,2026-10-06,18:59
SWA1518,KIND,KRSW,3,2026-10-05,16:13
SWA1518,KLBB,KDAL,1,2026-09-30,11:45
SWA1518,KOKC,KDCA,1,2026-10-04,18:15
SWA1519,KDCA,KSTL,6,2026-10-06,12:18
SWA1519,KDEN,KIND,1,2026-09-30,17:32
SWA1521,KDCA,KSTL,4,2026-10-05,16:33
SWA1521,KMCO,KBWI,1,2026-10-04,21:51
SWA1521,KMSY,KAUS,1,2026-09-30,19:28
SWA1522,KDAL,KSTL,1,2026-09-30,19:50
SWA1522,KDCA,KSTL,4,2026-10-06,20:43
SWA1523,KTPA,KCMH,1,2026-10-01,22:42
SWA1523,PHNL,PHOG,6,2026-10-06,20:03
SWA1524,KDCA,KTPA,5,2026-10-06,11:02
SWA1524,KDCA,KDAL,1,2026-09-30,18:33
SWA1524,KLAS,KDAL,1,2026-10-03,13:34
SWA1525,KDCA,KPVD,3,2026-10-05,14:57
SWA1525,KDCA,KMCO,1,2026-10-06,16:52
SWA1525,KDEN,KLAS,1,2026-09-30,22:27
SWA1525,KFLL,KPIT,1,2026-10-03,15:57
SWA1525,KLAS,KBUR,2,2026-10-01,01:00
SWA1525,KMKE,KDCA,4,2026-10-05,12:46
SWA1525,KPIT,KPHX,1,2026-10-03,19:26
SWA1526,KSAN,KDAL,2,2026-10-01,23:37
SWA1527,KDEN,KABQ,4,2026-10-06,18:30
SWA1527,KDEN,KLAS,1,2026-09-30,20:09
SWA1527,KMCI,KMCO,1,2026-10-03,13:07
SWA1528,KDEN,KLAS,1,2026-09-30,02:12
SWA1528,KHOU,KOKC,3,2026-10-05,13:26
SWA1528,KOKC,KMCO,3,2026-10-05,15:18
SWA1528,KPHX,KSFO,1,2026-10-04,15:26
SWA1528,KRIC,KDEN,1,2026-10-06,19:48
SWA1529,KDEN,KLAS,2,2026-10-01,03:38
SWA1529,KMDW,KBNA,4,2026-10-05,13:48
SWA1529,KMDW,KDEN,1,2026-10-04,14:00
SWA1529,KORF,KMDW,1,2026-10-06,11:52
SWA153,KABQ,KMDW,4,2026-10-06,20:25
SWA153,KBWI,KPVD,1,2026-10-04,14:45
SWA153,KDEN,KAUS,1,2026-09-30,15:54
SWA153,KDEN,KPHX,1,2026-10-04,22:13
SWA153,KFLL,KMDW,1,2026-10-03,20:17
SWA153,KPHX,KSAN,1,2026-10-05,01:20
SWA153,KPVD,KDEN,1,2026-10-04,16:35
SWA1530,KBNA,KRDU,3,2026-10-05,11:31
SWA1530,KBOS,KBNA,1,2026-09-30,18:49
SWA1530,KDEN,KABQ,1,2026-10-05,05:34
SWA1531,KDEN,KALB,2,2026-10-05,02:35
SWA1531,KLAX,KOAK,1,2026-09-30,16:16
SWA1531,KSAN,KLAS,3,2026-10-06,04:15
SWA1531,KTUL,KDEN,1,2026-10-06,12:00
SWA1532,KBNA,KOKC,5,2026-10-06,04:31
SWA1532,KDEN,KLAX,1,2026-09-30,15:15
SWA1533,KBWI,KCLE,4,2026-10-06,03:27
SWA1533,KBWI,KALB,2,2026-10-01,00:12
SWA1534,KBWI,KABQ,1,2026-10-03,18:30
SWA1534,KHOU,KABQ,3,2026-10-06,03:59
SWA1534,KSTL,KRDU,2,2026-10-01,23:56
SWA1535,KBNA,KDEN,5,2026-10-06,22:29
SWA1535,KSTL,KDAL,1,2026-09-30,20:33
SWA1536,KABQ,KPHX,1,2026-09-30,20:52
SWA1536,KAUS,KMCO,1,2026-10-04,16:29
SWA1536,KBUR,KPHX,1,2026-10-06,21:05
SWA1536,KDEN,KAUS,5,2026-10-05,14:07
SWA1536,KMKE,KDEN,1,2026-10-04,10:20
SWA1537,KBWI,KISP,1,2026-09-30,13:14
SWA1537,KCMH,KFLL,3,2026-10-05,19:38
SWA1537,KDAL,KMSP,1,2026-10-04,18:52
SWA1537,KDEN,KABQ,1,2026-10-04,01:56
SWA1537,KLAS,KCMH,1,2026-10-06,15:26
SWA1537,KLAS,KDAL,1,2026-10-04,15:23
SWA1537,KMSP,KMDW,1,2026-10-04,22:10
SWA1537,KOAK,KLAS,1,2026-10-04,13:11
SWA1537,KPHX,KCMH,3,2026-10-05,15:06
SWA1538,KDEN,KAUS,3,2026-10-05,19:56
SWA1538,KDEN,KTYS,1,2026-10-06,17:39
SWA1538,KGRR,KBWI,1,2026-10-03,19:45
SWA1538,KLAS,KGRR,1,2026-10-03,15:45
SWA1538,KSTL,KBOS,1,2026-09-30,15:52
SWA1539,KAUS,KHOU,1,2026-10-04,18:43
SWA1539,KBZN,KDEN,1,2026-10-06,17:37
SWA1539,KDEN,KAUS,2,2026-10-06,20:25
SWA1539,KDEN,KLGA,2,2026-10-01,23:54
SWA1540,KDEN,KMCI,1,2026-10-06,19:41
SWA1540,KIND,KFLL,3,2026-10-05,20:22
SWA1540,KMCI,KSAT,1,2026-10-06,21:46
SWA1540,KONT,KSMF,1,2026-10-06,14:13
SWA1540,KSMF,KDEN,2,2026-10-06,22:07
SWA1541,KCMH,KRSW,1,2026-10-05,22:16
SWA1541,KDEN,KLGB,1,2026-09-30,15:19
SWA1541,KHOU,KABQ,1,2026-10-04,23:11
SWA1541,KMDW,KLAS,4,2026-10-06,12:33
SWA1542,KDCA,KHOU,2,2026-10-01,22:51
SWA1542,KDEN,KBHM,5,2026-10-06,02:05
SWA1542,KTYS,KDEN,1,2026-10-06,21:18
SWA1543,KDEN,KBNA,5,2026-10-06,12:00
SWA1544,KAUS,KLGB,1,2026-09-30,20:37
SWA1544,KDEN,KBNA,5,2026-10-06,14:04
SWA1544,KDTW,KMCO,1,2026-10-04,14:45
SWA1544,KMDW,KDTW,1,2026-10-04,12:46
SWA1545,KDEN,KBNA,6,2026-10-06,17:27
SWA1545,KDSM,KDEN,2,2026-10-01,00:06
SWA1546,KBHM,KMCO,1,2026-09-30,12:37
SWA1546,KBNA,KRSW,1,2026-10-03,21:03
SWA1546,KDEN,KBDL,1,2026-10-04,19:30
SWA1546,KRDU,KBNA,3,2026-10-06,01:05
SWA1547,KDEN,KBNA,4,2026-10-06,23:06
SWA1547,KDEN,KMCI,1,2026-09-30,17:38
SWA1547,KIND,KBWI,1,2026-10-06,21:15
SWA1547,KPHX,KIND,1,2026-10-06,17:07
SWA1548,KDEN,KEUG,1,2026-10-04,16:09
SWA1548,KMDW,KBHM,1,2026-10-01,22:43
SWA1548,KSEA,KOAK,3,2026-10-06,06:18
SWA1549,KBWI,KORF,1,2026-10-03,18:34
SWA1549,KDAL,KECP,1,2026-10-06,14:06
SWA1549,KECP,KBNA,1,2026-10-06,16:33
SWA1549,KHOU,KMSY,4,2026-10-06,03:50
SWA155,KDAL,KSTL,3,2026-10-06,03:07
SWA155,KDEN,KMSP,1,2026-10-04,20:19
SWA155,KLAS,KSAN,1,2026-10-03,22:50
SWA155,KLAX,KDAL,3,2026-10-06,23:24
SWA155,KMDW,KDEN,2,2026-10-01,02:27
SWA155,KOAK,KLAX,3,2026-10-05,20:45
SWA155,KPHX,KABQ,1,2026-10-06,15:40
SWA155,KSAN,KSEA,1,2026-10-04,01:12
SWA155,KSTL,KPHX,1,2026-10-06,11:25
SWA1550,KBNA,KHOU,1,2026-10-04,17:29
SWA1550,KBWI,KDAL,4,2026-10-05,17:49
SWA1550,KDAL,KSAT,1,2026-10-06,16:45
SWA1550,KSAT,KHOU,1,2026-10-06,18:56
SWA1550,PHNL,KLAX,2,2026-10-01,08:13
SWA1551,KDEN,KBOI,5,2026-10-05,20:14
SWA1551,KHOU,KBNA,1,2026-10-06,17:56
SWA1551,KMAF,KHOU,1,2026-10-06,15:53
SWA1551,PHNL,PHOG,2,2026-10-01,07:01
SWA1552,KLAX,KBNA,2,2026-10-01,06:29
SWA1552,KOMA,KBNA,1,2026-10-03,12:35
SWA1552,KRDU,KBWI,3,2026-10-05,12:51
SWA1553,KBWI,KPVD,1,2026-10-03,18:37
SWA1553,KDAL,KTUL,2,2026-10-01,03:04
SWA1553,KDEN,KBOS,3,2026-10-05,18:07
SWA1553,KSAN,KLAS,1,2026-10-04,14:27
SWA1554,KDAL,KABQ,1,2026-10-03,13:17
SWA1554,KIND,KAUS,1,2026-09-30,20:30
SWA1554,KSEA,KSJC,3,2026-10-06,06:39
SWA1555,KBWI,KALB,1,2026-09-30,17:16
SWA1555,KDEN,KBOS,5,2026-10-06,02:22
SWA1556,KBWI,KSDF,1,2026-10-04,01:26
SWA1556,KHOU,KAUS,4,2026-10-06,04:18
SWA1556,KHOU,KMEM,1,2026-09-30,17:19
SWA1557,KDEN,KBUR,4,2026-10-05,14:49
SWA1557,KLGB,PHNL,1,2026-09-30,14:09
SWA1557,KPHX,KSMF,1,2026-10-05,06:06
SWA1558,KDEN,KBUR,4,2026-10-06,22:48
SWA1558,KDEN,KMCO,1,2026-09-30,20:18
SWA1558,KMDW,KMCO,1,2026-10-06,13:00
SWA1559,KLAS,KSTL,2,2026-10-01,00:54
SWA1559,KMDW,KMCI,4,2026-10-06,05:00
SWA156,KALB,KDEN,1,2026-10-03,17:07
SWA156,KBWI,KIND,5,2026-10-06,12:30
SWA156,KBWI,KPHX,1,2026-10-01,21:57
SWA156,KTPA,KALB,1,2026-10-03,13:34
SWA156,KTPA,KBWI,1,2026-10-04,09:24
SWA1560,KDEN,KBWI,4,2026-10-05,11:29
SWA1560,KDEN,KMDW,1,2026-09-30,14:38
SWA1561,KDAL,KMCO,1,2026-10-04,23:04
SWA1561,KECP,KHOU,2,2026-10-01,23:14
SWA1561,KPWM,KBWI,1,2026-10-04,21:50
SWA1561,KSTL,KMKE,2,2026-10-06,05:15
SWA1562,KBWI,KBOS,1,2026-09-30,17:32
SWA1562,KDAL,KBNA,1,2026-10-06,16:08
SWA1562,KPHX,KBWI,3,2026-10-06,20:27
SWA1562,KSFO,KPHX,1,2026-10-04,13:25
SWA1563,KDAL,KDEN,1,2026-10-04,18:15
SWA1563,KDEN,KBWI,3,2026-10-05,19:17
SWA1563,KDEN,KMDW,2,2026-10-01,01:49
SWA1563,KSEA,KLAS,1,2026-10-06,20:07
SWA1563,KSEA,KPHX,1,2026-10-04,23:46
SWA1564,KDEN,KBWI,4,2026-10-06,01:31
SWA1564,KDEN,KMDW,1,2026-09-30,12:37
SWA1564,KFAT,KLAS,1,2026-10-03,12:40
SWA1565,KDAL,KSAT,1,2026-10-03,13:11
SWA1565,KMCO,KDAL,3,2026-10-06,02:32
SWA1565,KPHX,KMKE,2,2026-10-01,23:42
SWA1565,KSAN,KMDW,1,2026-10-05,05:54
SWA1566,KDCA,KMCI,3,2026-10-05,10:22
SWA1566,KDEN,KBZN,3,2026-10-06,15:01
SWA1566,KMCI,KDEN,3,2026-10-05,13:46
SWA1567,KAUS,KMCO,1,2026-10-05,03:02
SWA1567,KDEN,KSTL,1,2026-10-04,00:28
SWA1567,KLAX,KPHX,1,2026-09-30,01:30
SWA1567,KPDX,KMDW,1,2026-10-06,13:30
SWA1567,KSLC,KAUS,1,2026-10-05,23:52
SWA1567,KSMF,KLAX,2,2026-10-01,23:31
SWA1568,KLAS,KTUL,2,2026-10-06,20:20
SWA1568,KMCO,KMDW,3,2026-10-05,15:12
SWA1568,KSTS,KLAS,1,2026-10-04,17:38
SWA1568,KTUL,KDAL,1,2026-10-05,23:25
SWA1568,KTUL,KMDW,1,2026-10-06,20:14
SWA1569,KDEN,KCLE,3,2026-10-05,16:53
SWA1569,KFLL,KBWI,1,2026-09-30,16:30
SWA1569,KHOU,KDCA,1,2026-10-04,22:19
SWA1570,KBNA,KECP,1,2026-09-30,19:21
SWA1570,KHOU,KSAT,1,2026-10-03,13:22
SWA1570,KSTL,KMSY,3,2026-10-06,03:05
SWA1571,KCMH,KMDW,3,2026-10-05,20:28
SWA1571,KCMH,KTPA,1,2026-10-03,20:43
SWA1571,KDEN,KCMH,6,2026-10-06,17:09
SWA1571,KLAS,KPSP,1,2026-09-30,23:00
SWA1571,KPSP,KSMF,2,2026-10-01,00:42
SWA1572,KDEN,KDAL,4,2026-10-06,14:24
SWA1572,KLAS,KSEA,1,2026-10-04,02:55
SWA1572,KLAX,KLAS,1,2026-10-04,17:29
SWA1572,KMCO,KCMH,1,2026-09-30,13:15
SWA1572,KMDW,KLAX,1,2026-10-04,12:02
SWA1573,KLGB,KLAS,1,2026-10-03,22:08
SWA1573,KPSP,KDEN,2,2026-10-05,22:27
SWA1573,KSJC,KPSP,4,2026-10-05,20:23
SWA1574,KMHT,KMDW,6,2026-10-06,11:45
SWA1574,KPHX,KSTL,2,2026-10-01,01:28
SWA1575,KDEN,KBZN,1,2026-09-30,19:10
SWA1575,KMCI,KDAL,1,2026-10-03,10:43
SWA1575,KSAT,KDEN,3,2026-10-06,00:34
SWA1575,KSEA,KOAK,1,2026-10-04,15:58
SWA1576,KDCA,KMKE,1,2026-10-04,21:38
SWA1576,KDEN,KMSP,1,2026-09-30,21:30
SWA1576,KMCI,KMCO,1,2026-10-05,02:11
SWA1576,KMCO,KAUS,1,2026-10-03,21:49
SWA1576,KMKE,KMCI,1,2026-10-05,00:27
SWA1577,KBUF,KTPA,1,2026-10-05,21:41
SWA1577,KBWI,KBUF,1,2026-10-04,19:40
SWA1577,KDEN,KMSP,2,2026-10-01,00:43
SWA1577,KSTL,KBNA,4,2026-10-05,18:18
SWA1578,KDEN,KDAL,4,2026-10-06,02:05
SWA1578,KMIA,KMCO,1,2026-09-30,11:17
SWA1579,KDEN,KDAL,4,2026-10-06,03:14
SWA1579,KPHL,KDEN,1,2026-10-05,22:32
SWA1579,KPWM,KBWI,1,2026-10-06,20:23
SWA1579,KSNA,KAUS,1,2026-09-30,14:59
SWA158,KABQ,KPHX,3,2026-10-05,16:09
SWA158,KBNA,KDAL,1,2026-10-03,11:10
SWA158,KDEN,KBOS,1,2026-10-06,17:58
SWA158,KDEN,KMSP,1,2026-09-30,17:31
SWA158,KMEM,KMCO,1,2026-10-04,11:43
SWA158,KPHX,KMSY,3,2026-10-05,18:23
SWA1580,KBNA,KMDW,1,2026-10-06,17:08
SWA1580,KHOU,KSAT,3,2026-10-05,15:13
SWA1580,KLAS,KATL,1,2026-10-04,15:02
SWA1580,KMCO,KLAS,1,2026-10-04,23:24
SWA1580,KSAN,KSJC,1,2026-09-30,15:32
SWA1581,KLAS,KLGB,1,2026-10-04,02:49
SWA1581,KLAS,KRNO,1,2026-10-04,17:57
SWA1581,KOAK,KSNA,2,2026-10-01,02:16
SWA1581,KPDX,KOAK,2,2026-10-01,00:03
SWA1581,KPHL,KDEN,3,2026-10-05,09:42
SWA1581,KSAT,KLAS,1,2026-10-04,14:19
SWA1582,KDEN,KDTW,5,2026-10-06,17:25
SWA1582,KDTW,KMCO,3,2026-10-06,20:59
SWA1582,KDTW,KBWI,1,2026-10-04,20:55
SWA1582,KMDW,KLGA,2,2026-10-01,00:26
SWA1583,KDEN,KDTW,4,2026-10-06,02:08
SWA1583,KDEN,KOAK,1,2026-09-30,19:20
SWA1583,KMCO,KRDU,1,2026-10-04,00:38
SWA1584,KAUS,KMCI,3,2026-10-06,02:18
SWA1584,KFLL,KBWI,1,2026-09-30,14:51
SWA1584,KSFO,KLAS,1,2026-10-06,14:07
SWA1584,KSTS,KAUS,1,2026-10-03,18:28
SWA1585,KDCA,KOKC,1,2026-10-04,18:06
SWA1585,KMCO,KRDU,1,2026-10-03,12:59
SWA1585,KMSY,KMDW,1,2026-09-30,12:33
SWA1585,KSJC,KMDW,1,2026-10-06,18:31
SWA1586,KPHX,KSNA,2,2026-10-01,23:56
SWA1587,KMDW,KMSY,5,2026-10-06,14:20
SWA1587,KPHL,KMDW,3,2026-10-05,11:14
SWA1587,KPHX,KABQ,2,2026-10-01,04:04
SWA1587,KSTL,KPHX,2,2026-10-01,22:20
SWA1588,KMDW,KBWI,1,2026-10-05,02:42
SWA1588,KMSY,KAUS,2,2026-10-06,17:32
SWA1588,KPHX,KIND,1,2026-09-30,16:55
SWA1589,KDEN,KFAT,4,2026-10-06,19:35
SWA1589,KFAT,KLAS,4,2026-10-06,22:38
SWA1589,KLAS,KPHX,3,2026-10-06,00:53
SWA1589,KPHX,KOMA,3,2026-10-06,02:35
SWA1589,KSTL,KCLE,2,2026-10-01,00:46
SWA159,KBNA,KCLT,4,2026-10-06,22:34
SWA159,KBNA,KMCO,1,2026-10-04,14:32
SWA159,KCLT,KBWI,3,2026-10-06,00:53
SWA159,KLGA,KBNA,1,2026-10-04,11:35
SWA1590,KBNA,KOKC,1,2026-10-06,13:11
SWA1590,KBWI,KCMH,3,2026-10-05,21:28
SWA1590,KLAS,KSAN,1,2026-10-04,21:02
SWA1590,KMSY,KMCO,1,2026-10-03,15:16
SWA1590,KOKC,KAUS,1,2026-10-06,15:39
SWA1591,KDEN,KGEG,3,2026-10-06,15:00
SWA1591,KGEG,KOAK,1,2026-10-06,17:54
SWA1591,KGEG,KSJC,1,2026-10-04,17:53
SWA1591,KPHX,KDAL,3,2026-10-05,19:06
SWA1591,KSJC,KSNA,1,2026-10-04,21:48
SWA1591,KSMF,KLAX,1,2026-09-30,20:25
SWA1592,KDEN,KGEG,2,2026-10-05,03:34
SWA1592,KDEN,KIND,1,2026-09-30,20:32
SWA1593,KALB,KDEN,3,2026-10-05,09:38
SWA1593,KLAS,KSNA,1,2026-10-04,15:40
SWA1593,KSMF,KSNA,1,2026-09-30,13:44
SWA1594,KBWI,KSAV,1,2026-10-04,19:42
SWA1594,KLAS,KLGB,1,2026-10-06,18:12
SWA1594,KLGB,KSJC,5,2026-10-06,18:33
SWA1594,KSAV,KHOU,1,2026-10-05,22:08
SWA1594,KSJC,KSEA,3,2026-10-05,20:20
SWA1595,KBOI,KLAS,1,2026-10-06,21:20
SWA1595,KDEN,KHOU,5,2026-10-05,11:15
SWA1595,KLAX,KDEN,1,2026-09-30,21:29
SWA1596,KDEN,KONT,1,2026-09-30,20:23
SWA1596,KHOU,KFLL,5,2026-10-06,15:38
SWA1596,KLAS,KHOU,1,2026-10-06,12:23
SWA1596,KONT,KSMF,1,2026-09-30,22:53
SWA1597,KDEN,KHOU,5,2026-10-05,17:15
SWA1598,KOAK,KDEN,1,2026-10-04,16:13
SWA1598,KONT,KOAK,1,2026-10-04,14:09
SWA1599,KBUR,KDAL,1,2026-10-04,15:24
SWA1599,KDAL,KATL,1,2026-10-04,19:31
SWA1599,KDEN,KHOU,2,2026-10-03,23:07
SWA1599,KSAN,KOAK,1,2026-10-03,18:44
SWA16,KDAL,KMDW,2,2026-10-05,17:49
SWA16,KHOU,KDAL,2,2026-10-05,15:48
SWA16,KHOU,KMDW,1,2026-10-01,15:09
SWA160,KABQ,KPHX,3,2026-10-06,00:37
SWA160,KALB,KLAS,1,2026-10-03,16:01
SWA160,KBNA,KLAS,1,2026-09-30,11:53
SWA160,KDAL,KBNA,1,2026-10-04,16:17
SWA160,KDEN,KABQ,2,2026-10-05,22:46
SWA160,KMCO,KALB,1,2026-10-03,12:33
SWA160,KPHX,KCMH,2,2026-10-06,02:28
SWA160,KSAT,KDEN,2,2026-10-05,19:59
SWA1600,KBNA,KMIA,1,2026-09-30,17:22
SWA1600,KDEN,KHOU,5,2026-10-06,01:28
SWA1601,KDEN,KHOU,3,2026-10-06,04:43
SWA1601,KDEN,KPDX,1,2026-09-30,15:32
SWA1601,KPDX,KSMF,1,2026-09-30,18:46
SWA1603,KMKE,KLAS,1,2026-10-04,10:24
SWA1603,KPIT,KDEN,3,2026-10-05,09:54
SWA1603,KSMF,KSAN,1,2026-10-04,01:00
SWA1604,KAUS,KJAX,4,2026-10-06,19:08
SWA1604,KLAS,KSAN,1,2026-09-30,16:48
SWA1607,KBWI,MMUN,3,2026-10-06,16:48
SWA1608,MMUN,KBWI,2,2026-10-03,18:21
SWA1609,KBWI,MMUN,2,2026-10-03,13:26
SWA161,KATL,KDAL,3,2026-10-06,02:16
SWA161,KAUS,KDAL,1,2026-10-05,02:35
SWA161,KDAL,KLAX,3,2026-10-06,05:11
SWA161,KDAL,KMDW,1,2026-10-05,04:22
SWA161,KDEN,KDSM,2,2026-10-01,00:39
SWA161,KMAF,KHOU,1,2026-10-03,13:39
SWA1610,MMUN,KBWI,2,2026-10-05,20:36
SWA1611,KBWI,MMUN,1,2026-10-03,14:56
SWA1614,KDAL,KLBB,1,2026-09-30,20:46
SWA1614,KDEN,KICT,2,2026-10-05,01:38
SWA1615,KDEN,KIND,5,2026-10-06,12:14
SWA1615,KDEN,KPDX,2,2026-10-01,03:40
SWA1615,KMCI,KMCO,1,2026-10-03,20:29
SWA1615,KSMF,KMCI,1,2026-10-03,16:42
SWA162,KBUR,KLAS,1,2026-09-30,16:18
SWA162,KJAX,KBNA,1,2026-10-04,22:14
SWA162,KLAS,KPHX,1,2026-09-30,18:10
SWA162,KPHX,KSTL,1,2026-10-04,01:53
SWA1622,KDEN,KIND,4,2026-10-05,17:00
SWA1622,KDEN,KPHL,1,2026-09-30,17:44
SWA1622,KDEN,KRIC,1,2026-10-06,18:21
SWA1622,KRIC,KBWI,1,2026-10-06,22:17
SWA1623,KDEN,KIND,4,2026-10-06,21:50
SWA1623,KIND,KDEN,1,2026-09-30,10:38
SWA1624,KDEN,KIND,5,2026-10-06,01:34
SWA1624,KDEN,KPHL,2,2026-10-01,00:54
SWA1625,KBWI,KSAT,1,2026-10-06,12:36
SWA1625,KDEN,KPHX,1,2026-09-30,12:27
SWA1625,KMCI,KTPA,5,2026-10-05,20:21
SWA1626,KAUS,KBOS,1,2026-09-30,16:12
SWA1626,KDEN,KLAS,1,2026-10-06,12:01
SWA1626,KMEM,KBNA,1,2026-10-05,00:28
SWA1626,KPHX,KMEM,1,2026-10-04,21:11
SWA1627,KBUR,KRNO,1,2026-09-30,19:57
SWA1627,KDEN,KLAS,4,2026-10-06,13:42
SWA1627,KHOU,KSAV,1,2026-10-05,23:04
SWA1627,KLAS,KBUR,1,2026-10-06,16:06
SWA1627,KLAS,KMEM,1,2026-10-03,17:18
SWA1627,KMEM,KMCO,1,2026-10-03,21:37
SWA1627,KSAV,KBNA,1,2026-10-05,01:41
SWA1628,KDAL,KHOU,7,2026-10-06,11:11
SWA1629,KDEN,KLAS,6,2026-10-06,14:50
SWA1629,KDEN,KPHX,1,2026-09-30,19:32
SWA163,KBNA,KCLE,1,2026-10-06,15:47
SWA163,KDEN,KMCI,4,2026-10-05,21:13
SWA163,KLAS,KDEN,1,2026-09-30,15:13
SWA1634,KDEN,KLAS,1,2026-10-04,13:42
SWA1634,KDEN,KPHX,1,2026-09-30,21:54
SWA1634,KFLL,KMSY,3,2026-10-05,11:07
SWA1634,KLAS,KSJC,1,2026-10-03,18:26
SWA1634,KLAS,KTPA,1,2026-10-04,16:46
SWA1634,KPIT,KDEN,1,2026-10-04,09:29
SWA1635,KAUS,KCMH,1,2026-09-30,15:51
SWA1635,KDEN,KLAS,1,2026-10-04,18:21
SWA1635,KFLL,KCMH,2,2026-10-03,00:59
SWA1636,KHOU,KDAL,6,2026-10-06,11:07
SWA1637,KDEN,KLAS,4,2026-10-05,20:20
SWA1637,KDEN,KPHX,1,2026-10-01,04:49
SWA1637,KSJC,KLAS,1,2026-10-06,20:44
SWA1638,KDEN,KLAS,4,2026-10-06,22:59
SWA1638,KGEG,KPHX,1,2026-09-30,14:41
SWA1638,KLAS,KTUS,2,2026-10-06,01:56
SWA1639,KDEN,KLAS,5,2026-10-06,00:06
SWA1639,KLAS,KPHX,3,2026-10-06,02:28
SWA1639,KPHX,KMCI,3,2026-10-06,04:08
SWA1639,KSNA,KLAS,1,2026-09-30,23:23
SWA164,KABQ,KSAN,3,2026-10-06,02:54
SWA164,KAUS,KABQ,4,2026-10-06,00:27
SWA164,KLAS,KMDW,1,2026-09-30,16:47
SWA164,KMCO,KMEM,1,2026-10-04,12:31
SWA164,KMEM,KAUS,1,2026-10-04,15:41
SWA164,KPHX,KDEN,1,2026-10-06,22:17
SWA164,KSAN,KLAS,1,2026-10-06,05:27
SWA164,KSAN,KPHX,1,2026-10-06,19:35
SWA164,KSBA,KSAN,1,2026-10-06,18:02
SWA164,KSMF,KSBA,1,2026-10-06,16:03
SWA1640,KDEN,KLAS,5,2026-10-06,02:30
SWA1640,KLAS,KSFO,3,2026-10-06,05:29
SWA1640,KOAK,KLAS,1,2026-09-30,18:43
SWA1642,KBOS,KBWI,1,2026-09-30,09:32
SWA1642,KDEN,KLAS,4,2026-10-06,04:11
SWA1642,KLAS,KSBA,1,2026-10-05,06:12
SWA1642,KMDW,KSRQ,1,2026-10-06,18:38
SWA1642,KSTL,KAUS,1,2026-10-03,18:52
SWA1643,KBNA,KSTL,1,2026-09-30,17:54
SWA1643,KBWI,KMDW,3,2026-10-06,23:34
SWA1643,KCHS,KBWI,3,2026-10-05,21:03
SWA1643,KDJT,KISP,1,2026-10-04,18:39
SWA1643,KISP,KBWI,1,2026-10-04,22:06
SWA1643,KPHX,KRNO,1,2026-10-06,15:46
SWA1644,KDEN,KLAX,3,2026-10-05,15:37
SWA1644,KMKE,KBNA,1,2026-09-30,19:19
SWA1644,KSLC,KDEN,1,2026-10-06,12:04
SWA1644,KSTL,KBNA,1,2026-10-04,01:17
SWA1645,KBOS,KMDW,1,2026-09-30,14:17
SWA1645,KDEN,KLAX,4,2026-10-06,20:48
SWA1645,KTPA,KDAL,1,2026-10-03,09:55
SWA1646,KELP,KPHX,1,2026-10-06,13:07
SWA1646,KOKC,KPHX,3,2026-10-05,11:09
SWA1646,KPHL,KSTL,1,2026-09-30,10:37
SWA1646,KPHX,KBUR,3,2026-10-05,14:11
SWA1647,KABQ,KBNA,1,2026-10-03,13:01
SWA1647,KBUR,KSJC,1,2026-09-30,16:06
SWA1647,KRSW,KMKE,1,2026-10-04,18:33
SWA1647,KSFO,KSAN,3,2026-10-05,18:57
SWA1648,KBDL,KBNA,1,2026-10-03,16:33
SWA1648,KBUF,KMCO,1,2026-10-04,16:40
SWA1648,KBWI,KBUF,1,2026-10-04,14:44
SWA1648,KLAS,KOAK,1,2026-10-06,17:13
SWA1648,KMCI,KBOS,3,2026-10-05,13:38
SWA1648,KONT,KLAS,1,2026-10-06,15:31
SWA1649,KDEN,KLBB,1,2026-10-04,00:40
SWA1649,KOAK,KSAN,2,2026-10-06,01:44
SWA165,KBNA,KAUS,4,2026-10-06,01:02
SWA165,KMDW,KBUF,1,2026-10-03,21:50
SWA1650,KBHM,KMCO,1,2026-10-03,22:37
SWA1650,KBWI,KMHT,1,2026-09-30,20:27
SWA1650,KDEN,KLGA,1,2026-10-06,12:18
SWA1651,KBNA,KORF,1,2026-10-03,18:59
SWA1651,KDEN,KAUS,1,2026-10-06,18:36
SWA1651,KLAS,KAUS,3,2026-10-05,14:40
SWA1651,KRNO,KLAS,3,2026-10-05,12:19
SWA1652,KBNA,KRSW,1,2026-10-03,15:25
SWA1652,KDEN,KLGA,1,2026-10-04,20:20
SWA1652,KVPS,KBWI,1,2026-09-30,19:23
SWA1653,KBNA,KLAS,3,2026-10-06,21:21
SWA1653,KBWI,KMIA,1,2026-09-30,15:12
SWA1653,KMIA,KAUS,1,2026-09-30,18:36
SWA1653,KSTL,KDTW,1,2026-10-03,21:56
SWA1653,KSTS,KBUR,1,2026-10-04,18:32
SWA1654,KCLE,KMDW,1,2026-09-30,17:03
SWA1654,KDEN,KLGA,3,2026-10-06,00:25
SWA1654,KDEN,KOMA,1,2026-10-03,21:00
SWA1654,KPHX,KSJC,1,2026-10-04,15:17
SWA1655,KDEN,KLGB,4,2026-10-05,15:19
SWA1655,KDEN,KSAN,1,2026-09-30,18:31
SWA1655,KLGB,KSLC,1,2026-10-05,22:55
SWA1655,KSAN,KLAS,1,2026-09-30,21:34
SWA1656,KCMH,KSTL,2,2026-10-01,23:58
SWA1656,KDEN,KLGA,3,2026-10-05,17:40
SWA1656,KRSW,KCMH,1,2026-10-04,14:13
SWA1656,KSLC,KLAS,1,2026-10-06,20:41
SWA1657,KDEN,KLGB,2,2026-10-05,01:49
SWA1657,KDEN,KSAN,1,2026-09-30,15:38
SWA1657,KRNO,KBUR,3,2026-10-05,13:23
SWA1658,KDEN,KPIT,1,2026-10-04,16:45
SWA1658,KDEN,KSAN,1,2026-10-01,22:32
SWA1658,KMDW,KDCA,1,2026-10-06,18:19
SWA1658,KMKE,KDEN,3,2026-10-05,10:38
SWA1658,KOAK,KMDW,1,2026-10-06,13:27
SWA1658,KPHX,KSAN,1,2026-10-03,15:30
SWA1658,KPIT,KSRQ,1,2026-10-04,20:13
SWA1658,KSRQ,KMCO,1,2026-10-04,23:21
SWA1659,KDEN,KMCI,3,2026-10-05,11:13
SWA1659,KDEN,KSAN,2,2026-10-01,01:26
SWA1659,KLAS,KMDW,1,2026-10-03,16:16
SWA166,KLGA,KDEN,1,2026-09-30,18:55
SWA1660,KLAS,KBHM,2,2026-10-05,20:27
SWA1660,KLAX,KLAS,3,2026-10-05,18:38
SWA1660,KSAN,KSFO,1,2026-09-30,20:02
SWA1660,KSMF,KLAX,3,2026-10-05,16:16
SWA1661,KBNA,KHOU,4,2026-10-06,18:18
SWA1661,KDEN,KMCI,1,2026-10-03,15:26
SWA1661,KDEN,KSAT,1,2026-09-30,17:16
SWA1661,KMCI,KHOU,1,2026-10-03,17:27
SWA1662,KDEN,KTUS,1,2026-10-06,15:03
SWA1662,KPHX,KLAS,3,2026-10-06,23:42
SWA1662,KSJC,KBUR,2,2026-10-01,01:37
SWA1663,KBDL,KDEN,1,2026-10-03,18:45
SWA1663,KBNA,KAUS,3,2026-10-05,14:33
SWA1663,KDEN,KSAT,1,2026-09-30,20:31
SWA1663,KECP,KBNA,3,2026-10-05,12:18
SWA1663,KHOU,KSAT,1,2026-10-06,20:39
SWA1663,KMCI,KDCA,1,2026-10-04,18:26
SWA1663,KTPA,KBDL,1,2026-10-03,15:14
SWA1664,KAUS,KBNA,1,2026-10-06,15:09
SWA1664,KCOS,KDEN,3,2026-10-05,13:00
SWA1664,KHOU,KMAF,1,2026-10-04,01:15
SWA1664,KMCI,KMDW,1,2026-10-04,15:47
SWA1664,KSMF,KBUR,2,2026-10-01,04:11
SWA1665,KBWI,KMSP,1,2026-09-30,16:46
SWA1665,KDAL,KLAS,2,2026-10-05,15:20
SWA1665,KDEN,KMSP,1,2026-10-04,16:56
SWA1665,KLAS,KDEN,1,2026-10-03,13:18
SWA1666,KDEN,KMCI,4,2026-10-06,05:03
SWA1666,KHOU,KMIA,1,2026-10-03,16:13
SWA1666,KSLC,KPHX,1,2026-09-30,20:22
SWA1667,KDEN,KMCO,5,2026-10-05,11:22
SWA1667,KSAN,KSJC,1,2026-09-30,18:58
SWA1668,KABQ,KDEN,1,2026-10-06,15:22
SWA1668,KDAL,KABQ,1,2026-10-06,12:57
SWA1668,KDEN,KMCO,4,2026-10-06,14:08
SWA1668,KMCO,KDCA,1,2026-10-03,18:23
SWA1669,KBWI,KTPA,1,2026-10-06,15:57
SWA1669,KDEN,KBWI,2,2026-10-06,11:54
SWA1669,KDEN,KMCO,1,2026-10-03,16:54
SWA1669,KSMF,KSAN,2,2026-10-01,00:40
SWA167,KALB,KBWI,5,2026-10-05,10:08
SWA167,KBOS,KBWI,1,2026-10-06,19:41
SWA167,KDEN,KOKC,1,2026-09-30,17:34
SWA1670,KHOU,KFLL,1,2026-09-30,17:21
SWA1670,KLAS,KBUF,1,2026-10-04,22:00
SWA1670,KMCO,KMDW,3,2026-10-06,23:23
SWA1670,KSJC,KBUR,1,2026-10-05,04:04
SWA1671,KDEN,KMCO,5,2026-10-06,01:34
SWA1672,KDEN,KMCO,4,2026-10-06,06:15
SWA1672,KMCI,KDAL,1,2026-10-03,17:37
SWA1672,KOAK,KBOI,1,2026-09-30,20:29
SWA1673,KDEN,KMDW,3,2026-10-05,12:03
SWA1673,KMDW,KMEM,1,2026-10-03,16:09
SWA1673,KONT,KSMF,2,2026-10-01,00:17
SWA1674,KBUF,KBNA,1,2026-09-30,13:50
SWA1674,KBWI,KBNA,1,2026-10-05,23:25
SWA1674,KDEN,KMDW,4,2026-10-06,14:10
SWA1675,KDEN,KMDW,4,2026-10-05,16:51
SWA1675,KDEN,KTPA,1,2026-10-06,12:17
SWA1675,KHOU,KOMA,1,2026-10-03,17:04
SWA1675,KMDW,KMCO,1,2026-10-04,17:42
SWA1675,KOMA,KSTL,1,2026-10-03,19:52
SWA1676,KDEN,KMDW,6,2026-10-06,21:15
SWA1677,KELP,KPHX,1,2026-10-06,03:01
SWA1677,KMCO,KMCI,1,2026-10-03,18:17
SWA1677,KMDW,KBOS,1,2026-09-30,11:48
SWA1677,KPHX,KDEN,3,2026-10-06,05:21
SWA1678,KDCA,KSTL,1,2026-09-30,16:14
SWA1678,KLAS,KAUS,1,2026-10-04,20:03
SWA1678,KMDW,KMCO,3,2026-10-05,21:21
SWA1679,KATL,KMCO,1,2026-10-05,01:12
SWA1679,KDEN,KSJC,2,2026-10-01,03:41
SWA1679,KMCO,KSAT,3,2026-10-05,12:11
SWA1679,KMCO,KPHL,1,2026-10-03,13:19
SWA1679,KSAT,KDAL,3,2026-10-05,15:39
SWA1679,KSTL,KATL,1,2026-10-04,22:14
SWA168,KALB,KBWI,4,2026-10-06,13:32
SWA168,KDEN,KOAK,2,2026-10-01,03:33
SWA168,KLAS,KMCI,1,2026-10-04,13:19
SWA168,KPHX,KMKE,1,2026-10-03,16:15
SWA168,KSAN,KPHX,1,2026-10-03,14:10
SWA1680,KBWI,KHOU,1,2026-10-04,12:22
SWA1680,KDAL,KAUS,1,2026-10-06,13:06
SWA1680,KDEN,KMEM,3,2026-10-05,17:17
SWA1680,KDEN,KSLC,1,2026-09-30,15:16
SWA1680,KPVD,KBWI,1,2026-10-03,16:08
SWA1681,KMDW,KMKE,1,2026-10-06,15:35
SWA1681,KPHX,KGEG,1,2026-10-04,14:52
SWA1681,KSNA,KSJC,1,2026-09-30,18:34
SWA1682,KBWI,KRDU,1,2026-10-06,23:05
SWA1682,KDEN,KDAL,2,2026-10-06,22:44
SWA1682,KLAS,KPHX,1,2026-10-04,22:28
SWA1682,KLAS,KSJC,1,2026-09-30,16:51
SWA1683,KDEN,KMDW,3,2026-10-06,03:29
SWA1683,KMSY,KLAS,1,2026-10-03,18:23
SWA1683,KSFO,KBNA,2,2026-10-01,06:14
SWA1683,KSMF,KPHX,1,2026-10-05,03:36
SWA1684,KAUS,KDEN,1,2026-10-03,15:21
SWA1684,KDEN,KMKE,2,2026-10-06,20:22
SWA1684,KMKE,KSTL,1,2026-10-04,23:01
SWA1684,KPHX,KSLC,1,2026-10-06,15:37
SWA1684,KSLC,KDEN,1,2026-10-06,18:05
SWA1685,KBNA,KDAL,1,2026-10-06,13:32
SWA1685,KBNA,KSAV,1,2026-10-03,20:55
SWA1685,KBWI,KRSW,1,2026-10-05,01:16
SWA1685,KCMH,KATL,3,2026-10-05,13:10
SWA1685,KICT,KLAS,1,2026-09-30,17:55
SWA1685,KMDW,KICT,1,2026-09-30,15:22
SWA1686,KDAL,KMCI,1,2026-10-03,16:54
SWA1686,KMCI,KMDW,1,2026-10-03,19:21
SWA1686,KSAN,KLAS,3,2026-10-05,22:37
SWA1686,KSAT,KDAL,1,2026-10-03,15:13
SWA1687,KAUS,KHOU,1,2026-10-03,13:52
SWA1687,KCLT,KBWI,1,2026-10-06,22:28
SWA1687,KDAL,KVPS,1,2026-10-04,19:12
SWA1687,KDEN,KSMF,2,2026-10-01,02:28
SWA1687,KMDW,KSTL,2,2026-10-06,04:27
SWA1687,KVPS,KBNA,1,2026-10-04,21:45
SWA1688,KDEN,KMSP,1,2026-10-06,19:19
SWA1688,KHOU,KONT,1,2026-10-03,13:38
SWA1688,PHNL,PHOG,2,2026-10-01,03:34
SWA1689,KBWI,KATL,1,2026-10-06,12:43
SWA1689,KHOU,KDEN,1,2026-10-04,17:28
SWA1689,KOKC,KLAS,3,2026-10-05,12:14
SWA1689,KSAN,KPHX,1,2026-10-03,18:17
SWA169,KLAS,MMUN,3,2026-10-05,15:32
SWA1690,KBNA,KVPS,1,2026-10-03,19:05
SWA1690,KBOI,KDEN,1,2026-09-30,19:12
SWA1690,KLAS,KSTS,1,2026-10-06,16:46
SWA1690,KPHX,KTPA,3,2026-10-06,01:32
SWA1690,KPHX,KPDX,1,2026-10-04,15:14
SWA1690,KSAN,KBOI,1,2026-09-30,16:35
SWA1690,KSJC,KPHX,2,2026-10-05,22:28
SWA1690,KSNA,KLAS,1,2026-10-06,14:27
SWA1691,KBNA,KDAL,1,2026-10-05,00:38
SWA1691,KDCA,KPVD,3,2026-10-05,21:13
SWA1691,KDEN,KSNA,1,2026-09-30,19:23
SWA1691,KSJC,KLAS,1,2026-10-03,21:27
SWA1691,KTPA,KIND,1,2026-10-06,19:08
SWA1692,KDEN,KSNA,2,2026-10-01,23:34
SWA1692,KDEN,KPHX,1,2026-10-06,18:42
SWA1692,KLAS,KSJC,1,2026-10-04,21:34
SWA1692,KMCI,KBWI,3,2026-10-06,23:11
SWA1692,KSNA,KOAK,2,2026-10-01,02:25
SWA1693,KBNA,KAUS,2,2026-10-05,21:35
SWA1693,KBWI,KGSP,1,2026-09-30,22:26
SWA1693,KDEN,KMSY,2,2026-10-06,00:36
SWA1693,KLAS,KSLC,1,2026-10-05,06:37
SWA1694,KBWI,KSAT,3,2026-10-05,13:06
SWA1694,KCLE,KBWI,1,2026-10-03,10:11
SWA1694,KDEN,KSTL,1,2026-09-30,12:41
SWA1694,KIND,KMDW,1,2026-10-06,21:09
SWA1695,KBWI,KALB,1,2026-10-03,11:40
SWA1695,KDEN,KSTL,1,2026-09-30,17:37
SWA1695,KMCO,KBWI,1,2026-10-06,13:23
SWA1695,KRIC,KDEN,3,2026-10-06,21:16
SWA1696,KCMH,KPHX,1,2026-10-03,11:07
SWA1696,KDEN,KOAK,3,2026-10-05,14:46
SWA1696,KLAS,KIND,1,2026-10-06,15:11
SWA1696,KLGB,KDEN,1,2026-10-04,14:08
SWA1696,KSMF,KLAS,1,2026-09-30,15:54
SWA1697,KDEN,KOAK,1,2026-10-03,15:07
SWA1697,KDTW,KSTL,1,2026-10-06,15:06
SWA1697,KSTL,KBNA,1,2026-10-06,17:16
SWA1698,KDEN,KOAK,4,2026-10-05,20:28
SWA1698,KHOU,KOKC,1,2026-10-04,20:35
SWA1698,KOAK,KSNA,1,2026-10-06,21:43
SWA1698,KOKC,KPHX,1,2026-10-05,22:56
SWA1698,KPDX,KDEN,1,2026-09-30,21:02
SWA1699,KHOU,KCMH,1,2026-09-30,17:01
SWA1699,KHOU,KTPA,1,2026-10-03,15:57
SWA1699,KLAS,KSAN,1,2026-10-06,18:19
SWA1699,KMDW,KBWI,1,2026-10-04,18:24
SWA1699,KSJC,KLAS,3,2026-10-05,18:00
SWA17,KABQ,KDAL,1,2026-10-06,13:52
SWA17,KDAL,KHOU,3,2026-10-06,16:15
SWA17,KLAS,KDAL,1,2026-10-04,13:24
SWA170,KBNA,KJAX,1,2026-10-02,23:45
SWA170,KDEN,KPIT,1,2026-09-30,17:39
SWA1700,KDEN,KOAK,4,2026-10-06,03:28
SWA1700,KDEN,KATL,1,2026-10-05,01:09
SWA1700,KHOU,KATL,1,2026-09-30,20:06
SWA1701,KBUR,KLAS,1,2026-10-03,20:43
SWA1701,KLAS,KSMF,1,2026-10-03,22:34
SWA1701,KLAX,KDEN,1,2026-10-05,23:09
SWA1701,KOAK,KSNA,1,2026-09-30,22:18
SWA1701,KPDX,KLAS,2,2026-10-05,12:25
SWA1702,KDEN,KOKC,4,2026-10-05,17:04
SWA1702,KMCI,KBNA,1,2026-10-06,12:22
SWA1702,KMCI,KLAS,1,2026-10-04,16:07
SWA1702,KSJC,KLAS,1,2026-09-30,19:09
SWA1703,KDEN,KTPA,2,2026-10-01,01:14
SWA1703,KDEN,KSFO,1,2026-10-04,21:58
SWA1703,KFAT,KDEN,3,2026-10-05,18:52
SWA1703,KGEG,KPHX,1,2026-10-06,13:21
SWA1703,KLAS,KFAT,3,2026-10-05,16:50
SWA1703,KPHX,KMSY,1,2026-10-06,17:09
SWA1704,KDEN,KOKC,3,2026-10-06,02:18
SWA1704,KMDW,KSDF,1,2026-09-30,18:33
SWA1704,KSDF,KBNA,1,2026-09-30,20:18
SWA1704,KSEA,KDAL,1,2026-10-04,21:56
SWA1704,KSJC,KSEA,1,2026-10-03,17:09
SWA1705,KDEN,KOMA,3,2026-10-05,14:44
SWA1705,KHOU,KOMA,1,2026-10-06,13:57
SWA1705,KMDW,KSJC,1,2026-10-04,15:09
SWA1705,KOMA,KLGA,1,2026-10-06,16:48
SWA1705,PHNL,PHOG,1,2026-09-30,19:55
SWA1706,KDEN,KSJC,1,2026-10-04,14:45
SWA1706,KLAS,KBUR,1,2026-10-03,18:24
SWA1706,KLGB,KOAK,3,2026-10-06,22:34
SWA1706,KOAK,KLGB,1,2026-09-30,14:54
SWA1707,KBWI,KRSW,1,2026-10-01,22:02
SWA1707,KDEN,KOMA,4,2026-10-06,23:32
SWA1707,KDEN,KHOU,1,2026-10-03,19:49
SWA1707,KOMA,KSTL,1,2026-10-06,21:51
SWA1707,KSFO,KDEN,1,2026-10-03,16:42
SWA1708,KATL,KBWI,1,2026-10-06,11:34
SWA1708,KDEN,KTUS,1,2026-09-30,15:14
SWA1708,KLAS,KRNO,1,2026-09-30,20:03
SWA1708,KLAS,KSBA,1,2026-10-04,02:44
SWA1708,KLAS,KSTL,1,2026-10-04,16:03
SWA1708,KLAX,KLAS,1,2026-10-04,12:17
SWA1708,KTUS,KLAS,1,2026-09-30,17:50
SWA1709,KDEN,KTYS,1,2026-10-04,17:04
SWA1709,KLAS,KDSM,1,2026-10-03,19:38
SWA1709,KLAS,KPDX,1,2026-10-06,16:49
SWA1709,KPIT,KTPA,1,2026-09-30,11:40
SWA171,KBNA,KGSP,1,2026-09-30,00:08
SWA171,MMUN,KLAS,1,2026-10-02,21:51
SWA1711,KBNA,KPHX,2,2026-10-05,10:51
SWA1711,KDEN,KTYS,1,2026-09-30,18:36
SWA1711,KLGA,KBNA,1,2026-10-03,17:35
SWA1711,KSAN,KLAS,1,2026-10-04,21:19
SWA1712,KDEN,KONT,2,2026-10-05,02:43
SWA1712,KDSM,KDEN,1,2026-09-30,12:30
SWA1712,KPHX,KBOI,1,2026-10-06,15:54
SWA1713,KDEN,KONT,4,2026-10-06,03:27
SWA1713,KDEN,KMCI,1,2026-09-30,13:04
SWA1713,KLAS,KFAT,1,2026-10-04,03:03
SWA1713,KSTL,KDEN,1,2026-10-05,00:09
SWA1714,KCMH,KBWI,1,2026-10-06,20:25
SWA1714,KDEN,KPHX,3,2026-10-06,00:33
SWA1714,KISP,KBWI,1,2026-09-30,15:13
SWA1715,KBNA,KORF,3,2026-10-05,20:27
SWA1715,KDEN,KORF,1,2026-10-04,20:10
SWA1715,KDSM,KMDW,1,2026-09-30,11:24
SWA1715,KORF,KBWI,3,2026-10-05,22:34
SWA1715,KSAN,KPHX,1,2026-10-06,22:41
SWA1716,KAUS,KBNA,1,2026-10-04,19:01
SWA1716,KELP,KLAS,1,2026-10-06,16:51
SWA1716,KSRQ,KBNA,1,2026-10-03,10:06
SWA1717,KAUS,KPHX,1,2026-10-04,16:52
SWA1717,KDEN,KPDX,3,2026-10-05,18:56
SWA1717,KDTW,KBNA,1,2026-09-30,10:08
SWA1717,KPDX,KSMF,4,2026-10-05,22:26
SWA1717,KPHX,KDEN,3,2026-10-05,16:26
SWA1717,KSAN,KLAS,1,2026-10-06,18:52
SWA1717,KSMF,KPSP,3,2026-10-06,00:29
SWA1718,KBUR,KDEN,1,2026-10-03,17:06
SWA1718,KBWI,KCVG,1,2026-10-04,14:35
SWA1718,KCVG,KMCO,1,2026-10-04,16:52
SWA1718,KLBB,KDAL,1,2026-10-01,17:56
SWA1718,KPDX,KSJC,1,2026-09-30,13:59
SWA1718,KPHX,KDAL,2,2026-10-05,12:33
SWA1718,KPHX,KLBB,1,2026-10-01,12:32
SWA1719,KDEN,KCHS,1,2026-10-04,21:49
SWA1719,KLAS,KSEA,1,2026-09-30,21:49
SWA1719,KLAX,KLAS,1,2026-09-30,19:10
SWA1719,KPDX,KSMF,1,2026-10-05,05:11
SWA172,KCOS,KDAL,1,2026-10-06,12:15
SWA172,KDAL,KLIT,4,2026-10-06,03:18
SWA172,KDAL,KDCA,1,2026-09-30,19:25
SWA172,KOAK,KDAL,1,2026-09-30,15:20
SWA172,KSMF,KDAL,3,2026-10-06,23:24
SWA1722,KDTW,KBWI,1,2026-09-30,09:41
SWA1722,KICT,KDEN,1,2026-10-03,19:46
SWA1722,KSTL,KMDW,1,2026-10-04,22:45
SWA1723,KDEN,KPHL,3,2026-10-05,17:19
SWA1724,KBNA,KMDW,3,2026-10-05,20:12
SWA1724,KBWI,KSDF,1,2026-10-06,19:40
SWA1724,KHOU,KIND,2,2026-10-01,23:36
SWA1724,KIND,KBWI,1,2026-10-03,22:31
SWA1724,KPHX,KOKC,1,2026-10-04,15:02
SWA1724,KSDF,KTPA,1,2026-10-06,21:55
SWA1725,KBNA,KLIT,1,2026-10-04,12:56
SWA1725,KDEN,KSTL,3,2026-10-06,23:00
SWA1725,KDTW,KMDW,1,2026-09-30,13:00
SWA1725,KLIT,KDEN,1,2026-10-04,14:57
SWA1725,KMCO,KSDF,1,2026-10-03,17:22
SWA1726,KBWI,KBNA,1,2026-10-04,19:31
SWA1726,KMDW,KLAX,3,2026-10-06,02:47
SWA1726,KSAN,KSFO,1,2026-09-30,13:36
SWA1727,KBWI,KSRQ,2,2026-10-01,22:28
SWA1727,KISP,KBWI,1,2026-10-03,10:25
SWA1727,KSJC,KLAS,1,2026-10-04,18:01
SWA1728,KDEN,KPHX,5,2026-10-05,15:00
SWA1728,KDEN,KATL,1,2026-10-06,19:45
SWA1728,KPHX,KBUR,1,2026-10-04,16:59
SWA1728,KSAN,KSMF,1,2026-09-30,18:56
SWA1729,KDEN,KPHX,3,2026-10-05,20:53
SWA1729,KECP,KBNA,1,2026-09-30,12:50
SWA1729,KORF,KDEN,3,2026-10-05,15:49
SWA1729,KPHX,KAUS,3,2026-10-06,23:55
SWA1729,KPHX,KMDW,1,2026-10-04,12:13
SWA1729,KPIT,KMCO,1,2026-10-03,15:58
SWA1729,KSBA,KLAS,1,2026-10-06,21:37
SWA173,KALB,KBWI,3,2026-10-06,20:21
SWA173,KBOI,KDEN,1,2026-09-30,20:44
SWA173,KLAS,KALB,3,2026-10-06,14:57
SWA1730,KDEN,KPHX,5,2026-10-05,19:07
SWA1730,KECP,KBNA,1,2026-09-30,21:55
SWA1730,KPHX,KBUR,1,2026-10-04,20:47
SWA1731,KBWI,KMHT,3,2026-10-06,14:59
SWA1731,KBWI,KMCI,1,2026-10-04,12:45
SWA1731,KLAS,KPHX,1,2026-09-30,22:05
SWA1731,KMCO,KRIC,1,2026-10-03,18:02
SWA1731,KRIC,KBWI,1,2026-10-03,20:30
SWA1732,KDCA,KMCO,1,2026-10-04,16:32
SWA1732,KHOU,KMCO,2,2026-10-06,22:08
SWA1732,KIND,KHOU,1,2026-10-03,16:53
SWA1732,KLAS,KAUS,1,2026-10-06,18:26
SWA1732,KMCO,KSAT,1,2026-10-04,19:39
SWA1733,KDEN,KBUR,1,2026-10-04,14:48
SWA1733,KDEN,KPHX,1,2026-10-04,23:12
SWA1733,KOAK,KLAS,1,2026-10-06,12:44
SWA1734,KDEN,KPHX,5,2026-10-06,01:20
SWA1734,KPHX,KONT,3,2026-10-06,04:07
SWA1737,KDEN,KPHX,3,2026-10-06,03:37
SWA1737,KSAN,KDEN,1,2026-10-03,15:41
SWA1738,KDEN,KSTL,1,2026-10-05,22:29
SWA1738,KLAS,KCMH,3,2026-10-05,15:10
SWA1738,KSDF,KMCO,1,2026-10-03,13:55
SWA1739,KDEN,KPIT,4,2026-10-05,17:14
SWA1739,KLAX,KMSY,1,2026-10-04,18:33
SWA1739,KMSY,KATL,1,2026-10-04,23:00
SWA174,KBUR,KLAS,1,2026-09-30,19:30
SWA174,KDAL,KSAT,2,2026-10-01,02:23
SWA174,KDCA,KMKE,1,2026-10-03,10:18
SWA174,KDEN,KOKC,1,2026-10-06,21:45
SWA174,KLAS,KDAL,1,2026-09-30,21:26
SWA1740,KAUS,KMCO,2,2026-10-06,22:17
SWA1740,KHOU,KSAN,1,2026-10-05,21:46
SWA1740,KLGA,KSTL,2,2026-10-01,22:31
SWA1741,KLAS,KSMF,3,2026-10-05,16:21
SWA1741,KLAS,KDEN,1,2026-10-04,01:52
SWA1741,KMDW,KBOS,1,2026-10-06,21:32
SWA1741,KTPA,KMKE,1,2026-10-05,01:52
SWA1742,KDEN,KPSP,4,2026-10-05,14:46
SWA1742,KFLL,KPIT,1,2026-10-06,19:53
SWA1742,KPSP,KOAK,4,2026-10-05,17:23
SWA1742,KPSP,KSJC,1,2026-10-04,17:48
SWA1743,KDEN,KPSP,3,2026-10-06,03:26
SWA1743,KLAS,KOKC,1,2026-10-04,20:37
SWA1743,KLAS,KSFO,1,2026-10-03,20:30
SWA1744,KHOU,KPHX,4,2026-10-05,13:22
SWA1745,KBNA,KLIT,3,2026-10-05,13:28
SWA1745,KDAL,KTUL,1,2026-10-03,17:54
SWA1745,KDEN,KRNO,1,2026-10-04,21:15
SWA1745,KLIT,KDAL,3,2026-10-05,15:33
SWA1745,KMCO,KDCA,1,2026-09-30,17:54
SWA1745,KMSY,KDAL,1,2026-10-03,15:59
SWA1745,KRNO,KSJC,1,2026-10-05,23:56
SWA1745,KSDF,KDEN,1,2026-10-04,17:39
SWA1745,KSJC,KSLC,1,2026-10-05,01:28
SWA1745,KTUL,KLAS,1,2026-10-03,19:24
SWA1746,KDEN,KRDU,4,2026-10-06,01:46
SWA1746,KMCO,KMKE,1,2026-09-30,13:09
SWA1747,KBNA,KDTW,2,2026-10-01,00:14
SWA1747,KDEN,KLIT,1,2026-10-04,16:55
SWA1747,KDEN,KRIC,1,2026-10-03,18:59
SWA1747,KPHX,KDAL,1,2026-10-06,18:51
SWA1748,KAUS,KSTL,1,2026-10-03,12:24
SWA1748,KBWI,KSDF,3,2026-10-05,14:11
SWA1748,KDEN,KOKC,1,2026-10-05,01:25
SWA1748,KSDF,KMCO,3,2026-10-05,16:28
SWA1749,KDAL,KBHM,1,2026-10-04,13:17
SWA1749,KIND,KMDW,1,2026-10-03,19:48
SWA1749,KLAX,KPHX,3,2026-10-05,17:39
SWA1749,KMDW,KLAX,3,2026-10-05,12:23
SWA1749,KMDW,KATL,1,2026-10-06,12:55
SWA175,KATL,KHOU,4,2026-10-05,14:27
SWA175,KBZN,KLAS,1,2026-10-04,12:13
SWA175,KCLE,KMDW,2,2026-10-01,23:27
SWA175,KHOU,KLAX,4,2026-10-05,17:31
SWA1751,KDEN,KBWI,1,2026-10-03,14:48
SWA1751,KOKC,KAUS,1,2026-09-30,18:27
SWA1751,KSAN,KLAS,3,2026-10-05,18:51
SWA1752,KDAL,KRDU,2,2026-10-05,18:06
SWA1752,KLAX,KOAK,1,2026-09-30,00:01
SWA1752,KMCI,KDAL,3,2026-10-05,15:44
SWA1752,KMDW,KBNA,1,2026-10-04,18:05
SWA1752,KPHX,KSFO,1,2026-10-06,16:53
SWA1752,KSJC,KMDW,1,2026-10-04,13:25
SWA1753,KDEN,KSAN,4,2026-10-05,14:10
SWA1753,KFLL,KIND,1,2026-10-06,13:28
SWA1753,KIND,KPHX,1,2026-10-03,17:14
SWA1754,KDEN,KSAN,5,2026-10-06,15:11
SWA1754,KLAS,PHNL,1,2026-09-30,17:19
SWA1754,KLGB,KLAS,1,2026-10-03,17:26
SWA1755,KDEN,KSAN,4,2026-10-05,18:52
SWA1755,KSNA,KLAS,1,2026-10-03,21:46
SWA1756,KDEN,KSAN,2,2026-10-06,19:55
SWA1756,KLAS,KPHX,1,2026-10-05,06:33
SWA1756,KLGB,KPDX,3,2026-10-06,23:37
SWA1756,KSAN,KLAS,1,2026-10-06,19:42
SWA1756,KSAN,KSJC,1,2026-10-03,23:01
SWA1757,KDEN,KPHX,2,2026-10-03,03:40
SWA1758,KMDW,KPHL,1,2026-09-30,20:48
SWA1758,KONT,KDEN,1,2026-10-05,01:11
SWA1758,KPHX,KCOS,1,2026-10-03,16:08
SWA1758,KSLC,KMDW,1,2026-10-06,19:32
SWA1759,KALB,KTPA,1,2026-10-03,19:05
SWA1759,KBWI,KALB,1,2026-10-03,17:22
SWA1759,KMCO,KSTL,3,2026-10-05,12:48
SWA1759,KNPA,KBNA,1,2026-09-30,21:31
SWA1759,KPHX,KSDF,1,2026-10-05,21:27
SWA1759,KSDF,KMDW,1,2026-10-05,01:24
SWA176,KALB,KBWI,3,2026-10-05,21:42
SWA176,KBNA,KVPS,1,2026-10-04,13:29
SWA176,KDEN,KALB,3,2026-10-05,17:45
SWA176,KOAK,KDEN,2,2026-10-01,01:48
SWA176,KSTL,KCLE,1,2026-10-03,15:24
SWA176,KVPS,KHOU,1,2026-10-04,15:31
SWA1760,KDEN,KSAT,3,2026-10-05,13:06
SWA1760,KMCO,KTYS,1,2026-10-04,21:58
SWA1760,KMKE,KMCO,1,2026-09-30,19:23
SWA1760,KSJC,KPHX,1,2026-10-03,18:37
SWA1761,KDEN,KRDU,3,2026-10-05,17:02
SWA1761,KIND,KTPA,1,2026-10-03,14:07
SWA1761,KLAS,KSAT,1,2026-10-06,16:33
SWA1761,KPHL,KSTL,1,2026-09-30,19:06
SWA1761,KSFO,KLAS,1,2026-10-04,15:58
SWA1762,KAUS,KMSY,1,2026-10-03,18:47
SWA1762,KEUG,KDEN,1,2026-09-30,13:53
SWA1762,KLAS,KSAN,3,2026-10-05,17:43
SWA1762,KMDW,KDCA,1,2026-10-04,14:37
SWA1763,KBWI,KBNA,3,2026-10-06,23:31
SWA1763,KIND,KPHX,1,2026-10-03,19:14
SWA1763,KPHX,KDEN,1,2026-10-05,23:36
SWA1764,KABQ,KDAL,1,2026-10-06,21:19
SWA1764,KDEN,KAUS,3,2026-10-06,23:46
SWA1764,KMCO,KTUL,1,2026-10-03,21:12
SWA1764,KMDW,KPIT,1,2026-10-04,13:02
SWA1764,KTUL,KDEN,1,2026-10-04,00:17
SWA1765,KDEN,KSBA,4,2026-10-06,04:53
SWA1765,KMDW,KSDF,1,2026-10-04,20:22
SWA1765,KPHX,KDAL,2,2026-10-01,02:46
SWA1765,KSDF,KBNA,1,2026-10-04,22:16
SWA1765,KSJC,KSNA,1,2026-09-30,22:32
SWA1765,KSNA,KPHX,2,2026-10-01,00:24
SWA1766,KDEN,KSDF,4,2026-10-05,20:33
SWA1766,KHOU,KSDF,1,2026-10-06,21:20
SWA1766,KSDF,KMCO,4,2026-10-06,23:49
SWA1767,KDAL,KDEN,2,2026-10-05,19:34
SWA1767,KDEN,KMEM,1,2026-10-06,17:16
SWA1767,KEUG,KSMF,1,2026-09-30,12:46
SWA1767,KMEM,KBNA,1,2026-10-06,19:56
SWA1767,KSAN,KDEN,1,2026-10-03,19:52
SWA1768,KDAL,KLAS,3,2026-10-06,04:55
SWA1768,KHOU,KJAX,1,2026-10-03,19:59
SWA1768,KSAN,KBWI,1,2026-10-05,21:47
SWA1769,KBNA,KSTL,1,2026-10-06,14:18
SWA1769,KBWI,KBNA,1,2026-10-06,11:37
SWA1769,KDEN,KSEA,3,2026-10-06,01:41
SWA1769,KFAT,KLAS,1,2026-09-30,12:39
SWA1769,KSEA,KSMF,4,2026-10-06,05:12
SWA1769,KSTL,KMDW,1,2026-10-06,16:17
SWA177,KMCO,KAUS,1,2026-09-30,17:52
SWA1770,KAUS,KSAN,2,2026-10-06,04:19
SWA1770,KDCA,KAUS,3,2026-10-06,23:14
SWA1770,KLAS,KMSY,1,2026-10-04,15:03
SWA1771,KDAL,KMAF,1,2026-10-03,18:24
SWA1771,KDEN,KSAN,3,2026-10-05,20:41
SWA1771,KPHX,KSAT,1,2026-10-04,15:33
SWA1772,KAUS,KSTL,1,2026-09-30,21:24
SWA1772,KBWI,KSAN,1,2026-10-06,10:35
SWA1772,KDEN,KSFO,4,2026-10-05,18:59
SWA1772,KIND,KMCO,1,2026-10-03,14:15
SWA1772,KSAN,KSMF,1,2026-10-06,16:57
SWA1773,KDEN,KSFO,4,2026-10-06,01:02
SWA1773,KHOU,KLGA,1,2026-09-30,20:40
SWA1773,KSRQ,KMDW,1,2026-10-06,20:45
SWA1774,KFLL,KBNA,1,2026-09-30,14:37
SWA1774,KIND,KBWI,1,2026-10-03,17:10
SWA1775,KDEN,KSJC,4,2026-10-05,14:47
SWA1775,KLAS,KSAT,1,2026-10-04,12:24
SWA1775,KMDW,KBNA,1,2026-10-06,19:39
SWA1775,KSAT,KMCI,1,2026-10-04,15:53
SWA1776,KDEN,KTUL,3,2026-10-05,17:08
SWA1776,KHOU,KLAS,1,2026-10-04,13:16
SWA1776,KLAS,KDAL,1,2026-10-06,12:52
SWA1776,KLAS,KSAN,1,2026-10-04,17:54
SWA1776,KMEM,KHOU,1,2026-10-03,11:22
SWA1776,KSAN,KOAK,1,2026-10-04,19:48
SWA1777,KDEN,KSJC,2,2026-10-06,23:04
SWA1777,KDEN,KABQ,1,2026-10-05,00:27
SWA1777,KFLL,KBNA,2,2026-10-01,22:56
SWA1777,KHOU,KDEN,3,2026-10-05,20:30
SWA1777,KOKC,KDEN,2,2026-10-06,22:04
SWA1778,KDAL,KLAX,1,2026-10-06,14:57
SWA1778,KDEN,KPDX,3,2026-10-06,03:32
SWA1778,KFLL,KBWI,1,2026-09-30,13:00
SWA1778,KMCI,KBWI,1,2026-10-04,11:17
SWA1778,KOAK,KSAN,1,2026-10-03,15:54
SWA1779,KBWI,KCHS,4,2026-10-05,16:29
SWA1779,KCHS,KBNA,3,2026-10-05,18:53
SWA1779,KDEN,KCLE,1,2026-10-04,16:59
SWA1779,KDEN,KHOU,1,2026-10-06,17:17
SWA178,KALB,KMDW,6,2026-10-06,12:15
SWA178,KSTL,KMKE,2,2026-10-01,23:50
SWA1780,KDEN,KSLC,4,2026-10-06,12:22
SWA1780,KPHX,KPDX,2,2026-10-01,23:04
SWA1781,KDEN,KICT,3,2026-10-06,02:29
SWA1781,KLAS,KDTW,1,2026-10-06,19:14
SWA1782,KDEN,KMIA,1,2026-10-04,19:06
SWA1782,KISP,KBWI,1,2026-10-06,20:44
SWA1782,KMDW,KLAS,3,2026-10-05,17:29
SWA1782,KMIA,KMCO,1,2026-10-05,23:42
SWA1782,KOAK,KLAX,1,2026-09-30,14:50
SWA1782,KONT,KDEN,1,2026-10-03,16:16
SWA1783,KJAX,KBWI,1,2026-09-30,18:23
SWA1783,KLAS,KTUL,1,2026-10-05,04:08
SWA1783,KMDW,KPHX,2,2026-10-06,22:12
SWA1783,KPHX,KLGB,1,2026-10-03,18:06
SWA1783,KSNA,KLAS,1,2026-10-05,02:28
SWA1784,KBWI,KSAN,1,2026-10-06,14:28
SWA1784,KDEN,KABQ,3,2026-10-06,03:56
SWA1784,KSFO,KDEN,1,2026-10-05,22:02
SWA1785,KDEN,KSLC,1,2026-10-04,22:31
SWA1785,KSAN,KMDW,1,2026-10-03,13:55
SWA1786,KMDW,KMEM,3,2026-10-05,15:50
SWA1786,KMEM,KMCO,3,2026-10-05,18:13
SWA1786,KPHX,KOMA,1,2026-10-06,15:35
SWA1786,KSEA,KPHX,1,2026-10-03,12:47
SWA1787,KDEN,KSMF,5,2026-10-05,15:02
SWA1787,KFLL,KHOU,1,2026-09-30,11:32
SWA1787,KSAN,KAUS,1,2026-10-06,16:46
SWA1788,KDEN,KSMF,5,2026-10-06,18:36
SWA1788,KFLL,KHOU,1,2026-09-30,22:26
SWA1788,KHOU,KOMA,3,2026-10-05,13:30
SWA1788,KJAX,KBNA,1,2026-10-03,15:27
SWA1788,KOMA,KDEN,3,2026-10-05,16:16
SWA1789,KHOU,KDEN,1,2026-10-06,17:16
SWA1789,KMAF,KDEN,3,2026-10-05,12:00
SWA1789,KMCI,KPHX,1,2026-09-30,16:44
SWA1789,KTPA,KBWI,1,2026-10-03,13:58
SWA179,KALB,KMDW,4,2026-10-06,23:37
SWA179,KAUS,KMSY,1,2026-09-30,18:25
SWA179,KBWI,KALB,3,2026-10-06,21:39
SWA179,KHOU,KBWI,1,2026-10-04,18:07
SWA1790,KDEN,KSMF,5,2026-10-06,01:08
SWA1790,KSAN,KSJC,2,2026-10-01,23:54
SWA1790,KTPA,KHOU,1,2026-10-06,17:07
SWA1791,KDEN,KSMF,4,2026-10-06,03:34
SWA1791,KDEN,KPHL,1,2026-10-04,16:51
SWA1792,KAUS,KDEN,1,2026-10-04,16:20
SWA1792,KBNA,KSAN,1,2026-10-06,13:46
SWA1792,KDEN,KPHL,3,2026-10-06,02:08
SWA1792,KFLL,KMCO,1,2026-09-30,20:56
SWA1792,KSTL,KRSW,1,2026-10-03,15:26
SWA1793,KBNA,KDAL,1,2026-10-04,13:06
SWA1793,KDAL,KSAN,1,2026-10-04,16:24
SWA1793,KFLL,KMDW,1,2026-09-30,11:28
SWA1793,KJAX,KHOU,1,2026-10-03,09:38
SWA1793,KPIT,KLAS,3,2026-10-06,00:02
SWA1794,KDEN,KSNA,3,2026-10-05,19:03
SWA1794,KJAX,KMDW,1,2026-10-03,21:09
SWA1794,KSNA,KSMF,1,2026-10-06,22:21
SWA1794,KSTL,KMCO,1,2026-10-05,23:57
SWA1795,KAUS,KIND,1,2026-10-03,19:25
SWA1795,KBWI,KSAV,1,2026-10-04,13:46
SWA1795,KLAS,KHOU,2,2026-10-06,01:48
SWA1795,KMCO,KDAL,1,2026-10-06,18:04
SWA1795,KSAV,KDAL,1,2026-10-04,16:04
SWA1796,KDEN,KSTL,4,2026-10-05,12:01
SWA1797,KDAL,KTPA,1,2026-10-04,00:17
SWA1797,KLAS,KMCO,3,2026-10-05,17:53
SWA1797,KLAS,KPHX,1,2026-10-05,03:17
SWA1797,KPHX,KDEN,1,2026-10-05,05:10
SWA1797,KRDU,KMDW,1,2026-09-30,18:01
SWA1797,KSTL,KDAL,1,2026-10-03,22:03
SWA1798,KDAL,KPHX,1,2026-10-05,03:41
SWA1798,KDEN,KSTL,4,2026-10-05,18:07
SWA1799,KBWI,KSDF,1,2026-10-03,14:40
SWA1799,KMDW,KBWI,3,2026-10-05,10:09
SWA1799,KSDF,KDEN,1,2026-10-03,17:03
SWA18,KDAL,KVPS,1,2026-10-03,17:52
SWA18,KHOU,KDAL,2,2026-10-03,15:56
SWA18,KLAS,KHOU,1,2026-10-03,12:23
SWA180,KBWI,KMIA,1,2026-09-30,12:46
SWA180,MMUN,KPHX,1,2026-10-03,19:26
SWA1800,KBZN,KDEN,1,2026-10-03,17:28
SWA1801,KDAL,KCHS,1,2026-10-03,19:44
SWA1801,KGEG,KDEN,1,2026-09-30,14:20
SWA1801,KLAS,KGEG,1,2026-10-06,17:09
SWA1802,KMCO,KBWI,1,2026-09-30,15:24
SWA1806,KDAL,KONT,1,2026-10-04,22:15
SWA1806,KDEN,KSTL,3,2026-10-06,03:17
SWA1806,KLAS,KDEN,1,2026-09-30,17:17
SWA1806,KRNO,KPHX,1,2026-10-06,12:51
SWA1807,KBNA,KTUL,1,2026-10-06,13:14
SWA1807,KDEN,KTPA,5,2026-10-05,11:11
SWA1807,KMCI,KMDW,1,2026-09-30,22:07
SWA1807,KTUL,KAUS,1,2026-10-06,15:32
SWA1808,KBWI,KFLL,1,2026-10-06,19:12
SWA1808,KDEN,KSLC,1,2026-10-03,18:42
SWA1808,KDEN,KTPA,1,2026-10-04,16:40
SWA1808,KSAN,KTUS,2,2026-10-01,02:12
SWA1809,KDAL,KSTL,1,2026-10-05,23:00
SWA1809,KDEN,KTPA,3,2026-10-06,22:56
SWA1809,KHOU,KLAS,1,2026-09-30,16:00
SWA1809,KLAS,KSMF,1,2026-09-30,20:38
SWA1810,KDEN,KTPA,4,2026-10-06,01:52
SWA1810,KHOU,KBNA,1,2026-10-06,12:18
SWA1810,KSAN,KSLC,2,2026-10-01,00:20
SWA1813,KBUR,KDEN,1,2026-10-04,19:01
SWA1813,KDEN,KTUL,4,2026-10-05,22:31
SWA1813,KTUL,KDAL,1,2026-10-06,22:13
SWA1816,KFAT,KDEN,1,2026-10-03,19:00
SWA1816,KFLL,KBWI,3,2026-10-06,23:54
SWA1816,KLAS,KFAT,1,2026-10-03,17:17
SWA1816,KOAK,KBUR,1,2026-10-05,04:16
SWA1816,KSLC,KSMF,1,2026-09-30,13:30
SWA1817,KAUS,KPHX,1,2026-10-06,14:18
SWA1817,KDEN,KTUS,2,2026-10-04,15:05
SWA1817,KLAX,KSFO,3,2026-10-05,19:33
SWA1817,KTPA,KAUS,1,2026-10-06,11:03
SWA1817,KTUS,KLAX,3,2026-10-05,16:47
SWA1817,KTUS,KLAS,1,2026-10-03,17:42
SWA1821,KDEN,KTUS,1,2026-10-03,20:14
SWA1821,KHOU,KBWI,1,2026-10-05,23:26
SWA1821,KLAS,KBUR,1,2026-10-06,22:33
SWA1821,KMDW,KTUS,3,2026-10-06,21:21
SWA1821,KSMF,KLAS,1,2026-10-06,20:22
SWA1821,KTUS,KLAS,3,2026-10-06,01:52
SWA1822,KDEN,KTUS,2,2026-10-06,00:34
SWA1822,KSMF,KONT,1,2026-09-30,18:59
SWA1822,KTUS,KPHX,1,2026-10-06,23:36
SWA1822,KTUS,KSAN,1,2026-10-05,03:11
SWA1823,KDEN,KTUS,5,2026-10-06,03:34
SWA1826,KDEN,KTYS,3,2026-10-05,20:42
SWA1826,KGRR,KMDW,1,2026-09-30,11:28
SWA1826,KMCO,KTYS,1,2026-10-06,19:01
SWA1826,KTYS,KBNA,4,2026-10-06,23:53
SWA1827,KBNA,KSAT,1,2026-10-06,18:03
SWA1827,KCMH,KBNA,1,2026-10-06,15:44
SWA1827,KDEN,KONT,3,2026-10-06,01:28
SWA1827,KLAS,KPDX,1,2026-10-04,15:12
SWA1827,KONT,KDAL,1,2026-10-03,13:27
SWA1827,KRSW,KCMH,1,2026-10-06,12:41
SWA1828,KBWI,KVPS,1,2026-10-06,16:20
SWA1828,KCLE,KBWI,1,2026-10-06,14:07
SWA1828,KGSP,KBNA,1,2026-09-30,11:02
SWA1828,KLAS,KBOI,1,2026-10-03,21:00
SWA1828,KLAS,KSTL,1,2026-10-04,18:25
SWA1828,KPHX,KSNA,3,2026-10-05,14:35
SWA183,KHOU,KSTL,1,2026-10-04,12:32
SWA183,KJAN,KHOU,2,2026-10-05,11:56
SWA183,KMCO,KSTL,2,2026-10-01,22:48
SWA1833,KDSM,KPHX,3,2026-10-05,19:10
SWA1833,KDSM,KLAS,1,2026-10-06,17:19
SWA1833,KMDW,KDSM,1,2026-10-06,15:08
SWA1836,KSAT,MMUN,1,2026-10-03,15:14
SWA1837,KATL,KTPA,3,2026-10-05,14:50
SWA1837,KDSM,KMDW,5,2026-10-05,10:21
SWA1837,KMDW,KATL,3,2026-10-05,12:12
SWA1837,KMDW,KLGA,1,2026-10-06,18:07
SWA1838,KDEN,KDSM,1,2026-10-03,17:21
SWA1838,KDEN,KRNO,1,2026-10-06,14:50
SWA1838,KDSM,KMDW,3,2026-10-05,22:08
SWA1838,KLAS,KDSM,4,2026-10-05,18:49
SWA1839,KDTW,KBNA,5,2026-10-06,10:37
SWA1839,KMCI,KDEN,1,2026-10-05,23:09
SWA184,KAUS,KSFO,2,2026-10-01,22:21
SWA184,KDEN,KPDX,1,2026-10-05,03:14
SWA184,KMDW,KPHX,5,2026-10-06,10:53
SWA184,KPHX,KBOI,3,2026-10-05,15:27
SWA1840,KSAN,KDEN,3,2026-10-05,18:40
SWA1840,KSTL,KRDU,1,2026-10-05,01:19
SWA1841,KLAS,KFAT,1,2026-10-05,06:30
SWA1841,KMDW,KLAS,1,2026-10-05,01:38
SWA1841,KSAN,KEUG,1,2026-10-03,19:10
SWA1841,KSEA,KDEN,3,2026-10-06,00:13
SWA1842,KDTW,KBWI,5,2026-10-06,09:39
SWA1842,KLAS,KRNO,1,2026-10-04,13:25
SWA1842,KRNO,KAUS,1,2026-10-04,16:38
SWA1843,KDEN,KLAX,1,2026-10-04,14:57
SWA1843,KHOU,KDEN,1,2026-10-06,13:52
SWA1843,KLAX,KMSY,3,2026-10-05,15:38
SWA1843,KSAT,KPHX,1,2026-10-03,18:06
SWA1843,KSMF,KLAX,3,2026-10-05,13:10
SWA1844,KDTW,KDEN,1,2026-10-04,20:32
SWA1844,KMDW,KTPA,3,2026-10-06,02:21
SWA1844,KMDW,KDTW,1,2026-10-04,18:34
SWA1845,KDTW,KMDW,5,2026-10-06,12:33
SWA1848,KDTW,KMDW,1,2026-10-06,18:36
SWA1848,KECP,KSTL,1,2026-10-05,00:51
SWA1848,KSAN,KLAS,3,2026-10-05,16:06
SWA1848,KSTL,KBOS,1,2026-10-04,22:20
SWA1849,KDEN,KSNA,3,2026-10-05,14:43
SWA1849,KDSM,KPHX,1,2026-10-04,19:22
SWA1849,KDTW,KMDW,3,2026-10-06,00:25
SWA1849,KLAS,KDTW,3,2026-10-05,20:08
SWA1849,KPHX,KCOS,1,2026-10-06,15:44
SWA1849,KSEA,KPHX,1,2026-10-03,20:54
SWA1849,KSNA,KLAS,3,2026-10-05,17:45
SWA185,KBNA,KORF,1,2026-10-04,16:41
SWA185,KBUR,KSJC,1,2026-10-04,00:06
SWA185,KLAS,PHNL,2,2026-10-05,17:23
SWA185,KORF,KBWI,1,2026-10-04,18:56
SWA185,KPHX,KPIT,1,2026-09-30,22:05
SWA1850,KDTW,KSTL,2,2026-10-06,11:12
SWA1850,KTPA,KDAL,1,2026-10-03,17:48
SWA1851,KABQ,KMDW,1,2026-10-03,13:16
SWA1851,KAUS,KBNA,1,2026-10-04,21:32
SWA1851,KRDU,KLAS,1,2026-10-06,11:31
SWA1851,KTPA,KMDW,3,2026-10-05,11:22
SWA1852,KBUR,KDEN,3,2026-10-05,16:28
SWA1852,KPHX,KSLC,1,2026-10-04,02:01
SWA1853,KABQ,KAUS,1,2026-09-30,13:21
SWA1853,KECP,KBNA,2,2026-10-04,12:49
SWA1853,KSAT,KLAS,3,2026-10-05,16:37
SWA1854,KATL,KLAS,3,2026-10-06,01:17
SWA1854,KBOI,KDEN,1,2026-10-03,17:43
SWA1854,KIND,KBWI,1,2026-09-30,16:22
SWA1854,KSAN,KPHX,1,2026-10-04,14:06
SWA1855,KABQ,KSAN,2,2026-10-01,03:25
SWA1855,KDEN,KECP,1,2026-10-03,20:08
SWA1855,KECP,KBNA,2,2026-10-06,23:31
SWA1855,KICT,KPHX,1,2026-10-04,19:36
SWA1855,KPHX,KBOI,1,2026-10-05,22:44
SWA1856,KECP,KDAL,3,2026-10-05,11:30
SWA1856,KLAS,KDCA,1,2026-10-03,19:54
SWA1856,KLAS,KOMA,1,2026-10-06,15:18
SWA1856,KMCI,KBWI,1,2026-10-05,23:47
SWA1859,KBOS,KSTL,1,2026-10-03,14:52
SWA1859,KECP,KDEN,1,2026-10-04,18:37
SWA1859,KFLL,KBNA,1,2026-10-06,14:04
SWA186,KATL,KBNA,1,2026-09-30,11:15
SWA186,KAUS,KBNA,2,2026-10-06,23:38
SWA186,KFAT,KLAS,1,2026-10-04,17:51
SWA186,KPHX,KLAS,3,2026-10-05,16:20
SWA186,KSTL,KLGA,1,2026-10-03,14:07
SWA1860,KBWI,KBUF,1,2026-10-03,11:19
SWA1860,KLAS,KTPA,3,2026-10-06,00:17
SWA1860,KSEA,KDEN,1,2026-10-05,22:19
SWA1861,KECP,KSTL,3,2026-10-05,21:06
SWA1861,KHOU,KECP,3,2026-10-05,18:53
SWA1861,KMCI,KBNA,1,2026-10-06,15:36
SWA1861,KMDW,KOMA,1,2026-10-04,19:26
SWA1861,KOMA,KDEN,1,2026-10-04,22:07
SWA1861,KSFO,KLAS,1,2026-10-03,18:59
SWA1862,KDAL,KSNA,1,2026-10-03,20:41
SWA1862,KDEN,KPHX,1,2026-10-05,03:24
SWA1862,KHOU,KDAL,1,2026-10-01,18:33
SWA1862,KMDW,KMEM,1,2026-10-06,15:15
SWA1862,KMEM,KHOU,1,2026-10-06,17:24
SWA1862,KTUL,KDEN,1,2026-10-05,00:28
SWA1862,PHNL,PHLI,1,2026-09-30,03:29
SWA1863,KLAS,KCOS,1,2026-10-03,21:26
SWA1863,PHNL,PHLI,1,2026-09-30,06:46
SWA1864,KHOU,KMEM,1,2026-10-04,20:15
SWA1864,KMEM,KTPA,1,2026-10-04,22:18
SWA1864,KMSY,KPHX,2,2026-10-05,11:08
SWA1864,KOAK,KPHX,1,2026-10-06,21:06
SWA1864,PHNL,KOAK,2,2026-10-01,08:05
SWA1865,KPHX,KSJC,3,2026-10-06,05:29
SWA1865,PHNL,PHOG,1,2026-09-30,15:57
SWA1866,KLAS,KSTL,1,2026-10-06,17:51
SWA1866,KRDU,KSTL,1,2026-10-03,10:42
SWA1866,PHNL,PHOG,1,2026-09-30,18:21
SWA1869,KBNA,KPHX,1,2026-09-30,16:33
SWA1869,KDCA,KBNA,1,2026-10-03,18:40
SWA1869,KMCO,KBWI,1,2026-10-06,10:41
SWA1869,KMKE,KTPA,1,2026-10-05,01:15
SWA187,KATL,KMDW,1,2026-10-03,17:17
SWA187,KAUS,KABQ,2,2026-10-06,03:38
SWA187,KBNA,KMCI,1,2026-10-04,17:53
SWA187,KDAL,KAUS,2,2026-10-06,01:20
SWA187,KDAL,KSAT,1,2026-10-04,22:32
SWA187,KHOU,KBNA,1,2026-10-04,15:14
SWA187,KMCI,KDAL,1,2026-10-04,20:09
SWA187,KSTL,KLGA,1,2026-09-30,10:46
SWA1870,KBOS,KSTL,1,2026-10-03,09:32
SWA1870,KECP,KMCI,1,2026-10-04,20:13
SWA1870,KPDX,KDEN,3,2026-10-05,13:35
SWA1870,PHNL,PHOG,1,2026-09-30,22:30
SWA1871,KABQ,KLAS,3,2026-10-05,17:37
SWA1871,KMDW,KMCO,1,2026-10-05,22:49
SWA1871,KOAK,KHOU,1,2026-10-06,19:12
SWA1871,PHNL,PHOG,2,2026-10-01,00:14
SWA1872,KOMA,KPHX,1,2026-10-06,11:37
SWA1872,PHNL,PHOG,2,2026-10-01,02:00
SWA1874,KDEN,KRDU,1,2026-10-05,02:15
SWA1874,KHOU,KLAX,1,2026-10-06,14:06
SWA1874,KLAS,KBHM,1,2026-10-04,01:34
SWA1874,KLAX,KLAS,1,2026-10-06,18:17
SWA1874,KPHX,KHOU,3,2026-10-06,22:36
SWA1874,KPIT,KDEN,1,2026-09-30,10:08
SWA1876,KJAX,KAUS,1,2026-09-30,15:13
SWA1877,KHOU,KLBB,1,2026-10-06,20:42
SWA1877,PHNL,KPHX,1,2026-09-30,07:10
SWA1879,KDAL,KSAN,1,2026-10-03,16:37
SWA1879,KOAK,KLAS,1,2026-10-05,06:21
SWA1879,KSAT,KDAL,1,2026-10-06,21:43
SWA1879,KSJC,KDEN,3,2026-10-05,16:27
SWA1879,PHNL,KSAN,1,2026-09-30,18:36
SWA188,KBNA,KDAL,1,2026-10-04,14:36
SWA188,KCHS,KMDW,1,2026-09-30,11:47
SWA188,KDAL,KPHX,1,2026-10-04,17:14
SWA188,KHOU,KLAS,1,2026-10-06,17:31
SWA188,KLAS,KPHX,2,2026-10-05,22:11
SWA188,KLAS,KSAN,1,2026-10-06,21:21
SWA188,KLAS,KSMF,1,2026-10-03,19:20
SWA188,KMDW,KPHX,1,2026-09-30,14:53
SWA188,KPHX,KDEN,2,2026-10-06,23:59
SWA188,KPHX,KLAX,1,2026-09-30,19:23
SWA1880,KELP,KLAX,1,2026-10-06,04:41
SWA1880,KMDW,KPHX,1,2026-10-04,10:24
SWA1880,KSJC,KPHX,1,2026-10-06,20:47
SWA1880,PHNL,KSAN,1,2026-09-30,08:06
SWA1881,KSJC,KLAX,2,2026-10-01,00:25
SWA1881,PHNL,KSJC,1,2026-09-30,18:29
SWA1882,KLAS,KTUS,1,2026-10-06,16:34
SWA1882,KPHX,KDAL,1,2026-10-04,20:03
SWA1882,KTUS,KMDW,1,2026-10-06,18:38
SWA1883,KDAL,KSAV,1,2026-10-03,19:10
SWA1883,KLAS,KSAN,1,2026-10-05,06:15
SWA1883,KSAV,KBWI,1,2026-10-03,22:21
SWA1883,KSMF,KLAS,3,2026-10-06,03:55
SWA1884,KSJC,KLAX,1,2026-10-05,05:17
SWA1885,KEUG,KLAS,1,2026-10-05,00:18
SWA1885,KPHX,KSDF,1,2026-10-06,14:55
SWA1887,KBWI,KMCO,2,2026-10-05,21:33
SWA1887,KLAS,KEUG,1,2026-10-03,17:20
SWA1887,KLAX,KSJC,1,2026-10-04,15:08
SWA1887,KPHX,KLAX,1,2026-10-04,12:54
SWA1887,KSAN,KSMF,1,2026-09-30,21:29
SWA1887,KSAT,KMCO,1,2026-10-06,21:16
SWA1888,KELP,KPHX,1,2026-10-06,18:00
SWA1888,KHOU,KATL,1,2026-09-30,16:22
SWA1888,KMDW,KMCO,1,2026-10-03,19:12
SWA1888,KPHX,KCMH,1,2026-10-04,15:28
SWA1889,KMDW,KPVD,1,2026-10-06,18:25
SWA1889,KSTL,KLAS,1,2026-10-04,13:39
SWA189,KAUS,KDEN,1,2026-09-30,14:41
SWA189,KDEN,KABQ,1,2026-10-03,22:29
SWA189,KLAS,KBUR,5,2026-10-06,13:28
SWA189,KTUS,KLAS,1,2026-10-04,12:14
SWA1890,KAUS,KBNA,2,2026-10-05,21:12
SWA1890,KBNA,KMDW,1,2026-10-06,14:57
SWA1890,KLAS,KMSY,2,2026-10-01,23:51
SWA1890,KOAK,KPHX,1,2026-10-03,16:15
SWA1890,KVPS,KBNA,1,2026-10-06,12:40
SWA1891,KELP,KSAN,1,2026-10-06,02:15
SWA1891,KFAT,KLAS,1,2026-10-04,12:17
SWA1891,KHOU,KAUS,1,2026-09-30,16:23
SWA1891,KSAN,KOAK,2,2026-10-06,05:53
SWA1891,KSAN,KSMF,1,2026-10-03,15:12
SWA1891,KSLC,KLAS,1,2026-10-06,12:41
SWA1892,KDAL,KSTL,1,2026-10-06,21:11
SWA1892,KSFO,KSAN,1,2026-10-03,15:26
SWA1893,KATL,KMDW,1,2026-09-30,18:43
SWA1893,KSAT,KATL,1,2026-10-05,23:10
SWA1894,KDAL,KOAK,4,2026-10-06,00:14
SWA1894,KDCA,KDAL,4,2026-10-05,19:48
SWA1894,KOAK,KONT,3,2026-10-06,04:30
SWA1894,KSAN,KHOU,2,2026-10-01,01:41
SWA1895,KBOI,KDEN,3,2026-10-05,14:06
SWA1895,KBWI,KSTL,1,2026-10-06,14:43
SWA1895,KCHS,KBWI,1,2026-10-06,12:18
SWA1895,KDAL,KMDW,1,2026-10-04,11:11
SWA1895,KMDW,KLGA,1,2026-10-04,14:03
SWA1895,KMDW,KMKE,1,2026-10-03,15:32
SWA1895,KMKE,KMCO,1,2026-10-03,16:49
SWA1895,KSAT,KDAL,1,2026-09-30,11:51
SWA1896,KDEN,KSAN,1,2026-10-03,20:24
SWA1896,KFLL,KBNA,1,2026-10-04,12:06
SWA1896,KHOU,KBNA,1,2026-09-30,18:40
SWA1897,KHOU,KBNA,1,2026-09-30,15:26
SWA1897,KPHX,KOAK,1,2026-10-03,21:13
SWA1897,KSAN,KLAS,1,2026-10-05,01:13
SWA1898,KBWI,KPHX,1,2026-10-04,23:39
SWA1898,KEUG,KSJC,1,2026-10-04,20:16
SWA1898,KHOU,KBNA,2,2026-10-01,00:30
SWA1898,KMCO,KBNA,2,2026-10-06,23:25
SWA1899,KEUG,KSMF,6,2026-10-06,12:27
SWA19,KBWI,KBDL,2,2026-10-06,00:19
SWA19,KDAL,KHOU,2,2026-10-05,16:41
SWA19,KHOU,KSDF,2,2026-10-05,18:33
SWA19,KSDF,KBWI,2,2026-10-05,21:38
SWA19,KTPA,KDAL,3,2026-10-05,13:21
SWA1900,KFAT,KLAS,4,2026-10-06,12:38
SWA1900,KLAS,KDEN,1,2026-10-04,14:22
SWA1900,KPSP,KLAS,1,2026-10-04,12:33
SWA1901,KBHM,KBNA,1,2026-10-05,00:02
SWA1901,KFAT,KLAS,3,2026-10-05,18:00
SWA1901,KSTL,KMIA,1,2026-10-04,22:10
SWA1901,KTPA,KBHM,1,2026-10-04,22:00
SWA1902,KFAT,KSAN,6,2026-10-06,13:37
SWA1902,KHOU,KBWI,1,2026-09-30,21:22
SWA1903,KDAL,KBHM,1,2026-10-03,17:09
SWA1903,KDEN,KTUL,1,2026-10-04,17:33
SWA1903,KFAT,KSAN,3,2026-10-06,01:29
SWA1903,KSAN,KAUS,3,2026-10-06,03:42
SWA1906,KATL,KSTL,1,2026-09-30,15:36
SWA1906,KDEN,KMCI,1,2026-10-04,11:48
SWA1906,KFLL,KBNA,3,2026-10-06,23:22
SWA1907,KDJT,KBNA,1,2026-09-30,14:44
SWA1907,KFLL,KBNA,4,2026-10-05,14:40
SWA1907,KPHX,KRNO,1,2026-10-04,15:06
SWA1907,KSTL,KBNA,1,2026-10-06,19:14
SWA1908,KBWI,KMIA,1,2026-10-04,15:56
SWA1908,KMDW,KLAX,3,2026-10-05,15:25
SWA1908,KMIA,KDAL,1,2026-10-04,19:49
SWA1908,KSLC,KDAL,2,2026-10-01,23:37
SWA191,KATL,KAUS,4,2026-10-06,15:35
SWA191,KBWI,KATL,1,2026-10-03,12:30
SWA191,KLAS,KSMF,2,2026-10-01,00:49
SWA191,KMCO,KATL,3,2026-10-05,13:16
SWA191,KPWM,KBWI,1,2026-10-04,19:42
SWA191,KSMF,KEUG,2,2026-10-01,03:31
SWA1910,KDEN,KAUS,1,2026-10-06,17:00
SWA1910,KDEN,KBUR,1,2026-10-04,19:36
SWA1910,KFLL,KBWI,3,2026-10-05,13:26
SWA1910,KMDW,KSDF,1,2026-10-03,13:12
SWA1910,KSDF,KBWI,1,2026-10-03,15:01
SWA1911,KFLL,KBNA,4,2026-10-06,01:06
SWA1911,KHOU,KDCA,1,2026-09-30,19:19
SWA1911,KSTL,KPHL,1,2026-10-03,21:58
SWA1912,KBWI,KMKE,1,2026-10-06,15:10
SWA1912,KDEN,KGRR,1,2026-10-04,18:16
SWA1912,KFLL,KBWI,1,2026-10-03,10:44
SWA1912,KGRR,KBNA,1,2026-10-04,21:33
SWA1913,KFLL,KBWI,4,2026-10-06,02:17
SWA1913,KHOU,KDEN,1,2026-09-30,11:51
SWA1913,KHOU,KOAK,1,2026-10-06,14:36
SWA1914,KCMH,KSTL,1,2026-10-05,02:09
SWA1914,KFLL,KCMH,3,2026-10-06,19:20
SWA1914,KFLL,KDAL,3,2026-10-05,18:33
SWA1915,KBUF,KTPA,3,2026-10-06,01:00
SWA1915,KBWI,KSRQ,1,2026-10-06,12:27
SWA1915,KLAS,KBNA,1,2026-09-30,17:40
SWA1915,KMCI,KLAS,1,2026-10-05,23:29
SWA1915,KONT,KPHX,1,2026-10-03,16:29
SWA1915,KPHX,KBUF,3,2026-10-06,20:48
SWA1916,KFLL,KDCA,5,2026-10-06,16:56
SWA1916,KHOU,KDEN,2,2026-10-01,00:13
SWA1916,KLAS,KDEN,1,2026-10-05,05:15
SWA1917,KDEN,KPDX,1,2026-10-05,02:17
SWA1917,KFLL,KDEN,4,2026-10-05,16:54
SWA1917,KHOU,KDEN,1,2026-09-30,20:55
SWA1917,KLAS,KSLC,1,2026-10-06,15:14
SWA1917,KMCO,KFLL,1,2026-10-03,15:19
SWA1918,KABQ,KLAS,1,2026-09-30,19:14
SWA1918,KFLL,KHOU,2,2026-10-06,10:25
SWA1918,KLAS,KBUR,1,2026-09-30,21:40
SWA1918,KRDU,KDAL,1,2026-10-03,18:32
SWA1919,KFLL,KBNA,1,2026-10-04,18:39
SWA1919,KPHX,KONT,3,2026-10-05,15:13
SWA1919,KSJC,KSAN,1,2026-10-03,22:48
SWA192,KATL,KAUS,3,2026-10-06,22:54
SWA192,KATL,KSTL,1,2026-10-03,16:24
SWA192,KBNA,KBOS,1,2026-10-05,03:02
SWA192,KOAK,KONT,2,2026-10-01,03:38
SWA192,KTPA,KATL,1,2026-10-03,14:17
SWA1921,KAUS,KSNA,1,2026-10-03,20:26
SWA1921,KMSY,KDEN,1,2026-10-06,16:35
SWA1921,KPDX,KSJC,1,2026-10-04,20:35
SWA1921,KSLC,KPHX,3,2026-10-06,03:57
SWA1923,KBWI,KHOU,1,2026-10-03,12:18
SWA1923,KDEN,KPHL,3,2026-10-05,19:54
SWA1923,KMCO,KMIA,1,2026-10-04,14:54
SWA1923,KMIA,KDEN,1,2026-10-04,16:57
SWA1924,KFLL,KMCO,6,2026-10-06,11:19
SWA1926,KDAL,KLGB,1,2026-10-04,23:31
SWA1926,KLAS,KSMF,3,2026-10-05,21:20
SWA1927,KFLL,KMDW,4,2026-10-05,17:18
SWA1927,KTPA,KAUS,1,2026-10-03,20:06
SWA1928,KBZN,KLAS,1,2026-09-30,14:10
SWA1928,KFLL,KMDW,4,2026-10-06,23:13
SWA1928,KIND,KATL,1,2026-10-03,20:00
SWA1928,KLAS,KBWI,1,2026-09-30,16:24
SWA1928,KMDW,KSAN,1,2026-10-05,04:34
SWA1929,KAUS,KRDU,2,2026-10-01,23:22
SWA1929,KFLL,KMSY,2,2026-10-06,21:00
SWA1929,KPSP,KLAS,3,2026-10-05,13:01
SWA193,KATL,KBNA,4,2026-10-06,11:21
SWA193,KATL,KLAS,1,2026-10-03,11:19
SWA193,KBWI,KABQ,1,2026-09-30,16:16
SWA193,KLAS,KBUR,1,2026-10-04,22:03
SWA193,KMDW,KSAT,1,2026-10-04,14:59
SWA193,KSAT,KLAS,1,2026-10-04,18:31
SWA1930,KFLL,KPIT,3,2026-10-06,00:39
SWA1930,KHOU,KRDU,1,2026-10-06,16:14
SWA1930,KLAX,KDAL,1,2026-10-03,12:18
SWA1930,KSTL,KDCA,1,2026-09-30,13:41
SWA1931,KMDW,KIND,1,2026-10-05,02:44
SWA1931,KMDW,KMCO,1,2026-10-06,14:27
SWA1932,KBWI,KCLT,1,2026-10-04,12:47
SWA1932,KCLT,KSTL,1,2026-10-04,15:25
SWA1932,KFLL,KSTL,1,2026-10-03,10:00
SWA1932,KLAS,KOAK,1,2026-09-30,16:31
SWA1932,KPHX,KLAS,3,2026-10-05,18:45
SWA1932,KSTL,KPHX,3,2026-10-05,14:47
SWA1932,KSTL,KLAS,1,2026-10-03,13:47
SWA1933,KATL,KBWI,1,2026-09-30,15:02
SWA1933,KDAL,KSAT,1,2026-10-03,21:12
SWA1933,KFLL,KSTL,3,2026-10-06,23:28
SWA1933,KFLL,KMKE,1,2026-10-02,01:36
SWA1933,KSAT,KLAS,1,2026-10-06,16:30
SWA1934,KFLL,KTPA,1,2026-10-03,14:34
SWA1934,KSAN,KDEN,3,2026-10-05,14:45
SWA1934,KSTL,KLGA,1,2026-10-04,19:02
SWA1935,KGEG,KDEN,4,2026-10-06,13:51
SWA1935,KSJC,KSAN,1,2026-10-05,06:21
SWA1936,KBNA,KMCI,1,2026-10-06,21:32
SWA1936,KHOU,KLAS,1,2026-09-30,18:07
SWA1936,KMSY,KDAL,1,2026-10-03,12:23
SWA1936,KSAN,KDEN,1,2026-10-04,17:29
SWA1936,KSJC,KBNA,3,2026-10-06,20:25
SWA1937,KBWI,KIND,1,2026-10-06,19:59
SWA1937,KLAS,KPDX,3,2026-10-06,06:17
SWA1937,KMCI,KAUS,1,2026-10-04,23:41
SWA1937,KSJC,KDEN,1,2026-10-04,18:05
SWA1938,KGEG,KLAS,1,2026-10-06,20:17
SWA1938,KHOU,KLAS,1,2026-09-30,14:28
SWA1938,KLAS,KLAX,1,2026-10-05,23:24
SWA1938,KMCO,KMSY,1,2026-10-04,23:04
SWA1939,KDEN,KGEG,3,2026-10-06,03:35
SWA1939,KLAS,KONT,1,2026-10-04,03:19
SWA1939,KLAS,KSLC,1,2026-10-04,21:50
SWA194,KATL,KBNA,3,2026-10-05,17:42
SWA194,KDEN,KTUL,1,2026-09-30,17:07
SWA194,KHOU,KSAT,1,2026-10-06,16:34
SWA194,KSTL,KMSP,1,2026-10-03,13:37
SWA1940,KHOU,KLAS,2,2026-10-01,02:27
SWA1940,KMDW,KSJC,1,2026-10-05,03:18
SWA1940,KMIA,KSTL,1,2026-10-03,09:58
SWA1940,KSMF,KLAS,3,2026-10-05,17:57
SWA1941,KLAS,KSMF,1,2026-10-04,17:28
SWA1941,KSJC,KBUR,3,2026-10-05,22:25
SWA1942,KGEG,KSMF,5,2026-10-06,12:38
SWA1942,KHOU,KLAX,1,2026-09-30,15:15
SWA1943,KBWI,KMKE,1,2026-10-06,20:01
SWA1943,KGEG,KSMF,1,2026-10-05,02:53
SWA1943,KHOU,KLAX,1,2026-09-30,20:41
SWA1943,KMSY,KAUS,1,2026-10-03,12:02
SWA1943,KSAN,KLAS,3,2026-10-06,00:19
SWA1944,KGRR,KBNA,4,2026-10-05,19:04
SWA1944,KMDW,KGRR,1,2026-10-03,15:30
SWA1945,KGRR,KBWI,5,2026-10-05,09:51
SWA1945,KHOU,KTPA,1,2026-10-06,15:56
SWA1946,KBNA,KLAS,1,2026-10-05,21:38
SWA1946,KGRR,KLAS,3,2026-10-05,16:24
SWA1946,KMDW,KGRR,3,2026-10-05,14:53
SWA1946,KOAK,KLAX,1,2026-10-03,13:41
SWA1947,KGRR,KMDW,6,2026-10-06,11:06
SWA1947,KMDW,KMHT,1,2026-09-30,13:42
SWA1948,KBHM,KTPA,3,2026-10-06,23:12
SWA1948,KGRR,KMDW,2,2026-10-06,17:47
SWA1948,KHOU,KBHM,3,2026-10-05,20:52
SWA1948,KHOU,KLGA,1,2026-10-01,23:18
SWA1948,KSAN,KTUS,1,2026-10-04,02:07
SWA1949,KDEN,KLAX,1,2026-10-06,20:26
SWA1949,KDEN,KTUS,1,2026-09-30,20:33
SWA1949,KGRR,KMDW,4,2026-10-05,22:38
SWA1949,KTUS,KPHX,1,2026-09-30,23:05
SWA195,KLAX,KABQ,1,2026-09-30,22:00
SWA1950,KGSP,KBNA,6,2026-10-06,10:36
SWA1950,KHOU,KLGB,1,2026-09-30,15:05
SWA1951,KBNA,KBDL,1,2026-09-30,16:26
SWA1951,KDAL,KBNA,1,2026-09-30,13:44
SWA1951,KDAL,KTYS,1,2026-10-03,16:40
SWA1951,KPHX,KAUS,1,2026-10-04,16:36
SWA1951,KTYS,KBNA,1,2026-10-03,19:16
SWA1953,KGSP,KBNA,2,2026-10-06,01:40
SWA1953,KLAS,KPSP,1,2026-10-03,21:14
SWA1953,KMDW,KOKC,1,2026-09-30,15:47
SWA1953,KOKC,KLAS,1,2026-09-30,18:28
SWA1954,KGSP,KBWI,4,2026-10-04,12:32
SWA1955,KBNA,KIND,1,2026-10-06,17:25
SWA1955,KBOS,KMDW,3,2026-10-05,11:21
SWA1955,KFLL,KBNA,1,2026-09-30,18:23
SWA1955,KLAX,KLAS,1,2026-10-04,19:09
SWA1955,KPHX,KHOU,1,2026-10-04,02:46
SWA1956,KBOI,KSAN,1,2026-09-30,21:46
SWA1957,KBOS,KSAN,1,2026-09-30,13:22
SWA196,KATL,KBNA,4,2026-10-06,02:16
SWA196,KMDW,KLAX,1,2026-10-03,15:54
SWA196,KONT,KDEN,1,2026-09-30,22:02
SWA1961,KBWI,KAUS,1,2026-10-04,19:47
SWA1961,KLAS,KBUR,2,2026-10-01,00:29
SWA1962,KLAS,KSDF,1,2026-10-05,02:06
SWA1962,KSAN,KLAS,1,2026-10-05,00:10
SWA1962,KSFO,KSAN,1,2026-10-04,22:04
SWA1963,KBUF,KPHX,3,2026-10-05,12:37
SWA1963,KBWI,KBUF,3,2026-10-05,10:57
SWA1963,KMDW,KIND,1,2026-10-04,15:07
SWA1965,KDAL,KBWI,3,2026-10-05,16:34
SWA1965,KSAN,KDEN,1,2026-10-06,19:11
SWA1965,KSAT,KLAX,1,2026-10-03,20:29
SWA1965,KSTL,KDCA,1,2026-09-30,20:37
SWA1965,KTYS,KDEN,1,2026-10-04,20:25
SWA1966,KABQ,KLAS,1,2026-10-04,16:52
SWA1966,KBNA,KLAS,1,2026-10-06,11:49
SWA1966,KDEN,KABQ,3,2026-10-06,00:51
SWA1966,KHOU,KMDW,1,2026-09-30,20:21
SWA1966,KLAS,KLGB,1,2026-10-04,19:09
SWA1966,KSFO,KAUS,1,2026-10-03,14:35
SWA1967,KBWI,KATL,1,2026-09-30,12:20
SWA1967,KELP,KLAS,1,2026-10-06,03:22
SWA1967,KLAS,KONT,1,2026-10-05,06:53
SWA1967,KSLC,KBWI,1,2026-10-03,18:27
SWA1968,KMHT,KBWI,1,2026-09-30,16:38
SWA1968,PHNL,KOAK,1,2026-10-05,23:53
SWA1969,KDEN,KTUS,3,2026-10-05,14:49
SWA1969,KGRR,KDEN,1,2026-10-04,20:15
SWA1969,KSLC,KSAN,1,2026-10-03,13:42
SWA197,KDAL,KAUS,1,2026-10-01,03:17
SWA197,KLAS,KHOU,3,2026-10-05,12:14
SWA197,KLAX,KSFO,1,2026-10-04,23:49
SWA197,KLIT,KDAL,2,2026-10-01,01:10
SWA197,KMCI,KLAX,1,2026-10-03,19:40
SWA197,KMDW,KOKC,1,2026-10-06,15:11
SWA1970,KHOU,KMEM,2,2026-10-01,00:01
SWA1971,KAUS,KMSP,1,2026-10-03,19:09
SWA1971,KBOI,KLAS,1,2026-10-04,12:57
SWA1971,KIND,KBWI,1,2026-10-06,16:32
SWA1971,KLAS,KSEA,3,2026-10-05,16:32
SWA1971,KMSY,KSAN,2,2026-10-01,22:14
SWA1972,KPHX,KSLC,2,2026-10-01,03:24
SWA1973,KSFO,KSAN,1,2026-10-05,06:35
SWA1973,PHNL,KOAK,3,2026-10-06,23:49
SWA1974,KAUS,KSJC,1,2026-10-04,23:39
SWA1974,KBWI,KLAX,3,2026-10-05,10:29
SWA1974,KDAL,KCOS,1,2026-10-04,15:10
SWA1974,KLAX,KOAK,3,2026-10-05,16:44
SWA1974,KSAT,KDAL,1,2026-10-04,12:42
SWA1975,KHOU,KMSY,1,2026-09-30,13:11
SWA1975,PHNL,PHOG,5,2026-10-06,16:04
SWA1978,KHOU,KMSY,1,2026-09-30,19:57
SWA1978,PHNL,PHOG,6,2026-10-06,18:08
SWA1979,KDEN,KMCO,1,2026-10-04,13:54
SWA1979,KIND,KBNA,3,2026-10-06,00:09
SWA1979,KLAS,KSAN,1,2026-09-30,18:05
SWA1979,KMCO,KMCI,1,2026-10-06,14:19
SWA1979,KSAN,KOAK,1,2026-09-30,19:50
SWA198,KDAL,KLGB,2,2026-10-06,00:28
SWA198,KLAS,KMDW,1,2026-10-03,13:15
SWA198,KLGA,KBNA,1,2026-10-06,18:33
SWA198,KLGB,KPHX,3,2026-10-06,03:39
SWA198,KMDW,KDAL,2,2026-10-05,21:31
SWA198,KMDW,KMIA,1,2026-10-03,17:22
SWA198,KPHX,KABQ,1,2026-10-05,04:34
SWA198,KRNO,KLAS,1,2026-09-30,14:49
SWA1980,KMSY,KHOU,1,2026-09-30,14:46
SWA1980,PHNL,PHOG,6,2026-10-06,22:47
SWA1981,KHOU,KOAK,1,2026-09-30,14:47
SWA1981,PHNL,PHOG,5,2026-10-06,00:16
SWA1982,KSAN,KDAL,1,2026-10-01,22:09
SWA1982,KSJC,KSAN,1,2026-09-30,18:47
SWA1982,PHNL,PHOG,5,2026-10-06,01:58
SWA1983,KDCA,KTPA,1,2026-09-30,11:02
SWA1983,PHNL,PHOG,4,2026-10-05,03:40
SWA1984,KBWI,KSMF,1,2026-10-03,17:25
SWA1984,KIND,KLAS,1,2026-10-06,19:23
SWA1984,KLAS,KOKC,3,2026-10-05,15:06
SWA1984,KLAS,KABQ,1,2026-10-04,20:11
SWA1984,KOAK,KONT,2,2026-10-01,00:15
SWA1985,KSTL,MMUN,1,2026-10-03,14:39
SWA1987,KDEN,KPIT,1,2026-10-04,21:28
SWA1987,KLAS,KMAF,2,2026-10-01,23:52
SWA1987,KMCI,KMDW,1,2026-10-03,14:27
SWA1987,KMCO,KSAT,1,2026-10-06,14:42
SWA1987,KMDW,KSEA,1,2026-10-03,16:50
SWA1988,KLAS,KMCI,1,2026-09-30,14:29
SWA1988,PHNL,KPHX,3,2026-10-06,07:07
SWA1989,KHOU,KPHX,1,2026-09-30,12:32
SWA1989,KLAS,KCOS,1,2026-10-04,15:11
SWA1989,PHNL,KSAN,4,2026-10-06,18:28
SWA199,KATL,KBWI,5,2026-10-06,19:16
SWA199,KDAL,KATL,3,2026-10-05,16:44
SWA199,KDAL,KDEN,1,2026-09-30,16:55
SWA199,KDAL,KLBB,1,2026-10-04,15:23
SWA199,KLAX,KDAL,3,2026-10-05,12:27
SWA199,KLBB,KLAS,1,2026-10-04,17:08
SWA199,KMCO,KDAL,1,2026-10-04,11:52
SWA199,KMDW,KDAL,1,2026-09-30,13:21
SWA199,KSTL,KATL,1,2026-10-03,15:14
SWA1991,KSAN,KDEN,1,2026-09-30,19:17
SWA1991,KSMF,KSAN,1,2026-09-30,16:43
SWA1991,PHNL,KSAN,4,2026-10-06,08:23
SWA1992,KHOU,KPHX,2,2026-10-01,23:24
SWA1992,PHNL,KSJC,6,2026-10-06,18:32
SWA1994,KHOU,KPHX,1,2026-09-30,01:39
SWA1994,PHNL,KSMF,1,2026-10-06,23:44
SWA1995,KHOU,KLGA,1,2026-09-30,16:05
SWA1995,KSTL,MMUN,4,2026-10-06,15:39
SWA1996,MMUN,KSTL,2,2026-10-03,19:49
SWA1997,KBNA,KLAS,1,2026-10-06,13:39
SWA1997,KDEN,KAUS,1,2026-10-04,00:37
SWA1997,KLAS,KMKE,3,2026-10-05,15:45
SWA1997,KLAS,KOAK,1,2026-10-04,14:27
SWA1998,KABQ,KLAS,1,2026-09-30,17:18
SWA1998,KHOU,KABQ,2,2026-10-06,19:55
SWA1998,KMDW,KHOU,1,2026-10-06,15:16
SWA20,KHOU,KDAL,2,2026-10-06,16:07
SWA200,KAUS,KLAX,1,2026-10-03,11:40
SWA200,KBWI,KLAX,1,2026-10-06,10:31
SWA200,KDEN,KCMH,2,2026-10-01,00:38
SWA200,KLAX,KPHX,2,2026-10-04,18:40
SWA200,KLAX,KSMF,1,2026-10-06,16:36
SWA2001,KDEN,KDAL,1,2026-10-04,00:48
SWA2001,KJAX,KBWI,3,2026-10-06,00:13
SWA2001,KLAS,KSFO,1,2026-10-04,15:15
SWA2001,KMCI,KLAS,2,2026-10-06,16:59
SWA2002,KHOU,KATL,4,2026-10-05,10:48
SWA2002,KSDF,KLAS,1,2026-10-04,22:09
SWA2002,KTPA,KSDF,1,2026-10-03,19:01
SWA2003,KDEN,KHDN,1,2026-10-05,02:37
SWA2003,KHOU,KSAN,1,2026-09-30,21:06
SWA2003,KIND,KFLL,1,2026-10-06,18:34
SWA2003,KMDW,KPHX,3,2026-10-05,16:33
SWA2003,KSAN,KBOI,2,2026-10-01,01:21
SWA2004,KATL,KTPA,2,2026-10-05,23:23
SWA2004,KHOU,KATL,1,2026-10-03,20:44
SWA2004,KLAS,KPIT,3,2026-10-05,15:01
SWA2004,KMDW,KCMH,1,2026-10-06,12:49
SWA2006,KHOU,KATL,4,2026-10-06,02:55
SWA2007,KDEN,KIND,1,2026-10-03,14:01
SWA2007,KLAX,KPHX,3,2026-10-06,02:25
SWA2007,KMDW,KMCI,1,2026-10-05,02:59
SWA2007,KPHX,KOMA,3,2026-10-06,04:34
SWA2007,KRNO,KDEN,1,2026-09-30,20:57
SWA2008,KLAS,KSJC,1,2026-10-04,23:25
SWA2008,KMSY,KBNA,1,2026-10-05,00:04
SWA2010,KLAS,KSNA,1,2026-10-04,02:47
SWA2010,KMCI,KPHX,1,2026-10-05,03:06
SWA2010,KMDW,KABQ,3,2026-10-06,02:52
SWA2010,KMDW,KCLT,1,2026-10-06,13:10
SWA2011,KBNA,KDCA,1,2026-10-04,15:44
SWA2011,KBNA,KORF,1,2026-10-06,16:59
SWA2011,KHOU,KBNA,5,2026-10-06,12:45
SWA2011,KORF,KBWI,1,2026-10-06,19:03
SWA2012,KBUR,KPHX,1,2026-09-30,21:09
SWA2012,KHOU,KBNA,3,2026-10-05,18:25
SWA2012,KLAS,KSTL,1,2026-10-04,22:43
SWA2012,KMDW,KBUF,1,2026-10-04,12:54
SWA2013,KBWI,KCLE,1,2026-10-06,12:17
SWA2013,KMCI,KBNA,3,2026-10-05,15:51
SWA2013,KMCO,KIND,1,2026-10-03,19:05
SWA2014,KBNA,KCLT,1,2026-10-05,04:10
SWA2014,KBWI,KPWM,1,2026-09-30,15:05
SWA2014,KHOU,KBNA,4,2026-10-06,23:32
SWA2015,KBWI,KJAX,1,2026-10-02,12:31
SWA2015,KMDW,KOAK,1,2026-10-05,02:50
SWA2015,KPHX,KBWI,1,2026-10-06,13:02
SWA2016,KDAL,KSAT,1,2026-10-06,14:48
SWA2016,KMCI,KPHX,1,2026-10-03,18:11
SWA2016,KPHX,KSJC,3,2026-10-05,18:52
SWA2016,KPHX,KPDX,1,2026-10-04,21:54
SWA2019,KDEN,KMEM,3,2026-10-06,02:27
SWA2019,KDEN,KFLL,1,2026-10-04,00:20
SWA2019,KHOU,KSTL,1,2026-09-30,13:07
SWA2019,KSAN,KDEN,4,2026-10-06,23:17
SWA2019,KSFO,KSAN,1,2026-10-04,18:26
SWA2019,KTUS,KPHX,1,2026-10-06,13:15
SWA202,KATL,KBWI,1,2026-10-06,22:19
SWA202,KAUS,KATL,3,2026-10-06,01:23
SWA202,KBOI,KPHX,3,2026-10-05,17:56
SWA202,KLAS,KLIT,1,2026-10-04,20:29
SWA202,KLAS,KMCO,1,2026-09-30,16:21
SWA202,KLGA,KDAL,1,2026-10-03,14:24
SWA202,KLIT,KDAL,1,2026-10-05,23:55
SWA202,KPHX,KAUS,2,2026-10-06,22:18
SWA2022,KBOS,KBWI,6,2026-10-06,13:16
SWA2022,KHOU,KSTL,1,2026-09-30,21:24
SWA2023,KAUS,KPHX,3,2026-10-06,00:35
SWA2023,KPDX,KLAS,1,2026-10-04,18:06
SWA2024,KHOU,KCHS,3,2026-10-06,02:35
SWA2024,KHOU,KTPA,1,2026-09-30,16:39
SWA2024,KSAN,KAUS,1,2026-10-03,15:20
SWA2025,KHOU,KCMH,3,2026-10-06,23:33
SWA2025,KIND,KMCI,1,2026-10-03,18:19
SWA2025,KRDU,KDEN,1,2026-10-05,22:51
SWA2026,KEUG,KDEN,1,2026-10-06,13:03
SWA2026,KLAS,KRNO,3,2026-10-05,16:36
SWA2026,KSAN,KLAS,3,2026-10-05,14:27
SWA2026,KSAN,KDAL,1,2026-10-05,00:49
SWA2026,KSLC,KSAN,1,2026-10-04,22:58
SWA2029,KHOU,KBNA,1,2026-10-04,12:26
SWA2029,KHOU,KTUL,1,2026-09-30,20:29
SWA2029,KLAX,KMCI,1,2026-10-03,16:14
SWA203,KATL,KCMH,3,2026-10-05,13:42
SWA203,KBWI,KRSW,3,2026-10-05,17:46
SWA203,KCMH,KBWI,3,2026-10-05,15:47
SWA203,KDEN,KLGA,1,2026-09-30,17:31
SWA203,KLGB,KDAL,1,2026-10-06,15:33
SWA203,KMCI,KDEN,1,2026-10-04,19:25
SWA203,KMCI,KTPA,1,2026-10-03,11:32
SWA203,KRSW,KDEN,3,2026-10-06,21:01
SWA2030,KAUS,KBNA,1,2026-10-05,22:51
SWA2030,KHOU,KDCA,4,2026-10-06,13:44
SWA2030,KSAT,KHOU,4,2026-10-05,11:32
SWA2031,KHOU,KDCA,5,2026-10-06,19:52
SWA2031,KHOU,KSLC,1,2026-09-30,16:20
SWA2031,KOAK,KHOU,3,2026-10-05,15:19
SWA2032,KHOU,KDCA,3,2026-10-06,01:36
SWA2032,KHOU,KFLL,1,2026-10-05,02:25
SWA2032,KLAS,KHOU,1,2026-10-05,22:55
SWA2032,KLAX,KMSY,1,2026-09-30,17:38
SWA2032,KMCI,KBWI,1,2026-10-03,17:15
SWA2034,KSAN,KLAS,3,2026-10-06,02:48
SWA2034,KSLC,KMDW,1,2026-10-04,11:25
SWA2034,KSMF,KONT,1,2026-10-03,21:26
SWA2035,KDEN,KSTL,1,2026-09-30,14:47
SWA2035,KHOU,KDEN,5,2026-10-05,16:10
SWA2036,KDEN,KSFO,3,2026-10-06,03:51
SWA2036,KLAS,KTPA,1,2026-10-04,00:20
SWA2036,KMCO,KIND,1,2026-09-30,13:12
SWA2036,KMDW,KSRQ,1,2026-10-05,01:36
SWA2037,KHOU,KDEN,4,2026-10-06,23:08
SWA2037,KISP,KBWI,1,2026-10-06,13:49
SWA2038,KBDL,KBWI,1,2026-10-06,15:34
SWA2038,KBUF,KLAS,1,2026-10-04,11:15
SWA2038,KBWI,KSAV,1,2026-10-06,17:35
SWA2038,KBWI,KSLC,1,2026-10-03,18:07
SWA2038,KMDW,KBDL,1,2026-10-06,12:46
SWA2038,KSAV,KDAL,1,2026-10-06,20:34
SWA2038,KSJC,KLAS,2,2026-10-05,21:00
SWA2039,KHOU,KDEN,3,2026-10-05,04:29
SWA2039,KOAK,KLGB,1,2026-10-04,23:24
SWA2039,KSMF,KLAX,1,2026-09-30,17:18
SWA204,KATL,KDEN,1,2026-09-30,11:11
SWA204,KMCO,KDCA,3,2026-10-05,18:07
SWA204,KMSY,KBWI,1,2026-10-04,14:53
SWA204,KOAK,KLAS,1,2026-10-03,16:00
SWA204,KPDX,KOAK,1,2026-10-03,13:26
SWA2040,KHOU,KECP,1,2026-10-06,20:35
SWA2040,KPWM,KBWI,1,2026-10-03,13:38
SWA2041,KLAX,KSMF,1,2026-10-05,00:40
SWA2041,KPHX,KAUS,3,2026-10-05,14:09
SWA2041,KSAT,KLAX,1,2026-10-04,20:48
SWA2041,KSJC,KLGB,1,2026-10-04,23:24
SWA2042,KDAL,KLAX,1,2026-10-04,10:59
SWA2042,KLAS,KABQ,1,2026-10-01,23:41
SWA2042,KLAX,KSLC,1,2026-10-04,15:00
SWA2042,KMDW,KAUS,1,2026-10-06,17:22
SWA2043,KHOU,KELP,1,2026-10-06,04:07
SWA2043,KICT,KMDW,1,2026-09-30,11:00
SWA2043,KLAX,KLAS,1,2026-10-03,19:46
SWA2044,KBUR,KBNA,1,2026-10-06,17:53
SWA2044,KICT,KMDW,1,2026-09-30,20:03
SWA2044,KLAS,KSAN,2,2026-10-05,13:45
SWA2044,KPHX,KSEA,1,2026-10-04,15:09
SWA2045,KAUS,KPHX,1,2026-10-04,20:24
SWA2045,KBUR,KDEN,1,2026-10-06,16:23
SWA2045,KDEN,KOAK,2,2026-10-01,22:23
SWA2045,KHOU,KFLL,4,2026-10-06,01:49
SWA2045,KOAK,KPDX,2,2026-10-01,01:18
SWA2046,KBOS,KMDW,1,2026-10-06,15:10
SWA2046,KDAL,KSMF,3,2026-10-05,14:51
SWA2046,KDAL,KPIT,1,2026-09-30,21:05
SWA2046,KDEN,KLAS,1,2026-10-03,15:06
SWA2046,KTPA,KPVD,1,2026-10-04,14:20
SWA2047,KABQ,KPHX,1,2026-10-03,15:46
SWA2047,KDEN,KTUS,3,2026-10-06,23:52
SWA2047,KLAS,KSAT,1,2026-09-30,13:58
SWA2047,KMCI,KBWI,1,2026-10-04,16:38
SWA2047,KTUS,KSAN,2,2026-10-06,02:57
SWA2047,KTUS,KSMF,1,2026-10-03,02:36
SWA2048,KDAL,KBNA,3,2026-10-05,19:30
SWA2048,KHOU,KTPA,1,2026-09-30,23:54
SWA2048,KLGA,KBNA,1,2026-10-03,10:50
SWA2048,KSAN,KDEN,1,2026-10-06,15:43
SWA2048,KSMF,KLAS,1,2026-10-04,13:47
SWA2049,KBWI,KCMH,1,2026-10-04,12:57
SWA2049,KHOU,KIND,1,2026-10-06,15:53
SWA2049,KIND,KBNA,1,2026-09-30,11:05
SWA2049,KLAX,KDEN,3,2026-10-05,15:31
SWA205,KATL,KDAL,3,2026-10-05,16:45
SWA205,KCLT,KBWI,1,2026-10-05,00:51
SWA205,KDAL,KDEN,1,2026-10-03,19:33
SWA205,KDAL,KSAN,1,2026-10-06,21:15
SWA205,KDEN,KSAN,1,2026-10-04,22:49
SWA205,KLAS,KRNO,1,2026-09-30,15:36
SWA205,KMAF,KLAS,1,2026-09-30,12:28
SWA205,KPNS,KDAL,1,2026-10-06,18:45
SWA205,KSAT,KDAL,1,2026-10-03,17:41
SWA205,KSTL,KCLT,1,2026-10-04,22:12
SWA2050,KDAL,KTPA,2,2026-10-06,22:36
SWA2050,KDAL,KSAT,1,2026-10-02,00:19
SWA2050,KDTW,KSTL,1,2026-10-03,16:36
SWA2050,KLAS,KSAT,2,2026-10-05,17:50
SWA2050,KLAS,KDAL,1,2026-10-01,17:43
SWA2050,KMDW,KBDL,1,2026-10-04,20:08
SWA2050,KSAT,KDAL,2,2026-10-05,20:54
SWA2050,KSNA,KLAS,1,2026-10-06,15:40
SWA2051,KBDL,KBWI,1,2026-10-04,18:12
SWA2051,KIND,KBWI,1,2026-09-30,09:57
SWA2051,KTPA,KBDL,1,2026-10-04,14:42
SWA2052,KBWI,KATL,1,2026-10-05,00:43
SWA2052,KLAS,KLAX,1,2026-10-03,14:51
SWA2052,KLAX,KDAL,1,2026-10-03,16:52
SWA2052,KMDW,KMSP,3,2026-10-06,03:11
SWA2052,KSAV,KMDW,1,2026-10-06,17:32
SWA2052,KSTL,KMDW,1,2026-09-30,17:54
SWA2053,KDAL,KDEN,1,2026-10-05,04:06
SWA2053,KLAS,KABQ,3,2026-10-05,20:13
SWA2053,KMCI,KAUS,1,2026-10-03,11:39
SWA2053,KMDW,KMSP,1,2026-10-06,18:14
SWA2054,KHOU,KLAS,6,2026-10-06,11:07
SWA2055,KDEN,KTPA,1,2026-10-03,17:22
SWA2055,KPHX,KDAL,1,2026-10-04,16:43
SWA2056,KCMH,KBNA,1,2026-10-04,18:57
SWA2056,KDCA,KCMH,1,2026-10-04,17:01
SWA2056,KHOU,KLAS,3,2026-10-05,16:09
SWA2056,KLAX,KPHX,1,2026-10-04,23:40
SWA2056,KMDW,KCLE,1,2026-10-06,13:19
SWA2057,KLAX,KPHX,1,2026-10-04,02:47
SWA2057,KMDW,KPHL,3,2026-10-05,13:19
SWA2057,KMSY,KLAX,1,2026-10-04,22:24
SWA2057,KRNO,KLAS,1,2026-09-30,16:34
SWA2058,KHOU,KLAS,5,2026-10-06,20:11
SWA2058,KIND,KDEN,2,2026-10-01,23:27
SWA2059,KHOU,KLAS,5,2026-10-06,01:53
SWA206,KATL,KDEN,2,2026-10-01,22:55
SWA206,KATL,KDAL,1,2026-10-05,01:13
SWA206,KAUS,KPHX,1,2026-10-03,18:06
SWA206,KDAL,KLAX,1,2026-10-05,03:49
SWA206,KLAS,KCOS,3,2026-10-05,16:24
SWA206,KPDX,KSAN,1,2026-10-06,18:21
SWA206,KPHX,KSJC,1,2026-10-03,22:03
SWA206,KSAN,KLAS,1,2026-10-06,21:39
SWA2060,KHOU,KLAS,5,2026-10-06,04:22
SWA2060,KPHX,KHOU,1,2026-10-06,12:48
SWA2061,KAUS,KLAX,1,2026-10-06,10:56
SWA2061,KHOU,KLAX,1,2026-10-03,13:36
SWA2061,KIND,KLAS,1,2026-09-30,11:49
SWA2061,KLAS,KGEG,2,2026-10-05,16:34
SWA2061,KLAX,KLAS,4,2026-10-05,15:42
SWA2061,KSJC,KLAX,1,2026-10-04,13:44
SWA2062,KIND,KLAS,1,2026-09-30,17:17
SWA2062,KLAS,KPDX,1,2026-10-04,20:37
SWA2062,KSJC,KLAX,3,2026-10-05,17:28
SWA2062,KSMF,KLAS,1,2026-10-06,15:24
SWA2063,KBWI,KBUF,1,2026-10-03,17:23
SWA2063,KDEN,KSLC,1,2026-10-04,14:47
SWA2063,KMCI,KMDW,3,2026-10-05,21:30
SWA2063,KPWM,KBWI,1,2026-10-06,13:34
SWA2064,KAUS,KBWI,1,2026-10-06,19:16
SWA2064,KBNA,KLAX,1,2026-10-05,22:05
SWA2064,KDEN,KMSP,1,2026-10-04,00:03
SWA2064,KIND,KLAS,1,2026-09-30,21:49
SWA2064,KLAS,KSMF,3,2026-10-06,02:02
SWA2064,KLAS,KABQ,1,2026-10-05,05:20
SWA2064,KLAX,KLAS,1,2026-10-05,03:38
SWA2065,KBWI,KRDU,1,2026-10-03,12:51
SWA2065,KDEN,KSTL,1,2026-10-06,17:11
SWA2065,KLAS,KEUG,3,2026-10-05,20:27
SWA2065,KMCO,KTUL,1,2026-10-05,23:01
SWA2065,KMSY,KAUS,1,2026-09-30,15:41
SWA2065,KTUL,KPHX,1,2026-10-05,02:25
SWA2066,KCMH,KLAS,1,2026-10-04,15:30
SWA2066,KMDW,KMSP,3,2026-10-05,15:12
SWA2066,KSAN,KSJC,1,2026-09-30,18:00
SWA2067,KHOU,KLGA,6,2026-10-06,16:16
SWA2067,KPHX,KHOU,1,2026-10-04,12:20
SWA2067,KSAN,KRNO,1,2026-09-30,20:14
SWA2068,KALB,KMDW,1,2026-09-30,17:04
SWA2068,KBWI,KALB,1,2026-09-30,15:21
SWA2068,KCLE,KMDW,3,2026-10-06,01:00
SWA2068,KLAS,KABQ,1,2026-10-06,15:15
SWA2068,KMDW,KOMA,1,2026-09-30,19:48
SWA2068,KOAK,KLAX,1,2026-10-05,04:53
SWA2068,KPHX,KSNA,1,2026-10-03,21:58
SWA2069,KBNA,KMDW,1,2026-10-06,20:52
SWA2069,KDAL,KPHX,1,2026-10-04,12:25
SWA2069,KIND,KMCO,1,2026-09-30,19:23
SWA2069,KMSY,KMDW,3,2026-10-05,12:00
SWA2069,KSJC,KDEN,1,2026-10-03,20:27
SWA207,KBWI,KMCO,1,2026-10-06,19:45
SWA207,KMDW,KHOU,2,2026-10-01,02:22
SWA207,KOAK,KSAN,3,2026-10-05,15:32
SWA207,KPHX,KBUR,1,2026-10-04,21:50
SWA207,KSMF,KONT,1,2026-10-03,16:49
SWA2070,KLAX,KOAK,3,2026-10-06,01:43
SWA2070,KLAX,KSLC,1,2026-10-06,18:22
SWA2070,KMDW,KMCI,1,2026-10-04,12:40
SWA2070,KPHX,KLAX,3,2026-10-06,23:47
SWA2070,KRDU,KPHX,1,2026-10-03,10:56
SWA2070,KSJC,KLAX,1,2026-10-06,16:30
SWA2071,KHOU,KMAF,1,2026-10-06,14:09
SWA2071,KIND,KMDW,1,2026-09-30,21:21
SWA2071,KSAN,KRNO,1,2026-10-03,17:58
SWA2072,KHOU,KMAF,4,2026-10-06,18:02
SWA2072,KIND,KPHX,1,2026-09-30,11:37
SWA2072,KMCI,KLAS,1,2026-10-04,12:11
SWA2072,KMSY,KMCI,1,2026-10-03,12:14
SWA2073,KHOU,KMAF,3,2026-10-06,23:09
SWA2073,KIND,KPHX,2,2026-10-01,22:07
SWA2073,KMDW,KDEN,1,2026-10-04,20:27
SWA2074,KLAS,KATL,1,2026-10-06,15:20
SWA2074,KLBB,KDAL,1,2026-10-03,11:00
SWA2074,KMSY,KSTL,1,2026-10-04,12:49
SWA2074,KOAK,KLAS,3,2026-10-05,19:40
SWA2074,KTPA,KMSY,1,2026-10-04,10:30
SWA2075,KABQ,KHOU,1,2026-10-06,20:55
SWA2075,KMDW,KSAT,3,2026-10-05,15:03
SWA2075,KMSY,KBWI,1,2026-10-05,00:10
SWA2075,KSTL,KCLE,1,2026-10-03,22:22
SWA2076,KBUR,KPHX,1,2026-09-30,19:29
SWA2076,KHOU,KMCI,5,2026-10-06,20:43
SWA2076,KMCI,KLGA,3,2026-10-06,22:42
SWA2077,KHOU,KMCI,4,2026-10-06,03:40
SWA2077,KSTL,KSRQ,1,2026-10-03,15:22
SWA2078,KHOU,KMCO,6,2026-10-06,13:55
SWA2079,KDAL,KSTL,1,2026-10-06,16:50
SWA2079,KHOU,KMCO,3,2026-10-03,12:15
SWA2079,KMCI,KMSY,1,2026-10-05,00:11
SWA208,KOKC,KDAL,3,2026-10-05,10:47
SWA208,KSJC,KLAS,1,2026-10-04,17:09
SWA208,KSJC,KMDW,1,2026-09-30,17:05
SWA208,KSTL,KECP,1,2026-10-03,19:12
SWA208,TJSJ,KMCO,1,2026-10-06,10:49
SWA2080,KBUR,PHNL,1,2026-10-03,15:49
SWA2080,KMDW,KSJC,3,2026-10-06,03:30
SWA2080,KPHX,KGEG,1,2026-10-05,05:11
SWA2080,KSDF,KPHX,1,2026-10-05,23:58
SWA2081,KISP,KMCO,1,2026-09-30,14:46
SWA2081,KMCI,KDEN,1,2026-10-04,15:26
SWA2081,KOKC,KDEN,3,2026-10-05,16:57
SWA2081,KTPA,KMCI,1,2026-10-04,21:49
SWA2082,KLAS,KDEN,1,2026-10-06,15:44
SWA2082,KLAS,KSBA,1,2026-10-04,15:32
SWA2082,KPDX,KSAN,1,2026-10-03,15:22
SWA2082,KSBA,KSAN,1,2026-10-04,17:47
SWA2083,KHOU,KMCO,2,2026-10-05,02:17
SWA2083,KPHX,KSLC,1,2026-10-06,17:52
SWA2083,KSAN,KPHX,1,2026-10-06,15:40
SWA2083,KSLC,KHOU,1,2026-10-06,20:06
SWA2084,KBWI,KPVD,1,2026-10-06,17:15
SWA2084,KCHS,KBNA,1,2026-10-04,23:04
SWA2084,KLAS,KDAL,1,2026-10-04,18:01
SWA2084,KMCO,KBWI,1,2026-10-06,14:21
SWA2084,KPVD,KDEN,1,2026-10-06,19:15
SWA2084,KSAN,KLAS,3,2026-10-05,22:13
SWA2085,KHOU,KMDW,4,2026-10-06,14:09
SWA2085,KMDW,KMHT,1,2026-10-04,13:09
SWA2085,KSAN,KSMF,1,2026-10-03,21:26
SWA2086,KLGA,KHOU,1,2026-10-06,15:30
SWA2086,KRSW,KMDW,1,2026-10-05,22:45
SWA2087,KHOU,KMDW,3,2026-10-06,21:25
SWA2087,KMCI,KSMF,1,2026-10-05,23:24
SWA2087,KSTL,KOMA,2,2026-10-01,02:33
SWA2088,KABQ,KLAX,1,2026-10-03,20:52
SWA2088,KAUS,KLAS,3,2026-10-06,04:31
SWA2088,KBWI,KBOS,1,2026-10-06,15:14
SWA2088,KHOU,KMDW,1,2026-10-05,00:09
SWA2089,KAUS,KMDW,2,2026-10-05,19:05
SWA2089,KBWI,KISP,1,2026-10-06,18:59
SWA2089,KJAN,KHOU,1,2026-09-30,12:14
SWA2089,KLGA,KSTL,1,2026-10-03,15:29
SWA2089,KMCI,KSTL,1,2026-10-04,23:18
SWA2089,KMDW,KMYR,1,2026-10-05,21:30
SWA2089,KMYR,KBWI,2,2026-10-06,00:28
SWA209,KBNA,KSAN,1,2026-10-01,00:16
SWA209,KMDW,KATL,1,2026-10-04,10:26
SWA209,KOMA,KMDW,4,2026-10-05,10:16
SWA209,KSNA,KDEN,1,2026-10-06,21:40
SWA2090,KABQ,KOAK,1,2026-10-04,22:46
SWA2090,KSMF,KMDW,1,2026-10-04,13:08
SWA2091,KBWI,KBOS,3,2026-10-06,03:39
SWA2091,KGEG,KSMF,1,2026-10-03,13:10
SWA2092,KABQ,KHOU,1,2026-10-04,17:11
SWA2092,KHOU,KMEM,3,2026-10-06,03:00
SWA2092,KHOU,KBNA,1,2026-10-04,23:38
SWA2092,KJAX,KBNA,1,2026-09-30,18:46
SWA2093,KBNA,KAUS,2,2026-10-05,19:20
SWA2093,KJAX,KBNA,2,2026-10-01,23:23
SWA2093,KMDW,KDTW,1,2026-10-06,13:06
SWA2093,KSEA,KSAN,1,2026-10-03,15:19
SWA2094,KBWI,KSDF,1,2026-10-04,18:56
SWA2094,KDAL,KBWI,3,2026-10-06,01:10
SWA2094,KSDF,KHOU,1,2026-10-04,21:35
SWA2094,KSJC,KBUR,1,2026-10-04,23:34
SWA2096,KHOU,KMSY,5,2026-10-06,13:31
SWA2096,KHOU,KOAK,1,2026-10-04,10:34
SWA2096,KJAX,KBWI,1,2026-09-30,20:44
SWA2097,KATL,KPHX,1,2026-10-04,10:12
SWA2097,KBWI,KFLL,3,2026-10-05,12:59
SWA2097,KLBB,KDAL,1,2026-10-03,14:18
SWA2098,KBOS,KBWI,1,2026-09-30,15:00
SWA2098,KDAL,KSAT,1,2026-10-06,20:07
SWA2098,KDEN,KSMF,1,2026-10-05,03:37
SWA2098,KRDU,KLAS,3,2026-10-05,14:33
SWA2098,KRNO,KLAS,1,2026-10-03,22:28
SWA2099,KFLL,KBWI,1,2026-10-06,15:48
SWA2099,KMSY,KSTL,3,2026-10-06,00:51
SWA21,KDAL,KHOU,1,2026-10-03,17:35
SWA21,KMCO,KDAL,1,2026-10-03,14:06
SWA210,KBNA,KMCO,1,2026-10-06,20:25
SWA210,KBUR,KPHX,1,2026-10-04,18:10
SWA210,KDAL,KCOS,2,2026-10-01,03:59
SWA210,KLAS,KBUR,1,2026-10-03,16:24
SWA210,KMCO,TJSJ,2,2026-10-06,02:35
SWA210,KPHX,KSAT,1,2026-10-04,20:17
SWA210,KSAT,KBNA,1,2026-10-05,22:30
SWA210,KSAT,KDAL,1,2026-10-01,01:17
SWA2100,KHOU,KMSY,4,2026-10-06,02:51
SWA2100,KMCI,KDAL,1,2026-10-04,23:32
SWA2101,KLAS,KSAT,1,2026-10-06,20:27
SWA2101,KRIC,KDEN,1,2026-10-03,17:43
SWA2102,KHOU,KOAK,4,2026-10-05,13:47
SWA2102,KOAK,KLGB,2,2026-10-05,18:33
SWA2102,KOAK,KLAS,1,2026-10-06,19:44
SWA2102,KONT,KDEN,1,2026-10-04,16:57
SWA2103,KABQ,KLAS,3,2026-10-06,02:52
SWA2103,KHOU,KMDW,1,2026-10-04,21:19
SWA2103,KLGB,KOAK,1,2026-10-04,00:12
SWA2103,KMDW,KSAV,1,2026-10-06,13:16
SWA2104,KHOU,KOKC,4,2026-10-06,20:53
SWA2104,KOAK,KSEA,1,2026-10-03,14:11
SWA2104,KSTL,KDEN,1,2026-10-04,20:03
SWA2105,KHOU,KBWI,2,2026-10-05,21:25
SWA2105,KMDW,KMHT,1,2026-10-06,18:49
SWA2105,KSAN,KAUS,1,2026-10-04,14:02
SWA2105,KSAT,KSTL,1,2026-10-03,12:20
SWA2106,KDEN,KLAX,5,2026-10-06,02:04
SWA2106,KLAX,KSFO,1,2026-10-05,05:44
SWA2107,KDEN,KBOI,3,2026-10-05,15:25
SWA2107,KTPA,KMCI,1,2026-10-03,10:55
SWA2108,KHOU,KPHX,6,2026-10-06,11:16
SWA2108,KMCO,KDEN,1,2026-09-30,15:29
SWA2108,KPHX,KLAS,3,2026-10-05,14:47
SWA2109,KDEN,KMCI,1,2026-10-04,22:11
SWA2109,KLAS,KABQ,1,2026-09-30,14:50
SWA2109,KOAK,KPDX,1,2026-10-06,20:37
SWA2109,KPHX,KSAT,2,2026-10-03,00:34
SWA2109,KSAN,KPHX,3,2026-10-05,21:54
SWA2109,KSAN,KOAK,1,2026-10-06,18:29
SWA2109,KSAT,KDAL,2,2026-10-03,03:40
SWA2109,KTUL,KDAL,1,2026-10-03,21:58
SWA211,KATL,KDEN,5,2026-10-05,10:28
SWA211,KDEN,KBHM,2,2026-10-01,00:47
SWA211,KMSY,KATL,1,2026-10-06,20:13
SWA2110,KHOU,KPHX,3,2026-10-06,17:53
SWA2110,KMCO,KSTL,1,2026-09-30,15:24
SWA2111,KHOU,KPHX,4,2026-10-05,21:07
SWA2111,KLGA,KHOU,1,2026-10-04,15:14
SWA2112,KBWI,KSTL,1,2026-10-04,17:01
SWA2112,KPHX,KSMF,3,2026-10-06,04:30
SWA2112,KPSP,KLAS,1,2026-10-06,13:04
SWA2112,KSJC,KLAX,1,2026-10-03,18:24
SWA2112,KTPA,KPHX,3,2026-10-06,23:32
SWA2113,KHOU,KPHX,4,2026-10-06,03:53
SWA2113,KMCO,TJSJ,2,2026-10-01,23:42
SWA2113,KVPS,KDAL,1,2026-10-03,20:45
SWA2114,KATL,KAUS,1,2026-10-03,18:27
SWA2114,KBNA,KSFO,1,2026-10-06,18:00
SWA2114,KBWI,KRDU,1,2026-10-04,13:05
SWA2114,KLAS,KATL,1,2026-09-30,15:09
SWA2115,KDAL,KBNA,1,2026-10-04,19:40
SWA2115,KHOU,KSAN,3,2026-10-05,13:15
SWA2115,KLAS,KATL,2,2026-10-01,06:02
SWA2115,KOAK,KAUS,2,2026-10-05,20:06
SWA2115,KSAN,KOAK,3,2026-10-05,17:20
SWA2115,KSMF,KBUR,1,2026-10-03,20:11
SWA2116,KLAS,KAUS,1,2026-09-30,13:53
SWA2116,TJSJ,KBWI,1,2026-10-06,10:11
SWA2117,KATL,KMSY,1,2026-10-03,20:12
SWA2117,KLAS,KBOI,1,2026-10-05,22:59
SWA2117,KLBB,KDAL,1,2026-09-30,22:53
SWA2117,KOAK,KSBA,3,2026-10-05,20:50
SWA2117,KPHX,KSAN,1,2026-10-06,19:55
SWA2117,KSBA,KLAS,3,2026-10-05,22:43
SWA2118,KMCO,KHOU,3,2026-10-05,13:13
SWA2118,KMDW,KATL,1,2026-10-05,00:39
SWA2118,KMDW,KSAN,1,2026-10-03,15:35
SWA2119,KABQ,KLAS,1,2026-10-06,18:53
SWA2119,KDAL,KABQ,1,2026-10-06,16:20
SWA2119,KHOU,KSDF,1,2026-10-04,20:53
SWA2119,KLAS,KSJC,1,2026-10-06,21:09
SWA2119,KMCI,KDAL,1,2026-10-06,13:55
SWA2119,KMDW,KMIA,3,2026-10-05,13:38
SWA2119,KOAK,KLGB,1,2026-10-03,18:08
SWA212,KATL,KDEN,4,2026-10-05,18:01
SWA212,KATL,KLAS,1,2026-09-30,11:25
SWA212,KMDW,KLAS,1,2026-10-04,21:54
SWA212,KSMF,KDEN,1,2026-10-06,20:38
SWA212,KTPA,KATL,1,2026-10-04,14:08
SWA2120,KABQ,KDEN,3,2026-10-06,01:05
SWA2120,KLAS,KABQ,4,2026-10-05,23:24
SWA2120,KLAS,KDEN,1,2026-10-05,23:43
SWA2120,KLAX,KLAS,1,2026-10-06,21:53
SWA2120,KPHX,KLAS,1,2026-09-30,14:05
SWA2121,KDAL,KATL,1,2026-10-05,01:23
SWA2121,KHOU,KSAT,3,2026-10-05,21:59
SWA2121,KSAT,KDAL,1,2026-10-05,23:35
SWA2121,KSJC,KONT,1,2026-10-03,17:47
SWA2122,KAUS,KABQ,2,2026-10-01,01:41
SWA2122,KHOU,KSAT,4,2026-10-06,04:26
SWA2122,KHOU,KOMA,1,2026-10-05,01:54
SWA2123,KBOS,KMCI,1,2026-10-03,18:34
SWA2123,KHOU,KSMF,1,2026-10-04,13:18
SWA2123,KLAS,KOAK,3,2026-10-05,20:41
SWA2123,KSMF,KONT,1,2026-10-04,18:04
SWA2124,KAUS,KDAL,1,2026-10-04,20:56
SWA2124,KBNA,KSTL,1,2026-10-06,23:02
SWA2124,KLAS,KBNA,1,2026-09-30,16:28
SWA2124,KLGB,KRNO,1,2026-10-03,22:01
SWA2124,TJSJ,KBWI,2,2026-10-06,22:02
SWA2125,KBWI,KATL,1,2026-10-06,18:19
SWA2125,KHOU,KSJC,4,2026-10-05,13:28
SWA2126,KHOU,KSLC,3,2026-10-06,17:56
SWA2126,KLAS,KSMF,1,2026-10-05,06:22
SWA2126,KOKC,KHOU,1,2026-09-30,14:15
SWA2127,KAUS,KBOS,1,2026-10-03,13:06
SWA2127,KCLT,KBWI,1,2026-10-06,12:55
SWA2127,KIND,KLAS,1,2026-10-04,13:30
SWA2127,KSAN,KBWI,3,2026-10-05,14:11
SWA2128,KHOU,KSTL,5,2026-10-06,12:29
SWA2129,KDEN,KSTL,1,2026-10-04,13:25
SWA2129,KHOU,KSTL,3,2026-10-05,14:13
SWA2129,KSJC,KLGB,1,2026-10-03,18:12
SWA2129,KSTL,KMDW,1,2026-10-04,16:11
SWA2130,KAUS,KDEN,3,2026-10-05,15:17
SWA2130,KBUR,KBNA,1,2026-09-30,15:28
SWA2130,KDAL,KDCA,1,2026-10-03,11:16
SWA2130,KDEN,KSDF,1,2026-10-06,20:21
SWA2130,KPDX,KLAS,1,2026-10-04,13:19
SWA2131,KBWI,KPIT,1,2026-10-05,03:20
SWA2131,KMDW,KCLE,3,2026-10-05,13:00
SWA2131,KSJC,KDEN,1,2026-10-06,15:21
SWA2132,KLGB,KBNA,1,2026-10-05,20:47
SWA2132,KSRQ,KIND,1,2026-10-03,15:41
SWA2132,KTPA,KAUS,2,2026-10-05,20:08
SWA2133,KDAL,KSAV,1,2026-10-06,20:45
SWA2133,KHOU,KTPA,4,2026-10-05,10:22
SWA2133,KLAS,KBUR,1,2026-09-30,19:12
SWA2133,KPHX,KCMH,1,2026-10-05,02:49
SWA2133,KSMF,KPHX,1,2026-10-05,23:32
SWA2134,KHOU,KTPA,5,2026-10-06,20:36
SWA2134,KMDW,KALB,1,2026-10-05,00:23
SWA2135,KDEN,KSLC,2,2026-10-01,01:58
SWA2135,KHOU,KTPA,4,2026-10-06,02:57
SWA2135,KOAK,KSNA,1,2026-10-03,14:49
SWA2136,KBNA,KDAL,3,2026-10-05,16:45
SWA2136,KLAS,KBUR,2,2026-10-01,02:14
SWA2136,KLGA,KMCI,1,2026-10-03,12:12
SWA2136,KTPA,KDEN,1,2026-10-04,14:50
SWA2137,KDEN,KMCO,4,2026-10-06,22:09
SWA2138,KLAS,KOAK,1,2026-10-05,07:06
SWA2138,TJSJ,KMCO,1,2026-10-04,00:49
SWA2139,KLAS,KMCI,1,2026-10-03,18:00
SWA2139,KMCI,KBWI,1,2026-10-03,21:26
SWA2139,KSAT,KDEN,1,2026-10-04,18:15
SWA2140,KISP,KMCO,1,2026-10-06,20:49
SWA2140,KSDF,KBWI,1,2026-10-05,00:36
SWA2140,KTPA,KSDF,1,2026-10-04,21:53
SWA2141,KDEN,KLGA,4,2026-10-06,15:20
SWA2141,KLAS,KBUR,1,2026-09-30,13:36
SWA2141,KTPA,KMKE,1,2026-10-03,19:35
SWA2143,KLAS,KBWI,2,2026-10-01,06:23
SWA2144,KAUS,KRDU,1,2026-10-03,17:46
SWA2144,KBWI,KRDU,2,2026-10-05,22:45
SWA2144,KHOU,KSTL,1,2026-09-30,15:46
SWA2144,KLAS,KDEN,1,2026-10-06,13:22
SWA2144,KMKE,KMCO,1,2026-10-05,22:26
SWA2144,KMSY,KBWI,3,2026-10-05,19:41
SWA2144,KSTL,KBOS,1,2026-09-30,18:32
SWA2145,KABQ,KBWI,1,2026-10-04,20:13
SWA2145,KCLT,KMDW,3,2026-10-06,23:59
SWA2145,KDEN,KATL,1,2026-10-01,22:01
SWA2145,KIND,KDEN,1,2026-10-06,19:25
SWA2145,KLAS,KGEG,1,2026-10-04,02:58
SWA2146,KIND,KATL,1,2026-10-04,21:00
SWA2146,KMCO,KMHT,1,2026-10-01,21:53
SWA2146,KPHX,KSNA,3,2026-10-05,21:51
SWA2147,KHOU,KPIT,3,2026-10-05,20:24
SWA2147,KLAS,KCOS,1,2026-09-30,16:48
SWA2147,KMCI,KDEN,1,2026-10-03,21:39
SWA2147,KMKE,KBNA,1,2026-10-06,12:48
SWA2148,KICT,KPHX,3,2026-10-05,20:08
SWA2148,KLAX,KDAL,1,2026-10-06,17:01
SWA2148,KMCI,KLAS,1,2026-10-04,19:28
SWA2149,KHOU,KSTL,1,2026-10-04,16:27
SWA2149,KIND,KATL,3,2026-10-06,23:33
SWA2149,KLGA,KBNA,1,2026-09-30,16:32
SWA2149,KMCO,KFLL,1,2026-10-06,15:00
SWA2149,KOKC,KDEN,1,2026-10-03,16:29
SWA215,KATL,KDEN,3,2026-10-06,23:21
SWA215,KATL,KLAS,2,2026-10-01,21:45
SWA215,KAUS,KMSY,1,2026-10-04,23:17
SWA215,KBNA,KATL,3,2026-10-05,21:34
SWA215,KBWI,KMSY,1,2026-10-04,17:10
SWA215,KMCO,KPVD,1,2026-10-04,11:47
SWA215,KMSY,KHOU,1,2026-10-04,21:14
SWA215,KPVD,KBWI,1,2026-10-04,15:07
SWA2150,KICT,KMDW,6,2026-10-06,10:16
SWA2151,KDEN,KICT,1,2026-10-06,17:21
SWA2151,KICT,KMDW,2,2026-10-06,21:10
SWA2151,KIND,KRSW,1,2026-10-03,17:13
SWA2151,KPHX,KICT,1,2026-10-04,18:25
SWA2151,KSTL,KLGA,2,2026-10-01,01:35
SWA2152,KICT,KLAS,4,2026-10-05,18:32
SWA2152,KLAS,KBUR,3,2026-10-05,21:40
SWA2152,KLAX,KRNO,1,2026-09-30,18:17
SWA2152,KMCO,KMDW,3,2026-10-05,12:23
SWA2152,KMDW,KICT,5,2026-10-05,15:45
SWA2153,KDEN,KJAX,1,2026-10-02,20:18
SWA2153,KHOU,KVPS,1,2026-10-04,15:23
SWA2153,KLAX,KSAT,1,2026-09-30,16:12
SWA2153,KMSY,KBNA,1,2026-10-06,13:11
SWA2153,KSLC,KAUS,1,2026-10-03,16:50
SWA2153,KVPS,KBNA,1,2026-10-04,17:47
SWA2154,KBUR,KDAL,3,2026-10-06,23:14
SWA2154,KMSY,KLAS,1,2026-10-04,15:21
SWA2154,KONT,KDEN,1,2026-10-03,19:55
SWA2154,KPHX,KSNA,1,2026-09-30,21:09
SWA2155,KAUS,KSMF,1,2026-10-03,19:22
SWA2155,KIND,KAUS,2,2026-10-06,16:06
SWA2155,KRIC,KDEN,1,2026-10-05,21:47
SWA2156,KIND,KBWI,3,2026-10-06,00:27
SWA2156,KLAS,KDEN,1,2026-09-30,13:05
SWA2156,KMCI,KLAS,1,2026-10-04,22:19
SWA2157,KIND,KBNA,6,2026-10-06,11:12
SWA2157,KLAS,KDEN,1,2026-09-30,19:04
SWA2158,KIND,KBNA,1,2026-10-06,20:26
SWA2158,KSMF,KLGB,1,2026-10-03,20:09
SWA2158,KSTL,KAUS,1,2026-09-30,14:42
SWA2159,KDAL,KDEN,2,2026-10-01,00:42
SWA2159,KIND,KBWI,4,2026-10-06,09:47
SWA2159,KOKC,KDAL,1,2026-09-30,22:55
SWA2159,KRSW,KIND,1,2026-10-03,15:07
SWA216,KMDW,MMUN,3,2026-10-06,14:22
SWA2160,KBDL,KBWI,1,2026-10-04,21:57
SWA2160,KBUR,KLAS,3,2026-10-05,19:25
SWA2160,KLAS,KDEN,3,2026-10-06,22:43
SWA2160,KSMF,KDEN,1,2026-10-03,21:02
SWA2161,KHOU,KDAL,1,2026-10-01,18:39
SWA2161,KIND,KDAL,4,2026-10-06,11:25
SWA2161,KIND,KHOU,1,2026-10-01,11:23
SWA2161,KSAN,KOAK,1,2026-09-30,17:24
SWA2162,KIND,KDAL,1,2026-10-03,21:01
SWA2162,KLAS,KDEN,2,2026-10-01,04:25
SWA2162,KMKE,KMCO,1,2026-10-06,10:50
SWA2162,KSNA,KDEN,1,2026-10-04,18:13
SWA2163,KDAL,KCOS,1,2026-10-05,02:21
SWA2163,KECP,KDAL,1,2026-10-05,23:38
SWA2163,KHOU,KATL,1,2026-10-03,15:52
SWA2163,KMCO,KMDW,1,2026-10-06,15:42
SWA2164,KBNA,KBOS,1,2026-10-06,19:45
SWA2164,KIND,KDEN,1,2026-10-04,15:07
SWA2164,KMCI,KBNA,1,2026-09-30,17:23
SWA2164,KTPA,KPIT,1,2026-10-03,17:01
SWA2165,KIND,KDEN,4,2026-10-05,19:14
SWA2165,KMCI,KIND,1,2026-10-03,13:32
SWA2166,KAUS,KOAK,1,2026-10-05,04:25
SWA2166,KLAS,KMCI,3,2026-10-06,22:47
SWA2166,KMSY,KLAS,1,2026-10-06,18:06
SWA2166,KSFO,KLAX,1,2026-10-04,01:40
SWA2167,KATL,KDCA,1,2026-10-03,15:04
SWA2167,KATL,KHOU,1,2026-09-30,18:05
SWA2167,KLAS,KLAX,1,2026-10-04,22:13
SWA2167,KOKC,KHOU,1,2026-10-06,17:51
SWA2167,KSJC,KDAL,3,2026-10-06,22:09
SWA2168,KBWI,KRIC,1,2026-10-04,15:02
SWA2168,KMCI,KMDW,1,2026-10-03,21:16
SWA2168,KMCO,KBWI,3,2026-10-05,17:37
SWA2168,KMHT,KBWI,1,2026-10-04,12:33
SWA2168,KOMA,KSTL,1,2026-09-30,21:57
SWA2168,KRIC,KBNA,1,2026-10-04,16:41
SWA2169,KDEN,KOKC,1,2026-10-04,21:12
SWA2169,KHOU,KOKC,1,2026-09-30,20:12
SWA2169,KLGB,KOAK,3,2026-10-06,01:36
SWA2169,KOAK,KSLC,3,2026-10-06,03:30
SWA2169,KSAT,KHOU,1,2026-10-06,11:53
SWA2170,KAUS,KCVG,1,2026-10-03,16:51
SWA2170,KBNA,KMKE,1,2026-10-06,19:39
SWA2170,KDEN,KTUS,3,2026-10-05,19:47
SWA2171,KBWI,KMKE,1,2026-10-03,15:21
SWA2171,KDAL,KPHX,1,2026-10-06,21:18
SWA2171,KHOU,KJAN,1,2026-10-04,16:22
SWA2171,KJAN,KBNA,1,2026-10-04,18:13
SWA2171,KLAS,KCOS,3,2026-10-05,20:21
SWA2172,KBNA,KLAX,1,2026-10-04,13:18
SWA2172,KDTW,KBNA,3,2026-10-05,14:55
SWA2172,KMDW,KDTW,3,2026-10-05,13:12
SWA2173,KIND,KLAS,3,2026-10-06,01:58
SWA2173,KLAS,KLAX,1,2026-10-05,06:46
SWA2174,KIND,KMCI,3,2026-10-05,19:15
SWA2174,KLAS,KHOU,1,2026-09-30,19:04
SWA2174,KMCI,KPHX,1,2026-10-06,20:34
SWA2174,KMCO,KIND,3,2026-10-05,16:19
SWA2174,KRNO,KLGB,1,2026-10-03,20:08
SWA2175,KDAL,KDCA,1,2026-09-30,11:16
SWA2175,KIND,KMCO,5,2026-10-05,09:32
SWA2175,KTPA,KMDW,1,2026-10-06,17:22
SWA2176,KIND,KMCO,5,2026-10-06,12:30
SWA2176,KLAS,KHOU,1,2026-09-30,08:10
SWA2177,KDEN,KMSP,3,2026-10-06,01:42
SWA2177,KLAS,KCLE,1,2026-10-04,19:54
SWA2177,KPHL,KMDW,1,2026-10-06,15:41
SWA2177,KRSW,KBWI,1,2026-10-03,16:20
SWA2178,KDEN,KBZN,3,2026-10-05,15:00
SWA2178,KIND,KMCO,2,2026-10-04,20:02
SWA2179,KLAS,KMDW,1,2026-10-05,02:20
SWA2180,KIND,KPHX,3,2026-10-05,15:20
SWA2180,KLAS,KBNA,1,2026-10-03,19:37
SWA2180,KLAS,KSMF,1,2026-10-04,18:14
SWA2181,KBWI,KJAX,1,2026-09-30,00:19
SWA2181,KLAS,KLBB,3,2026-10-05,16:10
SWA2181,KLAS,KSLC,1,2026-10-06,21:31
SWA2181,KLAS,KSMF,1,2026-10-04,22:29
SWA2181,KMCI,KTPA,1,2026-10-04,23:48
SWA2182,KDEN,KMCI,1,2026-10-06,18:40
SWA2182,KIND,KMDW,4,2026-10-05,22:53
SWA2182,KMCO,KIND,1,2026-10-04,19:22
SWA2183,KIND,KPHX,2,2026-10-06,10:08
SWA2183,KPHX,KCOS,2,2026-10-01,00:29
SWA2184,KIND,KPHX,2,2026-10-06,18:14
SWA2184,KMCI,KMSY,1,2026-10-03,20:16
SWA2185,KIND,KPHX,4,2026-10-06,01:11
SWA2185,KSNA,KPHX,1,2026-10-04,02:09
SWA2186,KIND,KRSW,3,2026-10-05,09:08
SWA2186,KSJC,KLAS,1,2026-10-05,06:10
SWA2186,KTPA,KBNA,1,2026-09-30,20:01
SWA2187,KLAS,KSAN,3,2026-10-06,04:07
SWA2187,KPHX,KONT,1,2026-10-04,14:51
SWA2188,KDAL,KATL,1,2026-10-06,21:08
SWA2188,KLAS,KTUL,3,2026-10-06,02:20
SWA2188,KMCO,KPHL,1,2026-10-04,12:14
SWA2188,KPHL,KSTL,1,2026-10-04,15:24
SWA2189,KDAL,KBNA,1,2026-10-05,03:30
SWA2189,KLAS,KSJC,3,2026-10-05,21:19
SWA2189,KLAS,KLGB,1,2026-09-30,15:51
SWA2189,KROC,KBWI,1,2026-10-06,16:53
SWA219,MMUN,KMDW,1,2026-10-01,18:14
SWA2190,KBNA,KRSW,1,2026-10-06,22:16
SWA2190,KLAX,KBNA,1,2026-10-05,21:27
SWA2191,KBUR,KSMF,1,2026-09-30,16:20
SWA2191,KIND,KTPA,6,2026-10-06,09:29
SWA2192,KBWI,KPVD,1,2026-09-30,15:41
SWA2192,KIND,KTPA,5,2026-10-06,18:18
SWA2193,KMCO,KPIT,1,2026-10-05,02:04
SWA2194,KISP,KBWI,4,2026-10-06,10:16
SWA2194,KMDW,KMCI,1,2026-10-04,14:30
SWA2196,KDAL,KABQ,2,2026-10-05,14:22
SWA2196,KDCA,KDAL,4,2026-10-05,10:20
SWA2196,KDCA,KICT,1,2026-10-02,10:30
SWA2196,KICT,KABQ,1,2026-10-02,13:44
SWA2197,KISP,KMCO,4,2026-10-05,11:09
SWA2197,KLAS,KDSM,1,2026-10-06,20:36
SWA2198,KDEN,KPHX,1,2026-10-06,17:34
SWA2198,KISP,KMCO,3,2026-10-06,00:43
SWA2198,KLAS,KMCI,1,2026-09-30,19:22
SWA2198,KMCO,KBNA,1,2026-10-03,14:52
SWA2198,KMDW,KMIA,1,2026-10-04,13:13
SWA2199,KISP,KDJT,1,2026-10-06,18:51
SWA2199,KMDW,KSFO,1,2026-10-05,05:32
SWA22,KDAL,KFLL,1,2026-10-03,19:00
SWA22,KHOU,KDAL,1,2026-10-03,16:52
SWA2200,KLAS,KMCI,1,2026-09-30,17:05
SWA2200,KSAT,KBWI,1,2026-10-04,10:26
SWA2201,KLAS,KMCI,2,2026-10-01,00:59
SWA2202,KDAL,KLBB,1,2026-09-30,19:02
SWA2203,KJAX,KAUS,2,2026-10-06,23:07
SWA2203,KJAX,KMSY,1,2026-10-02,23:23
SWA2204,KLAS,KMCO,2,2026-10-01,06:09
SWA2205,KLAS,KMDW,1,2026-09-30,13:37
SWA2205,KMCO,KBNA,1,2026-10-04,23:52
SWA2205,KRDU,KMDW,1,2026-10-05,23:54
SWA2206,KDEN,KSAT,1,2026-10-06,20:37
SWA2206,KIND,KRSW,1,2026-10-05,00:28
SWA2206,KPHX,KMDW,3,2026-10-06,00:05
SWA2208,KAUS,KOKC,1,2026-09-30,19:21
SWA2208,KJAX,KAUS,2,2026-10-04,18:37
SWA2208,KLAS,KPDX,3,2026-10-05,16:27
SWA2208,KSEA,KAUS,1,2026-10-06,16:26
SWA2208,KSJC,KSEA,1,2026-10-06,13:09
SWA2209,KDCA,KDAL,2,2026-10-01,00:23
SWA2209,KJAX,KBNA,6,2026-10-06,10:47
SWA2210,KBNA,KDEN,3,2026-10-05,20:02
SWA2210,KJAX,KBNA,1,2026-10-06,14:18
SWA2211,KJAX,KBNA,2,2026-10-03,21:23
SWA2211,KLAS,KMDW,1,2026-09-30,15:22
SWA2211,KSAN,KLAS,1,2026-10-05,05:56
SWA2211,KSMF,KPHX,1,2026-10-06,16:07
SWA2212,KBNA,KTPA,1,2026-10-04,00:10
SWA2212,KJAX,KBNA,3,2026-10-06,00:56
SWA2212,KLAS,KMDW,1,2026-09-30,07:38
SWA2213,KJAX,KMDW,3,2026-10-05,18:11
SWA2213,KJAX,KBWI,2,2026-10-06,12:26
SWA2213,KMDW,KBOS,3,2026-10-05,22:02
SWA2213,KSLC,KBWI,1,2026-10-04,20:08
SWA2214,KBWI,KBDL,1,2026-10-06,18:36
SWA2214,KDAL,KJAX,1,2026-10-02,13:45
SWA2214,KDJT,KBWI,1,2026-10-06,15:30
SWA2214,KJAX,KBWI,4,2026-10-05,16:40
SWA2215,KDEN,KAUS,1,2026-10-05,01:34
SWA2215,KLGB,KHOU,1,2026-09-30,19:39
SWA2215,KMDW,KTPA,3,2026-10-05,13:56
SWA2215,KSAN,KDEN,1,2026-10-06,21:49
SWA2215,KTPA,KBHM,1,2026-10-03,20:12
SWA2216,KAUS,KSNA,2,2026-10-01,23:44
SWA2216,KJAX,KBWI,2,2026-10-06,23:58
SWA2217,KHOU,KATL,2,2026-10-01,00:30
SWA2217,KMDW,KPDX,3,2026-10-05,15:05
SWA2218,KATL,KSTL,2,2026-10-01,23:59
SWA2218,KMSY,KMCO,3,2026-10-05,11:43
SWA2218,KOAK,KLAX,1,2026-10-03,17:09
SWA2218,KPHX,KOAK,1,2026-10-05,06:11
SWA2218,KSTL,KDAL,1,2026-10-06,11:08
SWA2219,KMCO,KPIT,1,2026-09-30,17:02
SWA2219,KMSY,KDAL,1,2026-10-05,02:38
SWA222,KATL,KHOU,5,2026-10-06,10:27
SWA222,KMCO,KPIT,1,2026-09-30,12:47
SWA222,KSAN,KSJC,1,2026-10-05,02:07
SWA2220,KMDW,KROC,3,2026-10-06,01:42
SWA2221,KJAX,KSTL,6,2026-10-06,10:10
SWA2222,KLAS,KOAK,1,2026-09-30,18:53
SWA2222,KOAK,KPDX,1,2026-09-30,20:56
SWA2222,KROC,KBWI,1,2026-10-04,22:02
SWA2222,PHKO,PHNL,1,2026-10-02,16:13
SWA2224,KLAS,KOAK,2,2026-10-01,23:06
SWA2225,KLAS,KOAK,2,2026-10-01,03:28
SWA2226,KBNA,KLIT,2,2026-10-01,02:07
SWA2229,KBNA,KMSY,1,2026-09-30,21:02
SWA2229,KPHX,KSTL,1,2026-10-04,18:55
SWA2229,KSLC,KPHX,1,2026-10-04,16:29
SWA223,KALB,KBWI,1,2026-10-06,10:00
SWA223,KATL,KMCO,3,2026-10-05,16:33
SWA223,KATL,KHOU,1,2026-10-05,22:40
SWA223,KBNA,KATL,1,2026-10-04,16:01
SWA223,KLGA,KDEN,2,2026-10-01,21:23
SWA223,KMDW,KATL,3,2026-10-05,14:08
SWA223,KPVD,KMDW,3,2026-10-05,10:34
SWA2231,KBDL,KTPA,1,2026-09-30,10:52
SWA2231,KLAS,KABQ,5,2026-10-06,15:16
SWA2231,KLAS,KMKE,1,2026-10-04,14:53
SWA2231,KLGB,KLAS,1,2026-10-06,20:34
SWA2231,KMDW,KLGB,1,2026-10-06,15:37
SWA2232,KDCA,KLAS,3,2026-10-06,22:04
SWA2232,KLAS,KSMF,4,2026-10-06,03:45
SWA2233,KBHM,KLAS,1,2026-10-04,15:49
SWA2233,KBWI,KCVG,1,2026-10-06,15:20
SWA2233,KCVG,KAUS,1,2026-10-06,17:35
SWA2234,KMCO,KBDL,2,2026-10-01,22:01
SWA2234,KSEA,KLAS,4,2026-10-06,22:31
SWA2235,KAUS,KBWI,1,2026-10-06,14:25
SWA2235,KMDW,KMCO,1,2026-10-03,17:01
SWA2235,KPHX,KSAN,3,2026-10-06,01:50
SWA2235,KPHX,KAUS,1,2026-10-05,00:23
SWA2235,KSLC,KMDW,1,2026-10-03,13:19
SWA2236,KAUS,KMSY,1,2026-09-30,20:55
SWA2236,KMSY,KDCA,2,2026-10-01,23:11
SWA2236,KPSP,KLAS,1,2026-10-06,19:14
SWA2236,KPVD,KMDW,3,2026-10-06,23:02
SWA2236,KSLC,KLAS,1,2026-10-05,04:19
SWA2236,KSMF,KEUG,1,2026-10-04,01:26
SWA2236,KSMF,KPSP,1,2026-10-06,17:03
SWA2237,KLAS,KATL,5,2026-10-06,07:17
SWA2238,KLAS,KAUS,2,2026-10-06,13:35
SWA2238,KLAS,KBNA,1,2026-10-04,19:58
SWA2238,KOMA,KLAS,3,2026-10-06,01:26
SWA2239,KBWI,KFLL,1,2026-10-06,16:19
SWA2239,KLAS,KONT,2,2026-10-01,03:19
SWA224,KBNA,KBUR,1,2026-10-05,00:35
SWA224,KDAL,KLAS,2,2026-10-01,02:32
SWA224,KOKC,KMDW,4,2026-10-05,10:11
SWA2240,KBUR,KLAS,1,2026-10-06,14:26
SWA2240,KLAS,KAUS,3,2026-10-05,15:44
SWA2240,KPHX,KSFO,1,2026-10-05,05:59
SWA2241,KATL,KLAS,1,2026-10-04,11:25
SWA2241,KLAS,KBNA,3,2026-10-05,20:27
SWA2241,KSMF,KLGB,1,2026-10-04,00:34
SWA2242,KDCA,KAUS,1,2026-10-04,21:00
SWA2242,KPNS,KBNA,1,2026-10-06,21:40
SWA2242,KTUL,KDEN,3,2026-10-05,11:17
SWA2243,KBUR,KBNA,1,2026-10-04,18:45
SWA2243,KRSW,KBNA,3,2026-10-06,22:43
SWA2244,KATL,KBWI,2,2026-10-03,03:07
SWA2244,KCVG,KMDW,1,2026-10-04,13:00
SWA2244,KLAS,KPHX,1,2026-09-30,14:08
SWA2244,KRNO,KLAS,1,2026-10-06,17:43
SWA2244,KSTL,KATL,3,2026-10-06,01:01
SWA2245,KBUR,KOAK,1,2026-09-30,20:47
SWA2245,KBWI,KSRQ,1,2026-10-04,12:19
SWA2245,KLAS,KBNA,4,2026-10-06,14:01
SWA2245,KOAK,KABQ,2,2026-10-01,22:52
SWA2246,KMDW,KROC,4,2026-10-05,13:26
SWA2246,KROC,KBWI,4,2026-10-05,15:47
SWA2246,KSJC,KLAS,1,2026-10-05,01:56
SWA2247,KBWI,KTPA,1,2026-10-04,20:20
SWA2247,KGSP,KBWI,1,2026-10-06,12:38
SWA2247,KLAS,KPHX,1,2026-10-01,23:36
SWA2247,KMCO,KDAL,3,2026-10-05,19:59
SWA2247,KMCO,KIND,1,2026-10-03,14:35
SWA2248,KGEG,KOAK,3,2026-10-05,18:45
SWA2248,KLAS,KBNA,5,2026-10-06,00:13
SWA2248,KLAS,KPHX,2,2026-10-01,00:30
SWA2248,KOAK,KLAS,3,2026-10-05,22:03
SWA225,KATL,KHOU,1,2026-10-05,01:24
SWA225,KBHM,KDAL,3,2026-10-05,19:26
SWA225,KBNA,KBHM,3,2026-10-05,17:55
SWA225,KBUR,KLAS,1,2026-09-30,14:25
SWA225,KBWI,KRIC,3,2026-10-05,13:43
SWA225,KCHS,KBWI,3,2026-10-05,11:30
SWA225,KPHX,KLAS,1,2026-10-04,00:05
SWA225,KRIC,KBNA,3,2026-10-05,15:12
SWA2250,KBNA,KLAS,1,2026-10-04,00:15
SWA2250,KBWI,KBDL,1,2026-10-06,15:11
SWA2250,KDEN,KMEM,1,2026-10-04,16:58
SWA2250,KECP,KBNA,1,2026-09-30,17:49
SWA2250,KSNA,KLAS,3,2026-10-05,20:04
SWA2251,KLAS,KBNA,4,2026-10-06,06:51
SWA2251,KLAS,KPHX,2,2026-10-01,03:58
SWA2252,KCMH,KPHX,1,2026-10-05,01:26
SWA2252,KDCA,KMDW,1,2026-09-30,14:17
SWA2252,KTUS,KLAS,1,2026-10-06,18:05
SWA2253,KBUR,KSJC,1,2026-09-30,21:26
SWA2253,KDEN,KOAK,1,2026-10-04,19:23
SWA2253,KFLL,KMDW,1,2026-10-06,16:58
SWA2253,KLAS,KBOI,3,2026-10-06,05:55
SWA2254,KGEG,KLAS,1,2026-10-03,21:36
SWA2254,KLAS,KSEA,1,2026-10-04,15:24
SWA2254,KTUS,KDEN,3,2026-10-05,17:27
SWA2255,KAUS,KBWI,2,2026-10-05,20:22
SWA2255,KHOU,KABQ,1,2026-10-04,20:29
SWA2255,KLAS,KBUR,1,2026-10-06,14:43
SWA2255,KLAS,KRNO,1,2026-09-30,13:50
SWA2256,KBUR,KSMF,2,2026-10-01,02:20
SWA2256,KGSP,KBNA,1,2026-10-03,21:34
SWA2256,KLAS,KBUR,3,2026-10-05,16:41
SWA2256,KMCI,KLAS,1,2026-10-06,12:26
SWA2257,KECP,KBNA,3,2026-10-06,23:16
SWA2257,KMCO,TJSJ,1,2026-10-05,03:56
SWA2258,KLAS,KBUR,4,2026-10-06,18:54
SWA2258,KMKE,KAUS,1,2026-10-04,16:14
SWA2258,KSTL,KMKE,1,2026-10-04,13:30
SWA2259,KHOU,KJAN,1,2026-09-30,16:29
SWA2259,KJAN,KBNA,1,2026-09-30,18:34
SWA2259,KLAS,KBUR,2,2026-10-06,23:19
SWA2259,KRNO,KLAS,1,2026-10-04,20:01
SWA2259,KSFO,KDEN,1,2026-10-06,19:21
SWA2260,KDEN,KMCO,1,2026-09-30,13:32
SWA2260,KIND,KLAS,2,2026-10-05,20:14
SWA2260,KLAS,KOAK,1,2026-10-04,22:24
SWA2260,KROC,KTPA,1,2026-10-03,18:07
SWA2260,KSJC,KDAL,1,2026-10-06,13:14
SWA2261,KCMH,KTPA,1,2026-09-30,20:17
SWA2261,KLAS,KBUR,4,2026-10-06,03:59
SWA2261,KSTL,KLAX,1,2026-10-06,13:55
SWA2262,KLAS,KBWI,5,2026-10-06,14:05
SWA2262,KLAS,KCMH,1,2026-10-04,17:30
SWA2263,KBNA,KCHS,1,2026-10-06,22:14
SWA2263,KLAS,KBWI,1,2026-10-05,00:56
SWA2263,KLAS,KSAN,1,2026-09-30,14:01
SWA2264,KLAS,KBWI,5,2026-10-06,05:33
SWA2265,KBDL,KTPA,1,2026-10-04,19:34
SWA2265,KBNA,KPVD,1,2026-10-06,16:49
SWA2265,KBWI,KBDL,1,2026-10-04,17:37
SWA2265,KMCO,KIND,1,2026-10-03,17:36
SWA2266,KLAS,KBZN,4,2026-10-06,02:53
SWA2266,KLAS,KBNA,1,2026-10-05,03:46
SWA2266,KLAS,KSAN,1,2026-09-30,15:17
SWA2267,KLAS,KCLE,3,2026-10-06,21:12
SWA2267,KLGB,KMDW,1,2026-10-04,19:44
SWA2267,KMCO,KMDW,1,2026-10-03,12:05
SWA2267,KPHX,KHOU,2,2026-10-01,23:27
SWA2268,KDAL,KAUS,1,2026-10-04,11:04
SWA2268,KLAS,KOAK,2,2026-10-06,23:05
SWA2268,KLAS,KSAN,2,2026-10-01,23:46
SWA2268,KSJC,KSEA,1,2026-10-04,23:36
SWA2269,KBNA,KSAT,2,2026-10-05,19:48
SWA2269,KDAL,KLAS,1,2026-10-03,21:15
SWA2269,KLAS,KSAN,1,2026-09-30,21:38
SWA2269,KMCO,KBHM,1,2026-10-06,13:18
SWA227,KPHX,KDEN,1,2026-09-30,17:11
SWA2270,KECP,KBNA,1,2026-10-06,12:40
SWA2270,KLAS,KOMA,3,2026-10-05,20:09
SWA2270,KSMF,KSNA,2,2026-10-01,00:54
SWA2271,KLAS,KDAL,1,2026-10-06,01:47
SWA2271,KLAX,KDAL,1,2026-10-06,21:23
SWA2272,KCMH,KMCO,1,2026-10-06,21:04
SWA2272,KLAS,KCOS,4,2026-10-06,04:53
SWA2272,KLGB,KLAS,1,2026-10-05,03:21
SWA2273,KLAS,KDAL,4,2026-10-05,18:06
SWA2273,KLAS,KSJC,1,2026-10-03,16:20
SWA2274,KOAK,KLAS,3,2026-10-06,01:33
SWA2274,KSAN,KOAK,1,2026-09-30,22:22
SWA2274,KSBA,KDEN,1,2026-10-04,13:30
SWA2275,KDAL,KSFO,1,2026-10-06,14:42
SWA2275,KSAT,KDAL,1,2026-09-30,14:34
SWA2276,KBWI,KMDW,1,2026-10-03,14:04
SWA2276,KDCA,KMDW,5,2026-10-06,12:12
SWA2276,KLAS,KSAT,2,2026-10-01,00:00
SWA2276,KMDW,KCOS,1,2026-10-03,16:47
SWA2277,KLAS,KDEN,4,2026-10-05,12:26
SWA2277,KPIT,KDAL,1,2026-10-06,20:28
SWA2278,KDEN,KPVD,1,2026-10-06,19:37
SWA2278,KHOU,KMDW,2,2026-10-01,02:03
SWA2278,KLAS,KDEN,1,2026-10-04,13:13
SWA2279,KLAS,KSJC,3,2026-10-05,14:23
SWA2279,KLAS,KDEN,1,2026-10-03,15:02
SWA2279,KSJC,KPHX,1,2026-10-05,02:14
SWA2279,KTUS,KLAS,3,2026-10-05,12:15
SWA228,KMDW,MMUN,1,2026-10-03,13:10
SWA2280,KBUR,KLAS,1,2026-10-06,17:01
SWA2280,KLAS,KDEN,4,2026-10-05,17:47
SWA2281,KDEN,KFLL,3,2026-10-06,23:57
SWA2281,KHOU,KBHM,1,2026-10-06,19:18
SWA2281,KLAS,KDEN,3,2026-10-05,20:55
SWA2282,KDAL,KTPA,1,2026-10-05,01:45
SWA2282,KLAS,KDEN,4,2026-10-06,21:45
SWA2283,KLAS,KDEN,4,2026-10-06,23:19
SWA2283,KLAS,KSEA,1,2026-09-30,14:50
SWA2284,KDEN,KBOI,1,2026-10-04,14:49
SWA2285,KIND,KMCO,1,2026-09-30,10:56
SWA2285,KLAS,KDEN,3,2026-10-06,05:09
SWA2285,KSFO,KLAS,3,2026-10-06,04:44
SWA2286,KAUS,KDAL,1,2026-10-05,00:38
SWA2286,KBUR,KPHX,1,2026-10-06,15:37
SWA2286,KDEN,KBNA,4,2026-10-06,20:00
SWA2286,KMCO,KMDW,1,2026-10-04,22:48
SWA2286,KMDW,KTUS,1,2026-10-04,02:00
SWA2286,KPHX,KDEN,1,2026-10-06,18:01
SWA2286,KSFO,KSAN,2,2026-10-01,02:08
SWA2287,KAUS,KATL,1,2026-09-30,20:02
SWA2287,KBWI,KROC,3,2026-10-06,03:34
SWA2287,KLAS,KBOI,1,2026-10-06,20:41
SWA2287,KSMF,KSNA,1,2026-10-04,19:00
SWA2287,KSNA,KPHX,1,2026-10-04,21:10
SWA2288,KBWI,KBOS,1,2026-10-05,01:01
SWA2288,KLAS,KCMH,1,2026-10-06,18:38
SWA2288,KLAS,KPHX,1,2026-09-30,01:38
SWA2288,KMCO,KMEM,1,2026-10-03,14:40
SWA2288,KMEM,KDEN,1,2026-10-03,17:26
SWA2288,KMSY,KBWI,1,2026-10-04,20:35
SWA2289,KBHM,KHOU,1,2026-10-04,14:38
SWA2289,KBWI,KRSW,3,2026-10-05,12:45
SWA2289,KLAX,KMSY,1,2026-10-06,16:03
SWA2289,KMCO,KBHM,1,2026-10-04,12:36
SWA2290,KBWI,KFLL,1,2026-10-05,00:57
SWA2290,KDEN,KBZN,3,2026-10-06,03:56
SWA2290,KMCI,KBNA,1,2026-10-06,13:39
SWA2290,KSMF,KSLC,1,2026-10-03,21:45
SWA2291,KDEN,KTUL,3,2026-10-06,02:00
SWA2291,KLAS,KEUG,1,2026-10-04,21:27
SWA2293,KBWI,KFLL,3,2026-10-06,01:37
SWA2293,KLAS,KSJC,1,2026-09-30,22:10
SWA2293,KSNA,KSMF,1,2026-10-03,18:46
SWA2294,KBWI,KDJT,1,2026-10-04,13:30
SWA2294,KLAS,KSJC,2,2026-10-01,03:54
SWA2294,KLAX,KDAL,3,2026-10-05,15:03
SWA2295,KBZN,KDEN,1,2026-10-04,17:14
SWA2295,KGRR,KDEN,1,2026-10-06,19:55
SWA2295,KMCO,KORF,1,2026-10-03,13:06
SWA2295,KMDW,KGRR,1,2026-10-06,18:24
SWA2295,KMKE,KLAS,3,2026-10-05,16:41
SWA2295,KORF,KBWI,1,2026-10-03,15:48
SWA2296,KLAS,PHNL,3,2026-10-06,17:20
SWA2297,KBUR,KSMF,1,2026-09-30,17:57
SWA2297,KLAS,KPDX,1,2026-10-05,06:44
SWA2297,KOAK,KLAX,1,2026-10-06,17:49
SWA2297,KPIT,KBWI,3,2026-10-05,10:01
SWA2298,KIND,KMCO,1,2026-09-30,15:46
SWA2298,KLAS,KHOU,4,2026-10-05,15:10
SWA2298,KLGB,KHOU,1,2026-10-06,19:46
SWA2299,KLAS,KHOU,1,2026-10-04,16:22
SWA2299,KLAX,KBNA,1,2026-10-02,20:33
SWA2299,KSJC,KLAS,1,2026-10-03,16:10
SWA230,KSMF,KPHX,1,2026-09-30,22:13
SWA2300,KBNA,KSFO,1,2026-09-30,19:12
SWA2300,KBWI,KPIT,1,2026-09-30,15:04
SWA2300,KPIT,KBNA,1,2026-09-30,16:46
SWA2301,KDEN,KSBA,1,2026-10-05,05:21
SWA2301,KLAS,KBOI,3,2026-10-05,16:27
SWA2301,KPHX,KAUS,1,2026-10-06,17:40
SWA2302,KLAS,KHOU,1,2026-10-01,08:05
SWA2303,KBNA,KDEN,1,2026-10-06,16:48
SWA2303,KDAL,KCMH,1,2026-10-05,01:56
SWA2303,KDEN,KPHX,3,2026-10-05,16:04
SWA2303,KPDX,KDEN,1,2026-10-03,20:55
SWA2303,KSJC,KPDX,1,2026-10-03,17:31
SWA2304,KBWI,KSAT,1,2026-10-05,00:54
SWA2304,KLAS,KHOU,3,2026-10-06,04:19
SWA2304,KLAS,KSMF,1,2026-09-30,14:56
SWA2304,KSMF,KPDX,1,2026-10-03,20:05
SWA2305,KCLT,KMDW,1,2026-10-04,12:39
SWA2305,KLAS,KHOU,4,2026-10-06,08:18
SWA2305,KLAS,KSMF,1,2026-09-30,16:25
SWA2306,KLAS,KICT,2,2026-10-06,21:46
SWA2306,KLAS,KSMF,2,2026-10-01,23:22
SWA2306,KMCO,KPIT,1,2026-10-03,17:21
SWA2306,KOAK,KLAS,1,2026-10-04,19:31
SWA2306,KRNO,KLAS,1,2026-10-06,18:54
SWA2307,KLAS,KIND,4,2026-10-05,15:32
SWA2307,KLAS,KDCA,1,2026-10-04,16:55
SWA2307,KLAX,KHOU,1,2026-10-06,15:31
SWA2307,KSJC,KLAX,1,2026-10-06,13:23
SWA2307,KTPA,KBNA,1,2026-09-30,11:49
SWA2308,KCMH,KDEN,1,2026-10-04,16:31
SWA2308,KLAS,KIND,5,2026-10-06,19:41
SWA2309,KBUR,KLAS,1,2026-10-04,16:29
SWA2309,KSAN,KPHX,3,2026-10-05,14:13
SWA2309,KSNA,KOAK,1,2026-10-03,22:19
SWA2310,KBHM,KTPA,1,2026-10-03,14:21
SWA2310,KCLE,KBWI,3,2026-10-05,10:11
SWA2310,KLAS,KGEG,1,2026-10-05,23:58
SWA2310,KLAX,KLAS,1,2026-10-06,15:36
SWA2311,KMCO,KSAN,1,2026-10-04,13:23
SWA2311,KSAT,KMDW,1,2026-10-06,14:09
SWA2312,KLAS,KLAX,4,2026-10-05,14:30
SWA2312,KMDW,KPHX,1,2026-10-06,16:21
SWA2313,KLAS,KLAX,5,2026-10-06,17:28
SWA2313,KLAX,KSJC,1,2026-10-04,17:38
SWA2313,KMCI,KSAN,1,2026-09-30,18:21
SWA2314,KCMH,KRSW,1,2026-10-03,12:37
SWA2314,KDAL,KMCI,1,2026-10-04,15:24
SWA2314,KLAS,KLAX,3,2026-10-05,21:01
SWA2314,KMCI,KSAT,1,2026-09-30,22:04
SWA2314,KPIT,KMCO,1,2026-10-06,10:20
SWA2315,KAUS,KIND,1,2026-09-30,14:58
SWA2315,KLAS,KHOU,1,2026-10-04,14:03
SWA2315,KLAS,KLAX,1,2026-10-03,21:42
SWA2315,KPHX,KLAS,1,2026-10-03,20:05
SWA2315,KSNA,KPHX,1,2026-10-06,14:23
SWA2315,KTPA,KBNA,3,2026-10-05,15:14
SWA2316,KDCA,KMCI,1,2026-10-04,20:05
SWA2316,KLAS,KLAX,3,2026-10-06,03:08
SWA2316,KLAX,KTUS,2,2026-10-06,05:26
SWA2317,KLAS,KSAN,3,2026-10-06,05:36
SWA2317,KLAS,KSTL,1,2026-09-30,17:15
SWA2317,KSMF,KLAS,1,2026-10-05,04:04
SWA2318,KATL,KBWI,1,2026-10-06,15:19
SWA2318,KBWI,KBOS,1,2026-10-06,17:33
SWA2318,KDCA,KBNA,1,2026-10-04,16:07
SWA2318,KLAS,KLAX,3,2026-10-06,06:21
SWA2319,KMCO,KALB,1,2026-09-30,14:09
SWA2319,KSAN,KSBA,1,2026-10-04,17:32
SWA2319,KSBA,KLAS,4,2026-10-05,17:18
SWA2319,KSMF,KSBA,3,2026-10-05,15:20
SWA232,KATL,KIND,3,2026-10-06,22:03
SWA232,KATL,KMDW,1,2026-09-30,12:02
SWA232,KIND,KLAS,1,2026-10-03,19:36
SWA232,KMCO,KATL,3,2026-10-05,20:04
SWA232,KSFO,KSTL,1,2026-10-05,20:54
SWA2320,KBNA,KMDW,1,2026-10-04,13:43
SWA2320,KDEN,KLAS,1,2026-10-02,03:11
SWA2320,KDEN,KLGA,1,2026-10-04,23:48
SWA2321,KDAL,KDEN,1,2026-10-05,00:50
SWA2321,KLAS,KLGB,3,2026-10-06,01:06
SWA2321,KSTL,KDAL,1,2026-10-04,22:17
SWA2322,KDEN,KRIC,3,2026-10-05,20:07
SWA2322,KDEN,KBNA,1,2026-10-04,13:42
SWA2322,KLAS,KTUL,1,2026-09-30,16:20
SWA2322,KRDU,KBWI,1,2026-10-06,17:49
SWA2323,KLAS,KMCI,5,2026-10-06,15:01
SWA2323,KLAS,KTUL,2,2026-10-01,23:35
SWA2323,KSMF,KLAS,1,2026-10-04,14:35
SWA2324,KMCO,KSDF,1,2026-10-03,10:36
SWA2324,KSAN,KDAL,3,2026-10-05,13:52
SWA2324,KSDF,KMDW,1,2026-10-03,13:43
SWA2324,KSTL,KDAL,1,2026-10-06,22:29
SWA2325,KLAS,KLIT,4,2026-10-06,16:09
SWA2325,KLAX,KDAL,1,2026-10-05,01:33
SWA2326,KLAS,KMCI,5,2026-10-06,13:51
SWA2327,KMCO,KCMH,2,2026-10-01,23:13
SWA2327,KMCO,KSDF,1,2026-10-03,19:58
SWA2327,KPHX,KSAN,1,2026-10-04,21:47
SWA2327,KRNO,KPHX,1,2026-10-04,19:13
SWA2327,KSAN,KGEG,1,2026-10-05,23:48
SWA2327,KSAT,KBNA,3,2026-10-05,16:35
SWA2328,KLAS,KMCI,4,2026-10-06,21:50
SWA2329,KLAS,KMCI,1,2026-10-05,23:45
SWA2329,KLGB,KOAK,1,2026-09-30,23:53
SWA2329,KSBA,KLAS,1,2026-10-03,21:05
SWA233,KATL,KLAS,4,2026-10-06,11:21
SWA233,KDEN,KHOU,1,2026-10-01,02:37
SWA233,KDEN,KLAX,1,2026-10-03,12:05
SWA233,KIND,KLAS,1,2026-10-04,10:44
SWA233,KLAS,KSAN,1,2026-10-04,15:51
SWA233,KLAX,KLAS,1,2026-10-03,15:23
SWA2330,KBWI,KDAL,1,2026-10-04,18:16
SWA2330,KDEN,KSLC,3,2026-10-05,20:47
SWA2330,KHOU,KMAF,1,2026-10-03,13:39
SWA2330,KMAF,KLAS,1,2026-10-03,17:33
SWA2330,KPHX,KOMA,1,2026-09-30,00:54
SWA2330,KPHX,KSTL,1,2026-10-01,01:44
SWA2331,KLAS,KMCO,5,2026-10-06,12:38
SWA2331,KLAX,KBNA,1,2026-09-30,19:35
SWA2331,KLAX,KDEN,1,2026-10-04,16:14
SWA2332,KLAS,KMCO,1,2026-10-03,16:04
SWA2332,KMSP,KDEN,1,2026-10-04,17:12
SWA2333,KBUR,KLAS,1,2026-10-04,19:40
SWA2333,KLAS,KMCO,4,2026-10-06,23:47
SWA2333,KLAS,KCMH,1,2026-10-05,21:26
SWA2333,KLAX,KBWI,2,2026-10-01,05:56
SWA2333,KSLC,KLAS,3,2026-10-05,21:48
SWA2334,KLAS,KMCO,4,2026-10-06,06:45
SWA2334,KMCO,KHOU,1,2026-10-04,19:50
SWA2335,KBNA,KMIA,1,2026-10-06,13:31
SWA2335,KLAX,KDAL,2,2026-10-01,22:10
SWA2335,KMDW,KLGB,1,2026-10-04,16:53
SWA2336,KBUR,KLAS,1,2026-10-06,15:17
SWA2336,KLAS,KMDW,4,2026-10-06,16:18
SWA2336,KRSW,KBWI,1,2026-09-30,16:33
SWA2336,KSJC,KLAS,1,2026-10-04,13:30
SWA2337,KDAL,KCLT,1,2026-10-06,14:27
SWA2337,KLAX,KDEN,1,2026-09-30,13:51
SWA2337,KLIT,KDEN,3,2026-10-05,16:20
SWA2337,KSAN,KMDW,1,2026-10-04,05:44
SWA2338,KLAS,KMDW,6,2026-10-06,07:23
SWA2338,KLGB,KSJC,1,2026-09-30,15:51
SWA2339,KLAS,KMEM,4,2026-10-06,21:31
SWA2339,KMEM,KHOU,3,2026-10-06,01:17
SWA234,KATL,KLAS,2,2026-10-05,00:32
SWA234,KAUS,KLAS,2,2026-10-01,23:16
SWA234,KHOU,KMDW,3,2026-10-05,18:59
SWA234,KLAS,KPDX,2,2026-10-01,03:15
SWA2340,KLAS,KMKE,2,2026-10-06,15:16
SWA2340,KLAX,KDEN,1,2026-09-30,19:36
SWA2341,KBWI,KORF,3,2026-10-06,03:25
SWA2341,KLGA,KMDW,1,2026-10-06,14:08
SWA2341,KSNA,KLAS,1,2026-10-04,19:35
SWA2342,KBWI,KRDU,1,2026-10-06,20:00
SWA2342,KLAS,KMKE,4,2026-10-06,02:28
SWA2342,KONT,KLAS,1,2026-10-05,00:36
SWA2342,KSMF,KONT,1,2026-10-04,22:54
SWA2343,KDAL,KLIT,1,2026-10-06,20:20
SWA2343,KIND,KDAL,2,2026-10-06,22:51
SWA2343,KIND,KBNA,1,2026-10-02,23:40
SWA2344,KMCI,KDCA,1,2026-09-30,17:44
SWA2344,KMDW,KMCO,3,2026-10-05,19:44
SWA2344,KPNS,KBNA,1,2026-10-05,23:36
SWA2345,KHOU,KMCO,3,2026-10-05,10:22
SWA2345,KLGB,KSMF,1,2026-09-30,17:08
SWA2346,KLAS,KOAK,4,2026-10-05,12:18
SWA2346,KMCO,KTYS,1,2026-10-03,20:39
SWA2346,KTYS,KDEN,1,2026-10-04,22:46
SWA2347,KLAS,KOAK,5,2026-10-06,14:32
SWA2347,KLAX,KHOU,1,2026-09-30,19:05
SWA2347,KSJC,KLAX,1,2026-09-30,16:47
SWA2348,KLAS,KOAK,4,2026-10-05,18:21
SWA2348,KLAX,KHOU,1,2026-09-30,15:51
SWA2348,KSAN,KSTL,1,2026-10-05,21:23
SWA2349,KBNA,KCHS,3,2026-10-05,15:55
SWA2349,KLAS,KSJC,1,2026-10-05,01:21
SWA2349,KLAX,KHOU,1,2026-09-30,08:08
SWA2349,KPHX,KLAS,1,2026-10-04,23:06
SWA235,KCLE,KBWI,1,2026-10-06,10:38
SWA235,KMDW,KATL,1,2026-09-30,21:38
SWA235,KONT,KSMF,3,2026-10-06,23:42
SWA235,KPHX,KONT,3,2026-10-05,21:48
SWA235,KSTL,KLGA,1,2026-10-03,22:10
SWA2350,KAUS,KSAN,1,2026-10-04,11:40
SWA2350,KBNA,KRDU,1,2026-10-06,15:35
SWA2350,KLAS,KOAK,3,2026-10-06,01:12
SWA2350,KLAX,KLAS,1,2026-09-30,12:28
SWA2351,KLAS,KOAK,5,2026-10-06,02:11
SWA2352,KLAX,KLAS,1,2026-09-30,21:39
SWA2352,KMSY,KBNA,3,2026-10-06,23:07
SWA2352,KSTL,KDAL,1,2026-10-04,11:45
SWA2353,KBNA,KAUS,1,2026-10-05,04:45
SWA2353,KDEN,KLAS,3,2026-10-05,15:52
SWA2353,KFLL,KBNA,1,2026-10-06,21:17
SWA2353,KMCI,KSTL,1,2026-09-30,17:04
SWA2354,KMCI,KTPA,1,2026-09-30,19:04
SWA2355,KAUS,KMDW,1,2026-10-06,19:34
SWA2355,KBNA,KTPA,1,2026-10-04,18:27
SWA2355,KEUG,KDEN,1,2026-10-03,20:17
SWA2355,KLAX,KMCO,2,2026-10-01,06:09
SWA2355,KPHX,KSLC,3,2026-10-05,14:11
SWA2356,KBOI,KSJC,1,2026-10-04,18:49
SWA2356,KHOU,KCMH,1,2026-10-06,16:12
SWA2356,KLAS,KOKC,2,2026-10-06,22:09
SWA2356,KSAN,KLAS,3,2026-10-05,20:06
SWA2356,KSJC,KLAS,1,2026-10-04,21:19
SWA2357,KBNA,KHOU,1,2026-10-04,20:30
SWA2357,KBWI,KALB,3,2026-10-06,00:14
SWA2357,KHOU,KOKC,1,2026-10-05,23:44
SWA2357,KLAS,KFAT,1,2026-10-06,20:56
SWA2357,KOKC,KDEN,1,2026-10-05,01:34
SWA2358,KLAS,KOMA,4,2026-10-05,15:03
SWA2358,KLAX,KMDW,2,2026-10-01,07:34
SWA2358,KMHT,KBWI,1,2026-10-04,14:46
SWA2359,KMCI,KBNA,3,2026-10-05,17:11
SWA236,KATL,KMCO,5,2026-10-06,12:27
SWA236,KATL,KMDW,1,2026-10-01,22:39
SWA2360,KMDW,KPHX,3,2026-10-05,20:05
SWA2360,KPDX,KPHX,1,2026-10-05,02:45
SWA2361,KDEN,KDSM,3,2026-10-06,03:35
SWA2361,KLAS,KONT,2,2026-10-04,15:08
SWA2362,KLAS,KONT,4,2026-10-06,20:16
SWA2362,KOAK,KLAX,2,2026-10-01,23:41
SWA2363,KBNA,KBUR,3,2026-10-06,19:30
SWA2363,KDEN,KMSP,1,2026-10-05,01:56
SWA2364,KBDL,KMCO,1,2026-10-06,21:15
SWA2364,KDEN,KSTL,1,2026-10-04,15:46
SWA2364,KLAX,KPHX,1,2026-09-30,13:50
SWA2364,KMDW,KBDL,1,2026-10-06,18:18
SWA2364,KTPA,KBNA,3,2026-10-06,00:00
SWA2365,KBWI,KAUS,1,2026-10-05,00:18
SWA2365,KLAX,KPHX,1,2026-09-30,20:36
SWA2365,KORF,KMDW,3,2026-10-05,11:52
SWA2365,KPHX,KSMF,1,2026-10-06,12:50
SWA2366,KDAL,KMCO,3,2026-10-05,13:11
SWA2366,KJAX,KMDW,1,2026-10-04,11:56
SWA2367,KCMH,KPHX,1,2026-10-04,09:33
SWA2367,KLAX,KPHX,2,2026-10-01,01:44
SWA2367,KLAX,KHOU,1,2026-10-01,08:06
SWA2368,KLAS,KSEA,2,2026-10-03,02:52
SWA2368,KLAS,KPDX,1,2026-10-05,02:36
SWA2368,KLAS,KPHX,1,2026-10-04,00:49
SWA2368,KLAX,KLAS,3,2026-10-06,00:39
SWA2368,KOAK,KSAN,1,2026-09-30,21:10
SWA2368,KSMF,KLAX,3,2026-10-05,22:22
SWA2369,KDJT,KISP,1,2026-10-06,17:09
SWA2369,KLAS,KPDX,1,2026-10-04,03:05
SWA2369,KMCO,KDJT,1,2026-10-06,15:10
SWA2369,KPDX,KSJC,2,2026-10-01,23:50
SWA2369,KPHX,KSNA,1,2026-10-04,22:05
SWA2369,KSNA,KLAS,3,2026-10-06,04:46
SWA237,KBWI,KMCI,3,2026-10-05,12:43
SWA237,KDEN,KSTL,2,2026-10-01,00:43
SWA237,KLAS,KBUR,3,2026-10-05,19:51
SWA237,KMCI,KLAS,3,2026-10-05,16:05
SWA237,KTPA,KBNA,1,2026-10-04,18:44
SWA2370,KLAS,KPHX,6,2026-10-06,13:28
SWA2370,KPHL,KMCO,1,2026-09-30,18:11
SWA2370,KPHX,KTPA,1,2026-10-03,15:27
SWA2371,KDEN,KSLC,1,2026-10-04,19:48
SWA2371,KLAS,KPHX,3,2026-10-05,14:28
SWA2371,KONT,KLAS,3,2026-10-05,12:40
SWA2371,KPHL,KMDW,1,2026-09-30,19:52
SWA2371,KPHX,KDEN,1,2026-10-03,18:46
SWA2372,KBNA,KAUS,3,2026-10-06,03:30
SWA2372,KBWI,KCMH,1,2026-10-04,20:31
SWA2372,KRNO,KDEN,1,2026-10-03,20:06
SWA2373,KLAS,KPHX,2,2026-10-06,22:14
SWA2373,KMSY,KDAL,3,2026-10-06,02:01
SWA2374,KLAS,KPHX,4,2026-10-06,03:59
SWA2374,KLAX,KSFO,2,2026-10-01,01:26
SWA2374,KLGB,KSEA,1,2026-10-06,18:17
SWA2374,KOAK,KLAS,1,2026-10-05,01:54
SWA2374,KSLC,KLAX,1,2026-09-30,22:40
SWA2375,KBNA,KMCO,1,2026-10-03,14:06
SWA2375,KLAS,KPHX,3,2026-10-06,04:32
SWA2375,KLAX,KBNA,1,2026-10-04,13:20
SWA2375,KSFO,KAUS,1,2026-09-30,20:16
SWA2376,KBWI,KMCI,1,2026-10-05,00:41
SWA2376,KLAS,KPHX,2,2026-10-03,06:31
SWA2376,KPIT,KMDW,1,2026-10-06,17:57
SWA2376,KPIT,KTPA,1,2026-09-30,21:17
SWA2377,KLAS,KPIT,2,2026-10-06,18:22
SWA2378,KDAL,KLAX,1,2026-10-04,15:11
SWA2378,KLAX,KSJC,1,2026-09-30,17:04
SWA2379,KBNA,KSTL,3,2026-10-06,03:49
SWA2379,KDEN,KCMH,1,2026-10-04,00:26
SWA2379,KHOU,KDEN,1,2026-10-04,20:20
SWA2379,KPVD,KBWI,1,2026-10-06,14:06
SWA2380,KDCA,KLAS,1,2026-10-05,21:35
SWA2380,KSAN,KSMF,3,2026-10-06,03:01
SWA2380,KSAN,KSJC,1,2026-10-06,13:50
SWA2381,KLAS,KAUS,1,2026-10-06,16:53
SWA2381,KLAS,KBWI,1,2026-10-04,13:47
SWA2381,KMCO,KLAS,1,2026-10-03,10:40
SWA2382,KLAX,KSMF,1,2026-09-30,16:06
SWA2382,KMCO,KMDW,1,2026-10-03,16:34
SWA2382,KSJC,KPHX,1,2026-10-06,16:24
SWA2383,KLAS,KRNO,1,2026-10-03,16:48
SWA2383,KLAX,KSMF,2,2026-10-01,02:29
SWA2383,KSMF,KSNA,1,2026-10-06,14:34
SWA2383,KSRQ,KSTL,1,2026-10-05,00:06
SWA2383,KSTL,KMKE,1,2026-10-05,03:05
SWA2384,KATL,KBWI,1,2026-10-03,22:00
SWA2384,KIND,KMCO,3,2026-10-06,23:59
SWA2384,KLAX,KSMF,1,2026-09-30,19:28
SWA2385,KLAS,KRNO,4,2026-10-05,21:01
SWA2385,KMDW,KLAS,2,2026-10-06,17:21
SWA2385,KPIT,KMDW,1,2026-09-30,18:05
SWA2386,KLAS,KRNO,4,2026-10-06,23:15
SWA2386,KSDF,KBNA,1,2026-10-06,11:12
SWA2387,KBNA,KDAL,1,2026-10-03,18:00
SWA2387,KLAS,KBZN,3,2026-10-05,20:17
SWA2387,KLAS,KMCO,1,2026-10-04,16:07
SWA2388,KBNA,KCHS,1,2026-10-05,01:35
SWA2388,KMCI,KMDW,3,2026-10-05,19:38
SWA2388,KMCI,KBNA,1,2026-10-05,23:11
SWA2388,KSJC,KLGB,1,2026-09-30,14:26
SWA2389,KLAS,KRNO,4,2026-10-06,04:28
SWA2389,KLBB,KAUS,1,2026-09-30,12:26
SWA239,KATL,KMCO,3,2026-10-06,23:58
SWA239,KAUS,KSTL,2,2026-10-05,19:02
SWA239,KDEN,KRIC,1,2026-10-04,19:46
SWA239,KMSP,KDEN,1,2026-09-30,16:27
SWA239,KSTL,KATL,2,2026-10-05,21:41
SWA2390,KBWI,KCLT,1,2026-10-06,20:09
SWA2390,KPHL,KMCO,1,2026-10-05,00:09
SWA2390,KSTL,KPHL,1,2026-10-04,21:21
SWA2390,TJSJ,KBWI,1,2026-10-03,09:55
SWA2391,KBNA,KSRQ,1,2026-10-06,17:51
SWA2391,KDEN,KSAN,1,2026-10-03,12:41
SWA2391,KLAS,KRNO,3,2026-10-06,05:35
SWA2391,KLBB,KDAL,1,2026-10-01,23:44
SWA2392,KLAS,KTUS,3,2026-10-05,14:56
SWA2392,KLAS,KSAN,1,2026-10-06,15:23
SWA2392,KMCI,KLAS,3,2026-10-05,11:02
SWA2392,KMDW,KDTW,1,2026-10-03,21:41
SWA2393,KLBB,KHOU,1,2026-09-30,20:56
SWA2394,KHOU,KABQ,1,2026-10-03,13:32
SWA2394,KLAS,KSAN,4,2026-10-05,22:04
SWA2394,KLBB,KLAS,1,2026-09-30,13:18
SWA2395,KLAS,KSAN,1,2026-10-06,21:50
SWA2395,KLGA,KBNA,1,2026-09-30,19:28
SWA2395,KOAK,KSBA,1,2026-10-05,01:23
SWA2395,KPHX,KSAN,3,2026-10-06,00:03
SWA2395,KSAN,KMDW,3,2026-10-06,02:12
SWA2395,KSBA,KLAS,1,2026-10-05,03:09
SWA2396,KLGB,KHOU,3,2026-10-05,16:13
SWA2396,KSJC,KBUR,1,2026-09-30,22:11
SWA2396,KSMF,KDEN,1,2026-10-05,02:30
SWA2397,KHOU,KSJC,1,2026-10-04,13:11
SWA2397,KLAS,KSAN,1,2026-10-06,06:18
SWA2397,KLGA,KDAL,1,2026-09-30,14:05
SWA2398,KMDW,KPWM,3,2026-10-06,00:03
SWA2398,KPVD,KBNA,1,2026-09-30,17:29
SWA2399,KBNA,KPHX,1,2026-10-03,17:52
SWA2399,KDEN,KDAL,1,2026-10-04,20:18
SWA2399,KLAS,KSAN,3,2026-10-05,00:03
SWA2399,KPVD,KDCA,1,2026-09-30,12:39
SWA24,KHOU,KDAL,3,2026-10-05,18:12
SWA240,KATL,KMDW,6,2026-10-06,12:33
SWA240,KMDW,KBNA,1,2026-09-30,18:25
SWA2400,KDEN,KMAF,1,2026-10-04,00:40
SWA2400,KDTW,KSTL,3,2026-10-06,01:20
SWA2400,KMCO,KDTW,3,2026-10-05,22:10
SWA2401,KLAS,KLGB,3,2026-10-05,21:44
SWA2401,KLGA,KDEN,1,2026-09-30,11:22
SWA2402,KLAS,KOKC,3,2026-10-06,03:59
SWA2403,KLGA,KDEN,1,2026-09-30,15:11
SWA2403,KMCI,KAUS,1,2026-10-06,12:06
SWA2403,KMCO,KSRQ,1,2026-10-04,15:06
SWA2403,KSRQ,KBNA,1,2026-10-04,16:37
SWA2404,KBWI,KRDU,1,2026-10-04,15:52
SWA2404,KHOU,KDEN,1,2026-10-03,11:06
SWA2404,KLGA,KDEN,2,2026-10-01,01:20
SWA2404,KSFO,KLAS,2,2026-10-05,22:36
SWA2405,KBHM,KHOU,1,2026-10-05,01:07
SWA2405,KBWI,KBHM,1,2026-10-05,22:23
SWA2405,KMDW,KJAX,1,2026-10-03,15:43
SWA2405,KSJC,KLAS,3,2026-10-06,02:42
SWA2405,KSMF,KONT,1,2026-09-30,16:04
SWA2406,KBNA,KECP,1,2026-10-04,13:05
SWA2406,KECP,KAUS,1,2026-10-04,15:50
SWA2406,KLAS,KSDF,3,2026-10-05,20:03
SWA2406,KMDW,KDCA,3,2026-10-06,02:03
SWA2406,KSAN,KTUS,1,2026-09-30,16:49
SWA2406,KSDF,KMDW,3,2026-10-06,00:21
SWA2406,KTUS,KDEN,1,2026-09-30,18:37
SWA2407,KBWI,KSAN,4,2026-10-05,15:11
SWA2407,KCLT,KBNA,1,2026-10-06,11:01
SWA2408,KLAS,KRNO,1,2026-10-06,22:59
SWA2408,KLAS,KSEA,1,2026-10-03,20:23
SWA2408,KONT,KLAS,1,2026-10-06,21:09
SWA2409,KLAS,KSEA,3,2026-10-06,05:59
SWA2409,KLAS,KBZN,1,2026-10-04,19:56
SWA241,KABQ,KHOU,1,2026-10-04,12:13
SWA241,KATL,KMDW,3,2026-10-05,15:34
SWA241,KATL,KHOU,1,2026-10-06,13:53
SWA241,KDEN,KSTL,1,2026-09-30,21:57
SWA241,KLAS,KBWI,1,2026-10-03,18:59
SWA241,KMDW,KLGA,3,2026-10-05,18:21
SWA241,KTPA,KATL,1,2026-10-06,11:50
SWA2410,KLAS,KSMF,1,2026-10-05,23:15
SWA2410,KMCI,KBWI,1,2026-10-06,11:36
SWA2410,KMSY,KLAS,3,2026-10-05,17:09
SWA2410,KSLC,KDEN,2,2026-10-01,01:25
SWA2411,KLAS,KSFO,4,2026-10-06,23:54
SWA2411,KLGA,KMDW,1,2026-09-30,10:16
SWA2412,KABQ,KDAL,1,2026-10-04,16:41
SWA2412,KLGA,KMDW,1,2026-09-30,11:54
SWA2412,KMCI,KBWI,1,2026-10-06,21:49
SWA2412,KMDW,KATL,3,2026-10-06,02:31
SWA2412,KMDW,KMIA,1,2026-09-30,15:06
SWA2412,KOAK,KABQ,1,2026-10-04,13:12
SWA2413,KLAS,KSJC,6,2026-10-06,12:54
SWA2414,KLAS,KSJC,5,2026-10-06,18:04
SWA2414,KLGA,KMDW,1,2026-09-30,18:13
SWA2414,KPHL,KMDW,1,2026-10-03,14:18
SWA2415,KAUS,KLAS,1,2026-10-05,01:56
SWA2415,KBWI,KTPA,2,2026-10-01,00:24
SWA2415,KLAS,KSJC,4,2026-10-05,17:17
SWA2415,KSAN,KSMF,1,2026-10-06,15:29
SWA2416,KLAS,KSJC,3,2026-10-06,01:46
SWA2416,KLAS,KSFO,1,2026-10-05,03:57
SWA2416,KMCO,KLAS,1,2026-10-05,22:06
SWA2416,KSNA,KSMF,2,2026-10-01,03:21
SWA2417,KATL,KMCI,1,2026-09-30,19:17
SWA2417,KLAS,KSJC,5,2026-10-06,03:48
SWA2418,KAUS,KBUR,2,2026-10-01,23:49
SWA2418,KLAS,KSJC,3,2026-10-06,05:03
SWA2418,KLAS,KLAX,1,2026-10-06,18:58
SWA2418,KLAS,KOKC,1,2026-10-04,17:47
SWA2419,KLAS,KSJC,3,2026-10-06,06:14
SWA2419,KSTL,KDEN,1,2026-10-05,03:08
SWA2421,KAUS,KONT,1,2026-09-30,15:55
SWA2421,KBWI,KRDU,5,2026-10-06,15:15
SWA2421,KCMH,KBWI,1,2026-10-06,13:56
SWA2421,KLAS,KSMF,1,2026-10-05,04:12
SWA2421,KMDW,KMSP,3,2026-10-05,19:16
SWA2421,KRDU,KMDW,3,2026-10-05,16:40
SWA2421,KTPA,KCMH,1,2026-10-06,11:08
SWA2422,KJAX,KHOU,1,2026-10-05,22:50
SWA2422,KLAS,KSLC,3,2026-10-05,15:38
SWA2422,KLAS,KSAN,1,2026-10-06,15:27
SWA2423,KLAS,KSMF,1,2026-10-05,05:32
SWA2423,KPIT,KBWI,3,2026-10-05,22:31
SWA2424,KLAS,KSLC,4,2026-10-06,02:06
SWA2424,KOAK,KONT,3,2026-10-05,22:31
SWA2424,KONT,KLAS,3,2026-10-06,00:32
SWA2424,KSNA,KLAS,1,2026-10-05,00:09
SWA2424,KTPA,KDAL,1,2026-09-30,14:52
SWA2425,KLAS,KSLC,3,2026-10-06,05:29
SWA2425,KLGB,KAUS,1,2026-09-30,16:11
SWA2425,KMAF,KDAL,1,2026-10-06,19:09
SWA2426,KDCA,KHOU,1,2026-10-06,16:55
SWA2426,KLAS,KSMF,4,2026-10-05,12:47
SWA2427,KBUR,KOAK,1,2026-09-30,15:36
SWA2427,KDEN,KMCO,1,2026-10-06,14:32
SWA2427,KOAK,KPDX,1,2026-09-30,17:36
SWA2427,KORF,KBWI,3,2026-10-05,10:36
SWA2428,KBUR,KOAK,2,2026-10-01,02:10
SWA2428,KMCI,KBNA,1,2026-10-06,16:53
SWA2428,KONT,KLAS,1,2026-10-03,16:53
SWA2429,KLAS,KSMF,4,2026-10-05,19:36
SWA2429,KLGB,KDEN,1,2026-09-30,21:09
SWA2429,KMDW,KPHL,1,2026-10-06,20:20
SWA2430,KBUR,KSJC,2,2026-10-01,02:17
SWA2430,KLAS,KSMF,4,2026-10-06,23:51
SWA2430,KLAS,KOAK,1,2026-10-04,21:20
SWA2431,KLAS,KSMF,3,2026-10-06,04:43
SWA2431,KOAK,KPHX,1,2026-10-05,04:25
SWA2431,KSAN,KPDX,2,2026-10-01,23:52
SWA2432,KCOS,KPHX,1,2026-10-06,17:25
SWA2432,KLAS,KSMF,3,2026-10-06,05:50
SWA2432,KLGA,KDAL,1,2026-10-05,22:40
SWA2433,KLAS,KSNA,4,2026-10-06,13:59
SWA2433,KLAS,KRNO,1,2026-09-30,22:02
SWA2433,KLGB,KLAS,1,2026-09-30,19:34
SWA2433,KMCO,KBNA,1,2026-10-04,13:53
SWA2433,KSJC,KLGB,1,2026-09-30,17:32
SWA2434,KLAS,KSNA,4,2026-10-06,15:23
SWA2434,KLGB,KMDW,1,2026-09-30,18:18
SWA2434,KOKC,KMDW,1,2026-10-04,21:48
SWA2435,KBUR,KSMF,2,2026-10-01,23:23
SWA2435,KLAS,KSNA,4,2026-10-05,18:22
SWA2435,KLAS,KSJC,1,2026-10-04,16:29
SWA2435,KRNO,KLAS,3,2026-10-05,15:49
SWA2435,KSTL,KSAT,1,2026-10-06,13:41
SWA2435,KTPA,KLAS,1,2026-10-04,10:42
SWA2436,KLAS,KSJC,1,2026-10-04,17:42
SWA2436,KSNA,KLAS,3,2026-10-05,21:10
SWA2436,KTPA,KBWI,1,2026-10-06,16:25
SWA2437,KLAS,KSJC,1,2026-10-05,05:59
SWA2437,KTUS,KDEN,1,2026-10-06,17:41
SWA2438,KABQ,KOAK,1,2026-10-06,18:25
SWA2438,KCMH,KMCO,1,2026-09-30,20:12
SWA2438,KMSP,KBNA,1,2026-10-05,22:49
SWA2438,KSNA,KDEN,3,2026-10-05,14:58
SWA2439,KBNA,KDCA,1,2026-10-04,18:29
SWA2439,KBWI,KORF,1,2026-09-30,12:15
SWA2439,KLAS,KSNA,3,2026-10-06,04:02
SWA2439,KMYR,KBWI,1,2026-10-03,16:03
SWA2439,KORF,KMCO,1,2026-09-30,14:09
SWA244,KATL,KSTL,4,2026-10-05,18:16
SWA244,KATL,KMDW,1,2026-10-06,17:44
SWA244,KBNA,KECP,1,2026-10-03,16:58
SWA244,KHOU,KATL,3,2026-10-05,15:37
SWA244,KHOU,KSLC,1,2026-10-05,00:46
SWA2440,KLAS,KSNA,1,2026-10-05,04:09
SWA2440,KLGB,KPHX,1,2026-09-30,15:00
SWA2441,KABQ,KLAS,3,2026-10-05,19:42
SWA2441,KAUS,KBNA,1,2026-10-06,16:52
SWA2441,KBNA,KCVG,1,2026-09-30,15:35
SWA2441,KCVG,KAUS,1,2026-09-30,17:15
SWA2441,KRSW,KBNA,1,2026-09-30,12:52
SWA2442,KGEG,KLAS,1,2026-10-03,13:35
SWA2442,KLAS,KSTL,4,2026-10-06,20:08
SWA2442,KLGB,KPHX,1,2026-09-30,21:25
SWA2442,KMSY,KDAL,1,2026-10-05,23:58
SWA2443,KAUS,KBWI,3,2026-10-05,14:19
SWA2443,KDAL,KOKC,1,2026-10-06,14:39
SWA2443,KDCA,KMCI,1,2026-10-01,00:08
SWA2444,KDEN,KSLC,1,2026-10-06,18:10
SWA2444,KLAS,KSTL,4,2026-10-06,01:25
SWA2444,KPHX,KSEA,1,2026-10-05,00:53
SWA2445,KBNA,KRDU,3,2026-10-06,02:17
SWA2445,KDAL,KABQ,1,2026-10-06,21:23
SWA2445,KHOU,KBWI,1,2026-10-04,15:34
SWA2445,KHOU,KLGA,1,2026-09-30,12:23
SWA2446,KORF,KDEN,1,2026-10-04,15:49
SWA2446,KSMF,KLAS,1,2026-10-06,18:01
SWA2447,KHOU,KPHX,1,2026-10-05,02:44
SWA2447,KPHX,KOAK,1,2026-10-05,06:16
SWA2448,KBNA,KIND,3,2026-10-05,18:16
SWA2448,KDEN,KMCO,1,2026-10-06,11:33
SWA2448,KLAS,KSMF,1,2026-10-05,00:13
SWA2449,KLAX,KSJC,1,2026-09-30,22:18
SWA2449,KPHX,KLAS,4,2026-10-06,12:56
SWA2449,KRDU,KLAS,1,2026-10-04,10:28
SWA2449,KSJC,KSEA,2,2026-10-01,00:33
SWA245,KLAS,KSAT,1,2026-09-30,17:52
SWA245,KRSW,KMCO,6,2026-10-06,22:29
SWA245,KSAT,KDAL,1,2026-09-30,22:42
SWA2450,KDEN,KATL,4,2026-10-06,01:24
SWA2451,KAUS,KLAS,3,2026-10-05,15:19
SWA2451,KHOU,KMCO,1,2026-10-04,12:31
SWA2452,KAUS,KMEM,1,2026-10-06,19:32
SWA2452,KBWI,KISP,1,2026-10-04,13:19
SWA2452,KCOS,KDAL,2,2026-10-06,23:32
SWA2452,KCOS,KHOU,1,2026-10-02,22:40
SWA2452,KISP,KDJT,1,2026-10-04,15:05
SWA2452,KLGA,KDAL,2,2026-10-01,00:35
SWA2452,KMCO,KBWI,1,2026-10-04,10:17
SWA2452,KMEM,KBWI,1,2026-10-06,21:43
SWA2452,KOKC,KDEN,1,2026-10-03,14:26
SWA2453,KLAS,KSTL,3,2026-10-06,02:42
SWA2453,KLAS,KTUS,1,2026-10-05,01:39
SWA2453,KOAK,KLAS,1,2026-10-05,23:22
SWA2454,KLAS,KBZN,1,2026-10-05,05:55
SWA2454,KLAX,KABQ,4,2026-10-06,15:49
SWA2454,KLGB,KOAK,1,2026-09-30,14:03
SWA2455,KLAX,KABQ,4,2026-10-05,19:24
SWA2455,KLGB,KSMF,2,2026-10-01,01:08
SWA2456,KLAX,KABQ,3,2026-10-06,04:22
SWA2456,KMIA,KSTL,1,2026-09-30,16:58
SWA2456,KSAT,KMDW,1,2026-10-03,10:06
SWA2457,KBNA,KMSY,3,2026-10-05,13:45
SWA2457,KLAX,KAUS,1,2026-10-04,12:51
SWA2458,KLAX,KAUS,3,2026-10-06,14:30
SWA2458,PHLI,PHNL,1,2026-09-30,18:30
SWA2459,KDAL,KIND,2,2026-10-06,01:48
SWA2459,KDAL,KAUS,1,2026-10-06,21:41
SWA2459,KDAL,KSAT,1,2026-10-05,00:25
SWA2459,KDEN,KJAX,1,2026-10-03,17:25
SWA2459,KSAT,KHOU,1,2026-10-05,01:51
SWA2459,KTPA,KDAL,1,2026-10-04,21:14
SWA2459,PHLI,PHNL,1,2026-09-30,22:03
SWA246,KATL,KMDW,3,2026-10-06,02:26
SWA246,KIND,KMCO,1,2026-10-06,10:48
SWA246,KLAS,KAUS,1,2026-09-30,16:05
SWA246,KMCO,KSAT,1,2026-10-04,00:10
SWA246,KMDW,KLAX,1,2026-10-05,04:21
SWA246,KSDF,KMCO,1,2026-10-03,20:04
SWA2460,KLAX,KAUS,1,2026-10-04,22:08
SWA2460,KMEM,KDAL,1,2026-10-04,20:14
SWA2460,KOAK,KLAX,3,2026-10-06,01:54
SWA2460,PHLI,PHNL,2,2026-10-01,01:51
SWA2461,KLAS,KEUG,1,2026-10-06,17:50
SWA2461,KLAX,KBNA,3,2026-10-05,12:14
SWA2461,KMSY,KMCI,1,2026-10-05,05:06
SWA2461,PHLI,PHNL,2,2026-10-01,05:12
SWA2462,KLAX,KBNA,1,2026-10-06,19:12
SWA2462,KMEM,KPHX,1,2026-10-04,15:18
SWA2462,KSJC,KLAX,3,2026-10-05,19:36
SWA2462,KTPA,KMEM,1,2026-10-04,12:35
SWA2462,PHLI,KLAS,2,2026-10-01,06:28
SWA2463,KHOU,KMEM,1,2026-10-06,16:49
SWA2463,KLAX,KBNA,4,2026-10-06,06:37
SWA2463,KMDW,KRIC,1,2026-10-03,13:27
SWA2463,KRIC,KMCO,1,2026-10-03,16:17
SWA2463,PHLI,KOAK,1,2026-09-30,07:24
SWA2464,KDAL,KMSY,1,2026-10-04,15:51
SWA2464,KDEN,KDAL,1,2026-10-04,13:08
SWA2464,KMCI,KSTL,1,2026-10-06,21:39
SWA2464,PHLI,PHOG,1,2026-09-30,00:36
SWA2465,KAUS,KDAL,1,2026-10-06,17:53
SWA2465,KBUR,KAUS,1,2026-10-06,14:25
SWA2465,KDAL,KSNA,3,2026-10-06,02:09
SWA2466,KLAX,KDAL,5,2026-10-06,08:11
SWA2466,KLIT,KDAL,1,2026-09-30,12:14
SWA2467,KBNA,KMSY,1,2026-10-05,04:06
SWA2467,KLAX,KDEN,5,2026-10-06,14:09
SWA2468,KBWI,KGSP,3,2026-10-06,00:12
SWA2468,KLGA,KBNA,1,2026-10-06,15:02
SWA2468,KONT,KSJC,1,2026-09-30,16:03
SWA2468,KPHX,KSJC,1,2026-10-05,04:44
SWA2469,KBWI,KMCO,1,2026-10-06,22:01
SWA2469,KLAX,KDEN,3,2026-10-05,18:35
SWA2469,KMAF,KDAL,1,2026-09-30,22:32
SWA2469,KMCI,KBWI,1,2026-10-06,18:50
SWA247,KBUR,KLAS,1,2026-10-06,19:29
SWA247,KDAL,KBWI,1,2026-10-05,01:47
SWA247,KLAS,KRNO,1,2026-10-06,21:03
SWA247,KRNO,KSAN,4,2026-10-05,12:37
SWA247,KSAN,KSEA,1,2026-09-30,14:10
SWA247,KSEA,KMDW,1,2026-09-30,18:13
SWA2470,KLAX,KDEN,4,2026-10-06,22:27
SWA2471,KLAX,KPHX,1,2026-10-05,01:21
SWA2471,KMAF,KHOU,1,2026-09-30,14:18
SWA2472,KAUS,KDEN,2,2026-10-06,00:53
SWA2472,KDEN,KSMF,1,2026-10-03,00:20
SWA2472,KECP,KBNA,1,2026-10-04,14:56
SWA2472,KMAF,KHOU,1,2026-09-30,20:58
SWA2472,KSMF,KLAX,2,2026-10-04,03:38
SWA2473,KLAS,KSAN,1,2026-10-04,12:50
SWA2473,KMAF,KHOU,2,2026-10-01,02:40
SWA2473,KSAN,KSMF,1,2026-10-04,15:32
SWA2474,KBUR,KLAS,1,2026-10-04,15:21
SWA2474,KGEG,KLAS,2,2026-10-06,22:38
SWA2474,KMCI,KAUS,1,2026-10-06,18:03
SWA2474,KPHX,KSEA,1,2026-09-30,16:26
SWA2475,KMCO,KDCA,3,2026-10-06,00:44
SWA2475,KONT,KPHX,1,2026-10-06,16:27
SWA2475,KSJC,KONT,1,2026-10-06,14:32
SWA2476,KCMH,KBWI,1,2026-10-04,17:48
SWA2476,KPHX,KOAK,1,2026-10-06,20:47
SWA2477,KBNA,KSJC,3,2026-10-05,17:53
SWA2477,KLAX,KDAL,3,2026-10-06,01:36
SWA2477,KLAX,KBWI,1,2026-10-05,05:41
SWA2477,KMCI,KAUS,1,2026-09-30,13:25
SWA2477,KMKE,KBNA,3,2026-10-05,15:31
SWA2477,KRSW,KDEN,1,2026-10-06,14:33
SWA2477,KSJC,KLAX,3,2026-10-06,23:53
SWA2478,KLAX,KDAL,1,2026-10-04,16:59
SWA2478,KSAN,KSJC,1,2026-10-06,17:06
SWA2479,KIND,KBWI,1,2026-10-05,00:14
SWA2479,KMCI,KAUS,1,2026-10-01,23:23
SWA2479,KSLC,KLAS,1,2026-10-06,17:38
SWA2480,KLAX,KHOU,5,2026-10-06,08:05
SWA2480,KMCI,KBNA,1,2026-09-30,12:51
SWA2483,KLAX,KLAS,4,2026-10-06,12:55
SWA2483,KMDW,KSJC,1,2026-10-03,18:06
SWA2483,KPHX,KSLC,1,2026-09-30,14:44
SWA2484,KLAS,KBWI,1,2026-10-06,18:15
SWA2484,KMCI,KBNA,1,2026-09-30,15:21
SWA2484,KMDW,KCVG,3,2026-10-06,01:28
SWA2484,KSAN,KBNA,1,2026-10-04,19:30
SWA2484,KSRQ,KMDW,2,2026-10-03,22:03
SWA2485,KLAX,KLAS,5,2026-10-06,02:45
SWA2485,KMCI,KBNA,1,2026-09-30,22:02
SWA2485,KPHX,KSTL,1,2026-10-06,12:09
SWA2485,KSMF,KLAX,1,2026-10-05,03:45
SWA2486,KGSP,KBNA,1,2026-10-05,00:08
SWA2486,KLAX,KMCI,3,2026-10-06,15:42
SWA2486,KMCI,KBWI,1,2026-09-30,11:38
SWA2486,KSFO,KLAX,2,2026-10-05,13:22
SWA2487,KLAX,KMCO,4,2026-10-06,05:40
SWA2487,KMCI,KBWI,1,2026-09-30,16:26
SWA2488,KDAL,KMEM,1,2026-10-05,23:19
SWA2488,KMSY,KDAL,2,2026-10-06,04:55
SWA2489,KCMH,KDCA,1,2026-09-30,18:18
SWA2489,KPHX,KSLC,3,2026-10-05,20:23
SWA2489,KSNA,KDAL,1,2026-10-04,16:40
SWA249,KOAK,KSAN,2,2026-10-01,00:29
SWA249,KOAK,KPDX,1,2026-10-06,16:04
SWA249,KONT,KOAK,1,2026-10-06,13:49
SWA249,KPHX,KSMF,4,2026-10-05,16:56
SWA2490,KBWI,KPWM,1,2026-10-03,18:44
SWA2490,KMCO,KMDW,3,2026-10-05,18:46
SWA2490,KSAT,KBNA,1,2026-10-06,18:14
SWA2491,KLAX,KMDW,5,2026-10-06,07:30
SWA2492,KLAX,KDEN,1,2026-10-06,15:32
SWA2492,KOAK,KLAX,1,2026-10-06,13:16
SWA2492,KSAN,KSFO,1,2026-09-30,16:23
SWA2492,KSJC,KLAX,1,2026-10-03,13:27
SWA2493,KLAS,KATL,3,2026-10-05,18:28
SWA2493,KLAX,KLAS,3,2026-10-05,16:23
SWA2493,KPHX,KCMH,1,2026-10-06,16:59
SWA2493,KSTL,KLAX,4,2026-10-05,11:14
SWA2494,KIND,KBWI,1,2026-10-04,09:35
SWA2494,KLAX,KOAK,5,2026-10-06,19:34
SWA2495,KDEN,KBUR,1,2026-10-06,21:21
SWA2495,KLAX,KOAK,4,2026-10-06,23:49
SWA2495,KMCI,KDEN,1,2026-09-30,17:55
SWA2496,KAUS,KSAN,1,2026-10-05,01:26
SWA2496,KJAX,KBWI,1,2026-10-06,17:51
SWA2496,KPHX,KSNA,3,2026-10-05,20:53
SWA2496,KSFO,KSAN,1,2026-09-30,16:08
SWA2497,KLAX,KMDW,1,2026-10-04,19:26
SWA2497,KOAK,KLAX,1,2026-10-04,17:17
SWA2497,KRNO,KDEN,3,2026-10-05,17:45
SWA2497,KSJC,KBUR,1,2026-09-30,17:23
SWA2498,KMSY,KHOU,3,2026-10-05,18:42
SWA2499,KBDL,KMCO,1,2026-10-04,10:21
SWA2499,KLGA,KDAL,1,2026-10-06,16:48
SWA2499,KRNO,KLAS,2,2026-10-05,23:01
SWA25,KDAL,KHOU,3,2026-10-06,18:36
SWA25,KSDF,KDAL,1,2026-09-30,14:55
SWA25,KSNA,KDAL,1,2026-10-06,14:56
SWA25,KTPA,KSDF,1,2026-09-30,12:14
SWA250,KATL,KPHX,1,2026-10-05,01:37
SWA250,KCVG,KDEN,1,2026-10-03,21:18
SWA250,KMCO,KCVG,1,2026-10-03,18:36
SWA250,KMDW,KSRQ,1,2026-09-30,18:53
SWA250,KMKE,KPHX,3,2026-10-06,01:45
SWA250,KPHX,KLAX,1,2026-10-05,06:21
SWA2500,KBNA,KPIT,1,2026-10-04,19:59
SWA2500,KSAT,KPHX,1,2026-10-06,16:47
SWA2501,KDAL,KLAX,3,2026-10-06,01:14
SWA2501,KJAX,KBWI,1,2026-10-04,11:05
SWA2501,KMCI,KDEN,2,2026-10-01,00:21
SWA2501,KTPA,KDAL,1,2026-10-06,16:48
SWA2502,KCLE,KDEN,1,2026-10-03,15:07
SWA2502,KOAK,KPSP,3,2026-10-06,23:52
SWA2502,KPSP,KLAS,3,2026-10-06,02:34
SWA2502,KSAN,KDEN,1,2026-10-04,15:12
SWA2503,KLAX,KSFO,5,2026-10-05,13:42
SWA2503,KMCI,KHOU,1,2026-09-30,13:48
SWA2504,KALB,KBNA,1,2026-10-06,16:51
SWA2504,KIND,KPHX,3,2026-10-05,10:22
SWA2504,KLAS,KLAX,1,2026-10-04,15:16
SWA2504,KLAX,KSFO,4,2026-10-05,17:31
SWA2504,KPHX,KLAX,3,2026-10-05,15:01
SWA2505,KLAX,KSFO,3,2026-10-06,19:52
SWA2505,KMCI,KHOU,2,2026-10-01,22:40
SWA2505,KPHL,KDEN,3,2026-10-05,17:08
SWA2506,KLAS,KBOI,1,2026-10-05,05:49
SWA2506,KMAF,KDAL,1,2026-10-06,12:45
SWA2506,KSMF,KBOI,1,2026-09-30,18:31
SWA2506,KSTL,KBWI,2,2026-10-06,01:08
SWA2507,KDEN,KDTW,1,2026-10-04,00:35
SWA2507,KPHX,KBNA,1,2026-10-06,19:03
SWA2507,KSAT,KDAL,2,2026-10-05,12:39
SWA2507,KSAT,KCOS,1,2026-10-01,12:36
SWA2508,KLAS,KLAX,1,2026-10-04,19:02
SWA2508,KMKE,KMDW,1,2026-10-06,11:25
SWA2508,KPHX,KLAX,1,2026-10-04,00:24
SWA2509,KLAX,KSJC,5,2026-10-06,20:28
SWA2509,KLGA,KMDW,1,2026-10-03,14:22
SWA2509,KMDW,KATL,1,2026-10-03,17:07
SWA2509,KSNA,KSMF,1,2026-09-30,15:26
SWA251,KBNA,KPNS,1,2026-10-05,01:45
SWA251,KCMH,KATL,1,2026-10-06,14:35
SWA251,KSAN,KMCI,4,2026-10-06,03:27
SWA2510,KLAX,KSJC,3,2026-10-05,23:04
SWA2510,KMCI,KLAX,1,2026-09-30,12:09
SWA2510,KMCO,KBNA,1,2026-10-06,16:40
SWA2510,KMHT,KTPA,1,2026-10-04,22:10
SWA2511,KDAL,KLAX,1,2026-10-03,20:04
SWA2511,KLAS,KTUS,1,2026-10-05,06:45
SWA2511,KLAX,KSJC,1,2026-10-04,00:01
SWA2511,KMSY,KMCO,1,2026-10-06,15:55
SWA2511,KRDU,KBNA,3,2026-10-05,14:58
SWA2511,KSAN,KBNA,2,2026-10-01,05:56
SWA2512,KDEN,KMCI,6,2026-10-06,17:02
SWA2513,KDEN,KONT,1,2026-10-03,15:09
SWA2513,KMCO,KMEM,1,2026-10-06,13:24
SWA2513,KMEM,KLAS,1,2026-10-06,16:08
SWA2513,KSMF,KLAS,3,2026-10-06,01:53
SWA2513,KSTL,KLAS,1,2026-10-04,10:36
SWA2514,KLAX,KSMF,5,2026-10-05,17:04
SWA2514,KOAK,KLAS,1,2026-10-06,16:38
SWA2514,KRSW,KSTL,1,2026-09-30,10:18
SWA2515,KDAL,KONT,1,2026-10-04,17:16
SWA2515,KLAX,KSMF,3,2026-10-05,19:11
SWA2515,KMCI,KMCO,1,2026-09-30,11:13
SWA2515,KPHX,KLAX,1,2026-10-04,05:06
SWA2515,KSMF,KBOI,3,2026-10-05,21:28
SWA2516,KLAX,KSMF,2,2026-10-06,19:13
SWA2516,KMCI,KMCO,1,2026-09-30,14:27
SWA2516,KMCO,KSDF,1,2026-10-04,11:42
SWA2517,KIND,KSAN,3,2026-10-05,12:16
SWA2517,KMCI,KMCO,1,2026-09-30,20:00
SWA2517,KMIA,KHOU,1,2026-10-04,23:31
SWA2517,KPHX,KOMA,1,2026-10-06,20:02
SWA2517,KRSW,KIND,3,2026-10-05,09:06
SWA2517,KSAN,KBOI,3,2026-10-05,17:36
SWA2518,KBNA,KLGA,3,2026-10-05,19:01
SWA2518,KLAX,KOAK,1,2026-10-05,02:04
SWA2518,KSAN,KFAT,1,2026-10-06,16:21
SWA2519,KBNA,KRIC,1,2026-09-30,20:55
SWA2519,KLAS,KMCI,1,2026-10-05,04:29
SWA2519,KSTL,KHOU,3,2026-10-05,10:11
SWA2520,KABQ,KOAK,1,2026-09-30,16:18
SWA2520,KLAX,KSJC,3,2026-10-05,13:13
SWA2520,KMCO,KSMF,1,2026-10-04,14:07
SWA2520,KSTL,KMCI,1,2026-10-06,13:28
SWA2521,KMCO,KABQ,3,2026-10-05,13:38
SWA2522,KAUS,KMCO,4,2026-10-05,14:17
SWA2522,KLBB,KAUS,3,2026-10-05,12:11
SWA2522,KMCI,KMDW,1,2026-09-30,19:27
SWA2522,KMIA,KSTL,1,2026-10-03,14:44
SWA2522,KSTL,KAUS,1,2026-10-06,19:34
SWA2523,KDAL,KIND,1,2026-10-05,01:32
SWA2523,KDEN,KLGA,1,2026-10-03,17:41
SWA2523,KDEN,KSLC,1,2026-10-06,15:06
SWA2523,KMCI,KMDW,1,2026-09-30,23:00
SWA2523,KPHX,KMCO,1,2026-10-06,19:40
SWA2523,KSAT,KDAL,1,2026-10-05,00:08
SWA2523,KSLC,KPHX,1,2026-10-06,17:08
SWA2523,KSTL,KLAS,2,2026-10-03,00:32
SWA2524,KAUS,KCMH,2,2026-10-01,22:56
SWA2524,KDAL,KAUS,1,2026-09-30,21:08
SWA2524,KIND,KDAL,1,2026-09-30,18:02
SWA2524,KLAS,KOAK,1,2026-10-05,05:24
SWA2524,KLBB,KLAS,3,2026-10-05,18:49
SWA2524,KMCO,KIND,1,2026-10-06,13:08
SWA2524,KMKE,KBNA,1,2026-10-03,13:57
SWA2525,KDEN,KPHX,1,2026-10-06,12:36
SWA2525,KLAX,KSJC,2,2026-10-06,01:28
SWA2525,KLAX,KDEN,1,2026-10-02,05:25
SWA2525,KMCI,KMDW,1,2026-09-30,20:41
SWA2525,KMDW,KBOS,1,2026-10-04,20:10
SWA2525,KSAT,KLAX,3,2026-10-05,21:53
SWA2526,KAUS,KPIT,1,2026-10-01,23:42
SWA2526,KBWI,KMSY,1,2026-10-03,13:46
SWA2526,KGRR,KBWI,1,2026-10-06,09:43
SWA2526,KLAX,KSJC,3,2026-10-06,05:26
SWA2526,KMDW,KBUR,1,2026-10-04,16:00
SWA2526,KMKE,KBWI,1,2026-10-03,11:01
SWA2527,KLGA,KBNA,4,2026-10-06,01:04
SWA2527,KPHX,KAUS,1,2026-09-30,21:48
SWA2527,KTPA,KMCI,1,2026-10-06,10:37
SWA2528,KLGA,KDAL,2,2026-10-05,11:40
SWA2528,KMCI,KPHX,1,2026-09-30,12:08
SWA2528,KMDW,KPHX,1,2026-10-04,17:04
SWA2529,KHOU,KECP,1,2026-10-05,23:17
SWA2529,KLGA,KDAL,3,2026-10-06,21:42
SWA2530,KBOI,KLAS,3,2026-10-05,18:20
SWA2530,KMCI,KPHX,1,2026-09-30,20:02
SWA2530,KPHL,KMDW,1,2026-10-04,20:59
SWA2531,KLGA,KDEN,5,2026-10-05,11:07
SWA2531,KMCI,KPHX,2,2026-10-01,23:34
SWA2531,KOAK,KSAN,1,2026-10-06,15:12
SWA2532,KLAS,KSMF,1,2026-10-06,21:36
SWA2532,KPNS,KHOU,1,2026-10-05,00:35
SWA2532,KSTL,KSMF,3,2026-10-05,13:52
SWA2532,KSTL,KPNS,1,2026-10-04,22:19
SWA2533,KBNA,KATL,3,2026-10-06,02:11
SWA2533,KLAX,KBWI,1,2026-10-04,13:06
SWA2533,KLBB,KDAL,1,2026-10-06,11:30
SWA2534,KLGA,KDEN,5,2026-10-06,22:03
SWA2535,KLGA,KDEN,4,2026-10-06,02:09
SWA2536,KLAX,KSMF,1,2026-10-04,19:48
SWA2536,KLGA,KHOU,3,2026-10-05,19:22
SWA2536,KMCI,KSTL,1,2026-09-30,13:26
SWA2537,KLBB,KDEN,3,2026-10-05,11:22
SWA2537,KPHX,KONT,1,2026-10-06,15:36
SWA2538,KCMH,KMCO,1,2026-10-06,16:44
SWA2538,KMCI,KSTL,1,2026-09-30,22:23
SWA2538,KRDU,KBWI,1,2026-10-04,22:34
SWA2539,KBNA,KBOS,3,2026-10-05,19:42
SWA2539,KBWI,KATL,1,2026-10-06,21:07
SWA2539,KDAL,KSAT,1,2026-09-30,17:00
SWA2539,KDEN,KDAL,1,2026-09-30,14:19
SWA254,KBWI,KMHT,1,2026-10-04,10:49
SWA254,KMCO,KBWI,1,2026-10-04,22:59
SWA254,KMCO,KDCA,1,2026-10-06,19:14
SWA254,KMSP,KMDW,1,2026-10-01,23:10
SWA2540,KLAX,KSTL,1,2026-10-05,21:13
SWA2540,KLGA,KMCI,3,2026-10-06,02:10
SWA2540,KMCO,KDEN,1,2026-10-06,10:26
SWA2541,KAUS,KMCI,1,2026-10-06,11:58
SWA2541,KBWI,KMCO,3,2026-10-05,20:15
SWA2541,KLGA,KDAL,1,2026-10-04,16:52
SWA2542,KLGA,KMDW,5,2026-10-06,15:25
SWA2542,KMCO,KATL,1,2026-09-30,18:20
SWA2543,KDEN,KMCI,3,2026-10-05,18:57
SWA2543,KMCO,KATL,2,2026-10-01,23:15
SWA2543,KSAT,KPHX,1,2026-10-04,11:09
SWA2544,KLGA,KMDW,4,2026-10-06,20:15
SWA2545,KBUF,KTPA,1,2026-09-30,12:13
SWA2545,KBWI,KMSP,3,2026-10-05,14:46
SWA2545,KTUL,KPHX,1,2026-10-04,12:03
SWA2546,KLGA,KMDW,1,2026-10-05,02:04
SWA2547,KLBB,KDEN,1,2026-10-04,12:17
SWA2547,KMCO,KMIA,1,2026-10-06,14:47
SWA2547,KMIA,KMDW,1,2026-10-06,16:50
SWA2548,KAUS,KSFO,1,2026-10-06,15:30
SWA2548,KLGA,KOMA,5,2026-10-05,18:11
SWA2548,KOMA,KLAS,1,2026-10-04,22:55
SWA2549,KABQ,KDAL,1,2026-10-04,16:46
SWA2549,KBUR,KOAK,1,2026-09-30,19:14
SWA2549,KLGA,KSTL,4,2026-10-06,10:23
SWA255,KATL,KSTL,4,2026-10-05,11:15
SWA255,KATL,KBWI,1,2026-09-30,12:08
SWA255,KBWI,KMHT,1,2026-10-03,11:13
SWA255,KMCO,KOKC,1,2026-10-06,16:36
SWA2550,KBOS,KSTL,1,2026-09-30,18:40
SWA2550,KLGA,KSTL,4,2026-10-06,16:24
SWA2550,KMSP,KBNA,1,2026-10-03,17:34
SWA2550,KSTL,KHOU,1,2026-10-04,19:14
SWA2551,KLGA,KSTL,5,2026-10-06,19:49
SWA2552,KLGA,KSTL,4,2026-10-06,23:20
SWA2552,KMCO,KBNA,1,2026-09-30,12:49
SWA2553,KCMH,KPHX,1,2026-10-06,19:28
SWA2553,KLAS,KGEG,1,2026-10-05,06:25
SWA2553,KLGB,KAUS,2,2026-10-05,15:09
SWA2554,KDEN,KICT,1,2026-10-04,17:39
SWA2554,KLAS,KONT,3,2026-10-05,22:06
SWA2554,KLGB,KDEN,2,2026-10-06,14:01
SWA2555,KLGB,KDEN,4,2026-10-05,19:07
SWA2555,KMCO,KBNA,1,2026-09-30,19:03
SWA2556,KLGB,KDEN,4,2026-10-06,22:00
SWA2556,KMCO,KBNA,2,2026-10-01,23:17
SWA2557,KBNA,KSJC,2,2026-10-01,00:27
SWA2557,KBWI,KTPA,3,2026-10-05,19:46
SWA2557,KBWI,KMHT,1,2026-10-05,03:47
SWA2557,KDCA,KMCO,1,2026-10-06,10:11
SWA2557,KMCO,KBNA,1,2026-09-30,21:40
SWA2558,KBNA,KCLE,1,2026-10-05,01:43
SWA2558,KDAL,KTUL,1,2026-10-06,15:23
SWA2558,KLAS,KPDX,3,2026-10-06,02:39
SWA2558,KMSP,KSTL,1,2026-10-03,19:39
SWA2559,KECP,KSTL,1,2026-10-06,20:24
SWA2559,KLGB,KLAS,3,2026-10-04,14:07
SWA2559,KMCO,KBNA,1,2026-09-30,16:30
SWA256,KALB,KBNA,1,2026-10-04,15:07
SWA256,KBNA,KMSY,1,2026-10-04,18:20
SWA256,KDAL,KCLE,1,2026-10-05,22:34
SWA256,KDEN,KRSW,1,2026-10-04,22:22
SWA256,KHOU,KMDW,1,2026-09-30,15:09
SWA256,KMSY,KDAL,1,2026-10-04,20:50
SWA256,KPHX,PHNL,2,2026-10-05,16:54
SWA2560,KBWI,KMHT,1,2026-10-06,11:06
SWA2560,KLGB,KLAS,4,2026-10-05,21:40
SWA2560,KSAN,KSMF,2,2026-10-01,00:59
SWA2561,KLGB,KLAS,3,2026-10-06,22:53
SWA2562,KDEN,KABQ,1,2026-10-06,22:32
SWA2562,KMCO,KBWI,1,2026-09-30,10:32
SWA2562,KMDW,KSAV,1,2026-10-04,13:39
SWA2563,KAUS,KMDW,1,2026-10-05,22:57
SWA2563,KDAL,KMSY,3,2026-10-05,20:40
SWA2563,KMCO,KBWI,1,2026-09-30,12:29
SWA2564,KAUS,KSJC,1,2026-10-04,17:56
SWA2564,KDAL,KJAX,1,2026-10-06,17:23
SWA2564,KDEN,KICT,3,2026-10-05,18:12
SWA2564,KMCO,KBWI,1,2026-09-30,18:01
SWA2564,KMSY,KBNA,1,2026-10-03,15:21
SWA2565,KBWI,KMSP,1,2026-10-04,14:54
SWA2565,KDEN,KMDW,4,2026-10-06,00:38
SWA2565,KMCO,KBWI,1,2026-10-04,11:44
SWA2566,KBNA,KBOS,1,2026-10-04,20:56
SWA2566,KMCI,KLAS,3,2026-10-06,00:49
SWA2567,KBNA,KCVG,1,2026-10-05,02:01
SWA2567,KBUR,KSMF,1,2026-09-30,14:26
SWA2567,KDEN,KSLC,3,2026-10-06,00:00
SWA2568,KATL,KTPA,3,2026-10-06,02:28
SWA2568,KLGA,KDAL,1,2026-10-06,14:20
SWA2568,KMCO,KBWI,1,2026-09-30,14:31
SWA2568,KOAK,KSEA,1,2026-10-04,12:50
SWA2569,KBNA,KMCI,1,2026-10-04,22:10
SWA2569,KBUR,KSJC,1,2026-09-30,18:13
SWA2569,KLGB,KPHX,4,2026-10-06,18:15
SWA257,KDEN,KOAK,1,2026-10-04,11:57
SWA257,KOAK,KSAN,1,2026-09-30,13:25
SWA257,KSAT,KDAL,3,2026-10-05,17:35
SWA2570,KBUR,KSJC,1,2026-09-30,23:18
SWA2570,KLGB,KPHX,2,2026-10-06,21:36
SWA2570,KOAK,KSLC,1,2026-10-04,20:30
SWA2571,KCMH,KLAS,3,2026-10-05,18:01
SWA2571,KPDX,KPHX,1,2026-09-30,19:50
SWA2571,KPHX,KABQ,2,2026-10-01,00:04
SWA2572,KLGB,KRNO,1,2026-10-04,14:39
SWA2572,KRNO,KDEN,1,2026-10-06,18:24
SWA2573,KMCO,KPVD,1,2026-10-04,19:44
SWA2573,KPVD,KDCA,4,2026-10-06,21:15
SWA2574,KLGB,KSEA,3,2026-10-05,20:39
SWA2574,KLGB,KAUS,1,2026-10-04,16:40
SWA2575,KLGB,KSJC,1,2026-10-03,15:10
SWA2575,KMSY,KBWI,1,2026-10-06,17:52
SWA2576,KDAL,KCMH,1,2026-10-04,14:52
SWA2576,KPHX,KLGB,4,2026-10-05,15:26
SWA2576,KPHX,KPDX,1,2026-10-06,20:03
SWA2577,KLGB,KSJC,4,2026-10-06,23:50
SWA2577,KMCO,KDCA,1,2026-09-30,14:33
SWA2577,KSTL,KMSP,1,2026-10-06,13:44
SWA2578,KLGB,KSJC,4,2026-10-06,03:50
SWA2578,KMCO,KBWI,1,2026-10-03,16:02
SWA2579,KDAL,KMSY,1,2026-10-04,12:47
SWA2579,KFLL,KMCO,2,2026-10-06,23:32
SWA2579,KLBB,KDAL,1,2026-10-06,18:42
SWA2579,KMCO,KDCA,2,2026-10-01,00:00
SWA258,KAUS,KDEN,1,2026-09-30,18:26
SWA258,KAUS,KFLL,1,2026-10-03,10:45
SWA258,KBNA,KECP,1,2026-09-30,13:37
SWA258,KECP,KAUS,1,2026-09-30,15:34
SWA258,KHOU,KSAT,1,2026-10-04,13:13
SWA258,KMEM,KMCO,1,2026-10-06,12:05
SWA258,KSMF,KSAN,3,2026-10-06,00:15
SWA2580,KAUS,KLAX,1,2026-10-06,17:44
SWA2580,KDEN,KSLC,1,2026-09-30,16:30
SWA2580,KIND,KDEN,3,2026-10-05,14:11
SWA2580,KLGB,KHOU,1,2026-10-05,22:21
SWA2580,KMCO,KDEN,1,2026-09-30,11:55
SWA2581,KLGB,KSMF,5,2026-10-06,14:06
SWA2581,KMCO,KDEN,1,2026-09-30,14:02
SWA2582,KLGB,KSMF,4,2026-10-05,17:46
SWA2582,KLGB,KLAS,1,2026-10-04,17:08
SWA2582,KSMF,KSEA,1,2026-10-06,18:57
SWA2583,KLGB,KSMF,5,2026-10-06,20:32
SWA2583,KMCO,KDEN,1,2026-09-30,18:16
SWA2583,KMSY,KLAS,1,2026-10-04,22:55
SWA2584,KBNA,KSDF,1,2026-10-05,02:13
SWA2584,KLGB,KSMF,4,2026-10-06,01:05
SWA2584,KMCO,KDEN,2,2026-10-01,22:30
SWA2585,KLGB,KSMF,4,2026-10-06,03:16
SWA2586,KLGB,KPHX,1,2026-09-30,17:16
SWA2586,PHLI,PHNL,5,2026-10-06,16:23
SWA2587,PHLI,PHNL,5,2026-10-06,18:26
SWA2588,PHLI,PHNL,6,2026-10-06,22:00
SWA2589,PHLI,PHNL,5,2026-10-06,01:51
SWA259,KHOU,KBNA,1,2026-09-30,12:49
SWA259,KLAS,KATL,1,2026-10-03,14:52
SWA259,KLAS,KMDW,1,2026-10-04,14:05
SWA259,KMSY,KHOU,1,2026-10-06,14:10
SWA259,KSTL,KBOS,3,2026-10-06,02:23
SWA2590,PHLI,PHNL,5,2026-10-06,05:05
SWA2591,PHLI,KLAS,4,2026-10-06,06:28
SWA2592,KBNA,KPVD,1,2026-09-30,16:20
SWA2592,KDEN,KONT,1,2026-10-04,19:02
SWA2592,KHOU,KPHX,3,2026-10-05,18:05
SWA2592,KMIA,KBNA,1,2026-09-30,13:21
SWA2593,KLAX,KSFO,1,2026-09-30,18:35
SWA2593,PHLI,PHOG,3,2026-10-06,23:36
SWA2594,KLIT,KBNA,6,2026-10-06,13:34
SWA2595,KDAL,KDCA,2,2026-10-01,04:13
SWA2595,KLIT,KDAL,4,2026-10-06,11:04
SWA2595,KOKC,KHOU,1,2026-10-04,15:46
SWA2595,KSAT,KDAL,1,2026-10-01,02:39
SWA2596,KGEG,KLAS,1,2026-09-30,19:59
SWA2596,KLAX,KSJC,1,2026-10-05,05:52
SWA2596,KMCO,KSRQ,1,2026-10-06,14:59
SWA2596,KSRQ,KBWI,1,2026-10-06,16:30
SWA2597,KECP,KBNA,1,2026-10-05,23:59
SWA2597,KLAS,KSAT,3,2026-10-06,23:51
SWA2597,KMCO,KLAS,1,2026-09-30,10:52
SWA2597,KMCO,KMKE,1,2026-10-06,19:55
SWA2598,KMCO,KLAS,2,2026-10-01,21:42
SWA2599,KMAF,KDAL,3,2026-10-05,15:56
SWA2599,KMCI,KLGA,1,2026-09-30,11:24
SWA2599,KMYR,KBNA,1,2026-10-03,17:28
SWA2599,KSNA,KAUS,1,2026-10-06,15:02
SWA26,KHOU,KDAL,3,2026-10-06,17:53
SWA2600,KABQ,KAUS,1,2026-10-06,20:47
SWA2600,KMAF,KDAL,2,2026-10-05,19:06
SWA2600,KMCO,KMCI,1,2026-09-30,13:17
SWA2601,KMAF,KHOU,4,2026-10-05,12:54
SWA2601,KMCO,KSTL,1,2026-10-06,19:26
SWA2602,KBNA,KPHL,1,2026-10-06,20:38
SWA2602,KMAF,KHOU,5,2026-10-05,18:56
SWA2602,KMCO,KMCI,1,2026-09-30,18:44
SWA2603,KLAS,KMAF,1,2026-10-06,16:52
SWA2603,KMAF,KHOU,3,2026-10-06,23:26
SWA2603,KMCO,KMCI,2,2026-10-01,23:23
SWA2603,KRNO,KLAS,1,2026-10-06,13:31
SWA2604,KMAF,KHOU,4,2026-10-06,01:22
SWA2605,KBNA,KPWM,1,2026-10-06,19:27
SWA2605,KMCI,KABQ,3,2026-10-05,16:07
SWA2605,KMCI,KMKE,1,2026-09-30,20:18
SWA2606,KHOU,KDEN,4,2026-10-06,11:31
SWA2607,KDEN,KSAT,4,2026-10-06,03:02
SWA2608,KMCI,KAUS,3,2026-10-05,20:47
SWA2608,KMCO,KMCI,1,2026-10-04,14:46
SWA2608,KMDW,KDCA,1,2026-09-30,11:45
SWA2608,KORF,KMCO,1,2026-10-04,11:54
SWA2609,KMCI,KAUS,1,2026-10-05,00:27
SWA2609,KOAK,KBUR,1,2026-09-30,16:40
SWA2609,KRNO,KLAS,3,2026-10-05,19:38
SWA261,KAUS,KATL,1,2026-10-06,20:09
SWA261,KBNA,KLAS,1,2026-09-30,22:05
SWA261,KBNA,KMDW,1,2026-10-03,10:56
SWA261,KHOU,KABQ,2,2026-10-05,20:54
SWA261,KTPA,KPHX,1,2026-10-04,10:12
SWA2610,KMCI,KBNA,5,2026-10-05,12:21
SWA2611,KBOS,KSAN,3,2026-10-05,15:53
SWA2611,KHOU,KATL,1,2026-10-04,16:08
SWA2611,KMHT,KMCO,1,2026-09-30,17:41
SWA2611,KSAN,KRNO,3,2026-10-06,22:57
SWA2612,KDEN,KHOU,1,2026-10-03,13:53
SWA2612,KHOU,KMCO,2,2026-10-06,19:46
SWA2612,KOAK,KLAX,1,2026-09-30,17:30
SWA2612,KOMA,KDEN,1,2026-10-03,11:35
SWA2612,KPDX,KOAK,1,2026-09-30,14:54
SWA2613,KCOS,KMDW,1,2026-10-06,21:22
SWA2613,KDEN,KMDW,1,2026-09-30,20:21
SWA2613,KFLL,KHOU,1,2026-10-04,16:45
SWA2613,KTUL,KDAL,2,2026-10-05,23:23
SWA2613,KTUL,KMKE,1,2026-10-02,02:50
SWA2614,KHOU,KSTL,1,2026-10-05,03:54
SWA2614,KLAS,KSJC,3,2026-10-06,23:31
SWA2614,KSEA,KBNA,2,2026-10-01,06:29
SWA2615,KHOU,KOKC,2,2026-10-06,13:43
SWA2615,KOKC,KDEN,1,2026-10-04,15:11
SWA2616,KLAS,KSNA,3,2026-10-06,04:25
SWA2616,KLAS,KONT,1,2026-10-05,23:51
SWA2616,KMCI,KDAL,1,2026-10-06,11:30
SWA2616,KMCO,KMKE,1,2026-09-30,18:45
SWA2617,KLAS,KABQ,1,2026-10-05,05:58
SWA2617,KMCI,KDAL,3,2026-10-06,02:45
SWA2617,KMCO,KMKE,2,2026-10-01,00:31
SWA2618,KEUG,KDEN,4,2026-10-06,22:17
SWA2618,KMCO,KMSY,1,2026-09-30,13:20
SWA2619,KMCI,KDCA,4,2026-10-05,16:47
SWA262,KAUS,KBNA,1,2026-09-30,21:45
SWA262,KIND,KHOU,1,2026-10-04,10:06
SWA262,KPHX,KCLE,1,2026-10-06,15:36
SWA262,KRSW,KSTL,4,2026-10-05,10:14
SWA2620,KBOS,KSTL,1,2026-10-06,09:26
SWA2620,KDEN,KBUR,3,2026-10-05,18:28
SWA2620,KLAS,KSFO,1,2026-10-04,19:25
SWA2620,KOAK,KLAX,1,2026-10-04,02:00
SWA2620,KSAN,KEUG,1,2026-09-30,18:53
SWA2621,KMCI,KDEN,3,2026-10-05,12:11
SWA2622,KMCI,KDEN,6,2026-10-06,16:44
SWA2622,KSAN,KSTS,2,2026-10-01,05:40
SWA2623,KLIT,KLAS,1,2026-10-05,23:21
SWA2623,KMCI,KDEN,5,2026-10-06,19:17
SWA2623,KSEA,KSAN,2,2026-10-01,01:36
SWA2624,KMCI,KDEN,3,2026-10-06,21:14
SWA2624,KOMA,KHOU,1,2026-10-04,12:27
SWA2625,KMCI,KDEN,3,2026-10-06,00:40
SWA2626,KHOU,KMSY,1,2026-10-04,20:23
SWA2627,KBWI,KTPA,1,2026-10-06,21:05
SWA2627,KLAS,KPSP,1,2026-10-05,06:09
SWA2627,KSJC,KLAS,3,2026-10-05,15:50
SWA2628,KLAX,KPHX,3,2026-10-05,21:52
SWA2628,KLGB,KLAS,1,2026-10-05,02:01
SWA2628,KLIT,KDAL,1,2026-10-06,16:48
SWA2629,KMCI,KATL,3,2026-10-05,22:28
SWA2629,KMCI,KCMH,1,2026-10-04,21:50
SWA2629,KMCO,KPHX,2,2026-10-01,21:52
SWA2629,KMDW,KBWI,1,2026-10-06,10:46
SWA263,KAUS,KMCO,3,2026-10-06,03:34
SWA263,KBWI,KIND,1,2026-10-03,19:17
SWA263,KIND,KFLL,1,2026-10-03,21:30
SWA263,KISP,KBWI,1,2026-10-04,09:46
SWA263,KLAS,KSLC,3,2026-10-05,21:06
SWA263,KLAS,KRNO,2,2026-10-01,00:36
SWA263,KMKE,KMCO,1,2026-10-06,20:10
SWA263,KMSY,KLAS,1,2026-09-30,20:04
SWA263,KSLC,KAUS,3,2026-10-06,23:35
SWA2630,KBWI,KSDF,3,2026-10-05,20:12
SWA2630,KHOU,KSDF,1,2026-10-03,20:25
SWA2630,KMDW,KBWI,1,2026-10-06,13:20
SWA2630,KSDF,KBNA,2,2026-10-05,22:26
SWA2631,KMCI,KLAS,4,2026-10-06,19:47
SWA2631,KMCO,KISP,1,2026-10-05,02:52
SWA2632,KDCA,KDAL,1,2026-09-30,14:53
SWA2632,KMCI,KAUS,1,2026-10-04,20:31
SWA2632,KMCO,KRDU,1,2026-10-06,13:10
SWA2633,KMCI,KLAS,1,2026-10-05,02:59
SWA2634,KMCO,KPIT,1,2026-09-30,19:49
SWA2634,KMKE,KPHX,1,2026-10-04,11:28
SWA2634,KSAT,KSTL,1,2026-10-06,12:30
SWA2634,KSMF,KLAS,3,2026-10-06,00:41
SWA2635,KMCI,KLGA,1,2026-10-04,11:13
SWA2636,KAUS,KDAL,3,2026-10-05,13:39
SWA2636,KDAL,KMCI,2,2026-10-05,16:23
SWA2636,KIND,KAUS,2,2026-10-05,10:28
SWA2636,KMCI,KLGA,4,2026-10-05,17:33
SWA2636,KONT,KAUS,1,2026-10-06,14:38
SWA2637,KABQ,KDAL,3,2026-10-06,00:56
SWA2637,KIND,KAUS,1,2026-10-06,21:49
SWA2637,KMCI,KLGA,1,2026-10-05,23:33
SWA2637,KMKE,KMCO,1,2026-09-30,15:35
SWA2637,KOAK,KSAN,1,2026-10-03,18:59
SWA2638,KMCI,KMCO,6,2026-10-06,10:33
SWA2638,KSMF,KONT,1,2026-09-30,21:23
SWA2639,KOAK,KPSP,1,2026-10-03,20:41
SWA2639,KSNA,KOAK,1,2026-09-30,14:35
SWA2639,KTPA,KAUS,1,2026-10-06,17:11
SWA2639,KTUL,KDEN,3,2026-10-05,19:29
SWA264,KMCO,KSDF,1,2026-10-05,03:02
SWA264,KPHX,KABQ,1,2026-10-06,20:37
SWA264,KSJC,KAUS,2,2026-10-01,02:02
SWA264,KSTL,KCMH,3,2026-10-06,00:56
SWA2640,KLAS,KSBA,1,2026-10-06,19:18
SWA2640,KMCI,KMCO,4,2026-10-06,23:38
SWA2640,KMCO,KRSW,1,2026-09-30,14:53
SWA2641,KMCI,KMCO,4,2026-10-06,01:59
SWA2642,KAUS,KMSP,1,2026-10-06,20:26
SWA2642,KMCI,KMDW,5,2026-10-05,10:43
SWA2642,KMCO,KSAN,2,2026-10-01,21:28
SWA2643,KHOU,KTUL,4,2026-10-05,19:38
SWA2643,KIND,KSAT,1,2026-09-30,15:22
SWA2643,KMCI,KDAL,1,2026-10-04,18:18
SWA2643,KSAT,KAUS,1,2026-09-30,18:38
SWA2643,KTUL,KMDW,3,2026-10-05,21:45
SWA2644,KMCI,KMDW,4,2026-10-05,15:50
SWA2644,KMCI,KDAL,1,2026-10-05,01:29
SWA2644,KMCO,KSAT,2,2026-10-01,22:19
SWA2644,KMHT,KBWI,1,2026-10-06,18:00
SWA2645,KMCI,KMDW,1,2026-10-06,16:03
SWA2645,KMDW,KDCA,1,2026-10-04,19:34
SWA2645,KPHX,KSNA,1,2026-09-30,14:19
SWA2645,KSNA,KSJC,1,2026-09-30,16:04
SWA2646,KMCI,KMDW,1,2026-10-06,21:00
SWA2646,KOAK,KSEA,1,2026-10-03,19:08
SWA2647,KMCO,KFLL,3,2026-10-06,02:57
SWA2647,KSMF,KSAN,1,2026-10-06,15:33
SWA2648,KDEN,KMCI,3,2026-10-05,22:48
SWA2648,KMCI,KMDW,3,2026-10-06,01:13
SWA2649,KATL,KAUS,1,2026-09-30,12:25
SWA2649,KDEN,KIND,1,2026-10-04,16:40
SWA2649,KDEN,KLGA,1,2026-10-06,18:56
SWA2649,KMCO,KPVD,3,2026-10-06,00:42
SWA265,KCMH,KAUS,3,2026-10-05,12:10
SWA265,KHOU,KMDW,1,2026-10-01,22:02
SWA265,KMDW,KPHX,1,2026-10-03,16:37
SWA265,KSAN,KRNO,1,2026-10-06,16:55
SWA2650,KBOS,KBNA,3,2026-10-05,13:59
SWA2650,KSTL,KDTW,1,2026-10-06,15:41
SWA2651,KBNA,KTPA,3,2026-10-05,17:43
SWA2651,KMDW,KMCO,1,2026-10-04,19:19
SWA2651,KSAT,KDAL,1,2026-10-06,15:03
SWA2652,KMCI,KPHX,4,2026-10-05,14:00
SWA2652,KPHX,KLAS,3,2026-10-05,17:43
SWA2653,KDEN,KSNA,2,2026-10-05,03:26
SWA2654,KAUS,KABQ,1,2026-09-30,13:49
SWA2654,KMCI,KPHX,4,2026-10-06,01:09
SWA2655,KBWI,KBDL,1,2026-10-06,11:17
SWA2655,KHOU,KMAF,1,2026-09-30,15:32
SWA2655,KMCI,KPHX,2,2026-10-06,03:13
SWA2655,KMCI,KFLL,1,2026-10-04,21:08
SWA2656,KBOS,KBWI,2,2026-10-05,22:42
SWA2656,KDEN,KCLE,1,2026-10-03,17:33
SWA2656,KDEN,KMKE,1,2026-10-04,16:37
SWA2656,KDEN,KTPA,1,2026-10-06,18:49
SWA2656,KMCO,KSTL,1,2026-09-30,10:05
SWA2657,KMCI,KSAN,4,2026-10-05,16:23
SWA2657,KMCO,KSTL,1,2026-09-30,12:54
SWA2657,KSAN,KSLC,1,2026-10-06,15:38
SWA2658,KDCA,KCMH,1,2026-09-30,15:43
SWA2658,KMCO,KSTL,1,2026-10-04,19:16
SWA2658,KMEM,KDAL,2,2026-10-05,23:57
SWA2658,KSLC,KPHX,1,2026-10-06,21:27
SWA2659,KCLT,KDAL,1,2026-10-06,18:03
SWA2659,KMDW,KROC,1,2026-10-05,00:34
SWA2659,KRNO,KLAS,3,2026-10-06,04:42
SWA266,KAUS,KDCA,5,2026-10-06,17:58
SWA266,KDAL,KBUR,2,2026-10-01,03:02
SWA266,KPIT,KSTL,1,2026-10-04,10:45
SWA266,KSAN,KAUS,4,2026-10-06,13:59
SWA2660,KMCI,KSTL,6,2026-10-06,13:45
SWA2661,KBOI,KSJC,1,2026-09-30,17:38
SWA2661,KDAL,KMIA,1,2026-10-06,18:31
SWA2661,KMCI,KMCO,1,2026-10-04,17:05
SWA2661,KMIA,KBWI,1,2026-10-06,21:52
SWA2661,KOKC,KDAL,1,2026-10-03,21:59
SWA2662,KBDL,KMDW,3,2026-10-05,16:50
SWA2662,KBWI,KBDL,3,2026-10-05,14:55
SWA2662,KMCO,KSDF,1,2026-10-06,19:08
SWA2662,KORF,KMDW,1,2026-10-04,12:09
SWA2663,KDCA,KATL,1,2026-09-30,16:03
SWA2663,KMCI,KTPA,5,2026-10-06,10:18
SWA2664,KALB,KBWI,1,2026-09-30,16:48
SWA2664,KDEN,KSTL,1,2026-10-04,21:38
SWA2664,KMDW,KALB,1,2026-09-30,14:18
SWA2664,KPHX,KLAX,3,2026-10-05,18:24
SWA2665,KDEN,KMCI,1,2026-10-05,01:18
SWA2665,KMCI,KTPA,4,2026-10-06,02:08
SWA2665,KMDW,KALB,1,2026-09-30,18:22
SWA2665,KMSP,KAUS,1,2026-10-06,16:12
SWA2665,KOKC,KBNA,1,2026-10-03,18:01
SWA2666,KHOU,KMCI,1,2026-09-30,14:58
SWA2666,KMCO,KABQ,1,2026-10-04,22:50
SWA2666,KPIT,KBNA,3,2026-10-05,16:40
SWA2667,KONT,KOAK,1,2026-10-05,04:19
SWA2667,KSTL,KMCI,3,2026-10-05,13:38
SWA2668,KBNA,KSAN,1,2026-09-30,13:15
SWA2668,KBWI,KBNA,3,2026-10-06,02:14
SWA2668,KMCO,KATL,3,2026-10-06,13:01
SWA2669,KLAS,KOAK,1,2026-10-06,20:18
SWA2669,KMCO,KATL,1,2026-10-04,21:41
SWA2669,KSAT,KDAL,3,2026-10-06,02:58
SWA267,KAUS,KATL,2,2026-10-05,19:17
SWA267,KBNA,KDTW,1,2026-09-30,16:10
SWA267,KBNA,KFLL,1,2026-10-05,00:22
SWA267,KBNA,KSAT,1,2026-10-06,13:24
SWA267,KDEN,KRNO,1,2026-10-06,19:52
SWA267,KDTW,KDEN,1,2026-09-30,18:45
SWA267,KLAX,KAUS,2,2026-10-05,15:38
SWA267,KLAX,KMAF,1,2026-10-01,15:33
SWA267,KMAF,KAUS,1,2026-10-01,21:56
SWA267,KRNO,KLAS,1,2026-10-06,22:34
SWA267,KSAT,KDEN,1,2026-10-06,16:24
SWA2670,KHOU,KIND,1,2026-10-04,16:19
SWA2670,KMCO,KATL,3,2026-10-06,00:37
SWA2670,KMDW,KAUS,1,2026-09-30,15:30
SWA2670,KRDU,KAUS,1,2026-10-06,11:17
SWA2671,KDAL,KSAT,2,2026-10-05,21:37
SWA2671,KDEN,KBUR,1,2026-10-06,14:52
SWA2671,KIND,KLAS,1,2026-10-05,00:50
SWA2672,KDEN,KBDL,3,2026-10-05,19:06
SWA2673,KBNA,KALB,3,2026-10-05,19:40
SWA2673,KMAF,KHOU,1,2026-10-06,13:40
SWA2673,KMCO,KDJT,1,2026-10-05,01:46
SWA2673,KMDW,KAUS,2,2026-10-01,02:02
SWA2674,KMCO,KAUS,3,2026-10-05,21:02
SWA2674,KMDW,KBDL,1,2026-09-30,18:24
SWA2675,KMCO,KAUS,4,2026-10-06,23:52
SWA2676,KMCO,KAUS,3,2026-10-06,03:38
SWA2676,KMDW,KBNA,1,2026-09-30,14:27
SWA2676,KPWM,KBWI,1,2026-10-04,21:43
SWA2677,KFLL,KBNA,3,2026-10-05,20:30
SWA2677,KMCI,KPHX,1,2026-10-04,18:26
SWA2677,KMDW,KBNA,1,2026-09-30,19:55
SWA2678,KDCA,KMCI,1,2026-09-30,20:25
SWA2678,KDEN,KPHX,3,2026-10-05,14:02
SWA2678,KPHX,KTPA,3,2026-10-05,16:51
SWA2678,KPHX,KSJC,1,2026-10-04,22:31
SWA2679,KDCA,KMDW,2,2026-10-01,01:11
SWA2679,KFLL,KMCI,3,2026-10-05,11:31
SWA2679,KMCI,KMKE,3,2026-10-05,15:21
SWA2679,KMCO,KBNA,3,2026-10-06,11:39
SWA2679,KMKE,KBWI,3,2026-10-05,17:31
SWA268,KBNA,KHOU,1,2026-10-03,17:32
SWA268,KDAL,KIND,1,2026-10-04,15:05
SWA268,KDAL,KLAX,1,2026-10-05,15:36
SWA268,KDAL,KTYS,1,2026-10-06,17:08
SWA268,KMCO,KDAL,1,2026-10-01,23:46
SWA268,KMSY,KDAL,1,2026-10-04,12:26
SWA268,KSLC,KDAL,1,2026-10-06,13:50
SWA2680,KMCO,KBNA,5,2026-10-06,13:08
SWA2681,KBNA,KALB,1,2026-10-06,16:58
SWA2681,KMCO,KBNA,5,2026-10-06,15:02
SWA2681,KOMA,KPHX,1,2026-10-03,15:27
SWA2681,KSTL,KOMA,1,2026-10-03,13:29
SWA2683,KDCA,KMSY,1,2026-09-30,23:19
SWA2683,KMCO,KBNA,4,2026-10-05,15:47
SWA2683,KSDF,KMCO,1,2026-10-06,16:08
SWA2684,KMCO,KBNA,6,2026-10-06,18:36
SWA2685,KHOU,KMCI,2,2026-10-01,01:46
SWA2685,KMCO,KBNA,6,2026-10-06,20:44
SWA2686,KBUR,KDEN,4,2026-10-06,21:42
SWA2686,KGEG,KSMF,1,2026-09-30,12:52
SWA2687,KMCO,KBNA,5,2026-10-06,01:12
SWA2688,KHOU,KLBB,1,2026-09-30,20:39
SWA2688,KMCO,KBNA,2,2026-10-05,02:40
SWA2688,KMDW,KLGA,1,2026-10-06,19:49
SWA2689,KBNA,KFLL,3,2026-10-05,20:18
SWA2689,KCOS,KMDW,1,2026-09-30,19:35
SWA2689,KLAS,KLGB,1,2026-10-05,01:23
SWA2689,KLGB,KMDW,1,2026-10-03,16:36
SWA2689,KMDW,KBWI,2,2026-10-01,23:31
SWA269,KLAS,KSEA,1,2026-10-05,06:41
SWA269,KSEA,KPHX,1,2026-09-30,19:43
SWA269,KSNA,KLAS,1,2026-10-05,04:48
SWA269,KSTL,KMDW,5,2026-10-06,19:45
SWA2690,KHOU,KSEA,1,2026-09-30,14:59
SWA2690,KOMA,KSAN,1,2026-10-04,22:18
SWA2690,KSTL,KOMA,1,2026-10-03,20:05
SWA2691,KMCO,KBWI,4,2026-10-05,11:44
SWA2691,KMDW,KBZN,1,2026-09-30,15:29
SWA2693,KMCO,KBWI,5,2026-10-05,13:03
SWA2693,KMIA,KMCO,3,2026-10-05,11:30
SWA2693,KPHX,KMDW,1,2026-10-06,12:10
SWA2694,KCLT,KBNA,3,2026-10-05,15:56
SWA2694,KMCO,KALB,1,2026-10-04,11:46
SWA2694,KMDW,KCHS,2,2026-10-01,23:21
SWA2694,KPHX,KBUR,1,2026-10-06,20:48
SWA2695,KDEN,KAUS,4,2026-10-06,04:09
SWA2696,KMCO,KBWI,2,2026-10-05,03:31
SWA2697,KBNA,KJAX,1,2026-10-02,19:55
SWA2697,KHOU,KSTL,2,2026-10-01,00:13
SWA2697,KHOU,KDEN,1,2026-10-06,19:38
SWA2697,KSJC,KSAN,1,2026-10-04,13:27
SWA2698,TJSJ,KBWI,1,2026-10-04,09:48
SWA2699,KIND,KMCO,3,2026-10-05,16:42
SWA2699,KMDW,KIND,3,2026-10-05,15:04
SWA2699,KMDW,KHOU,1,2026-10-06,17:40
SWA2699,KSMF,KSAN,1,2026-10-04,17:57
SWA27,KDAL,KHOU,4,2026-10-05,18:43
SWA270,KAUS,KBWI,1,2026-09-30,20:21
SWA270,KLAX,KOAK,1,2026-10-03,21:50
SWA270,KMKE,KPHX,1,2026-10-03,15:21
SWA270,KOAK,KSLC,1,2026-10-04,23:52
SWA270,KPHX,KLAX,1,2026-10-03,19:48
SWA270,KSAT,KDAL,1,2026-10-06,16:54
SWA270,KSFO,KAUS,1,2026-10-04,17:29
SWA270,KSTL,KMKE,4,2026-10-05,13:33
SWA2700,KBWI,KMSY,1,2026-10-04,12:59
SWA2700,KPHL,KDEN,4,2026-10-06,21:49
SWA2701,KDCA,KSTL,1,2026-10-06,16:38
SWA2701,KMDW,KCMH,1,2026-09-30,21:43
SWA2701,KPHX,KBNA,3,2026-10-05,22:04
SWA2701,KSLC,KDAL,1,2026-10-04,11:38
SWA2702,KGSP,KBNA,2,2026-10-05,17:35
SWA2702,KLAX,KOAK,1,2026-09-30,20:26
SWA2702,KMCI,KPHX,1,2026-10-03,20:18
SWA2702,KSEA,KDEN,1,2026-10-06,20:58
SWA2702,KSNA,KPHX,1,2026-10-04,18:57
SWA2703,KBUF,KBWI,1,2026-10-04,13:07
SWA2703,KMCO,KDAL,2,2026-10-06,11:15
SWA2703,KMCO,KDEN,2,2026-10-02,10:59
SWA2703,KMDW,KCMH,1,2026-09-30,23:37
SWA2704,KMCO,KDAL,5,2026-10-06,16:57
SWA2705,KDAL,KSAT,1,2026-10-04,20:49
SWA2705,KFLL,KHOU,2,2026-10-02,09:35
SWA2705,KHOU,KLAS,3,2026-10-05,12:54
SWA2705,KMCO,KIND,2,2026-10-01,23:34
SWA2705,KMCO,KDAL,1,2026-10-04,17:30
SWA2705,KSAT,KSTL,1,2026-10-05,22:32
SWA2706,KDAL,KOMA,3,2026-10-06,00:47
SWA2706,KMCO,KDAL,5,2026-10-06,21:03
SWA2706,KMDW,KDAL,1,2026-09-30,11:02
SWA2706,KOMA,KPHX,3,2026-10-06,02:52
SWA2706,KSTL,KAUS,1,2026-10-05,04:03
SWA2707,KMCO,KDAL,3,2026-10-05,11:43
SWA2708,KHOU,KIND,2,2026-10-06,01:43
SWA2709,KABQ,KBNA,1,2026-10-05,22:34
SWA2709,KLAS,KTPA,3,2026-10-05,18:55
SWA2709,KONT,KSMF,1,2026-10-04,23:24
SWA271,KATL,KMDW,1,2026-10-04,16:41
SWA271,KAUS,KBNA,2,2026-10-05,15:50
SWA271,KBNA,KBUF,1,2026-10-06,17:28
SWA271,KCOS,KDAL,1,2026-10-04,11:23
SWA271,KDAL,KATL,1,2026-10-04,13:57
SWA271,KLAS,KBUR,1,2026-10-03,13:47
SWA271,KLAX,KAUS,2,2026-10-05,12:19
SWA271,KMDW,KDEN,1,2026-09-30,15:19
SWA271,KMDW,KPHL,1,2026-10-04,19:53
SWA2710,KMCO,KDCA,1,2026-10-05,01:32
SWA2711,KMCO,KBNA,3,2026-10-05,10:24
SWA2711,KMCO,KDEN,2,2026-10-04,12:23
SWA2711,KMDW,KDAL,2,2026-10-01,00:24
SWA2711,KSFO,KSAN,1,2026-10-06,16:53
SWA2712,KHOU,KMAF,1,2026-10-05,04:23
SWA2712,KLAS,KLGB,1,2026-09-30,16:58
SWA2712,KLGB,KSJC,1,2026-09-30,18:42
SWA2712,KMCO,KDEN,4,2026-10-06,12:45
SWA2712,KORF,KDEN,1,2026-10-03,15:52
SWA2713,KDEN,KATL,3,2026-10-05,14:44
SWA2713,KTPA,KDAL,1,2026-10-04,15:45
SWA2714,KABQ,KLAS,1,2026-10-05,00:35
SWA2714,KLGA,KMDW,2,2026-10-01,02:14
SWA2714,KMCO,KDEN,3,2026-10-05,18:53
SWA2715,KLGB,KSJC,1,2026-10-01,00:09
SWA2715,KMCO,KDEN,4,2026-10-06,22:18
SWA2715,KTPA,KDCA,1,2026-10-06,14:22
SWA2716,KLAS,KLGB,2,2026-10-01,01:36
SWA2716,KLGB,KSJC,2,2026-10-01,02:57
SWA2716,KMCO,KDEN,5,2026-10-06,00:02
SWA2717,KFLL,KAUS,3,2026-10-05,13:39
SWA2717,KMCO,KFLL,1,2026-10-04,14:48
SWA2717,KMDW,KDEN,1,2026-09-30,12:13
SWA2718,KABQ,KHOU,1,2026-10-05,23:31
SWA2718,KMDW,KDEN,1,2026-09-30,19:27
SWA2719,KAUS,KSAN,1,2026-10-04,19:54
SWA2719,KMDW,KDEN,1,2026-09-30,17:16
SWA2719,KSEA,KSMF,1,2026-10-06,13:24
SWA2720,KDEN,KCMH,4,2026-10-06,02:01
SWA2720,KLGB,KSMF,1,2026-09-30,20:40
SWA2721,KCMH,KLAS,1,2026-10-05,23:42
SWA2721,KMCO,KHOU,5,2026-10-06,17:03
SWA2721,KMDW,KDEN,1,2026-10-01,00:00
SWA2722,KBNA,KRDU,1,2026-10-05,04:12
SWA2722,KMCI,KDCA,1,2026-09-30,12:55
SWA2722,KMCO,KHOU,2,2026-10-06,23:07
SWA2723,KDAL,KMKE,1,2026-10-04,19:28
SWA2723,KLAS,KDEN,3,2026-10-06,06:57
SWA2724,KMCO,KHOU,3,2026-10-06,03:02
SWA2725,KMCO,KIND,2,2026-10-06,11:04
SWA2726,KDTW,KDEN,5,2026-10-06,10:05
SWA2726,KMDW,KFLL,1,2026-09-30,14:47
SWA2727,KDEN,KSNA,3,2026-10-05,16:19
SWA2727,KSAN,KMCO,1,2026-10-05,21:31
SWA2727,KSTL,KHOU,1,2026-10-06,19:09
SWA2728,KBOI,KSAN,1,2026-10-06,20:00
SWA2728,KDEN,KTYS,1,2026-10-03,17:35
SWA2728,KMCO,KBWI,2,2026-10-02,10:36
SWA2729,KAUS,KRDU,1,2026-10-06,20:29
SWA2729,KDAL,KTPA,1,2026-10-05,22:59
SWA2729,KMSY,KAUS,1,2026-09-30,13:04
SWA2730,KMCO,KIND,4,2026-10-06,02:46
SWA2730,KMCO,KPVD,2,2026-10-01,23:34
SWA2731,KBWI,KBOS,1,2026-10-04,14:50
SWA2731,KMCO,KBUF,3,2026-10-06,01:03
SWA2731,KMCO,KMIA,1,2026-10-03,14:44
SWA2731,KMIA,KAUS,1,2026-10-03,16:43
SWA2731,KMSY,KBWI,1,2026-10-04,11:23
SWA2732,KMCI,KSTL,1,2026-10-06,18:00
SWA2732,KMCO,KISP,1,2026-10-04,22:34
SWA2732,KPHX,KBNA,1,2026-10-01,21:43
SWA2733,KALB,KMCO,1,2026-10-05,22:37
SWA2733,KMCO,KCMH,2,2026-10-05,22:11
SWA2733,KMDW,KHOU,2,2026-10-01,22:51
SWA2734,KMCO,KLAS,6,2026-10-06,14:41
SWA2734,KOAK,KONT,1,2026-09-30,13:34
SWA2735,KLAS,KBUR,3,2026-10-06,02:01
SWA2735,KMCO,KLAS,2,2026-10-06,20:19
SWA2735,KMCO,KCMH,1,2026-10-04,11:13
SWA2735,KPDX,KLAS,1,2026-10-04,22:22
SWA2735,KSMF,KBOI,2,2026-10-01,03:16
SWA2736,KMCO,KLAS,4,2026-10-06,03:26
SWA2737,KLAS,KBUF,3,2026-10-06,01:16
SWA2737,KPDX,KMDW,1,2026-10-04,06:40
SWA2738,KLGA,KBNA,3,2026-10-05,11:17
SWA2738,KMDW,KIND,1,2026-10-01,01:49
SWA2738,KOAK,KONT,1,2026-10-04,15:30
SWA2738,KSLC,KOAK,1,2026-10-04,13:08
SWA2739,KMCO,KMCI,1,2026-10-04,18:14
SWA274,KBNA,KSAV,3,2026-10-05,22:05
SWA274,KBWI,KLAS,3,2026-10-06,02:52
SWA274,KDEN,KOMA,1,2026-10-03,17:35
SWA274,KMDW,KDEN,1,2026-09-30,21:11
SWA274,KOMA,KHOU,1,2026-10-03,19:28
SWA274,KSAV,KBWI,4,2026-10-06,00:01
SWA2740,KBWI,KAUS,1,2026-10-04,17:04
SWA2740,KDEN,KSJC,1,2026-10-06,15:11
SWA2740,KOMA,KMCO,3,2026-10-05,10:41
SWA2741,KDAL,KSAT,1,2026-10-04,12:41
SWA2741,KMCO,KMCI,4,2026-10-06,03:20
SWA2741,KMDW,KLAS,1,2026-09-30,14:49
SWA2742,KMCO,KMDW,6,2026-10-06,11:03
SWA2742,KMDW,KLAS,2,2026-10-01,23:27
SWA2742,KMDW,KDTW,1,2026-10-03,13:53
SWA2743,KBUR,KLAS,1,2026-09-30,21:28
SWA2743,KCOS,KDEN,1,2026-10-03,18:55
SWA2743,KCOS,KLAS,1,2026-10-05,03:47
SWA2743,KMCO,KMDW,1,2026-10-06,12:10
SWA2743,KMDW,KCOS,3,2026-10-05,17:00
SWA2743,KMDW,KLAX,1,2026-10-06,15:53
SWA2744,KMCO,KDEN,1,2026-10-05,01:42
SWA2744,KONT,KDAL,2,2026-10-05,18:03
SWA2744,KSFO,KLAX,1,2026-10-06,13:50
SWA2745,KDAL,KTUL,1,2026-10-05,05:21
SWA2745,KMCO,KMDW,1,2026-10-03,17:42
SWA2745,KMDW,KLGA,3,2026-10-06,22:54
SWA2745,KPHX,KTUS,1,2026-09-30,20:00
SWA2745,KTUS,KDEN,1,2026-09-30,21:26
SWA2746,KBNA,KLGA,1,2026-09-30,11:44
SWA2746,KMCO,KMDW,2,2026-10-06,21:46
SWA2746,KMDW,KDTW,3,2026-10-06,00:55
SWA2746,KMDW,KPWM,1,2026-10-05,01:16
SWA2746,KTPA,KMDW,1,2026-10-02,22:02
SWA2747,KDAL,KTUL,1,2026-10-04,14:39
SWA2747,KDEN,KMCI,1,2026-09-30,20:03
SWA2747,KMSY,KMCO,3,2026-10-06,01:24
SWA2747,KPDX,KSMF,1,2026-10-04,00:37
SWA2748,KHOU,KIND,1,2026-10-05,02:03
SWA2748,KOKC,KDEN,3,2026-10-05,19:26
SWA2749,KMAF,KAUS,1,2026-10-01,21:59
SWA2749,KMEM,KAUS,2,2026-10-05,18:23
SWA2749,KMEM,KMAF,1,2026-10-01,17:46
SWA2749,KOAK,KSNA,1,2026-10-06,13:23
SWA2749,KSJC,KPDX,1,2026-09-30,19:41
SWA2749,KTPA,KMEM,3,2026-10-05,14:15
SWA275,KAUS,KBNA,3,2026-10-06,21:34
SWA275,KBDL,KDEN,1,2026-10-01,22:08
SWA275,KOAK,KPHX,1,2026-10-04,16:36
SWA275,KTPA,KBDL,1,2026-09-30,18:27
SWA2750,KLAS,KIND,1,2026-10-05,02:35
SWA2750,KMCO,KMEM,3,2026-10-05,20:17
SWA2750,KMDW,KROC,1,2026-10-06,18:13
SWA2750,KMEM,KMDW,3,2026-10-05,22:58
SWA2750,KMEM,KBNA,1,2026-10-03,20:51
SWA2750,KROC,KBWI,1,2026-10-06,20:25
SWA2750,KSFO,KLAX,2,2026-10-01,03:19
SWA2751,KLIT,KDAL,2,2026-10-06,23:55
SWA2751,KMDW,KLGA,1,2026-09-30,20:24
SWA2751,KONT,KOAK,1,2026-10-06,17:23
SWA2751,KSAT,KBNA,1,2026-10-04,18:21
SWA2752,KMCO,KRSW,3,2026-10-06,02:43
SWA2752,KMSY,KMCO,1,2026-10-04,15:49
SWA2753,KLBB,KAUS,1,2026-10-06,13:52
SWA2753,KMCO,KMHT,3,2026-10-06,00:32
SWA2753,KMCO,KSTL,1,2026-10-05,00:47
SWA2753,KSJC,KBUR,1,2026-09-30,15:02
SWA2754,KMCO,KHOU,3,2026-10-05,21:03
SWA2754,KMDW,KMCI,1,2026-09-30,21:23
SWA2754,KSJC,KSAN,1,2026-10-05,02:45
SWA2755,KMDW,KMCI,1,2026-09-30,14:37
SWA2755,KPHL,KBNA,3,2026-10-05,17:08
SWA2755,KSLC,KSAN,1,2026-10-06,13:21
SWA2755,KSMF,KSTL,1,2026-10-04,20:26
SWA2756,KMCO,KIND,1,2026-10-04,16:51
SWA2756,KPIT,KHOU,2,2026-10-06,00:17
SWA2756,KSFO,KAUS,1,2026-10-06,20:14
SWA2756,KSJC,KBUR,1,2026-09-30,19:35
SWA2757,KMCO,KMKE,5,2026-10-06,17:43
SWA2757,KMDW,KMCI,1,2026-09-30,01:47
SWA2757,KPHL,KSTL,1,2026-10-03,15:59
SWA2758,KDEN,KTUL,1,2026-10-05,02:23
SWA2758,KMDW,KMCO,1,2026-09-30,11:29
SWA2758,KOAK,KBUR,1,2026-10-06,16:33
SWA2758,KOKC,KDEN,1,2026-10-04,23:06
SWA2758,KPHX,KSTL,3,2026-10-05,12:23
SWA2759,KMCO,KMKE,1,2026-10-05,02:27
SWA276,KLAS,KONT,3,2026-10-05,16:28
SWA276,KMSP,KMDW,1,2026-09-30,20:21
SWA276,KMSY,KDAL,1,2026-10-03,19:13
SWA2760,KMCO,KMSY,5,2026-10-06,11:25
SWA2760,KSMF,KSNA,1,2026-09-30,17:30
SWA2761,KLAS,KMKE,1,2026-10-04,17:42
SWA2761,KMCO,KMSY,4,2026-10-06,13:32
SWA2761,KMSY,KBNA,3,2026-10-05,15:54
SWA2761,KSMF,KPDX,1,2026-09-30,21:43
SWA2761,KSNA,KSMF,1,2026-09-30,19:39
SWA2762,KCMH,KMCO,1,2026-10-03,12:25
SWA2762,KMCO,KMSY,4,2026-10-05,16:10
SWA2762,KMSY,KHOU,1,2026-10-03,18:21
SWA2763,KMCO,KMSY,3,2026-10-06,18:48
SWA2763,KMSY,KBNA,2,2026-10-06,21:30
SWA2764,KMDW,KMCO,1,2026-09-30,15:24
SWA2764,KPHX,KLAX,3,2026-10-05,12:53
SWA2764,KSAN,KEUG,1,2026-10-06,20:37
SWA2764,KSTL,KSMF,1,2026-10-04,13:33
SWA2765,KMCO,KMSY,3,2026-10-06,04:17
SWA2765,KPHX,KOKC,1,2026-10-04,19:26
SWA2765,KRSW,KIND,1,2026-09-30,15:56
SWA2765,KSAT,KTPA,1,2026-10-06,18:46
SWA2766,KLAS,KMDW,1,2026-10-01,22:30
SWA2766,KMCO,KMCI,1,2026-10-04,10:47
SWA2766,KMCO,KOKC,1,2026-10-03,20:19
SWA2766,KMDW,KPHX,1,2026-10-06,19:29
SWA2767,KDEN,KSTL,1,2026-10-06,15:32
SWA2767,KPHX,KABQ,1,2026-10-03,14:57
SWA2767,KSNA,KOAK,1,2026-09-30,16:22
SWA2768,KSAN,KSJC,3,2026-10-05,15:29
SWA2768,KSMF,KSNA,1,2026-10-06,21:16
SWA2768,KSNA,KSMF,2,2026-10-01,00:34
SWA2769,KSAN,KLAS,1,2026-10-04,22:53
SWA2769,KTPA,KBUF,2,2026-10-01,23:13
SWA2769,KTPA,KBDL,1,2026-10-06,11:15
SWA277,KATL,KSTL,1,2026-10-06,10:51
SWA277,KBNA,KSTL,1,2026-10-05,04:00
SWA277,KDEN,KMSP,3,2026-10-05,20:18
SWA277,KOKC,KLAS,2,2026-10-01,23:44
SWA2770,KATL,KDAL,1,2026-10-06,17:20
SWA2770,KBNA,KATL,1,2026-10-06,15:48
SWA2770,KMCO,KLAX,1,2026-10-05,23:08
SWA2770,KSAT,KMCO,3,2026-10-05,10:15
SWA2770,KTPA,KPIT,1,2026-09-30,11:12
SWA2771,KMCO,KORF,3,2026-10-05,20:50
SWA2771,KMCO,KMDW,1,2026-10-04,16:16
SWA2771,KORF,KMDW,3,2026-10-06,23:20
SWA2771,KSNA,KSJC,1,2026-10-06,15:26
SWA2772,KBNA,KCLE,3,2026-10-05,15:58
SWA2772,KRSW,KBWI,1,2026-10-03,20:55
SWA2772,KSAN,KMDW,1,2026-10-06,13:36
SWA2773,KATL,KDCA,1,2026-09-30,13:31
SWA2773,KCOS,KDEN,3,2026-10-05,16:46
SWA2773,KLAX,KOAK,1,2026-10-06,12:57
SWA2773,KRNO,KLAS,1,2026-10-04,16:52
SWA2774,KAUS,KBNA,1,2026-10-03,20:19
SWA2774,KAUS,KSFO,1,2026-09-30,17:31
SWA2774,KBNA,KPNS,2,2026-10-03,00:56
SWA2774,KLAS,KMCO,1,2026-10-05,00:37
SWA2775,KBUR,KOAK,1,2026-09-30,17:01
SWA2775,KDEN,KMDW,4,2026-10-06,01:19
SWA2775,KMDW,KMEM,1,2026-10-05,04:14
SWA2775,KMDW,KPWM,1,2026-10-06,13:05
SWA2775,KPHX,KDAL,1,2026-10-04,23:22
SWA2776,KBUR,KSFO,1,2026-09-30,20:48
SWA2776,KMCO,KPHX,5,2026-10-06,11:59
SWA2777,KCOS,KDEN,1,2026-10-04,23:54
SWA2777,KDAL,KLGA,2,2026-10-05,23:04
SWA2777,KLAX,KSFO,1,2026-10-06,17:42
SWA2777,KTUS,KLAX,1,2026-10-06,14:56
SWA2778,KBNA,KMCI,3,2026-10-05,17:05
SWA2778,KDCA,KMKE,1,2026-10-06,19:33
SWA2778,KMCO,KPHX,1,2026-10-04,00:24
SWA2778,KORF,KBWI,1,2026-10-04,21:51
SWA2779,KHOU,KSAT,1,2026-10-05,04:00
SWA2779,KMCO,KMEM,3,2026-10-05,13:24
SWA2779,KMDW,KOAK,1,2026-09-30,15:49
SWA2779,KMEM,KLAS,3,2026-10-05,16:05
SWA278,KATL,KHOU,1,2026-10-04,10:19
SWA278,KMKE,KBWI,1,2026-10-06,19:42
SWA278,KSTL,KRDU,3,2026-10-06,01:56
SWA278,KTUL,KLAS,1,2026-09-30,11:16
SWA2780,KBUR,KSFO,1,2026-09-30,15:38
SWA2780,KBWI,KDJT,1,2026-10-06,16:06
SWA2780,KSAN,KSJC,1,2026-10-04,15:50
SWA2781,KMCO,KPIT,4,2026-10-05,16:00
SWA2782,KMSY,KBNA,1,2026-10-06,15:18
SWA2782,KTPA,KBNA,3,2026-10-05,10:56
SWA2783,KDCA,KHOU,1,2026-09-30,10:30
SWA2783,KMCO,KPIT,2,2026-10-05,23:42
SWA2784,KBUF,KBNA,3,2026-10-05,14:47
SWA2784,KDJT,KBNA,1,2026-10-06,19:08
SWA2784,KMDW,KONT,1,2026-10-01,23:01
SWA2784,KMSY,KMCO,1,2026-10-04,19:47
SWA2784,KPHX,KDEN,1,2026-10-04,01:47
SWA2785,KCMH,KSAN,1,2026-10-04,15:39
SWA2785,KLAS,KSAN,1,2026-10-03,15:12
SWA2785,KMCO,KPVD,3,2026-10-05,18:40
SWA2785,KPVD,KBWI,3,2026-10-05,21:58
SWA2785,KROC,KMCO,1,2026-10-06,18:05
SWA2786,KSTL,KAUS,1,2026-10-04,21:45
SWA2787,KIND,KDEN,6,2026-10-06,11:13
SWA2788,KDCA,KSTL,1,2026-09-30,19:20
SWA2788,KMCO,KRDU,5,2026-10-06,20:29
SWA2789,KMCO,KRDU,4,2026-10-06,03:12
SWA2789,KMDW,KSDF,1,2026-10-06,12:50
SWA2789,KSDF,KDEN,1,2026-10-06,14:49
SWA279,KAUS,KBOS,3,2026-10-05,17:51
SWA279,KBNA,KPVD,1,2026-10-04,16:49
SWA279,KHOU,KAUS,3,2026-10-05,15:35
SWA279,KPHX,KLAS,1,2026-09-30,15:11
SWA279,KPWM,KBNA,1,2026-10-03,14:42
SWA2790,KAUS,KDEN,1,2026-10-04,17:35
SWA2790,KBNA,KPVD,3,2026-10-05,17:29
SWA2790,KDCA,KTPA,1,2026-09-30,17:36
SWA2790,KDEN,KDAL,1,2026-10-03,20:53
SWA2790,KHOU,KBWI,1,2026-10-06,20:45
SWA2791,KMCO,KROC,4,2026-10-05,19:28
SWA2791,KROC,KBWI,3,2026-10-05,22:53
SWA2791,KROC,KMDW,1,2026-10-05,00:03
SWA2792,KMCO,KRSW,5,2026-10-06,14:58
SWA2792,KRSW,KMDW,1,2026-10-04,16:36
SWA2793,KMCO,KRSW,1,2026-10-04,01:47
SWA2793,KSMF,KLGB,1,2026-10-06,20:59
SWA2793,KSTL,KDAL,1,2026-10-04,18:32
SWA2794,KBWI,KSAN,1,2026-10-04,11:34
SWA2794,KDAL,KPHX,1,2026-10-01,01:52
SWA2794,KSAN,KSFO,4,2026-10-05,17:56
SWA2794,KSLC,KSAN,3,2026-10-05,14:20
SWA2795,KMCO,KSAN,3,2026-10-06,23:41
SWA2795,KTPA,KBWI,1,2026-10-04,16:20
SWA2795,KTPA,KDCA,1,2026-10-06,20:16
SWA2796,KDAL,KABQ,2,2026-10-05,16:51
SWA2796,KMDW,KPHX,2,2026-10-01,01:32
SWA2796,KOAK,KSAN,1,2026-10-06,21:46
SWA2797,KABQ,KPHX,1,2026-10-04,19:08
SWA2797,KLAX,KSFO,1,2026-09-30,20:32
SWA2797,KMCO,KSAT,2,2026-10-06,03:47
SWA2798,KAUS,KSJC,1,2026-10-05,03:47
SWA2798,KMCO,KSDF,4,2026-10-06,12:52
SWA2798,KMDW,KPIT,1,2026-09-30,14:46
SWA2798,KPHX,KLAS,1,2026-10-03,12:43
SWA2798,KSDF,KDEN,3,2026-10-05,15:40
SWA2799,KBOS,KIND,1,2026-10-02,22:10
SWA2799,KBOS,KMDW,1,2026-10-03,21:55
SWA2799,KDEN,KEUG,1,2026-10-03,15:16
SWA2799,KIND,KMDW,1,2026-10-02,02:28
SWA2799,KLGA,KMSY,2,2026-10-01,22:58
SWA2799,KMCO,KORF,1,2026-10-04,13:01
SWA2799,KRDU,KBWI,1,2026-10-06,19:17
SWA280,KBNA,KRSW,1,2026-10-04,20:40
SWA280,KBOS,KDEN,1,2026-10-06,14:37
SWA280,KMDW,KBNA,2,2026-10-01,02:06
SWA280,KTUS,KSAN,4,2026-10-05,13:26
SWA2800,KBUR,KSMF,1,2026-10-06,18:00
SWA2800,KDAL,KATL,2,2026-10-05,22:10
SWA2800,KLAS,KDAL,1,2026-10-03,18:46
SWA2801,KMCO,TJSJ,4,2026-10-06,10:52
SWA2802,KAUS,KATL,2,2026-10-01,01:15
SWA2802,KBNA,KCHS,1,2026-10-04,21:06
SWA2802,KMCO,TJSJ,2,2026-10-06,13:40
SWA2803,KBNA,KJAX,1,2026-10-04,15:35
SWA2803,KMCO,KPHL,3,2026-10-06,01:31
SWA2803,KONT,KAUS,1,2026-09-30,15:40
SWA2804,KJAX,KBNA,3,2026-10-05,15:15
SWA2804,KMAF,KHOU,1,2026-09-30,17:35
SWA2804,KPHX,KIND,1,2026-10-04,23:51
SWA2804,KSMF,KONT,1,2026-10-06,17:50
SWA2805,KMCO,KPHX,3,2026-10-05,18:05
SWA2805,KMDW,KRDU,1,2026-09-30,19:53
SWA2805,KSTL,KBOS,1,2026-10-06,11:51
SWA2806,KDAL,KOKC,3,2026-10-05,15:12
SWA2806,KLAS,KBOI,1,2026-10-03,15:00
SWA2807,KBWI,KRDU,1,2026-10-05,00:02
SWA2807,KMCI,KATL,1,2026-09-30,14:48
SWA2807,KMCO,TJSJ,1,2026-10-06,02:35
SWA2808,KBNA,KMCO,3,2026-10-05,20:37
SWA2808,KDAL,KATL,1,2026-10-05,03:39
SWA2808,KMCO,KSMF,4,2026-10-06,23:29
SWA2809,KHOU,KMAF,1,2026-10-06,21:18
SWA2809,KMCO,KSRQ,4,2026-10-05,14:57
SWA2809,KMDW,KROC,1,2026-09-30,13:38
SWA2809,KROC,KBWI,1,2026-09-30,16:02
SWA2809,KSRQ,KCMH,3,2026-10-05,16:19
SWA2809,KSRQ,KBWI,2,2026-10-04,16:28
SWA281,KAUS,KBWI,6,2026-10-06,10:52
SWA281,KLAS,KBUR,1,2026-09-30,16:26
SWA2810,KDCA,KBNA,3,2026-10-05,21:28
SWA2811,KMCO,KSTL,2,2026-10-06,10:34
SWA2811,KMCO,KPHL,1,2026-09-30,19:32
SWA2811,KPHL,KMDW,2,2026-10-01,23:05
SWA2812,KMCO,KSTL,2,2026-10-04,12:41
SWA2813,KMCO,KSTL,3,2026-10-06,16:12
SWA2813,KMDW,KRSW,2,2026-10-01,23:22
SWA2814,KMCO,KSTL,4,2026-10-05,21:37
SWA2814,KMDW,KSAN,1,2026-09-30,15:25
SWA2814,KSTL,KDEN,3,2026-10-06,00:04
SWA2815,KMCO,KSTL,4,2026-10-06,00:13
SWA2816,KATL,KPIT,1,2026-10-06,20:59
SWA2816,KBNA,KRSW,1,2026-10-04,15:27
SWA2816,KMCO,KRDU,3,2026-10-05,13:11
SWA2816,KMDW,KSAN,2,2026-10-01,20:37
SWA2816,KRDU,KHOU,3,2026-10-05,15:38
SWA2817,KBNA,KMCO,1,2026-10-05,22:48
SWA2817,KISP,KBWI,3,2026-10-05,21:47
SWA2817,KMCO,KDEN,1,2026-10-03,13:25
SWA2817,KMDW,KBWI,1,2026-10-06,18:04
SWA2818,KABQ,KLAX,1,2026-10-06,13:10
SWA2818,KOAK,KSNA,1,2026-10-04,15:20
SWA2819,KBUR,KOAK,1,2026-10-06,18:56
SWA2819,KMCO,KTYS,2,2026-10-05,15:44
SWA2819,KMDW,KSAT,2,2026-10-01,01:41
SWA2819,KTYS,KDAL,2,2026-10-05,18:36
SWA282,KAUS,KBUR,3,2026-10-06,22:15
SWA282,KAUS,KBWI,2,2026-10-04,15:05
SWA282,KAUS,KDAL,1,2026-10-06,14:50
SWA2820,KMCO,KBWI,3,2026-10-06,02:13
SWA2820,KMDW,KSAV,1,2026-09-30,19:47
SWA2821,KBNA,KECP,1,2026-10-05,01:54
SWA2821,KMCO,KFLL,3,2026-10-05,15:06
SWA2821,KMCO,KROC,1,2026-09-30,16:07
SWA2821,KROC,KBWI,1,2026-09-30,19:28
SWA2824,KAUS,KMDW,1,2026-10-06,14:54
SWA2824,KDEN,KABQ,1,2026-10-04,18:20
SWA2824,KLBB,KDAL,3,2026-10-05,19:44
SWA2824,KMDW,KPIT,1,2026-10-03,13:59
SWA2824,KMDW,KSDF,1,2026-09-30,23:52
SWA2824,KPHX,KMDW,1,2026-09-30,19:40
SWA2825,KMCO,KSAN,3,2026-10-05,12:23
SWA2825,KMCO,KSAT,1,2026-10-04,11:55
SWA2825,KMDW,KATL,1,2026-10-06,14:46
SWA2825,KMDW,KSEA,1,2026-09-30,15:56
SWA2826,KMCO,KSDF,1,2026-10-04,20:32
SWA2826,KMDW,KATL,4,2026-10-06,18:35
SWA2826,KMDW,KSEA,2,2026-10-01,21:00
SWA2826,KSEA,KSJC,2,2026-10-01,03:09
SWA2827,KHOU,KABQ,1,2026-10-04,13:04
SWA2827,KMDW,KATL,3,2026-10-06,23:23
SWA2827,KMDW,KSEA,2,2026-10-01,02:48
SWA2827,KSJC,KSAN,1,2026-10-06,18:53
SWA2828,KHOU,KMDW,1,2026-10-04,17:17
SWA2828,KLAX,KMDW,3,2026-10-05,19:40
SWA2828,KMDW,KATL,1,2026-09-30,14:20
SWA2828,KOAK,KDEN,1,2026-10-06,15:31
SWA2828,KPDX,KOAK,1,2026-10-06,12:49
SWA2829,KPHX,KCOS,2,2026-10-06,04:16
SWA2829,KSEA,KSMF,1,2026-10-06,19:57
SWA2830,KMDW,KAUS,1,2026-10-06,15:28
SWA2830,KMSP,KDEN,3,2026-10-05,18:12
SWA2832,KBWI,KATL,1,2026-10-04,19:02
SWA2832,KMCO,TJSJ,1,2026-09-30,19:48
SWA2832,KMDW,KAUS,3,2026-10-05,17:41
SWA2833,KBWI,KMCI,1,2026-10-04,17:05
SWA2833,KMCI,KSTL,1,2026-10-04,20:37
SWA2833,KMDW,KSLC,2,2026-10-01,02:18
SWA2833,KMKE,KDCA,1,2026-10-06,14:05
SWA2833,KPHX,KONT,1,2026-10-03,17:12
SWA2833,KRNO,KLAS,3,2026-10-06,01:05
SWA2834,KMDW,KAUS,4,2026-10-06,03:49
SWA2834,KMIA,KDAL,1,2026-10-06,13:20
SWA2834,KOAK,KLGB,1,2026-09-30,18:31
SWA2835,KMCO,KDEN,5,2026-10-06,14:14
SWA2835,KOAK,KONT,1,2026-09-30,22:14
SWA2836,KRNO,KLAX,1,2026-10-04,17:42
SWA2836,KSAN,KSMF,3,2026-10-05,19:24
SWA2837,KMDW,KSTL,1,2026-09-30,14:23
SWA2837,KOAK,KBOI,1,2026-10-06,19:09
SWA2837,KPHX,KPIT,1,2026-10-04,22:04
SWA2837,KTUL,KBNA,3,2026-10-05,13:00
SWA2838,KMDW,KBNA,3,2026-10-05,21:46
SWA2838,KMSP,KDEN,1,2026-10-06,11:56
SWA2838,KPHX,KRDU,1,2026-10-03,15:28
SWA2839,KIND,KFLL,1,2026-10-04,17:40
SWA2839,KLAS,KIND,1,2026-10-04,13:26
SWA2839,KMDW,KBNA,4,2026-10-06,00:21
SWA2839,KMKE,KBNA,1,2026-10-06,19:21
SWA2839,KSTL,KMCO,1,2026-09-30,18:30
SWA284,KBOS,KDEN,1,2026-10-04,16:25
SWA284,KBUF,KBWI,1,2026-10-06,10:21
SWA284,KDAL,KFLL,2,2026-10-05,20:13
SWA284,KLAS,KDAL,1,2026-09-30,15:19
SWA2840,KLAS,KMDW,3,2026-10-06,00:43
SWA2840,KSEA,KSMF,1,2026-10-04,20:15
SWA2841,KLAS,KLGB,1,2026-10-05,00:26
SWA2842,KMDW,KBOS,6,2026-10-06,16:11
SWA2842,KONT,KSMF,1,2026-09-30,18:21
SWA2843,KAUS,KMSY,2,2026-10-06,00:14
SWA2843,KDCA,KBNA,2,2026-10-01,23:54
SWA2843,KONT,KSJC,1,2026-10-06,18:30
SWA2844,KMDW,KTUL,1,2026-09-30,15:36
SWA2844,KMKE,KDEN,1,2026-10-06,16:53
SWA2844,KTPA,KMKE,1,2026-10-06,13:27
SWA2844,KTUL,KDAL,1,2026-09-30,18:15
SWA2845,KLAS,KMSY,3,2026-10-05,19:39
SWA2845,KLAS,KPHX,1,2026-10-03,19:06
SWA2845,KLAS,KSAT,1,2026-10-04,17:43
SWA2845,KLGA,KDAL,1,2026-10-01,21:58
SWA2845,KMSY,KLGA,1,2026-10-06,14:40
SWA2845,KOAK,KLAS,3,2026-10-05,17:06
SWA2846,KBOI,KSMF,1,2026-10-01,22:59
SWA2846,KMDW,KBUF,3,2026-10-06,00:20
SWA2846,KMKE,KLAS,1,2026-10-06,11:42
SWA2846,KSMF,KLGB,2,2026-10-01,01:01
SWA2847,KDEN,KOMA,1,2026-10-04,18:31
SWA2847,KPIT,KBNA,3,2026-10-06,01:25
SWA2847,KSFO,KLAX,1,2026-10-06,19:34
SWA2848,KMDW,KBWI,4,2026-10-05,18:25
SWA2848,KSJC,KLGB,1,2026-10-06,17:02
SWA2849,KBWI,KBOS,2,2026-10-06,23:35
SWA2849,KMDW,KBWI,3,2026-10-06,22:22
SWA285,KAUS,KBWI,4,2026-10-06,23:52
SWA285,KAUS,KDEN,1,2026-09-30,12:10
SWA285,KBNA,KCLE,1,2026-10-06,20:48
SWA2850,KDCA,KMKE,1,2026-09-30,19:59
SWA2850,KLAS,KSEA,1,2026-10-05,00:02
SWA2850,KMDW,KBWI,3,2026-10-06,00:06
SWA2851,KMDW,KBWI,3,2026-10-06,02:53
SWA2851,KMEM,KMDW,1,2026-09-30,11:09
SWA2851,KSJC,KSNA,1,2026-10-06,15:29
SWA2852,KMCO,KTUL,3,2026-10-06,01:11
SWA2852,KMCO,KBUF,1,2026-10-05,01:30
SWA2852,KMHT,KBWI,1,2026-09-30,09:46
SWA2853,KALB,KTPA,1,2026-10-04,20:25
SWA2853,KBWI,KBDL,3,2026-10-05,20:23
SWA2853,KBWI,KALB,1,2026-10-04,18:41
SWA2853,KCLE,KBWI,1,2026-10-04,16:28
SWA2853,KMHT,KBWI,1,2026-09-30,19:07
SWA2853,KPHX,KSEA,1,2026-10-03,18:36
SWA2854,KCLE,KBWI,1,2026-10-06,20:24
SWA2854,KMDW,KCLE,1,2026-10-06,18:45
SWA2854,KSFO,KMDW,1,2026-10-03,16:30
SWA2854,KSMF,KSAN,1,2026-09-30,18:07
SWA2855,KBWI,KPVD,1,2026-10-06,19:04
SWA2855,KDAL,KSAT,2,2026-10-05,16:00
SWA2855,KMHT,KMDW,1,2026-09-30,11:59
SWA2855,KPVD,KMCO,1,2026-10-06,20:51
SWA2855,KRSW,KBWI,1,2026-10-06,15:37
SWA2855,KRSW,KMDW,1,2026-10-03,20:41
SWA2856,KFLL,KBNA,3,2026-10-05,18:21
SWA2856,KLGB,KDAL,1,2026-09-30,15:08
SWA2856,KMSY,KBNA,1,2026-10-06,17:18
SWA2856,KOMA,KMDW,1,2026-10-04,15:21
SWA2857,KRSW,KBWI,1,2026-10-05,00:05
SWA2857,KSAN,KSMF,3,2026-10-05,17:19
SWA2857,KSMF,KBUR,1,2026-10-06,20:05
SWA2858,KLGB,KDAL,1,2026-10-04,15:53
SWA2858,KMIA,KBNA,2,2026-10-01,22:12
SWA2858,KSTL,KSAT,3,2026-10-06,03:05
SWA2859,KJAX,KDAL,1,2026-10-03,23:19
SWA2859,KMCI,KMDW,1,2026-10-04,21:47
SWA2859,KMIA,KBWI,1,2026-09-30,15:55
SWA2859,KSAN,KOAK,1,2026-10-03,15:46
SWA2859,KSFO,KBUR,1,2026-10-06,17:37
SWA286,KBUR,KPHX,1,2026-10-04,14:44
SWA286,KDAL,KPIT,1,2026-10-06,18:41
SWA286,KIND,KMCO,1,2026-10-04,00:40
SWA286,KMCO,KAUS,1,2026-09-30,13:52
SWA286,KSTL,KMSP,3,2026-10-05,13:57
SWA2860,KMEM,KDEN,5,2026-10-06,11:30
SWA2860,KSEA,KDEN,2,2026-10-01,02:18
SWA2861,KLGB,KLAS,1,2026-10-04,22:05
SWA2861,KMKE,KSTL,1,2026-10-06,21:32
SWA2861,KPHX,KSAN,1,2026-10-03,19:09
SWA2861,KSTL,KBNA,3,2026-10-05,19:55
SWA2862,KMCO,KLAS,5,2026-10-06,10:38
SWA2863,KMIA,KHOU,1,2026-09-30,10:57
SWA2864,KMDW,KDAL,2,2026-10-05,15:55
SWA2864,KPHX,KLAX,1,2026-10-04,20:53
SWA2864,KSTL,KECP,1,2026-10-06,18:06
SWA2865,KLIT,KDEN,1,2026-09-30,18:59
SWA2865,KMDW,KDAL,4,2026-10-06,20:07
SWA2866,KATL,KMDW,3,2026-10-05,18:18
SWA2866,KMIA,KMDW,1,2026-09-30,20:17
SWA2866,KPHL,KBNA,1,2026-10-04,18:34
SWA2866,KSJC,KSNA,1,2026-10-06,17:21
SWA2867,KMDW,KDAL,3,2026-10-06,01:06
SWA2867,KMDW,KSTL,1,2026-10-02,05:26
SWA2867,KPHX,KOAK,1,2026-10-05,01:50
SWA2868,KMDW,KDAL,3,2026-10-06,02:40
SWA2868,KSAN,KHOU,1,2026-10-04,13:49
SWA2869,KMDW,KDCA,6,2026-10-06,11:02
SWA2869,KPHL,KBNA,2,2026-10-01,23:24
SWA287,KBWI,KSAN,3,2026-10-05,10:29
SWA287,KBWI,KMCI,1,2026-10-06,12:33
SWA287,KCMH,KMCO,1,2026-10-05,22:27
SWA287,KDEN,KPHX,1,2026-09-30,20:19
SWA2870,KABQ,KBUR,1,2026-10-06,22:10
SWA2870,KHOU,KSTL,3,2026-10-06,01:33
SWA2870,KMSY,KBNA,1,2026-10-04,19:08
SWA2871,KBDL,KBWI,1,2026-10-04,13:05
SWA2871,KBWI,KPHX,1,2026-10-04,15:06
SWA2871,KLAS,KONT,1,2026-10-06,21:48
SWA2871,KMCO,KHOU,1,2026-09-30,11:30
SWA2871,KPHX,KTUL,1,2026-10-04,22:43
SWA2871,KSFO,KPHX,1,2026-10-03,20:05
SWA2872,KBNA,KGSP,1,2026-10-04,15:28
SWA2872,KBWI,KMKE,2,2026-10-02,20:53
SWA2872,KGSP,KBWI,4,2026-10-05,18:39
SWA2872,KIND,KMCI,1,2026-10-06,16:47
SWA2872,KMKE,KSTL,2,2026-10-03,23:18
SWA2873,KMDW,KDCA,1,2026-10-03,20:47
SWA2873,KSAN,KSMF,1,2026-10-04,18:07
SWA2873,KSJC,KLGB,2,2026-10-01,00:17
SWA2874,KBOI,KSJC,1,2026-10-06,18:36
SWA2874,KLAS,KICT,1,2026-10-03,22:23
SWA2874,KLAS,KOKC,1,2026-10-02,22:33
SWA2874,KOKC,KICT,1,2026-10-02,03:07
SWA2874,KSFO,KLAS,1,2026-10-04,22:02
SWA2875,KMDW,KDEN,6,2026-10-06,11:25
SWA2876,KMDW,KDEN,3,2026-10-05,14:29
SWA2876,KPWM,KMDW,3,2026-10-05,10:46
SWA2876,KSEA,KOAK,1,2026-10-06,22:16
SWA2876,KSMF,KDAL,1,2026-10-05,01:28
SWA2877,KBNA,KTPA,3,2026-10-06,23:39
SWA2877,KBNA,KBOS,1,2026-10-05,23:04
SWA2877,KMDW,KDEN,1,2026-10-03,16:22
SWA2877,KMSY,KAUS,1,2026-10-06,12:06
SWA2878,KMDW,KDEN,5,2026-10-06,19:35
SWA2878,KMKE,KDEN,1,2026-09-30,17:55
SWA2878,KMSP,KMDW,3,2026-10-05,17:27
SWA2879,KMDW,KDEN,3,2026-10-06,22:38
SWA2879,KMKE,KDEN,2,2026-10-01,22:32
SWA2880,KMDW,KBWI,3,2026-10-05,16:13
SWA2880,KMDW,KDEN,2,2026-10-05,03:04
SWA2880,KMKE,KLAS,1,2026-09-30,12:02
SWA2881,KLAX,KHOU,3,2026-10-06,03:53
SWA2881,KMDW,KMCI,1,2026-10-06,11:12
SWA2881,KMKE,KLAS,1,2026-09-30,16:54
SWA2881,KPNS,KBNA,1,2026-10-04,12:56
SWA2881,KSFO,KLAX,3,2026-10-06,01:52
SWA2882,KSJC,KONT,1,2026-09-30,19:29
SWA2883,KOAK,KDEN,3,2026-10-06,03:10
SWA2883,KOMA,KMDW,1,2026-09-30,11:01
SWA2883,KSMF,KPHX,1,2026-10-04,21:45
SWA2884,KBNA,KBWI,1,2026-10-04,15:04
SWA2884,KDAL,KSAT,1,2026-10-03,17:41
SWA2884,KMCO,KBDL,3,2026-10-06,01:56
SWA2884,KSJC,KSNA,1,2026-09-30,15:59
SWA2885,KAUS,KBNA,1,2026-10-05,04:30
SWA2885,KDAL,KLIT,2,2026-10-05,21:20
SWA2885,KMSY,KMCO,1,2026-10-06,12:41
SWA2885,KPHX,KSNA,1,2026-10-03,15:06
SWA2886,KBWI,KSDF,4,2026-10-06,03:59
SWA2886,KMKE,KMDW,1,2026-09-30,20:49
SWA2887,KATL,KMSY,1,2026-10-06,14:09
SWA2887,KOAK,KSEA,1,2026-09-30,12:49
SWA2887,KPHX,KAUS,3,2026-10-05,12:14
SWA2888,KDAL,KSTL,1,2026-10-06,12:49
SWA2888,KMDW,KHOU,5,2026-10-05,12:19
SWA2888,KSJC,KSNA,2,2026-10-01,01:18
SWA2888,KSTL,KMDW,3,2026-10-05,10:35
SWA2889,KBNA,KSAV,1,2026-10-04,15:42
SWA2889,KMDW,KHOU,4,2026-10-05,15:21
SWA2890,KBWI,KMSP,1,2026-10-03,14:23
SWA2890,KDEN,KLGA,1,2026-10-04,16:14
SWA2890,KDEN,KSFO,1,2026-10-06,20:50
SWA2890,KMCO,KISP,2,2026-10-06,02:03
SWA2890,KMKE,KSTL,1,2026-09-30,13:22
SWA2891,KMDW,KHOU,4,2026-10-05,21:57
SWA2891,KMKE,KSTL,1,2026-09-30,21:38
SWA2892,KBNA,KTPA,1,2026-10-05,23:34
SWA2892,KMDW,KHOU,3,2026-10-06,01:26
SWA2892,KSMF,KLGB,1,2026-09-30,19:18
SWA2893,KAUS,KMIA,1,2026-10-06,18:45
SWA2893,KMDW,KDAL,1,2026-10-05,03:24
SWA2893,KMIA,KMCO,1,2026-10-06,21:57
SWA2893,KPHX,KSJC,3,2026-10-06,21:58
SWA2894,KBUR,KPHX,1,2026-10-04,21:08
SWA2895,KSNA,KOAK,2,2026-10-01,00:20
SWA2895,PHNL,KLAS,3,2026-10-06,18:18
SWA2896,KMDW,KIND,3,2026-10-06,04:13
SWA2896,KSNA,KSJC,1,2026-09-30,22:12
SWA2896,KTPA,KMDW,3,2026-10-06,00:22
SWA2897,KDEN,KSNA,1,2026-10-05,22:13
SWA2897,KLAS,KONT,3,2026-10-06,05:27
SWA2897,KLAS,KCMH,1,2026-10-03,15:24
SWA2897,KMSP,KBWI,1,2026-09-30,20:39
SWA2897,KOKC,KDCA,1,2026-10-06,15:44
SWA2897,KSNA,KOAK,1,2026-10-05,02:15
SWA2897,KTUL,KDEN,1,2026-10-04,19:51
SWA2898,KMDW,KLAS,6,2026-10-06,10:34
SWA2898,KMSP,KDEN,1,2026-09-30,12:18
SWA2899,KBNA,KSRQ,1,2026-10-04,18:25
SWA2899,KLGB,KLAS,3,2026-10-06,01:14
SWA2899,KMSP,KDEN,1,2026-09-30,14:23
SWA2899,KPIT,KBNA,1,2026-10-04,00:19
SWA290,KAUS,KCVG,3,2026-10-06,21:33
SWA290,KCVG,KMDW,3,2026-10-06,00:41
SWA290,KCVG,KBNA,1,2026-10-06,22:05
SWA290,KDAL,KMCI,1,2026-10-04,19:21
SWA290,KDCA,KDAL,1,2026-10-04,15:05
SWA290,KDEN,KCVG,1,2026-10-03,19:14
SWA290,KDEN,KSLC,1,2026-10-05,23:46
SWA290,KMCI,KDEN,1,2026-10-04,21:24
SWA290,KMCO,KMDW,1,2026-09-30,14:43
SWA2900,KMDW,KLAS,5,2026-10-05,15:06
SWA2900,KPHX,KBWI,1,2026-09-30,18:15
SWA2900,KTPA,KMDW,1,2026-10-04,13:19
SWA2901,KIND,KAUS,1,2026-10-06,10:01
SWA2901,KMDW,KLAS,4,2026-10-06,02:33
SWA2902,KDAL,KFLL,1,2026-10-05,21:46
SWA2902,KMCI,KLAS,3,2026-10-05,13:54
SWA2902,KMSP,KDEN,2,2026-10-01,00:10
SWA2903,KBOS,KBNA,1,2026-10-05,02:27
SWA2903,KMSP,KMDW,1,2026-09-30,11:19
SWA2904,KBWI,KATL,1,2026-10-05,23:11
SWA2905,KMDW,KLGA,6,2026-10-06,10:16
SWA2905,KTPA,KSTL,2,2026-10-01,22:44
SWA2906,KMDW,KLGA,5,2026-10-06,13:31
SWA2906,KMDW,KDTW,1,2026-10-05,01:58
SWA2907,KBWI,KGRR,1,2026-10-05,03:07
SWA2907,KMDW,KBUR,3,2026-10-06,20:56
SWA2907,KMSP,KSTL,1,2026-09-30,13:04
SWA2907,KPHX,KMCI,1,2026-10-06,17:09
SWA2908,KMDW,KDEN,3,2026-10-06,02:33
SWA2908,KMDW,KLGA,2,2026-10-04,18:17
SWA2908,KMSP,KSTL,1,2026-09-30,22:22
SWA2908,KPHX,KMDW,1,2026-10-03,13:40
SWA2909,KMCO,KMDW,3,2026-10-06,00:40
SWA2909,KSLC,KPHX,1,2026-10-04,22:40
SWA2909,KSMF,KSLC,1,2026-10-04,20:10
SWA291,KALB,KBWI,5,2026-10-06,19:09
SWA291,KAUS,KDEN,2,2026-10-01,00:19
SWA291,KFLL,KAUS,1,2026-10-03,13:33
SWA291,KMCO,KAUS,1,2026-09-30,20:13
SWA291,KTPA,KALB,1,2026-10-04,15:10
SWA2910,KMDW,KGRR,1,2026-10-04,15:22
SWA2910,KMKE,KMDW,3,2026-10-05,11:01
SWA2911,KBWI,KPWM,1,2026-10-04,19:50
SWA2911,KOKC,KMCO,1,2026-10-06,21:18
SWA2911,KPHX,KSMF,3,2026-10-06,06:55
SWA2912,KLGA,KMDW,1,2026-10-03,10:39
SWA2912,KMDW,KMCI,4,2026-10-05,13:06
SWA2912,KMDW,KBNA,1,2026-10-06,12:44
SWA2912,KSNA,KPHX,1,2026-09-30,16:12
SWA2913,KBHM,KTPA,1,2026-10-06,15:27
SWA2913,KLGA,KMDW,1,2026-10-04,10:25
SWA2913,KMCI,KHOU,3,2026-10-05,17:02
SWA2913,KMDW,KMCI,4,2026-10-05,15:24
SWA2913,KMDW,KFLL,1,2026-10-04,13:28
SWA2914,KDCA,KPVD,1,2026-10-06,14:47
SWA2914,KDEN,KTUL,1,2026-09-30,18:56
SWA2914,KLAX,KMDW,3,2026-10-05,12:43
SWA2914,KMDW,KMCI,5,2026-10-05,17:23
SWA2914,KTUL,KDAL,1,2026-09-30,22:47
SWA2915,KCLT,KBNA,1,2026-10-04,10:53
SWA2915,KMDW,KMCI,4,2026-10-06,19:40
SWA2915,KMSY,KBNA,1,2026-09-30,12:46
SWA2916,KMDW,KMCI,5,2026-10-06,20:56
SWA2916,KMSY,KBNA,1,2026-09-30,18:49
SWA2917,KECP,KHOU,1,2026-10-05,01:17
SWA2917,KMDW,KMCI,4,2026-10-06,00:14
SWA2917,KRSW,KPIT,1,2026-10-06,13:39
SWA2918,KAUS,KDEN,3,2026-10-05,11:28
SWA2918,KCMH,KBWI,1,2026-10-05,00:00
SWA2918,KPIT,KRSW,1,2026-10-03,17:51
SWA2919,KMDW,KMCO,6,2026-10-06,10:15
SWA2920,KAUS,KMSP,1,2026-09-30,17:24
SWA2920,KDEN,KMCI,1,2026-10-04,13:39
SWA2920,KMCI,KECP,1,2026-10-04,15:48
SWA2920,KPIT,KSTL,1,2026-10-03,16:22
SWA2920,KSAN,KOAK,3,2026-10-05,20:57
SWA2920,KSAT,KATL,1,2026-10-06,19:41
SWA2921,KMDW,KLAS,1,2026-10-04,20:35
SWA2921,KMSY,KBWI,1,2026-09-30,21:02
SWA2921,KPHX,KSAN,3,2026-10-06,06:14
SWA2921,KPVD,KTPA,1,2026-10-03,10:29
SWA2922,KBUR,KSFO,2,2026-10-01,00:30
SWA2922,KDEN,KBNA,5,2026-10-06,03:02
SWA2923,KDCA,KFLL,1,2026-09-30,19:57
SWA2923,KMDW,KMCO,3,2026-10-06,23:53
SWA2923,KMDW,KLAS,1,2026-10-05,03:14
SWA2924,KMDW,KMCO,3,2026-10-06,02:39
SWA2924,KPNS,KAUS,1,2026-10-03,14:52
SWA2925,KMEM,KHOU,3,2026-10-05,18:34
SWA2926,KDAL,KLGB,1,2026-10-04,19:37
SWA2926,KMDW,KDSM,1,2026-10-03,15:46
SWA2926,KSAN,KSMF,3,2026-10-05,15:39
SWA2926,KSTL,KCLE,1,2026-09-30,16:04
SWA2927,KATL,KDCA,1,2026-10-06,15:23
SWA2927,KDEN,KMSP,1,2026-10-03,12:59
SWA2927,KMSY,KDEN,1,2026-09-30,11:17
SWA2927,KPIT,KLAS,1,2026-10-05,23:59
SWA2927,KPNS,KBNA,3,2026-10-05,13:12
SWA2928,KAUS,KMSY,2,2026-10-06,03:11
SWA2928,KDAL,KLAX,2,2026-10-01,00:00
SWA2928,KPIT,KBNA,1,2026-10-05,01:11
SWA2929,KDAL,KMIA,3,2026-10-05,19:21
SWA2929,KDAL,KMEM,1,2026-10-04,14:47
SWA2929,KMDW,KMIA,1,2026-10-06,16:56
SWA2929,KMIA,KMCO,2,2026-10-05,22:55
SWA2929,KMSY,KDEN,2,2026-10-01,23:15
SWA2931,KBNA,KMHT,3,2026-10-05,18:45
SWA2931,KDTW,KBNA,1,2026-10-04,10:08
SWA2931,KMSY,KHOU,1,2026-09-30,12:52
SWA2932,KMSY,KHOU,1,2026-09-30,18:45
SWA2932,KPHX,KIND,3,2026-10-06,01:55
SWA2932,KPSP,KLAS,1,2026-10-03,12:46
SWA2933,KBWI,KISP,3,2026-10-05,15:26
SWA2933,KISP,KDJT,3,2026-10-05,17:26
SWA2933,KPSP,KLAS,1,2026-10-03,23:15
SWA2934,KPHX,KRNO,4,2026-10-05,15:32
SWA2935,KHOU,KMSY,1,2026-10-04,15:35
SWA2935,KMDW,KMSP,4,2026-10-06,22:23
SWA2935,KMSY,KHOU,1,2026-09-30,21:48
SWA2936,KBWI,KMHT,3,2026-10-05,11:01
SWA2936,KMCO,KMKE,1,2026-10-04,20:12
SWA2936,KPVD,KBNA,1,2026-10-03,21:36
SWA2937,KDAL,KSAT,2,2026-10-05,19:40
SWA2937,KMDW,KMSY,2,2026-10-05,03:16
SWA2938,KDCA,KMDW,3,2026-10-05,17:55
SWA2938,KMEM,KHOU,1,2026-10-05,01:17
SWA2939,KIND,KTPA,1,2026-09-30,10:07
SWA2939,KMDW,KMCO,1,2026-10-04,12:47
SWA2939,KSMF,KSAN,3,2026-10-05,19:47
SWA294,KAUS,KTUL,3,2026-10-06,00:59
SWA294,KBOS,KBWI,1,2026-10-03,19:22
SWA294,KLAS,KOAK,1,2026-10-06,06:29
SWA294,KMCI,KDAL,1,2026-10-04,14:36
SWA294,KMDW,KBWI,1,2026-09-30,18:13
SWA294,KMDW,KDAL,1,2026-10-06,15:38
SWA294,KTUL,KLAS,3,2026-10-06,02:48
SWA2940,KDTW,KBWI,1,2026-10-04,09:44
SWA2940,KLAS,KSEA,2,2026-10-01,04:12
SWA2940,KPVD,KDCA,1,2026-10-03,17:18
SWA2940,KSMF,KSTL,3,2026-10-06,21:37
SWA2941,KABQ,KBNA,1,2026-09-30,14:24
SWA2941,KMDW,KOKC,5,2026-10-05,15:11
SWA2942,KPVD,KMCO,1,2026-10-03,14:50
SWA2942,KSAN,KTUS,1,2026-10-04,16:16
SWA2943,KDEN,KOAK,1,2026-10-05,03:53
SWA2943,KMDW,KFLL,1,2026-10-03,13:22
SWA2943,KPIT,KDAL,3,2026-10-05,18:53
SWA2944,KMCO,KBHM,3,2026-10-06,02:11
SWA2944,KMSY,KMCO,1,2026-09-30,20:33
SWA2944,KPIT,KSTL,1,2026-10-05,01:00
SWA2944,KPVD,KMDW,1,2026-10-03,20:25
SWA2945,KMDW,KOMA,3,2026-10-05,21:15
SWA2945,KOMA,KLAS,1,2026-10-05,02:04
SWA2946,KMDW,KOMA,4,2026-10-06,03:14
SWA2947,KDEN,KONT,3,2026-10-05,19:22
SWA2947,KMDW,KONT,1,2026-10-05,00:08
SWA2947,KONT,KOAK,3,2026-10-05,22:05
SWA2947,KPHX,KSTL,1,2026-10-03,13:10
SWA2948,KBHM,KDAL,1,2026-10-05,11:45
SWA2948,KBHM,KLAS,1,2026-10-01,11:35
SWA2948,KLGA,KMCI,1,2026-09-30,13:07
SWA2948,KSTL,KLAS,1,2026-10-05,00:39
SWA2949,KJAX,KBWI,1,2026-10-04,17:55
SWA2949,KMCO,KSTL,3,2026-10-05,16:40
SWA2949,KMDW,KIND,1,2026-10-04,00:56
SWA295,KBNA,KLAS,1,2026-10-04,17:26
SWA295,KBWI,KDAL,1,2026-10-06,13:16
SWA295,KDAL,KDEN,4,2026-10-05,17:26
SWA295,KDAL,KLBB,1,2026-10-06,17:00
SWA295,KDCA,KDAL,3,2026-10-05,13:26
SWA295,KPHX,KLAS,2,2026-10-01,23:39
SWA2950,KMCI,KMDW,1,2026-10-05,02:30
SWA2950,KMDW,KPDX,4,2026-10-06,04:57
SWA2951,KABQ,KBNA,2,2026-10-05,19:08
SWA2951,KLGA,KMCI,1,2026-09-30,20:01
SWA2952,KBNA,KMIA,3,2026-10-05,17:55
SWA2952,KLAS,KIND,1,2026-10-04,18:59
SWA2952,KRDU,KBNA,1,2026-10-03,15:04
SWA2953,KMCO,KRSW,1,2026-10-05,03:54
SWA2953,KMDW,KPHL,4,2026-10-05,18:53
SWA2953,KOMA,KMDW,1,2026-10-03,15:28
SWA2954,KMDW,KPHL,2,2026-10-04,23:05
SWA2954,KMYR,KMDW,1,2026-09-30,11:57
SWA2955,KLGA,KDEN,1,2026-10-04,13:57
SWA2955,KMSP,KDEN,1,2026-09-30,20:16
SWA2955,KRDU,KBWI,1,2026-10-03,20:15
SWA2956,KDEN,KDAL,3,2026-10-05,17:56
SWA2956,KRNO,KLAS,1,2026-10-03,18:42
SWA2957,KBNA,KBOS,1,2026-09-30,15:30
SWA2957,KOKC,KPHX,1,2026-10-03,15:28
SWA2957,KPHX,KSNA,4,2026-10-05,18:37
SWA2957,KSNA,KSJC,3,2026-10-05,20:33
SWA2958,KBOS,KMCI,1,2026-10-06,17:36
SWA2958,KCLT,KBWI,3,2026-10-05,12:42
SWA2958,KOAK,KBUR,1,2026-09-30,13:42
SWA2958,KTUS,KDEN,1,2026-10-04,17:09
SWA2959,KMDW,KPHX,3,2026-10-06,23:32
SWA2959,KOAK,KBUR,1,2026-09-30,18:52
SWA2959,KPHX,KOAK,3,2026-10-06,03:56
SWA2959,KPHX,KMCI,1,2026-10-05,22:35
SWA296,KATL,KBWI,4,2026-10-05,13:44
SWA296,KAUS,KTPA,1,2026-10-06,14:12
SWA296,KBWI,KSMF,3,2026-10-05,16:28
SWA296,KDEN,KSNA,2,2026-10-01,02:09
SWA296,KLGB,KSMF,1,2026-10-03,14:24
SWA296,KSMF,KSAN,3,2026-10-05,23:03
SWA2960,KMDW,KPHX,3,2026-10-06,00:28
SWA2961,KBNA,KHOU,2,2026-10-01,02:26
SWA2961,KMDW,KPHX,4,2026-10-06,03:13
SWA2961,KPHL,KMDW,1,2026-10-03,22:12
SWA2962,KOAK,KBUR,1,2026-09-30,21:23
SWA2963,KMDW,KPIT,3,2026-10-05,12:50
SWA2963,KOAK,KBUR,2,2026-10-01,00:28
SWA2963,KRNO,KLAS,1,2026-10-04,22:22
SWA2964,KMDW,KPIT,3,2026-10-05,18:56
SWA2964,KSAN,KSJC,1,2026-10-05,04:07
SWA2965,KDAL,KCHS,2,2026-10-05,20:26
SWA2965,KDAL,KLIT,1,2026-10-06,14:52
SWA2965,KLAS,KBUR,1,2026-10-04,15:34
SWA2965,KLGB,KOAK,1,2026-09-30,22:03
SWA2965,KMSY,KLAS,1,2026-10-04,11:09
SWA2965,KPHX,KOAK,1,2026-10-04,00:12
SWA2966,KBNA,KSRQ,1,2026-09-30,18:17
SWA2966,KLAS,KSLC,1,2026-10-05,01:24
SWA2966,KMDW,KLAX,3,2026-10-06,21:13
SWA2966,KOMA,KBNA,1,2026-09-30,15:46
SWA2966,KRDU,KSTL,1,2026-10-03,15:49
SWA2966,KRNO,KLAS,1,2026-10-05,23:10
SWA2967,KBWI,KPVD,3,2026-10-06,00:28
SWA2967,KOAK,KDEN,1,2026-09-30,15:36
SWA2967,KSJC,KBUR,1,2026-10-05,23:29
SWA2968,KLAS,KOKC,1,2026-10-03,15:06
SWA2968,KOAK,KDEN,1,2026-09-30,18:33
SWA2968,KPHX,KONT,3,2026-10-06,05:59
SWA2968,KSAN,KSMF,1,2026-10-04,20:03
SWA2969,KBWI,KPWM,1,2026-10-03,14:45
SWA2969,KLAS,KBZN,1,2026-10-06,16:40
SWA2969,KMCO,KMCI,3,2026-10-05,14:26
SWA2969,KMCO,KHOU,1,2026-10-04,16:41
SWA297,KMDW,KBNA,4,2026-10-06,03:21
SWA297,KPHX,KMDW,1,2026-10-05,23:14
SWA297,KSEA,KMDW,1,2026-10-03,16:46
SWA297,KSMF,KSEA,1,2026-10-03,13:43
SWA2970,KMDW,KRDU,1,2026-10-03,13:28
SWA2970,KOAK,KDEN,1,2026-09-30,16:20
SWA2970,KPHX,KSEA,3,2026-10-05,20:52
SWA2971,KMDW,KRDU,3,2026-10-05,21:02
SWA2971,KOAK,KSAN,1,2026-10-06,13:11
SWA2971,KRDU,KMCO,3,2026-10-06,23:12
SWA2971,KSAN,KBNA,1,2026-10-06,15:32
SWA2971,KSAT,KMCO,1,2026-10-05,23:28
SWA2972,KLAS,KOAK,1,2026-10-04,17:41
SWA2972,KSJC,KLAS,1,2026-09-30,13:46
SWA2972,KSNA,KLAS,1,2026-10-04,15:32
SWA2973,KOAK,KLAS,1,2026-09-30,12:36
SWA2973,KOAK,KSAN,1,2026-10-06,16:09
SWA2973,KSEA,KPHX,1,2026-10-04,12:26
SWA2973,KSLC,KPHX,3,2026-10-05,19:19
SWA2973,KSLC,KOAK,1,2026-10-06,13:32
SWA2974,KDEN,KPIT,1,2026-10-06,18:27
SWA2974,KMCI,KDCA,2,2026-10-01,23:36
SWA2974,KSAT,KBWI,1,2026-10-03,12:09
SWA2974,KSJC,KSAN,3,2026-10-05,20:49
SWA2974,KVPS,KBNA,1,2026-10-04,13:42
SWA2975,KMCI,KSTL,2,2026-10-05,23:08
SWA2975,KSTL,KBNA,1,2026-10-03,12:17
SWA2976,KMDW,KRSW,5,2026-10-06,18:18
SWA2976,KSTL,KPHX,1,2026-10-04,18:03
SWA2977,KMDW,KRSW,3,2026-10-05,00:35
SWA2978,KMDW,KSAN,4,2026-10-06,11:33
SWA2978,KSAN,KSEA,1,2026-10-03,14:23
SWA2979,KMDW,KSAN,4,2026-10-05,16:26
SWA2979,KMDW,KSEA,1,2026-10-06,15:40
SWA2979,KMSY,KHOU,2,2026-10-01,00:03
SWA2979,KMSY,KMDW,1,2026-10-06,12:22
SWA298,KAUS,KDAL,1,2026-10-03,22:47
SWA298,KCMH,KDAL,1,2026-10-05,23:15
SWA298,KDAL,KSLC,1,2026-10-05,02:13
SWA298,KHOU,KSAN,2,2026-10-01,22:47
SWA298,KMDW,KHOU,1,2026-09-30,19:29
SWA298,KSAN,KSJC,2,2026-10-01,02:51
SWA298,KSMF,KMDW,3,2026-10-05,12:29
SWA2980,KDCA,KBNA,1,2026-10-04,13:20
SWA2980,KMCI,KLGA,2,2026-10-01,23:07
SWA2980,KMDW,KSAN,3,2026-10-05,20:24
SWA2980,KMDW,KPHX,1,2026-10-03,21:18
SWA2980,KPHX,KSAN,1,2026-10-03,01:48
SWA2981,KATL,KDAL,1,2026-10-04,19:38
SWA2981,KOAK,KSAN,3,2026-10-05,19:20
SWA2981,KRNO,KPHX,1,2026-10-03,12:06
SWA2981,KSFO,KSAN,1,2026-10-06,20:30
SWA2982,KMDW,KSAT,5,2026-10-06,03:02
SWA2983,KATL,KPHX,3,2026-10-05,11:27
SWA2983,KSMF,KLAS,1,2026-10-05,23:18
SWA2984,KMDW,KSDF,3,2026-10-05,13:17
SWA2984,KRSW,KMDW,1,2026-10-03,16:34
SWA2984,KSDF,KLAS,3,2026-10-05,15:02
SWA2984,KSDF,KMCO,1,2026-10-04,14:23
SWA2985,KMDW,KSDF,3,2026-10-05,18:01
SWA2985,KSTL,KMSY,1,2026-10-06,20:38
SWA2986,KAUS,KBNA,3,2026-10-06,03:03
SWA2986,KLGB,KPHX,1,2026-10-05,00:08
SWA2986,KOAK,KMDW,2,2026-10-01,07:22
SWA2987,KBNA,KONT,3,2026-10-06,23:14
SWA2987,KMCO,KCMH,1,2026-10-04,13:42
SWA2987,KRSW,KPIT,1,2026-10-04,22:03
SWA2988,KBNA,KCLE,1,2026-10-04,19:46
SWA2988,KDJT,KBNA,3,2026-10-05,15:48
SWA2989,KBNA,KSFO,1,2026-10-05,23:11
SWA2990,KMDW,KSJC,4,2026-10-06,15:24
SWA2990,KOKC,KDCA,1,2026-09-30,16:07
SWA2991,KATL,KDEN,1,2026-10-05,00:19
SWA2991,KBWI,KDEN,1,2026-10-04,22:30
SWA2991,KDAL,KLBB,3,2026-10-05,18:03
SWA2992,KBNA,KCLE,1,2026-10-04,15:34
SWA2992,KOMA,KDEN,1,2026-10-06,18:38
SWA2993,KBNA,KSRQ,1,2026-10-04,20:54
SWA2993,KJAX,KHOU,2,2026-10-02,09:52
SWA2993,KSAN,KRNO,1,2026-10-06,22:32
SWA2994,KMDW,KSMF,4,2026-10-06,04:10
SWA2995,KBOS,KBNA,1,2026-10-05,22:19
SWA2995,KMDW,KSRQ,4,2026-10-05,13:35
SWA2995,KSEA,KOAK,1,2026-09-30,15:03
SWA2996,KMDW,KSRQ,2,2026-10-03,00:47
SWA2996,KOAK,KPHX,1,2026-09-30,19:33
SWA2996,KRDU,KPHX,1,2026-10-04,14:56
SWA2997,KCLT,KMDW,1,2026-10-03,20:31
SWA2997,KCMH,KMCO,1,2026-10-04,17:29
SWA2997,KELP,KDEN,1,2026-10-06,12:00
SWA2997,KOAK,KPHX,2,2026-10-01,23:07
SWA2997,KRSW,KMDW,3,2026-10-05,16:41
SWA2998,KBWI,KCHS,1,2026-10-05,00:53
SWA2998,KMCI,KMDW,2,2026-10-06,03:31
SWA2998,KOAK,KPHX,2,2026-10-01,03:01
SWA2998,KSNA,KOAK,1,2026-10-06,19:16
SWA2999,KMCO,KHOU,2,2026-10-05,10:50
SWA2999,KOAK,KSAN,1,2026-10-05,05:40
SWA2999,KRSW,KIND,1,2026-10-03,10:03
SWA2999,KSTL,KDCA,1,2026-09-30,18:15
SWA30,KHOU,KDAL,4,2026-10-05,19:10
SWA300,KAUS,KDAL,1,2026-10-03,02:26
SWA300,KAUS,KECP,1,2026-10-06,21:08
SWA300,KAUS,KTUL,1,2026-10-02,06:25
SWA300,KIND,KTPA,1,2026-10-03,20:49
SWA300,KLAS,KAUS,1,2026-10-05,22:28
SWA300,KMDW,KPWM,1,2026-09-30,00:57
SWA300,KSJC,KAUS,3,2026-10-05,22:14
SWA300,KSNA,KSJC,3,2026-10-05,19:10
SWA3001,KDEN,KONT,5,2026-10-06,15:08
SWA3001,KMCI,KBWI,1,2026-10-04,01:45
SWA3001,KOAK,KSAN,1,2026-09-30,15:09
SWA3001,KSAN,KMCI,1,2026-10-04,22:06
SWA3002,KMDW,KTPA,6,2026-10-06,11:58
SWA3002,KSMF,KLGB,1,2026-09-30,16:22
SWA3003,KMDW,KTPA,2,2026-10-06,18:50
SWA3003,KPHL,KMDW,3,2026-10-05,15:58
SWA3003,KTPA,KATL,1,2026-09-30,13:22
SWA3004,KCHS,KBNA,1,2026-10-05,01:20
SWA3004,KSTL,KHOU,3,2026-10-06,04:42
SWA3008,KDCA,KMCI,1,2026-10-06,10:14
SWA3008,KMDW,KTPA,1,2026-10-05,00:37
SWA3008,KOAK,KSAN,2,2026-10-01,02:32
SWA3009,KMDW,KTUL,4,2026-10-06,15:20
SWA3009,KMDW,KSLC,1,2026-10-05,02:53
SWA3009,KTUL,KDAL,3,2026-10-05,17:43
SWA3009,KTUL,KHOU,1,2026-10-06,17:38
SWA301,KAUS,KPIT,1,2026-10-03,20:32
SWA301,KDAL,KBNA,1,2026-09-30,16:19
SWA301,KDEN,KSTL,1,2026-10-06,12:39
SWA301,KMDW,KTUL,4,2026-10-06,03:18
SWA3010,KMDW,KLGA,1,2026-09-30,14:54
SWA3010,KSAV,KMDW,4,2026-10-06,23:31
SWA3011,KBWI,KIND,1,2026-10-04,20:24
SWA3011,KMDW,KTUS,1,2026-10-06,20:17
SWA3011,KOAK,KSAN,1,2026-09-30,17:29
SWA3011,KPHX,KGEG,4,2026-10-06,04:23
SWA3012,KAUS,KMIA,1,2026-09-30,18:52
SWA3012,KMEM,KBNA,5,2026-10-05,13:36
SWA3013,KATL,KDAL,1,2026-10-04,10:49
SWA3013,KBOS,KSTL,1,2026-09-30,09:49
SWA3013,KDAL,KABQ,1,2026-10-04,13:43
SWA3013,KLGB,KMDW,3,2026-10-05,15:02
SWA3013,KSAN,KDEN,1,2026-10-04,01:18
SWA3014,KCLE,KBWI,1,2026-09-30,10:07
SWA3014,KMEM,KDAL,1,2026-10-06,18:50
SWA3015,KAUS,KLGB,3,2026-10-06,23:52
SWA3015,KPHL,KBNA,1,2026-10-05,02:04
SWA3016,KDAL,KMAF,1,2026-10-04,18:54
SWA3016,KMEM,KDEN,3,2026-10-05,20:38
SWA3016,KOAK,KSNA,1,2026-09-30,14:10
SWA3017,KMEM,KHOU,5,2026-10-06,10:54
SWA3017,KOAK,KSNA,1,2026-09-30,18:26
SWA3018,KBWI,KBOS,1,2026-10-05,04:41
SWA3018,KMCO,KIND,3,2026-10-05,10:53
SWA3019,KCMH,KTPA,1,2026-09-30,11:59
SWA3019,KDAL,KSAT,1,2026-10-04,16:18
SWA3019,KMEM,KMCO,4,2026-10-05,12:00
SWA302,KAUS,KDAL,3,2026-10-06,03:06
SWA302,KAUS,KDEN,2,2026-10-06,11:23
SWA302,KBOS,KDEN,1,2026-09-30,13:46
SWA302,KMCI,KAUS,3,2026-10-06,00:37
SWA302,KMCI,KFLL,1,2026-10-03,18:27
SWA3020,KMEM,KMDW,6,2026-10-06,10:29
SWA3020,KOAK,KSNA,2,2026-10-01,01:04
SWA3021,KMHT,KBNA,4,2026-10-04,16:56
SWA3022,KMHT,KBWI,5,2026-10-06,09:25
SWA3022,KPIT,KAUS,1,2026-09-30,13:18
SWA3022,KSAN,KLAS,1,2026-10-03,14:01
SWA3024,KDEN,KPVD,1,2026-10-05,01:55
SWA3024,KMHT,KBWI,4,2026-10-06,15:35
SWA3025,KMHT,KBWI,4,2026-10-05,18:45
SWA3025,KTPA,KMHT,1,2026-10-03,16:21
SWA3026,KMHT,KBWI,4,2026-10-05,21:43
SWA3026,KSAN,KMDW,1,2026-10-04,21:27
SWA3027,KMHT,KMCO,4,2026-10-05,10:32
SWA3028,KMHT,KMCO,6,2026-10-06,20:21
SWA3029,KJAX,KBNA,1,2026-10-05,01:09
SWA3029,KMCO,KMKE,3,2026-10-06,03:59
SWA3029,KONT,KSMF,1,2026-10-06,18:02
SWA3032,KCMH,KLAS,1,2026-10-04,21:20
SWA3032,KMDW,KMCO,1,2026-10-05,00:12
SWA3032,KOMA,KLAS,1,2026-10-06,18:30
SWA3032,KPHX,KRDU,3,2026-10-05,17:26
SWA3032,KSLC,KMDW,1,2026-10-04,20:20
SWA3033,KDCA,KATL,2,2026-10-01,23:03
SWA3033,KMIA,KBNA,5,2026-10-06,15:55
SWA3034,KJAX,KDEN,1,2026-10-04,18:15
SWA3034,KMCO,KMSY,3,2026-10-05,21:22
SWA3034,KOMA,KMCO,1,2026-10-06,12:39
SWA3035,KJAX,KBNA,1,2026-10-04,13:16
SWA3035,KMDW,KLGB,3,2026-10-05,17:24
SWA3036,KDCA,KOMA,1,2026-09-30,21:18
SWA3036,KMIA,KDEN,3,2026-10-06,21:04
SWA3036,KOMA,KDEN,2,2026-10-01,00:40
SWA3036,KOMA,KMDW,1,2026-10-06,15:37
SWA3036,KTUS,KMDW,1,2026-10-04,14:17
SWA3037,KMIA,KHOU,1,2026-10-04,09:40
SWA3037,KTPA,KPIT,1,2026-10-06,17:53
SWA3038,KGEG,KSJC,2,2026-10-01,00:14
SWA3038,KLAS,KPIT,1,2026-10-05,02:15
SWA3038,KRDU,KSTL,3,2026-10-05,10:18
SWA3039,KBNA,KDCA,1,2026-09-30,11:09
SWA3039,KDCA,KPVD,1,2026-09-30,13:33
SWA3039,KMCO,KABQ,1,2026-10-04,14:00
SWA3039,KMIA,KMDW,3,2026-10-05,10:50
SWA304,KBWI,KPHX,1,2026-09-30,12:47
SWA3040,KMCI,KMDW,1,2026-10-04,18:00
SWA3040,KMIA,KSTL,3,2026-10-06,00:17
SWA3040,KOKC,KBNA,1,2026-09-30,12:49
SWA3041,KMCO,KALB,1,2026-10-05,01:19
SWA3041,KSAN,KSBA,3,2026-10-05,21:04
SWA3041,KSBA,KDEN,3,2026-10-06,22:32
SWA3042,KMKE,KBNA,5,2026-10-05,12:47
SWA3042,KPHX,KDEN,1,2026-09-30,20:51
SWA3043,KDEN,KPHX,1,2026-09-30,22:40
SWA3043,KLAS,KALB,3,2026-10-05,18:39
SWA3043,KMCO,KBHM,1,2026-10-04,20:16
SWA3043,KPIT,KPHX,1,2026-09-30,17:48
SWA3044,KDAL,KSTL,1,2026-10-03,19:42
SWA3044,KGEG,KDEN,1,2026-10-04,13:37
SWA3044,KLAX,KSJC,3,2026-10-05,18:45
SWA3044,KMKE,KDCA,1,2026-09-30,13:14
SWA3044,KPHX,KDEN,1,2026-10-06,15:39
SWA3045,KBWI,KRDU,1,2026-10-05,02:00
SWA3045,KMKE,KBWI,4,2026-10-06,23:58
SWA3045,KMKE,KDCA,1,2026-09-30,22:22
SWA3046,KMKE,KDAL,1,2026-10-04,19:41
SWA3046,KPHX,KSEA,3,2026-10-06,06:37
SWA3047,KDEN,KEUG,2,2026-10-01,03:41
SWA3047,KDEN,KMDW,1,2026-10-05,04:19
SWA3047,KMEM,KMCO,2,2026-10-06,23:46
SWA3047,KPHX,KMEM,3,2026-10-05,20:01
SWA3047,KSAN,KLAS,1,2026-10-04,23:49
SWA3048,KBWI,KDCA,1,2026-10-03,01:40
SWA3048,KMKE,KDCA,3,2026-10-05,22:19
SWA3048,KMKE,KBWI,1,2026-10-03,22:28
SWA3048,KMKE,KMDW,1,2026-10-02,04:01
SWA3049,KMCO,KFLL,1,2026-10-05,03:47
SWA3049,KMKE,KDEN,1,2026-10-06,11:05
SWA3049,KOKC,KHOU,1,2026-09-30,17:46
SWA305,KHOU,MMUN,4,2026-10-06,16:42
SWA3050,KCLE,KBNA,1,2026-10-04,17:38
SWA3050,KMCI,KDAL,2,2026-10-05,18:24
SWA3051,KMKE,KDEN,5,2026-10-06,23:46
SWA3051,KPNS,KSTL,1,2026-09-30,23:21
SWA3052,KMCI,KSMF,3,2026-10-06,02:09
SWA3052,KMCO,KCMH,1,2026-10-04,20:03
SWA3052,KOKC,KMDW,1,2026-09-30,10:54
SWA3053,KMKE,KLAS,3,2026-10-06,01:00
SWA3053,KPSP,KLAS,1,2026-09-30,19:52
SWA3053,KSMF,KPSP,1,2026-09-30,17:33
SWA3054,KBWI,KMEM,1,2026-10-04,19:33
SWA3054,KHOU,KMEM,4,2026-10-05,16:41
SWA3054,KMEM,KMCO,1,2026-10-04,22:23
SWA3054,KOKC,KPHX,1,2026-09-30,13:00
SWA3054,KRDU,KBWI,1,2026-10-04,17:50
SWA3055,KMKE,KMCO,5,2026-10-05,10:10
SWA3055,KOKC,KPHX,2,2026-10-01,23:32
SWA3055,KPDX,KDEN,1,2026-10-06,19:05
SWA3055,KSJC,KPDX,1,2026-10-06,16:35
SWA3056,KLGA,KDAL,3,2026-10-05,18:33
SWA3056,KMSY,KLAX,2,2026-10-01,20:35
SWA3057,KMKE,KMCO,4,2026-10-06,20:06
SWA3057,KOMA,KDCA,1,2026-09-30,16:27
SWA3058,KLGA,KMDW,1,2026-09-30,21:19
SWA3058,KPDX,KLAS,1,2026-10-06,13:11
SWA3058,KPHX,KMCI,1,2026-10-05,02:50
SWA3058,KSJC,KSAN,3,2026-10-05,16:36
SWA3059,KATL,KDCA,2,2026-10-01,00:40
SWA3059,KMCO,KDAL,1,2026-10-03,18:44
SWA3059,KMIA,KAUS,3,2026-10-05,17:35
SWA3059,KPHX,KSMF,1,2026-10-06,16:01
SWA306,MMUN,KHOU,1,2026-10-01,19:40
SWA3060,KMKE,KPHX,5,2026-10-06,10:33
SWA3060,KMKE,KLAS,1,2026-10-04,18:58
SWA3061,KDAL,KSAT,1,2026-10-04,17:30
SWA3061,KOAK,KSLC,1,2026-09-30,20:52
SWA3061,KSAN,KDAL,1,2026-10-04,13:46
SWA3061,KSLC,KLAS,3,2026-10-06,04:34
SWA3062,KBWI,KMCO,1,2026-10-05,01:53
SWA3062,KDCA,KBNA,1,2026-10-06,17:32
SWA3062,KLAS,KAUS,1,2026-10-03,15:18
SWA3062,KOMA,KLAS,1,2026-09-30,11:26
SWA3062,KTPA,KAUS,2,2026-10-06,23:00
SWA3062,KTPA,KMCI,1,2026-10-02,23:11
SWA3063,KMCO,KMEM,1,2026-10-05,01:36
SWA3063,KMKE,KRSW,3,2026-10-05,20:34
SWA3063,KOMA,KLAS,1,2026-09-30,19:26
SWA3064,KBNA,KMKE,1,2026-10-04,13:35
SWA3064,KMKE,KSAN,1,2026-10-04,16:11
SWA3064,KSAN,KSMF,1,2026-10-04,20:57
SWA3065,KBNA,KDAL,2,2026-10-01,00:37
SWA3065,KMKE,KSTL,4,2026-10-05,13:22
SWA3066,KMKE,KSTL,1,2026-10-03,20:03
SWA3066,KORF,KBNA,1,2026-10-06,16:34
SWA3066,KPHX,KAUS,3,2026-10-06,01:00
SWA3066,KPHX,KONT,1,2026-10-04,18:15
SWA3067,KAUS,KPIT,2,2026-10-06,01:56
SWA3067,KGEG,KPHX,1,2026-10-05,01:34
SWA3068,KDEN,KLAX,1,2026-09-30,20:36
SWA3068,KHOU,KJAX,3,2026-10-06,02:44
SWA3068,KOAK,KPSP,1,2026-10-06,22:34
SWA3068,KPHX,KONT,1,2026-10-04,21:38
SWA3069,KMSP,KBNA,6,2026-10-06,12:28
SWA307,KHOU,MMUN,3,2026-10-06,19:22
SWA3070,KABQ,KSAN,3,2026-10-05,13:02
SWA3070,KOMA,KSTL,1,2026-09-30,13:28
SWA3070,KPDX,KSMF,1,2026-10-06,19:41
SWA3071,KIND,KAUS,3,2026-10-05,20:43
SWA3071,KORF,KMCO,1,2026-10-06,11:35
SWA3071,KPIT,KPHX,1,2026-10-04,14:00
SWA3072,KDEN,KPHX,2,2026-10-06,21:35
SWA3072,KDEN,KBWI,1,2026-09-30,15:30
SWA3072,KLAS,KBOI,3,2026-10-06,00:05
SWA3072,KLAS,KRNO,1,2026-10-05,03:01
SWA3073,KCHS,KHOU,3,2026-10-05,09:39
SWA3073,KDEN,KMDW,1,2026-10-05,22:19
SWA3073,KMDW,KFLL,1,2026-10-05,01:14
SWA3073,KSJC,KLAS,1,2026-10-06,15:13
SWA3074,KHOU,KTPA,1,2026-10-04,20:12
SWA3074,KTPA,KSAN,3,2026-10-06,21:39
SWA3075,KHOU,KMCO,3,2026-10-06,03:14
SWA3076,KMSP,KDEN,5,2026-10-06,00:33
SWA3077,KMSP,KMDW,6,2026-10-06,10:34
SWA3078,KDEN,KORF,1,2026-09-30,21:22
SWA3078,KMSP,KMDW,4,2026-10-05,16:10
SWA3079,KMKE,KLAS,3,2026-10-05,10:56
SWA3079,KMSP,KMDW,2,2026-10-06,18:29
SWA3079,KONT,KHOU,1,2026-09-30,19:44
SWA3079,KVPS,KDAL,1,2026-10-05,01:12
SWA3080,KMSP,KMDW,4,2026-10-06,21:37
SWA3080,KONT,KLAS,1,2026-09-30,12:54
SWA3080,KRDU,KSTL,1,2026-10-04,10:17
SWA3081,KBWI,KATL,3,2026-10-05,18:18
SWA3081,KRSW,KBNA,1,2026-10-05,01:20
SWA3082,KMSP,KSTL,6,2026-10-06,13:10
SWA3082,KONT,KMDW,2,2026-10-01,07:24
SWA3083,KMSP,KSTL,3,2026-10-05,23:12
SWA3084,KMSY,KATL,1,2026-10-03,19:50
SWA3084,KSAN,KFAT,1,2026-10-04,15:51
SWA3084,KSAT,KLAX,1,2026-09-30,19:22
SWA3085,KBHM,KTPA,1,2026-10-05,23:37
SWA3085,KMSY,KAUS,3,2026-10-05,11:23
SWA3085,KSAT,KTPA,1,2026-10-03,18:45
SWA3086,KBUF,KMDW,1,2026-10-03,21:06
SWA3086,KBWI,KBUF,1,2026-10-06,21:12
SWA3086,KDSM,KLAS,1,2026-09-30,17:51
SWA3086,KLAS,KSNA,3,2026-10-05,20:12
SWA3086,KLAS,KBUF,1,2026-10-04,19:27
SWA3086,KMDW,KDSM,1,2026-09-30,15:58
SWA3086,KSLC,KLAS,3,2026-10-05,17:51
SWA3086,KSNA,KOAK,3,2026-10-05,21:54
SWA3087,KMSY,KAUS,2,2026-10-05,20:53
SWA3087,KONT,KPHX,1,2026-09-30,15:49
SWA3087,KSAT,KLAS,1,2026-10-04,21:00
SWA3088,KMSY,KAUS,4,2026-10-05,22:23
SWA3088,KSJC,KGEG,1,2026-09-30,21:41
SWA3089,KBNA,KRSW,3,2026-10-05,21:23
SWA3089,KLGA,KBNA,1,2026-10-04,14:57
SWA3089,KONT,KPHX,1,2026-10-01,23:20
SWA309,KATL,KMDW,3,2026-10-06,23:01
SWA309,KATL,KIND,1,2026-10-02,23:36
SWA309,KATL,KMCO,1,2026-09-30,12:16
SWA309,KATL,KTPA,1,2026-10-06,22:51
SWA309,KHOU,KATL,1,2026-10-06,20:21
SWA309,KIND,KMDW,1,2026-10-02,02:42
SWA309,KMDW,KLGA,2,2026-10-06,01:46
SWA309,KMDW,KPHL,1,2026-10-05,02:15
SWA309,KOAK,KLGB,1,2026-10-03,14:44
SWA3090,KMSY,KBNA,5,2026-10-05,13:08
SWA3091,KBNA,KSMF,3,2026-10-06,18:27
SWA3091,KSTL,KLAX,1,2026-10-04,13:47
SWA3092,KBOI,KOAK,1,2026-10-06,19:35
SWA3092,KFLL,KSTL,3,2026-10-05,09:57
SWA3092,KLGB,KPHX,1,2026-10-04,21:00
SWA3092,KOAK,KLAS,1,2026-10-06,22:07
SWA3093,KMSP,KPHX,1,2026-10-04,14:23
SWA3093,KMSY,KBNA,3,2026-10-05,20:54
SWA3094,KONT,KSJC,2,2026-10-01,01:54
SWA3094,KSTL,KCMH,1,2026-10-04,15:18
SWA3095,KLGB,KPHX,3,2026-10-05,22:26
SWA3095,KTPA,KBWI,1,2026-10-04,12:48
SWA3096,KMKE,KTPA,3,2026-10-05,21:22
SWA3096,KMSY,KBWI,1,2026-10-03,15:15
SWA3096,KSMF,KSEA,2,2026-10-01,03:15
SWA3097,KAUS,KDEN,1,2026-10-04,19:58
SWA3097,KDEN,KSAN,1,2026-10-05,23:20
SWA3097,KMSY,KBWI,4,2026-10-06,23:51
SWA3098,KMSY,KDAL,4,2026-10-06,10:31
SWA3098,KSAT,KHOU,1,2026-10-03,13:41
SWA3099,KBWI,KBOS,1,2026-10-04,19:48
SWA3099,KDAL,KABQ,2,2026-10-05,22:42
SWA31,KDAL,KHOU,3,2026-10-06,19:24
SWA310,KAUS,KDEN,4,2026-10-06,17:26
SWA310,KAUS,KHOU,1,2026-09-30,22:48
SWA310,KAUS,KPNS,1,2026-10-03,14:54
SWA3100,KMSY,KDAL,2,2026-10-05,12:29
SWA3100,KONT,KSMF,2,2026-10-01,02:10
SWA3100,KSDF,KMCO,1,2026-10-04,22:33
SWA3100,KSTL,KTPA,1,2026-10-04,15:30
SWA3101,KLAS,KBUR,2,2026-10-05,01:25
SWA3101,KPHX,KLAS,1,2026-10-03,22:16
SWA3102,KDAL,KVPS,1,2026-09-30,14:48
SWA3102,KMSY,KDAL,1,2026-10-05,04:16
SWA3102,KVPS,KBNA,1,2026-09-30,17:24
SWA3103,KMSY,KDCA,5,2026-10-05,14:32
SWA3103,KPHL,KMCO,1,2026-10-06,11:13
SWA3104,KBWI,KSLC,1,2026-10-04,17:25
SWA3104,KMSY,KDCA,1,2026-10-06,13:52
SWA3105,KMSP,KDEN,1,2026-10-04,21:03
SWA3105,KMSY,KDEN,5,2026-10-06,11:04
SWA3106,KDAL,KAUS,1,2026-10-04,21:50
SWA3106,KMDW,KCLT,1,2026-10-03,21:29
SWA3106,KSMF,KSAN,3,2026-10-06,03:10
SWA3107,KGRR,KDEN,2,2026-10-05,20:11
SWA3107,KMDW,KSTL,1,2026-10-04,17:01
SWA3107,KOAK,KMDW,1,2026-10-04,12:15
SWA3107,KPHX,KSAN,2,2026-10-01,03:05
SWA3108,KBNA,KBDL,1,2026-10-04,19:13
SWA3108,KMSY,KDEN,2,2026-10-03,22:52
SWA3109,KDEN,KSEA,1,2026-10-04,18:23
SWA3109,KMIA,KHOU,2,2026-10-05,09:38
SWA311,KBNA,KLGA,1,2026-10-06,18:13
SWA311,KDAL,KECP,5,2026-10-05,14:12
SWA311,KECP,KBNA,4,2026-10-05,16:47
SWA3110,KFLL,KBWI,1,2026-10-04,15:29
SWA3110,KLIT,KLAS,3,2026-10-05,19:52
SWA3111,KMSY,KHOU,4,2026-10-05,13:29
SWA3111,KPHX,KDAL,1,2026-10-01,22:23
SWA3112,KDEN,KTUL,2,2026-10-01,00:52
SWA3112,KLAS,KBUR,4,2026-10-06,03:25
SWA3112,KSMF,KLAS,1,2026-10-05,01:07
SWA3113,KMSY,KHOU,1,2026-10-06,18:39
SWA3114,KMSY,KHOU,3,2026-10-06,23:50
SWA3115,KHOU,KCOS,1,2026-09-30,20:48
SWA3115,KLAX,KDEN,1,2026-10-05,04:51
SWA3115,KMCO,KBUF,3,2026-10-05,11:35
SWA3116,KBOI,KOAK,1,2026-09-30,18:04
SWA3116,KMSY,KHOU,2,2026-10-05,16:10
SWA3117,KMSY,KLAS,6,2026-10-06,11:34
SWA3118,KMSY,KLAS,4,2026-10-06,01:06
SWA3118,KSBA,KDEN,1,2026-10-03,13:48
SWA3119,KAUS,KCMH,2,2026-10-06,22:48
SWA3119,KBUF,KTPA,1,2026-09-30,20:10
SWA312,KBNA,KECP,1,2026-10-03,13:05
SWA312,KDAL,KPHX,1,2026-10-06,15:53
SWA312,KECP,KDAL,3,2026-10-06,15:00
SWA312,KECP,KIND,1,2026-10-02,23:03
SWA312,KLGB,KSMF,1,2026-10-06,20:56
SWA312,KPHX,KLGB,1,2026-10-06,19:04
SWA3120,KLAS,KAUS,1,2026-10-05,06:02
SWA3120,KLBB,KDAL,3,2026-10-05,16:09
SWA3120,KPDX,KBWI,2,2026-10-01,06:07
SWA3121,KBUR,KSTS,1,2026-09-30,18:24
SWA3121,KMSY,KBNA,1,2026-10-04,16:05
SWA3123,KMSY,KMCO,4,2026-10-05,10:19
SWA3123,KPDX,KDEN,1,2026-09-30,14:01
SWA3124,KAUS,KMSP,3,2026-10-05,18:36
SWA3124,KDEN,KSNA,3,2026-10-06,14:56
SWA3124,KPDX,KDEN,2,2026-10-01,23:13
SWA3125,KMCO,KIND,1,2026-10-04,15:09
SWA3125,KSFO,KBWI,1,2026-10-03,18:39
SWA3126,KMSY,KMCO,4,2026-10-06,22:07
SWA3126,KMSY,KBNA,1,2026-10-05,02:29
SWA3127,KLAS,KLGB,4,2026-10-05,20:47
SWA3127,KLAS,KCOS,1,2026-09-30,23:46
SWA3127,KLGB,KOAK,1,2026-10-06,22:47
SWA3128,KMSY,KMCO,3,2026-10-06,04:15
SWA3128,KOMA,KMDW,1,2026-10-04,10:30
SWA3129,KBWI,KHOU,1,2026-10-04,10:35
SWA3129,KMDW,KMHT,1,2026-10-03,21:28
SWA3129,KPDX,KLGB,1,2026-09-30,19:09
SWA313,KAUS,KDEN,4,2026-10-06,23:42
SWA313,KBNA,KMSY,1,2026-10-06,19:34
SWA313,KLAS,KLBB,1,2026-10-04,20:05
SWA313,KMCO,KHOU,1,2026-09-30,13:15
SWA313,KMSY,KHOU,1,2026-10-06,22:04
SWA313,KPHX,KLAS,1,2026-10-04,18:28
SWA3130,KLAS,KPDX,1,2026-09-30,15:16
SWA3130,KMSY,KMDW,3,2026-10-05,15:53
SWA3130,KPDX,KMDW,1,2026-09-30,18:24
SWA3131,KMSY,KMDW,3,2026-10-06,23:40
SWA3131,KPDX,KMDW,2,2026-10-01,06:34
SWA3133,KAUS,KSLC,3,2026-10-06,02:25
SWA3133,KMSY,KPHX,1,2026-10-04,11:50
SWA3135,KMSY,KPHX,3,2026-10-06,01:39
SWA3135,KPHX,KSLC,1,2026-10-04,22:23
SWA3136,KBWI,KPVD,1,2026-10-05,02:43
SWA3136,KFLL,KBWI,3,2026-10-05,10:09
SWA3136,KPDX,KPHX,2,2026-10-01,02:14
SWA3137,KMSY,KSAT,2,2026-10-06,20:03
SWA3137,KOAK,KSAN,3,2026-10-06,23:39
SWA3137,KPDX,KSAN,1,2026-09-30,15:01
SWA3138,KMSY,KSTL,5,2026-10-06,12:44
SWA3138,KMSY,KMCI,1,2026-10-04,10:35
SWA3139,KLAS,KRNO,1,2026-10-05,07:51
SWA314,KAUS,KDEN,1,2026-10-05,23:41
SWA314,KDEN,KSNA,1,2026-10-06,18:42
SWA314,KIND,KDEN,1,2026-10-06,15:08
SWA314,KMCI,KDEN,1,2026-10-03,12:33
SWA314,KMCO,KSTL,2,2026-10-02,10:17
SWA314,KMDW,KSDF,1,2026-09-30,14:25
SWA314,KSDF,KDEN,1,2026-09-30,16:19
SWA314,KSNA,KLAS,1,2026-10-06,21:49
SWA3140,KDEN,KSTL,3,2026-10-05,13:14
SWA3140,KPDX,KSMF,1,2026-09-30,13:38
SWA3140,KSTL,KBWI,1,2026-10-04,18:33
SWA3141,KMSY,KTPA,6,2026-10-06,10:45
SWA3142,KMSY,KTPA,3,2026-10-05,17:31
SWA3142,KPDX,KSMF,1,2026-09-30,01:22
SWA3142,KPHX,KAUS,1,2026-10-05,04:56
SWA3143,KAUS,KMSY,1,2026-10-05,00:11
SWA3143,KDCA,KMCI,1,2026-09-30,11:08
SWA3143,KMSY,KTPA,3,2026-10-06,03:07
SWA3144,KECP,KSTL,1,2026-09-30,21:12
SWA3144,KMSY,KHOU,1,2026-10-04,18:17
SWA3145,KOAK,KSAN,3,2026-10-05,22:11
SWA3146,KHOU,KBNA,1,2026-10-04,18:00
SWA3146,KMCO,KBNA,3,2026-10-06,03:27
SWA3146,KMKE,KLAS,1,2026-10-04,22:12
SWA3147,KMSY,KMCO,3,2026-10-05,16:04
SWA3147,KPHL,KDEN,1,2026-09-30,10:07
SWA3147,KPHX,KMCO,1,2026-10-05,20:43
SWA3147,KSAN,KHOU,1,2026-10-03,16:18
SWA3147,KSJC,KSAN,1,2026-10-03,13:39
SWA3148,KDJT,KBWI,1,2026-10-04,10:32
SWA3148,KEUG,KSJC,1,2026-09-30,21:56
SWA3148,KMDW,KPHX,1,2026-10-06,14:35
SWA3148,KMYR,KMDW,1,2026-10-02,10:48
SWA3148,KSJC,KSAN,1,2026-09-30,00:10
SWA3149,KOAK,KABQ,3,2026-10-04,06:16
SWA315,KLAS,KDEN,1,2026-09-30,16:03
SWA3150,KAUS,KMCO,1,2026-10-03,11:01
SWA3150,KBWI,KBHM,3,2026-10-05,22:02
SWA3150,KDEN,KPHL,1,2026-10-06,18:11
SWA3150,KPHL,KMDW,1,2026-09-30,12:05
SWA3150,KPHX,KMCI,1,2026-10-04,12:32
SWA3151,KMCI,KIND,1,2026-09-30,22:39
SWA3151,KSAN,KMCI,1,2026-09-30,19:06
SWA3151,KSMF,KSAN,3,2026-10-05,20:47
SWA3151,KSNA,KSJC,1,2026-10-05,04:38
SWA3152,KOAK,KBUR,6,2026-10-06,13:48
SWA3153,KIND,KAUS,1,2026-09-30,10:12
SWA3153,KOAK,KBUR,5,2026-10-05,16:19
SWA3154,KDCA,KMKE,1,2026-09-30,11:57
SWA3154,KOAK,KBUR,5,2026-10-06,18:22
SWA3155,KMSY,KTPA,1,2026-10-05,03:27
SWA3155,KPDX,KSAN,3,2026-10-06,23:59
SWA3156,KFLL,KDCA,1,2026-09-30,15:01
SWA3156,KOAK,KBUR,4,2026-10-06,23:11
SWA3157,KMEM,KBNA,1,2026-09-30,13:18
SWA3157,KOAK,KBUR,5,2026-10-06,00:39
SWA3158,KOAK,KBUR,4,2026-10-06,01:39
SWA3158,KOAK,KAUS,1,2026-10-04,12:41
SWA3159,KMSY,KMCO,1,2026-10-05,00:26
SWA3159,KRSW,KBNA,3,2026-10-05,19:10
SWA3160,KMCO,KFLL,1,2026-09-30,23:35
SWA3160,KOAK,KDEN,6,2026-10-06,13:24
SWA3161,KOAK,KDEN,3,2026-10-05,15:27
SWA3161,KONT,KOAK,3,2026-10-05,13:18
SWA3162,KFLL,KTPA,1,2026-09-30,16:01
SWA3162,KLAS,KPHX,1,2026-10-06,23:06
SWA3162,KPHX,KBHM,1,2026-10-04,18:21
SWA3162,KSAN,KSJC,3,2026-10-05,22:43
SWA3163,KLAX,KOAK,1,2026-10-05,23:56
SWA3163,KOAK,KDEN,3,2026-10-06,21:52
SWA3164,KOAK,KDEN,1,2026-10-05,04:29
SWA3164,KPHX,KAUS,2,2026-10-01,01:26
SWA3164,KSNA,KOAK,1,2026-10-05,02:33
SWA3165,KPHX,KBNA,1,2026-09-30,13:51
SWA3165,KRNO,KBUR,1,2026-10-05,01:00
SWA3165,KSJC,KHOU,3,2026-10-05,13:31
SWA3166,KPHX,KBNA,1,2026-09-30,16:40
SWA3167,KOAK,KBUR,1,2026-10-05,03:53
SWA3167,KPHX,KBNA,1,2026-09-30,18:06
SWA3167,KSRQ,KBWI,3,2026-10-05,17:06
SWA3168,KLAS,KSAN,3,2026-10-05,19:19
SWA3168,KOAK,KLAS,3,2026-10-05,16:06
SWA3168,KRDU,KDAL,1,2026-10-04,18:01
SWA3169,KHOU,KJAN,1,2026-10-06,16:18
SWA3169,KJAN,KBNA,1,2026-10-06,18:07
SWA3169,KLAX,KSFO,1,2026-09-30,15:30
SWA3169,KSFO,KSAN,1,2026-10-04,15:22
SWA3169,KTPA,KDAL,3,2026-10-05,20:03
SWA317,KHOU,MMUN,2,2026-10-06,15:07
SWA3170,KOAK,KLAS,4,2026-10-06,04:54
SWA3170,KPHX,KBOI,1,2026-09-30,18:10
SWA3171,KOAK,KLAS,1,2026-10-04,02:34
SWA3171,KPHX,KMKE,1,2026-10-04,14:03
SWA3172,KLAS,PHNL,5,2026-10-06,15:42
SWA3172,KPHX,KBUR,1,2026-09-30,14:20
SWA3173,KMCO,KMSY,1,2026-10-01,23:04
SWA3173,KPHX,KLAS,1,2026-10-06,16:57
SWA3173,KSEA,KOAK,1,2026-10-03,20:24
SWA3173,KSTL,KAUS,3,2026-10-05,18:56
SWA3174,KBUR,KAUS,2,2026-10-05,16:20
SWA3174,KBUR,KMAF,1,2026-10-01,15:34
SWA3174,KMAF,KAUS,1,2026-10-01,21:13
SWA3174,KPDX,KLAS,1,2026-10-05,06:11
SWA3174,KPHX,KBUR,1,2026-09-30,19:07
SWA3175,KBNA,KMSP,1,2026-10-04,02:28
SWA3175,KMSY,KDAL,1,2026-09-30,19:33
SWA3175,KOAK,KLGB,3,2026-10-05,14:17
SWA3176,KBZN,KLAS,3,2026-10-06,01:04
SWA3176,KOAK,KLGB,2,2026-10-06,19:37
SWA3177,KAUS,KSFO,1,2026-10-04,17:17
SWA3177,KPHX,KBUR,2,2026-10-01,02:44
SWA3178,KLAX,KSFO,1,2026-09-30,22:57
SWA3178,KOAK,KSNA,1,2026-10-05,02:19
SWA3179,KHOU,KLAX,3,2026-10-05,10:41
SWA3179,KPHX,KBWI,2,2026-10-01,06:21
SWA3179,KPVD,KBWI,1,2026-10-04,12:55
SWA318,KMCO,MMUN,3,2026-10-06,15:36
SWA3180,KOAK,KMDW,5,2026-10-06,07:04
SWA3181,KLAS,KDEN,1,2026-09-30,21:08
SWA3182,KBWI,KMSP,1,2026-10-04,22:12
SWA3182,KSAN,KOAK,1,2026-10-04,17:27
SWA3183,KABQ,KDAL,1,2026-10-05,03:00
SWA3183,KOAK,KGEG,3,2026-10-06,23:09
SWA3184,KABQ,KLAX,3,2026-10-05,12:21
SWA3184,KOAK,KLAX,1,2026-10-04,22:54
SWA3184,KSAN,KOAK,1,2026-09-30,16:36
SWA3185,KOAK,KONT,1,2026-10-05,05:13
SWA3185,KONT,KOAK,2,2026-10-01,01:15
SWA3185,KPHX,KONT,2,2026-10-01,23:31
SWA3185,KPHX,KMCO,1,2026-10-06,14:45
SWA3186,KAUS,KSLC,3,2026-10-05,13:35
SWA3186,KBUR,KLAS,1,2026-10-03,22:49
SWA3186,KMKE,KTPA,1,2026-09-30,15:58
SWA3187,KPIT,KMCO,1,2026-09-30,15:53
SWA3187,KSTL,KHOU,1,2026-10-05,23:25
SWA3188,KCOS,KDEN,1,2026-10-04,18:53
SWA3188,KOAK,KPHX,6,2026-10-06,12:20
SWA3188,KPHX,KCOS,1,2026-10-04,16:23
SWA3188,KSAT,KHOU,1,2026-09-30,13:17
SWA3189,KOAK,KPHX,3,2026-10-05,15:28
SWA3189,KPDX,KOAK,3,2026-10-05,13:06
SWA3189,KPHX,KDEN,1,2026-09-30,13:34
SWA3189,KSTL,KLGA,1,2026-10-04,15:42
SWA319,KAUS,KDEN,2,2026-10-06,03:25
SWA319,KBWI,KCLT,1,2026-09-30,23:05
SWA319,KBWI,KHOU,1,2026-10-03,15:58
SWA319,KCMH,KBNA,1,2026-10-05,01:18
SWA319,KMCO,KCMH,1,2026-10-05,22:44
SWA3190,KOAK,KPHX,4,2026-10-06,18:04
SWA3190,KPHX,KDEN,1,2026-09-30,15:02
SWA3190,KPHX,KHOU,1,2026-10-05,23:41
SWA3190,TJSJ,KTPA,1,2026-10-03,17:29
SWA3191,KOAK,KPHX,4,2026-10-06,23:33
SWA3192,KOAK,KPHX,4,2026-10-06,01:34
SWA3192,KPHX,KDEN,2,2026-10-01,23:43
SWA3193,KDEN,KMSP,1,2026-10-04,11:47
SWA3193,KDTW,KSTL,3,2026-10-05,11:25
SWA3194,KOAK,KSAN,5,2026-10-05,13:35
SWA3194,KPHX,KDEN,1,2026-09-30,16:13
SWA3194,KSAN,KTUS,3,2026-10-05,16:17
SWA3194,KTUS,KDAL,3,2026-10-05,18:40
SWA3195,KATL,KMDW,1,2026-10-04,19:43
SWA3195,KPDX,KOAK,3,2026-10-05,20:58
SWA3195,KSJC,KSEA,1,2026-09-30,20:35
SWA3196,KBWI,KBNA,1,2026-10-03,14:55
SWA3196,KMCI,KBNA,3,2026-10-05,21:06
SWA3196,KTPA,KDCA,1,2026-09-30,19:19
SWA3197,KAUS,KATL,1,2026-09-30,14:42
SWA3197,KOAK,KSAN,1,2026-10-03,20:05
SWA3198,KIND,KPHX,3,2026-10-05,20:25
SWA3199,KABQ,KLAS,1,2026-10-05,03:35
SWA3199,KLGA,KBNA,3,2026-10-05,13:51
SWA32,KDAL,KMEM,1,2026-10-06,21:02
SWA32,KHOU,KDAL,2,2026-10-06,23:04
SWA320,KABQ,KDEN,1,2026-09-30,22:16
SWA320,KAUS,KSEA,1,2026-10-03,16:30
SWA320,KBWI,KMDW,1,2026-10-06,14:40
SWA320,KHOU,KMAF,3,2026-10-05,13:38
SWA320,KMDW,KBUF,1,2026-10-05,00:31
SWA320,KMDW,KDAL,1,2026-10-06,17:26
SWA320,KSAV,KBWI,1,2026-10-06,12:01
SWA3200,KOAK,KSAN,5,2026-10-06,03:26
SWA3200,KPHX,PHNL,1,2026-09-30,16:50
SWA3200,KSAN,KPHX,1,2026-10-05,05:40
SWA3201,KAUS,KSMF,1,2026-10-05,01:58
SWA3201,KMCI,KBWI,1,2026-10-03,11:07
SWA3201,KOAK,KSAN,3,2026-10-06,04:00
SWA3201,KTPA,KCMH,1,2026-09-30,12:05
SWA3202,KOAK,KSEA,3,2026-10-06,12:40
SWA3202,KSLC,KLAX,1,2026-10-03,17:02
SWA3202,KSTL,KMSP,2,2026-10-01,02:19
SWA3203,KOAK,KSEA,1,2026-10-04,19:35
SWA3203,KPHX,KOAK,1,2026-10-04,17:03
SWA3203,KSEA,KDAL,1,2026-10-05,22:43
SWA3203,KSLC,KLGB,1,2026-10-04,23:51
SWA3203,KTPA,KDAL,1,2026-10-01,21:44
SWA3204,KLGA,KOMA,2,2026-10-01,22:18
SWA3204,KOAK,KSNA,4,2026-10-05,14:23
SWA3205,KBUR,KMDW,1,2026-10-04,18:03
SWA3205,KLAX,KTUS,2,2026-10-01,00:41
SWA3205,KOAK,KSNA,3,2026-10-05,15:36
SWA3205,TJSJ,KFLL,1,2026-10-03,18:29
SWA3206,KCLT,KBNA,1,2026-10-04,17:51
SWA3206,KOAK,KSNA,3,2026-10-05,17:55
SWA3206,KSNA,KPHX,3,2026-10-05,19:57
SWA3207,KDEN,KHDN,1,2026-10-06,01:04
SWA3207,KOAK,KSNA,5,2026-10-06,19:37
SWA3207,KPHX,KLAS,1,2026-09-30,12:50
SWA3207,KSNA,KDEN,3,2026-10-05,21:38
SWA3207,KSNA,KLAS,1,2026-10-06,18:31
SWA3208,KLGB,KSJC,3,2026-10-05,15:27
SWA3208,KPHX,KBOI,1,2026-10-05,06:47
SWA3208,KSLC,KSMF,1,2026-10-03,14:10
SWA3208,KSMF,KSNA,1,2026-10-03,16:25
SWA3209,KOAK,KSNA,4,2026-10-06,00:41
SWA3209,KPHX,KLAS,1,2026-09-30,20:59
SWA3209,KSNA,KPHX,3,2026-10-06,01:38
SWA321,KAUS,KMSY,3,2026-10-05,11:04
SWA321,KDAL,KMAF,2,2026-10-01,03:12
SWA321,KMKE,KSTL,1,2026-10-06,13:25
SWA321,KSAN,KOAK,1,2026-10-03,13:37
SWA3210,KLGB,KPDX,1,2026-09-30,21:03
SWA3210,KOAK,KSNA,1,2026-10-04,20:21
SWA3210,KSMF,KBNA,1,2026-10-03,19:51
SWA3210,KSTL,KCLE,3,2026-10-06,03:41
SWA3211,KOAK,KSNA,4,2026-10-06,04:10
SWA3211,KPHX,KLAX,1,2026-09-30,14:37
SWA3211,TJSJ,KMCO,1,2026-10-03,20:21
SWA3212,KBWI,KRDU,1,2026-10-04,20:57
SWA3213,KPHX,KLGB,1,2026-09-30,19:13
SWA3214,KPHX,KLGB,2,2026-10-01,23:22
SWA3215,KMSY,KLGA,1,2026-09-30,13:59
SWA3216,KAUS,KDAL,1,2026-09-30,11:39
SWA3217,KPHX,KMCI,2,2026-10-01,01:37
SWA3218,KPHX,KMCO,1,2026-09-30,18:09
SWA3219,KPHX,KMCO,2,2026-10-01,06:20
SWA322,KAUS,KIND,1,2026-10-06,18:28
SWA322,KAUS,KLAS,1,2026-09-30,11:09
SWA322,KBNA,KDCA,4,2026-10-05,17:37
SWA322,KBWI,KLAS,1,2026-10-04,17:35
SWA322,KIND,KATL,1,2026-10-06,21:17
SWA322,KISP,KBWI,1,2026-10-04,15:12
SWA322,KMCO,KISP,1,2026-10-04,11:54
SWA3220,KMDW,KCLE,3,2026-10-05,20:08
SWA3221,KBWI,KMCO,1,2026-09-30,21:13
SWA3222,KLGB,KRNO,2,2026-10-01,00:18
SWA3222,KMDW,KSMF,6,2026-10-06,15:21
SWA3223,KBNA,KMCI,2,2026-10-01,02:18
SWA3223,KMCO,KBDL,3,2026-10-05,11:47
SWA3223,KPHX,KONT,1,2026-10-05,06:15
SWA3224,KPHX,KMDW,1,2026-09-30,07:37
SWA3225,KOKC,KAUS,3,2026-10-05,19:00
SWA3226,KOKC,KBNA,6,2026-10-06,12:47
SWA3227,KOKC,KBNA,2,2026-10-05,22:40
SWA3228,KPHX,KDSM,3,2026-10-05,20:59
SWA3228,KPHX,KOAK,1,2026-09-30,16:18
SWA3228,KSAN,KSFO,1,2026-10-05,05:06
SWA3229,KBNA,KBWI,1,2026-10-04,12:04
SWA3229,KDEN,KDAL,1,2026-10-06,20:11
SWA3229,KMKE,KAUS,3,2026-10-05,14:02
SWA3229,KSDF,KLAS,1,2026-09-30,12:31
SWA323,KAUS,KLAS,1,2026-09-30,13:43
SWA323,KAUS,KSLC,1,2026-10-05,02:42
SWA323,KDAL,KSAN,3,2026-10-06,00:43
SWA323,KSMF,KSEA,1,2026-10-04,01:49
SWA3230,KOKC,KDEN,5,2026-10-06,11:30
SWA3230,KPHX,KOAK,2,2026-10-01,05:13
SWA3230,KSMF,KLAS,1,2026-10-03,17:38
SWA3231,KLAS,KDAL,4,2026-10-06,17:34
SWA3231,KMCI,KLGA,1,2026-09-30,17:19
SWA3231,KOAK,KLAS,1,2026-10-04,18:17
SWA3232,KDAL,KMSY,1,2026-10-05,02:06
SWA3232,KOKC,KDEN,3,2026-10-06,01:04
SWA3232,KOKC,KMDW,1,2026-09-30,20:30
SWA3232,KPHX,KOKC,1,2026-09-30,18:07
SWA3233,KBNA,KMKE,1,2026-10-01,00:34
SWA3233,KDEN,KLGA,1,2026-10-04,13:14
SWA3233,KOKC,KHOU,5,2026-10-06,13:00
SWA3234,KDEN,KLAS,1,2026-10-06,19:47
SWA3234,KICT,KMDW,1,2026-10-03,18:43
SWA3234,KMKE,KSAN,3,2026-10-05,16:25
SWA3234,KPHX,KOMA,1,2026-09-30,18:34
SWA3235,KBNA,KMSY,2,2026-10-01,04:03
SWA3235,KBZN,KDEN,3,2026-10-05,13:24
SWA3235,KOKC,KHOU,3,2026-10-06,21:43
SWA3236,KDCA,KOMA,1,2026-10-04,21:00
SWA3236,KOMA,KSAN,1,2026-10-05,00:52
SWA3236,KPHX,KONT,1,2026-09-30,16:19
SWA3236,KSFO,KSAN,3,2026-10-05,16:42
SWA3236,KSMF,KLAX,1,2026-10-03,21:16
SWA3237,KBUR,KSJC,3,2026-10-05,19:07
SWA3237,KSJC,KSAN,1,2026-10-04,21:00
SWA3238,KMDW,KMKE,4,2026-10-06,03:09
SWA3238,KPIT,KFLL,1,2026-10-06,21:04
SWA3239,KBNA,KPWM,1,2026-09-30,16:07
SWA3239,KLAS,KCLE,1,2026-10-03,17:11
SWA3239,KOAK,KONT,1,2026-10-05,00:35
SWA3239,KONT,KLAS,1,2026-10-05,02:19
SWA3239,KSTL,KDTW,3,2026-10-06,02:06
SWA324,KAUS,KLAS,1,2026-09-30,18:03
SWA324,KBOS,KBWI,4,2026-10-05,17:31
SWA324,KDAL,KBOS,5,2026-10-05,13:05
SWA3240,KOKC,KMDW,5,2026-10-06,20:24
SWA3241,KMCO,KPVD,3,2026-10-05,11:54
SWA3241,KOKC,KPHX,2,2026-10-06,11:55
SWA3242,KOKC,KPHX,4,2026-10-05,17:44
SWA3242,KONT,KSJC,1,2026-10-03,19:37
SWA3243,KOKC,KPHX,4,2026-10-06,02:49
SWA3244,KBWI,KMHT,2,2026-10-01,00:46
SWA3244,KOMA,KBNA,2,2026-10-02,21:34
SWA3244,KOMA,KMDW,1,2026-10-04,22:37
SWA3244,KPHX,KOMA,1,2026-10-04,19:20
SWA3245,KDEN,KSEA,1,2026-10-05,00:23
SWA3245,KOMA,KDCA,4,2026-10-06,18:15
SWA3245,KPHX,KOMA,3,2026-10-05,14:57
SWA3246,KOMA,KDEN,5,2026-10-06,12:24
SWA3246,KPHX,KRNO,2,2026-10-01,03:46
SWA3247,KCOS,KLAS,1,2026-10-04,21:04
SWA3247,KDEN,KCOS,1,2026-10-04,19:39
SWA3247,KLAS,KRNO,1,2026-10-05,23:41
SWA3247,KMDW,KOMA,1,2026-10-04,14:56
SWA3247,KOMA,KDEN,2,2026-10-04,18:11
SWA3247,KPHX,KSAN,1,2026-09-30,14:40
SWA3247,KTUS,KPHX,2,2026-10-05,14:54
SWA3248,KFLL,KSTL,1,2026-10-04,09:59
SWA3248,KPHX,KSNA,1,2026-10-06,14:22
SWA3248,KSTL,KHOU,3,2026-10-05,20:18
SWA3249,KBNA,KFLL,3,2026-10-05,21:42
SWA3249,KHOU,KLGB,1,2026-10-05,23:31
SWA3249,KPIT,KRSW,1,2026-10-06,17:52
SWA3250,KBNA,KOMA,3,2026-10-05,17:39
SWA3250,KOMA,KLAS,4,2026-10-05,20:27
SWA3251,KOMA,KMCO,1,2026-10-03,11:49
SWA3251,KPHX,KSAN,2,2026-10-01,23:37
SWA3252,KHOU,KRDU,1,2026-10-04,19:31
SWA3252,KSMF,KLAS,1,2026-10-03,22:43
SWA3253,KOMA,KMDW,3,2026-10-05,15:48
SWA3253,KPIT,KTPA,1,2026-10-06,16:52
SWA3253,KSTL,KPHL,1,2026-10-04,15:21
SWA3254,KPHX,KSTL,2,2026-10-06,14:39
SWA3255,KOMA,KPHX,4,2026-10-05,11:22
SWA3256,KBHM,KTPA,1,2026-09-30,16:55
SWA3256,KDAL,KBHM,1,2026-09-30,14:30
SWA3256,KLAS,KPHX,1,2026-10-05,00:55
SWA3256,KMCO,KOMA,1,2026-10-03,16:22
SWA3256,KOMA,KPHX,3,2026-10-06,23:24
SWA3256,KPHX,KPDX,1,2026-10-05,02:52
SWA3257,KOMA,KPHX,1,2026-10-05,02:19
SWA3257,KSFO,KSTL,3,2026-10-05,21:42
SWA3258,KOMA,KSTL,3,2026-10-06,13:16
SWA3258,KPHX,KSEA,2,2026-10-01,22:24
SWA3259,KDCA,KPVD,1,2026-09-30,21:29
SWA3259,KONT,KAUS,3,2026-10-05,19:16
SWA3260,KBWI,KPVD,3,2026-10-05,15:48
SWA3260,KDCA,KAUS,1,2026-10-05,22:00
SWA3260,KPHX,KSFO,1,2026-09-30,18:22
SWA3261,KIND,KMCO,1,2026-10-05,01:49
SWA3261,KSTL,KMCI,1,2026-09-30,13:23
SWA3262,KIND,KRSW,1,2026-09-30,19:33
SWA3262,KOKC,KMCO,3,2026-10-06,21:50
SWA3263,KDEN,KBZN,1,2026-10-03,19:30
SWA3263,KLAS,KONT,1,2026-10-04,18:26
SWA3263,KONT,KDEN,4,2026-10-06,16:00
SWA3264,KOKC,KMCO,1,2026-10-05,22:06
SWA3264,KONT,KDEN,2,2026-10-06,22:28
SWA3264,KPHX,KSJC,2,2026-10-01,23:08
SWA3265,KHOU,KJAN,2,2026-10-01,00:21
SWA3265,KMCO,KMKE,2,2026-10-05,20:39
SWA3265,KSMF,KMDW,1,2026-10-04,07:45
SWA3266,KLAS,KOMA,1,2026-10-05,04:18
SWA3266,KMDW,KPHL,3,2026-10-05,17:19
SWA3266,KPVD,KBWI,1,2026-10-06,16:52
SWA3267,KONT,KLAS,3,2026-10-06,13:03
SWA3267,KPHX,KSEA,2,2026-10-01,03:03
SWA3268,KLAS,KABQ,1,2026-10-05,01:05
SWA3268,KLGA,KBNA,2,2026-10-01,03:51
SWA3268,KONT,KLAS,2,2026-10-05,21:28
SWA3269,KLAS,KSAN,1,2026-10-06,13:46
SWA3269,KMCO,KRDU,1,2026-10-03,20:54
SWA3269,KMDW,KOKC,1,2026-10-05,03:50
SWA327,KSAT,KMDW,1,2026-09-30,20:08
SWA3270,KIND,KBNA,1,2026-09-30,21:41
SWA3270,KMCO,KIND,1,2026-09-30,18:42
SWA3270,KONT,KMDW,5,2026-10-06,07:07
SWA3271,KOAK,KHOU,1,2026-10-04,15:24
SWA3271,KSAN,KMKE,3,2026-10-06,21:54
SWA3272,KONT,KOAK,3,2026-10-05,17:38
SWA3272,KPHX,KSMF,1,2026-09-30,16:24
SWA3272,KSMF,KPHX,1,2026-10-03,15:40
SWA3273,KDAL,KMKE,2,2026-10-06,01:08
SWA3273,KLAX,KDAL,1,2026-10-04,12:15
SWA3274,KMDW,KATL,1,2026-10-05,22:46
SWA3274,KONT,KPHX,4,2026-10-05,12:28
SWA3274,KSJC,KLAS,1,2026-10-06,13:02
SWA3275,KONT,KPHX,2,2026-10-05,18:10
SWA3276,KONT,KPHX,4,2026-10-06,20:27
SWA3276,KONT,KHOU,1,2026-10-05,21:58
SWA3277,KMIA,KSTL,1,2026-10-05,00:30
SWA3277,KONT,KPHX,4,2026-10-06,23:51
SWA3277,KPHX,KDEN,3,2026-10-06,01:45
SWA3278,KBNA,KDAL,3,2026-10-06,18:33
SWA3278,KONT,KLAS,1,2026-10-04,20:50
SWA3278,KSMF,PHNL,1,2026-09-30,16:09
SWA3279,KMSY,KSAN,3,2026-10-05,15:13
SWA3279,KSAN,PHNL,1,2026-09-30,17:09
SWA3279,KSAT,KDAL,1,2026-10-04,10:46
SWA328,MMUN,KHOU,1,2026-10-01,16:02
SWA3280,KONT,KSJC,3,2026-10-05,18:08
SWA3280,KPHX,KSTL,1,2026-09-30,13:10
SWA3281,KMCO,KPIT,1,2026-10-04,20:02
SWA3281,KONT,KSJC,3,2026-10-06,23:16
SWA3281,KPHX,KLAS,1,2026-10-03,16:17
SWA3281,KPHX,KSTL,1,2026-09-30,15:45
SWA3282,KDEN,KONT,1,2026-10-04,22:25
SWA3282,KONT,KSJC,5,2026-10-06,03:51
SWA3282,KPHX,KSTL,1,2026-09-30,21:31
SWA3282,KSAT,KDEN,1,2026-10-03,19:20
SWA3283,KMSY,KDAL,1,2026-10-04,17:19
SWA3283,KONT,KSMF,5,2026-10-06,13:34
SWA3284,KMDW,KBDL,1,2026-10-03,21:39
SWA3284,KPDX,KSAN,3,2026-10-05,15:57
SWA3284,KPHX,KTPA,1,2026-09-30,00:48
SWA3285,KMSY,KMCO,1,2026-10-04,12:12
SWA3285,KPHX,KTUL,1,2026-09-30,18:11
SWA3285,KSEA,KSAN,2,2026-10-06,01:25
SWA3285,KSEA,KAUS,1,2026-10-03,03:34
SWA3285,KTUL,KMDW,1,2026-09-30,21:02
SWA3286,KDEN,KMCO,1,2026-09-30,17:48
SWA3286,KSAN,KDEN,3,2026-10-06,01:41
SWA3286,KSAT,KDAL,1,2026-10-04,18:35
SWA3287,KAUS,KHOU,1,2026-10-02,02:31
SWA3287,KMDW,KMHT,1,2026-10-03,13:51
SWA3287,KTPA,KBHM,1,2026-10-06,20:43
SWA3288,KONT,KDEN,1,2026-10-05,22:14
SWA3288,KSFO,KAUS,2,2026-10-05,18:42
SWA3289,KONT,KSMF,4,2026-10-06,03:55
SWA3289,KPIT,KBNA,1,2026-09-30,10:35
SWA329,KAUS,KFLL,3,2026-10-05,21:36
SWA329,KAUS,KLAS,1,2026-09-30,21:01
SWA329,KBNA,KBWI,1,2026-10-06,13:47
SWA329,KMCO,KATL,1,2026-10-05,01:18
SWA329,KTPA,KMDW,1,2026-10-03,20:45
SWA3290,KAUS,KBNA,3,2026-10-06,05:06
SWA3290,KPDX,KSAN,1,2026-10-05,23:45
SWA3290,KSNA,KDEN,1,2026-10-03,14:09
SWA3291,KONT,KDEN,3,2026-10-05,20:01
SWA3291,KONT,KDAL,1,2026-10-04,19:19
SWA3291,KPIT,KBNA,2,2026-10-01,00:17
SWA3292,KBNA,KDEN,4,2026-10-05,18:16
SWA3292,KMDW,KBWI,1,2026-09-30,14:43
SWA3292,KPNS,KSTL,1,2026-10-06,17:48
SWA3293,KONT,KPHX,1,2026-10-04,20:12
SWA3294,KBNA,KBOS,3,2026-10-06,00:46
SWA3294,KPHX,KABQ,1,2026-10-05,01:06
SWA3295,KBNA,KRSW,1,2026-10-06,20:34
SWA3295,KBUR,KSJC,3,2026-10-06,00:57
SWA3295,KLAS,KLAX,1,2026-10-05,04:17
SWA3295,KLAX,KSMF,1,2026-10-05,06:00
SWA3295,KMDW,KPDX,1,2026-10-04,00:25
SWA3296,KPHX,KIND,1,2026-10-05,02:05
SWA3296,KSNA,KOAK,1,2026-10-03,18:26
SWA3297,KDEN,KSFO,1,2026-10-05,04:17
SWA3297,KMDW,KRDU,1,2026-10-03,21:42
SWA3297,KPIT,KDEN,2,2026-10-01,01:17
SWA3297,KTPA,KBWI,3,2026-10-05,13:13
SWA3298,KDAL,KTUS,3,2026-10-05,16:19
SWA3299,KBOI,KSAN,3,2026-10-06,23:58
SWA3299,KPHX,KLGB,1,2026-10-04,17:08
SWA33,KDAL,KHOU,3,2026-10-05,20:11
SWA330,KBUF,KDEN,1,2026-10-06,20:08
SWA330,KBWI,KMYR,2,2026-10-06,01:05
SWA330,KBWI,KBUF,1,2026-10-06,18:06
SWA3300,KONT,KOAK,3,2026-10-06,04:08
SWA3300,KPDX,KPHX,1,2026-10-04,18:18
SWA3300,KRIC,KMDW,1,2026-10-06,12:29
SWA3300,KSTL,KATL,1,2026-10-04,23:02
SWA3301,KORF,KBWI,5,2026-10-06,14:03
SWA3302,KBWI,KMCO,1,2026-09-30,15:00
SWA3302,KORF,KBWI,4,2026-10-05,16:42
SWA3303,KORF,KBWI,4,2026-10-05,18:24
SWA3303,KPIT,KMCO,1,2026-09-30,20:17
SWA3304,KDAL,KPDX,1,2026-09-30,14:37
SWA3304,KPVD,KMCO,1,2026-10-06,15:31
SWA3305,KONT,KSMF,1,2026-10-04,13:24
SWA3305,KORF,KMCO,3,2026-10-05,09:57
SWA3306,KDAL,KABQ,3,2026-10-05,20:31
SWA3306,KDJT,KBNA,2,2026-10-04,19:03
SWA3307,KDJT,KBWI,5,2026-10-06,10:48
SWA3307,KOMA,KMDW,1,2026-09-30,15:55
SWA3307,KSAN,KSJC,1,2026-10-04,20:50
SWA3308,KDEN,KPHX,1,2026-10-05,06:07
SWA3308,KPIT,KMDW,2,2026-10-01,23:30
SWA3309,KBWI,KIND,1,2026-10-05,22:58
SWA3309,KDJT,KBWI,4,2026-10-06,22:47
SWA3309,KPWM,KBNA,1,2026-10-06,15:50
SWA331,KABQ,KLAS,1,2026-09-30,22:36
SWA331,KBNA,KTUL,1,2026-10-04,13:28
SWA331,KHOU,KAUS,1,2026-10-02,23:29
SWA331,KSMF,KSAN,1,2026-10-06,22:45
SWA331,KTPA,KMSY,1,2026-10-03,10:54
SWA331,KTUL,KAUS,3,2026-10-05,16:10
SWA331,KTUL,KHOU,1,2026-10-01,16:31
SWA3310,KDJT,KMCO,6,2026-10-06,11:21
SWA3311,KPDX,KDAL,3,2026-10-06,22:59
SWA3311,KPDX,KSAT,1,2026-10-02,23:20
SWA3312,KPDX,KDEN,2,2026-10-06,13:54
SWA3312,KPHX,KLGB,1,2026-10-04,22:11
SWA3312,KPIT,KSTL,2,2026-10-01,01:13
SWA3313,KHOU,KMCO,1,2026-10-01,00:17
SWA3313,KPDX,KDEN,4,2026-10-05,20:24
SWA3313,KPHX,KSLC,1,2026-10-05,06:20
SWA3314,KLAS,KBOI,2,2026-10-01,03:16
SWA3314,KPDX,KDEN,3,2026-10-06,22:06
SWA3314,KSMF,KPDX,3,2026-10-05,19:48
SWA3315,KDEN,KMSP,1,2026-10-06,18:11
SWA3315,KMDW,KBOS,1,2026-09-30,14:41
SWA3315,KSAT,KPHX,1,2026-10-04,20:11
SWA3316,KMCO,KOKC,3,2026-10-06,23:39
SWA3316,KMCO,KMCI,1,2026-10-05,02:15
SWA3316,KPHX,KLGB,1,2026-10-06,15:20
SWA3316,KPNS,KBNA,1,2026-09-30,13:00
SWA3317,KDEN,KBNA,2,2026-10-01,00:32
SWA3317,KORF,KBNA,3,2026-10-05,22:24
SWA3318,KPDX,KLGB,4,2026-10-06,17:52
SWA3318,KSAT,KSAN,1,2026-10-05,01:43
SWA3319,KLAX,KAUS,3,2026-10-06,04:52
SWA3319,KPDX,KMDW,1,2026-10-04,12:29
SWA332,KDEN,KPDX,5,2026-10-06,23:35
SWA332,KLAS,KOAK,2,2026-10-01,00:50
SWA3320,KLAS,KGEG,2,2026-10-01,03:07
SWA3320,KPDX,KMDW,4,2026-10-06,06:39
SWA3320,KSRQ,KPIT,1,2026-10-03,21:26
SWA3321,KAUS,KTPA,1,2026-10-05,00:44
SWA3321,KSJC,KBOI,3,2026-10-05,20:55
SWA3322,KABQ,KPHX,1,2026-10-05,02:20
SWA3322,KPDX,KPHX,2,2026-10-06,13:37
SWA3322,KPHX,KSNA,3,2026-10-05,16:24
SWA3322,KPSP,KDEN,1,2026-09-30,14:13
SWA3323,KPDX,KPHX,4,2026-10-06,16:11
SWA3323,KPHX,KONT,1,2026-10-03,14:53
SWA3324,KPDX,KPHX,3,2026-10-06,23:58
SWA3325,KMSY,KBWI,1,2026-09-30,11:21
SWA3325,KPDX,KPHX,4,2026-10-06,04:18
SWA3326,KPHX,KSAN,1,2026-10-05,06:41
SWA3326,KPVD,KBWI,1,2026-09-30,09:58
SWA3326,KSLC,KPHX,1,2026-10-05,04:21
SWA3327,KDEN,KSTS,1,2026-10-04,20:20
SWA3327,KPVD,KBWI,1,2026-09-30,14:22
SWA3327,KSTS,KSAN,1,2026-10-05,23:47
SWA3328,KPDX,KSJC,5,2026-10-05,12:34
SWA3328,KRSW,KIND,1,2026-10-06,21:05
SWA3328,KSJC,KLAS,3,2026-10-05,14:58
SWA3328,KSJC,KSAN,1,2026-10-04,16:15
SWA3328,KSJC,KSNA,1,2026-10-03,17:17
SWA3329,KPDX,KSJC,3,2026-10-05,19:34
SWA333,KABQ,KAUS,1,2026-10-04,23:07
SWA333,KAUS,KDEN,1,2026-09-30,17:14
SWA333,KBNA,KFLL,1,2026-10-04,20:44
SWA333,KDAL,KLBB,3,2026-10-05,21:50
SWA333,KLAS,KBNA,1,2026-10-04,16:32
SWA3330,KBNA,KBDL,1,2026-10-05,03:22
SWA3330,KPDX,KSJC,4,2026-10-06,05:15
SWA3331,KPDX,KSMF,6,2026-10-06,12:56
SWA3331,KPVD,KMCO,1,2026-09-30,11:49
SWA3332,KMCI,KPHX,3,2026-10-05,18:39
SWA3332,KPVD,KMDW,1,2026-10-01,21:52
SWA3332,KRSW,KMDW,1,2026-10-06,16:45
SWA3333,KDAL,KAUS,1,2026-09-30,21:01
SWA3333,KPHL,KBNA,2,2026-10-06,18:27
SWA3334,KPDX,KDEN,1,2026-10-05,21:58
SWA3334,KPHL,KBNA,3,2026-10-06,00:55
SWA3335,KPHL,KDEN,3,2026-10-06,09:31
SWA3335,KPWM,KBWI,1,2026-09-30,09:57
SWA3336,KBNA,KRIC,1,2026-10-04,19:30
SWA3337,KDEN,KOAK,1,2026-09-30,15:16
SWA3337,KMDW,KLGA,3,2026-10-05,20:08
SWA3337,KTUL,KDAL,1,2026-10-04,10:44
SWA3338,KBNA,KAUS,1,2026-10-06,18:34
SWA3338,KLAS,KMDW,1,2026-10-05,03:24
SWA3338,KMDW,KROC,1,2026-10-03,21:22
SWA3338,KPWM,KMDW,1,2026-09-30,12:01
SWA3339,KBOS,KBWI,1,2026-10-04,19:10
SWA3339,KSAN,KMSY,2,2026-10-06,01:03
SWA3339,KSLC,KDEN,1,2026-10-03,22:26
SWA334,KABQ,KDAL,1,2026-10-06,19:07
SWA334,KAUS,KATL,1,2026-10-05,00:51
SWA334,KAUS,KPHX,1,2026-09-30,12:48
SWA334,KAUS,KVPS,1,2026-10-03,16:34
SWA334,KDAL,KDCA,1,2026-10-06,21:36
SWA334,KLAS,KHOU,3,2026-10-05,19:08
SWA334,KOAK,KPHX,1,2026-10-04,18:46
SWA334,KPHX,KAUS,1,2026-10-04,22:08
SWA334,KVPS,KSTL,1,2026-10-03,19:24
SWA3340,KAUS,KLBB,2,2026-10-01,01:04
SWA3340,KPHL,KMCO,1,2026-10-04,11:43
SWA3340,KPHL,KMDW,1,2026-10-06,17:37
SWA3341,KMDW,KGRR,1,2026-09-30,18:43
SWA3341,KPHL,KSTL,5,2026-10-06,10:36
SWA3342,KPHL,KSTL,3,2026-10-06,00:22
SWA3342,KRDU,KBNA,1,2026-09-30,14:59
SWA3342,KRNO,KLAS,1,2026-10-06,15:57
SWA3343,KBNA,KMCO,3,2026-10-05,22:05
SWA3343,KPHL,KMDW,1,2026-10-04,19:36
SWA3344,KDEN,KSAT,1,2026-10-03,19:31
SWA3344,KPHX,KABQ,4,2026-10-06,15:19
SWA3344,KPHX,KDEN,1,2026-10-04,18:02
SWA3344,KSAN,KPHX,1,2026-10-04,15:55
SWA3345,KDAL,KABQ,1,2026-10-04,22:13
SWA3345,KRDU,KBWI,1,2026-09-30,18:08
SWA3345,KSTL,KMCO,1,2026-10-03,16:47
SWA3345,KTPA,KSTL,3,2026-10-05,16:59
SWA3346,KDAL,KMIA,1,2026-09-30,18:04
SWA3346,KMIA,KMCO,1,2026-09-30,21:30
SWA3346,KPHX,KABQ,4,2026-10-06,01:49
SWA3346,KPHX,KSTL,1,2026-10-05,05:15
SWA3346,KSFO,KPHX,3,2026-10-06,23:27
SWA3347,KBNA,KPHX,1,2026-10-03,10:33
SWA3347,KBOS,KAUS,3,2026-10-05,20:45
SWA3347,KDEN,KSAN,1,2026-10-06,20:36
SWA3347,KPHX,KPDX,1,2026-10-03,15:03
SWA3347,KRDU,KDAL,1,2026-09-30,16:38
SWA3348,KPHX,KATL,5,2026-10-06,07:37
SWA3348,KRDU,KDEN,1,2026-09-30,10:37
SWA3349,KPHX,KAUS,1,2026-10-04,12:33
SWA3349,KRDU,KDEN,2,2026-10-01,00:50
SWA335,KATL,KSTL,1,2026-10-03,13:08
SWA335,KAUS,KRDU,3,2026-10-06,02:54
SWA335,KDEN,KDAL,1,2026-10-06,22:06
SWA335,KFAT,KDEN,1,2026-10-06,19:09
SWA335,KLAS,KFAT,1,2026-10-06,17:17
SWA335,KLAS,KLAX,1,2026-09-30,15:58
SWA335,KLAX,KMDW,1,2026-09-30,18:02
SWA335,KMCO,KAUS,1,2026-10-05,03:37
SWA335,KPDX,KLAS,1,2026-09-30,12:55
SWA335,KSFO,KAUS,3,2026-10-06,22:34
SWA3350,KLAS,KPHX,1,2026-10-04,15:03
SWA3350,KPHX,KAUS,1,2026-10-03,15:00
SWA3350,KPHX,KMDW,1,2026-10-04,17:02
SWA3350,KRNO,KPHX,3,2026-10-05,12:07
SWA3351,KAUS,KLGB,1,2026-10-05,00:54
SWA3351,KPHX,KAUS,4,2026-10-05,18:26
SWA3352,KPHX,KAUS,1,2026-10-06,20:08
SWA3353,KBNA,KOMA,1,2026-10-06,17:29
SWA3353,KOMA,KDEN,3,2026-10-06,22:56
SWA3353,KOMA,KPHX,1,2026-10-06,20:05
SWA3353,KRDU,KMDW,1,2026-09-30,14:25
SWA3354,KPHX,KAUS,3,2026-10-06,04:03
SWA3354,KSLC,KLGB,1,2026-09-30,17:12
SWA3355,KHOU,KATL,1,2026-10-04,20:37
SWA3355,KPHX,KBNA,4,2026-10-06,12:50
SWA3355,KRDU,KMDW,2,2026-10-01,22:39
SWA3355,KSTL,KMSY,1,2026-10-03,15:20
SWA3356,KSTL,KDEN,6,2026-10-06,11:20
SWA3357,KFLL,KMCO,1,2026-10-06,21:40
SWA3357,KRDU,KSTL,1,2026-09-30,10:19
SWA3357,KSTL,KMDW,2,2026-10-03,03:46
SWA3357,KTPA,KHOU,1,2026-10-04,16:25
SWA3358,KBWI,KCHS,3,2026-10-06,00:38
SWA3358,KPHX,KBNA,1,2026-10-04,19:03
SWA3359,KPHX,KBNA,4,2026-10-06,07:12
SWA336,KATL,KDEN,1,2026-10-06,15:05
SWA336,KBOS,KAUS,1,2026-10-05,23:27
SWA336,KDAL,KATL,4,2026-10-05,11:24
SWA336,KDEN,KBOI,1,2026-10-06,19:04
SWA336,KMDW,KDCA,1,2026-09-30,21:28
SWA3360,KFLL,KBWI,1,2026-10-05,23:34
SWA3360,KRIC,KBWI,1,2026-09-30,10:19
SWA3360,KTPA,KMCI,3,2026-10-05,10:16
SWA3361,KAUS,KABQ,3,2026-10-05,13:36
SWA3361,KBNA,KMCO,1,2026-10-03,17:22
SWA3361,KHOU,KJAX,1,2026-10-05,02:59
SWA3361,KRDU,KBWI,1,2026-09-30,19:53
SWA3362,KIND,KTPA,3,2026-10-06,02:02
SWA3362,KPHL,KMDW,1,2026-10-04,15:52
SWA3363,KLGA,KSTL,1,2026-10-04,10:12
SWA3363,KPHL,KMDW,2,2026-10-06,00:43
SWA3363,KPHL,KSDF,1,2026-10-02,00:39
SWA3363,KSAN,KLAS,1,2026-10-06,16:59
SWA3363,KSDF,KMDW,1,2026-10-02,03:44
SWA3363,KSTL,KMCO,1,2026-10-03,11:43
SWA3364,KBNA,KSRQ,2,2026-10-06,23:16
SWA3364,KPHL,KMDW,1,2026-10-05,00:18
SWA3364,KRNO,KBUR,1,2026-09-30,15:49
SWA3365,KPHX,KBUR,3,2026-10-06,04:04
SWA3365,KPHX,KDAL,1,2026-10-05,02:09
SWA3366,KPHX,KABQ,3,2026-10-05,13:03
SWA3366,KPHX,KBWI,1,2026-10-04,12:22
SWA3367,KPHX,KBWI,5,2026-10-06,05:42
SWA3368,KFLL,KBWI,1,2026-10-04,17:10
SWA3368,KLAS,KSNA,1,2026-09-30,15:09
SWA3368,KMCI,KLGA,3,2026-10-05,10:55
SWA3368,KRNO,KLAS,1,2026-09-30,13:05
SWA3368,KRSW,KIND,1,2026-10-06,14:09
SWA3369,KLAS,KSAT,1,2026-10-05,04:59
SWA3369,KMCO,KPIT,2,2026-10-06,22:28
SWA3369,KRNO,KLAS,1,2026-09-30,22:30
SWA3370,KPHX,KABQ,1,2026-10-05,06:09
SWA3370,KSAN,KMDW,1,2026-10-06,19:08
SWA3370,KSTL,KTPA,1,2026-10-03,22:00
SWA3371,KCLE,KBWI,3,2026-10-05,16:53
SWA3371,KSTL,KMIA,1,2026-10-03,15:29
SWA3372,KCLE,KDEN,3,2026-10-05,20:12
SWA3372,KPHX,KCOS,1,2026-10-04,01:46
SWA3372,KRNO,KLGB,1,2026-09-30,15:01
SWA3373,KBWI,KMCO,5,2026-10-06,12:36
SWA3373,KRNO,KPHX,1,2026-09-30,13:28
SWA3374,KBUF,KBWI,1,2026-09-30,13:04
SWA3374,KSDF,KTPA,1,2026-10-04,09:17
SWA3375,KPHX,KDAL,5,2026-10-06,16:26
SWA3376,KPHX,KDAL,1,2026-10-05,23:54
SWA3376,KRNO,KSAN,1,2026-09-30,19:09
SWA3377,KPDX,KPHX,1,2026-10-03,15:48
SWA3377,KPHX,KDAL,4,2026-10-05,19:08
SWA3377,KRNO,KSAN,1,2026-09-30,22:19
SWA3377,KSNA,KPHX,1,2026-10-06,18:19
SWA3378,KMCO,TJSJ,1,2026-10-02,18:42
SWA3378,KPHX,KBNA,1,2026-10-04,16:38
SWA3379,KLAS,KPHX,1,2026-10-05,00:03
SWA3379,KPHX,KMSY,3,2026-10-06,02:58
SWA3379,KPHX,KDAL,1,2026-10-05,01:53
SWA3379,KSJC,KPHX,4,2026-10-06,00:45
SWA3382,KPHX,KDAL,3,2026-10-06,02:37
SWA3382,KPHX,KMSY,1,2026-10-05,02:41
SWA3382,KROC,KMDW,1,2026-09-30,12:41
SWA3382,KSAN,KPHX,1,2026-10-05,00:59
SWA3382,KSMF,KSAN,1,2026-10-05,22:59
SWA3383,KPHX,KDEN,5,2026-10-06,12:35
SWA3384,KPHX,KDEN,6,2026-10-06,14:13
SWA3385,KBUR,KPHX,1,2026-10-04,19:57
SWA3385,KLAX,KPHX,3,2026-10-05,15:26
SWA3385,KPHX,KDEN,4,2026-10-05,18:10
SWA3385,KSMF,KAUS,1,2026-09-30,17:48
SWA3386,KPHX,KDEN,6,2026-10-06,20:06
SWA3387,KPHX,KDEN,5,2026-10-05,21:02
SWA3388,KDEN,KLBB,1,2026-10-05,01:13
SWA3388,KPHX,KDEN,3,2026-10-06,22:47
SWA3389,KMCO,KMSY,1,2026-10-05,23:34
SWA3389,KPHX,KDEN,3,2026-10-05,15:32
SWA3389,KRSW,KMCO,1,2026-09-30,21:00
SWA339,KAUS,KHOU,1,2026-09-30,18:45
SWA339,KAUS,KMSY,1,2026-10-06,12:32
SWA339,KSAN,KOAK,1,2026-10-04,13:58
SWA3390,KBNA,KMDW,3,2026-10-05,22:07
SWA3391,KLAS,KMCI,1,2026-10-01,23:44
SWA3391,KMDW,KDCA,3,2026-10-05,22:17
SWA3392,KSEA,KSMF,3,2026-10-05,19:46
SWA3393,KBNA,KALB,1,2026-10-04,20:00
SWA3393,KRSW,KSTL,2,2026-10-01,22:53
SWA3394,KLAS,KLGB,4,2026-10-06,03:44
SWA3394,KSTL,KVPS,1,2026-10-03,20:37
SWA3395,KPHX,PHNL,3,2026-10-06,16:58
SWA3395,KSAN,KAUS,2,2026-10-01,01:10
SWA3396,KPHX,KHOU,5,2026-10-05,12:29
SWA3397,KPHX,KHOU,5,2026-10-06,14:56
SWA3397,KSAN,KBNA,1,2026-09-30,16:31
SWA3398,KMCO,KSTL,2,2026-10-06,03:02
SWA3398,KMDW,KOMA,1,2026-10-04,00:14
SWA3398,KSAN,KBNA,2,2026-10-05,21:07
SWA3399,KMDW,KCLE,1,2026-10-03,13:33
SWA3399,KMKE,KMCO,1,2026-10-04,14:16
SWA3399,KSFO,KLAX,3,2026-10-05,22:54
SWA3399,KSTL,KLAX,1,2026-09-30,13:44
SWA34,KHOU,KDAL,2,2026-10-04,20:26
SWA3400,KBWI,KSJC,4,2026-10-06,15:56
SWA3400,KPHX,KIND,1,2026-10-04,16:54
SWA3400,KSJC,KSNA,3,2026-10-05,22:23
SWA3401,KMCI,KDEN,1,2026-09-30,21:42
SWA3401,KSAN,KPHX,4,2026-10-06,02:19
SWA3401,KSTL,KMCI,1,2026-09-30,19:57
SWA3401,KSTS,KSAN,2,2026-10-06,00:07
SWA3402,KLIT,KDAL,1,2026-10-04,10:43
SWA3402,KOMA,KSAN,3,2026-10-05,18:31
SWA3403,KMDW,KOMA,1,2026-10-06,15:39
SWA3403,KOMA,KSTL,3,2026-10-06,23:20
SWA3403,KRNO,KLAS,1,2026-10-04,00:55
SWA3403,KTPA,KMDW,1,2026-10-04,11:16
SWA3404,KDEN,KMIA,4,2026-10-05,19:23
SWA3404,KPHX,KLAS,1,2026-10-04,21:01
SWA3404,KSAN,KBWI,1,2026-09-30,14:38
SWA3405,KPHX,KLAS,3,2026-10-06,19:49
SWA3405,KSTL,KBWI,2,2026-10-06,02:25
SWA3406,KOAK,KSAN,1,2026-10-04,18:21
SWA3406,KPHX,KLAS,2,2026-10-06,22:11
SWA3406,KSAN,KBWI,2,2026-10-01,05:59
SWA3408,KDEN,KSAN,4,2026-10-06,03:45
SWA3408,KPHX,KLAS,1,2026-10-05,02:44
SWA3409,KBWI,KDEN,1,2026-10-05,00:46
SWA3409,KMDW,KPIT,1,2026-10-03,21:18
SWA3409,KPVD,KBWI,3,2026-10-05,17:10
SWA3410,KABQ,KLAX,3,2026-10-05,19:33
SWA3410,KBWI,KPHX,1,2026-10-06,11:09
SWA3410,KLAX,KAUS,1,2026-10-06,19:11
SWA3410,KPHX,KLAX,2,2026-10-06,18:43
SWA3411,KRSW,KBWI,3,2026-10-05,13:27
SWA3411,KSAN,KDEN,1,2026-09-30,14:01
SWA3412,KDEN,KDTW,1,2026-09-30,20:20
SWA3412,KDTW,KMDW,2,2026-10-01,23:55
SWA3412,KMDW,KIND,1,2026-10-06,15:03
SWA3412,KPHX,KTPA,1,2026-10-05,01:57
SWA3412,KSAN,KDEN,1,2026-09-30,16:59
SWA3413,KBNA,KBUF,1,2026-09-30,17:52
SWA3413,KDEN,KLAX,1,2026-10-03,22:05
SWA3413,KLAS,KMCI,2,2026-10-03,04:46
SWA3413,KSAN,KHOU,1,2026-10-05,04:56
SWA3414,KBNA,KSAT,1,2026-10-04,13:01
SWA3414,KPHX,KBUR,3,2026-10-05,20:56
SWA3414,KPHX,KLGB,1,2026-10-06,21:48
SWA3414,KPHX,KSNA,1,2026-10-04,20:02
SWA3414,KSAN,KDEN,1,2026-09-30,22:46
SWA3414,KSAT,KPHX,5,2026-10-05,17:26
SWA3415,KABQ,KPHX,1,2026-10-04,22:29
SWA3415,KPHX,KLGB,2,2026-10-05,00:41
SWA3415,KRDU,KPHX,3,2026-10-05,18:13
SWA3415,KSAT,KBWI,1,2026-10-06,20:45
SWA3416,KPHX,KLGB,5,2026-10-06,03:14
SWA3417,KBNA,KCHS,1,2026-09-30,16:04
SWA3417,KBWI,KATL,1,2026-10-04,13:08
SWA3417,KCHS,KBWI,1,2026-09-30,18:04
SWA3417,KMCI,KBOS,1,2026-10-06,16:50
SWA3417,KPHX,KMCI,5,2026-10-06,12:30
SWA3418,KBNA,KMIA,1,2026-09-30,22:00
SWA3418,KPHX,KMCI,5,2026-10-05,16:53
SWA3419,KDEN,KMSY,5,2026-10-06,18:36
SWA3419,KSAN,KFAT,2,2026-10-01,04:08
SWA342,KBNA,KLGA,1,2026-10-06,11:29
SWA342,KBNA,KPNS,1,2026-10-04,13:16
SWA342,KBWI,KPVD,1,2026-10-03,20:26
SWA342,KDEN,KPVD,3,2026-10-05,18:40
SWA342,KLGB,KDEN,3,2026-10-05,14:42
SWA342,KMSP,KBNA,1,2026-09-30,19:04
SWA342,KPNS,KAUS,1,2026-10-04,15:55
SWA342,KPVD,KMCO,2,2026-10-06,22:59
SWA3420,KBNA,KJAX,1,2026-09-30,16:01
SWA3420,KPHX,KHOU,2,2026-10-06,04:56
SWA3420,KROC,KBWI,1,2026-10-04,16:49
SWA3421,KDEN,KSMF,1,2026-09-30,19:06
SWA3421,KPHX,KMCI,3,2026-10-05,22:23
SWA3421,KSAN,KPIT,1,2026-10-05,20:33
SWA3422,KBWI,KSAN,1,2026-10-05,00:56
SWA3422,KONT,KLAS,1,2026-10-03,22:32
SWA3422,KSAN,KSEA,3,2026-10-05,14:46
SWA3423,KSAN,KHOU,1,2026-09-30,16:13
SWA3423,KSEA,KPHX,1,2026-10-05,00:30
SWA3424,KPHX,KMCO,5,2026-10-06,06:18
SWA3424,KSAN,KHOU,1,2026-09-30,20:05
SWA3425,KPHX,KMDW,4,2026-10-06,13:55
SWA3425,KSTL,KMSY,1,2026-10-04,22:07
SWA3426,KABQ,KLAS,1,2026-10-04,00:21
SWA3426,KMDW,KLAS,3,2026-10-06,05:28
SWA3426,KSAN,KLAS,2,2026-10-01,00:50
SWA3426,KSJC,KDEN,1,2026-10-05,01:04
SWA3427,KPHX,KMDW,4,2026-10-06,23:21
SWA3427,KSAN,KSEA,1,2026-10-06,14:12
SWA3427,KSLC,KPHX,1,2026-09-30,13:06
SWA3427,KSTL,KJAX,1,2026-10-04,15:24
SWA3428,KPHX,KMDW,3,2026-10-06,02:14
SWA3428,KRDU,KSTL,2,2026-10-01,00:00
SWA3429,KPHX,KMDW,6,2026-10-06,08:10
SWA343,KBDL,KBWI,1,2026-10-06,17:06
SWA343,KIND,KAUS,3,2026-10-06,02:09
SWA343,KOAK,KSEA,1,2026-09-30,20:59
SWA343,KPHX,KSLC,1,2026-10-05,00:46
SWA343,KSAN,KPHX,1,2026-10-04,22:52
SWA343,KSMF,KSAN,1,2026-10-04,19:51
SWA3430,KDAL,KABQ,1,2026-10-05,00:47
SWA3430,KPHX,KMKE,4,2026-10-05,18:22
SWA3431,KSAN,KMDW,2,2026-10-01,06:22
SWA3432,KBWI,KMHT,1,2026-10-04,17:58
SWA3432,KLGA,KHOU,1,2026-09-30,21:35
SWA3432,KOAK,KBUR,3,2026-10-05,20:30
SWA3432,KTPA,KIND,1,2026-10-04,22:58
SWA3433,KDEN,KHOU,1,2026-10-05,04:37
SWA3433,KPHL,KMDW,3,2026-10-05,19:56
SWA3433,KSAT,KMCO,1,2026-10-06,11:10
SWA3434,KPHX,KOAK,6,2026-10-06,15:01
SWA3435,KBWI,KMCO,2,2026-10-01,23:14
SWA3435,KDTW,KMDW,1,2026-10-04,18:31
SWA3435,KOAK,KBOI,3,2026-10-05,18:13
SWA3435,KPHX,KOAK,5,2026-10-06,15:28
SWA3435,KSDF,KPHX,3,2026-10-05,10:47
SWA3436,KPHX,KOAK,1,2026-10-05,23:19
SWA3436,KSNA,KSJC,3,2026-10-06,00:25
SWA3436,KTPA,KMCI,1,2026-10-03,15:22
SWA3437,KPHX,KLGB,3,2026-10-05,19:53
SWA3437,KPHX,KOKC,1,2026-10-05,23:58
SWA3437,KSAN,KOAK,2,2026-10-01,01:18
SWA3438,KSTL,KPHX,1,2026-10-05,01:11
SWA3438,KTPA,KMDW,1,2026-10-03,11:39
SWA3439,KAUS,KSFO,3,2026-10-06,03:24
SWA3439,KBWI,KRSW,1,2026-10-04,22:04
SWA3439,KDAL,KBNA,1,2026-10-04,12:30
SWA344,KAUS,KLAS,5,2026-10-06,11:04
SWA344,KBWI,KPHX,1,2026-09-30,20:23
SWA344,KLAS,KSNA,1,2026-10-04,14:46
SWA344,KOKC,KLAS,1,2026-10-04,11:23
SWA3440,KDSM,KDEN,4,2026-10-05,11:28
SWA3441,KPHX,KOKC,2,2026-10-03,00:08
SWA3441,KSAN,KPHX,1,2026-09-30,16:18
SWA3442,KPHX,KOKC,5,2026-10-06,03:21
SWA3442,KSMF,KDEN,1,2026-09-30,21:02
SWA3443,KELP,KAUS,1,2026-10-06,00:44
SWA3443,KHOU,KDCA,1,2026-10-05,01:11
SWA3443,KSAN,KPHX,2,2026-10-01,02:23
SWA3444,KBUR,KOAK,3,2026-10-06,02:02
SWA3444,KSAN,KPHX,2,2026-10-01,03:13
SWA3444,KSAN,KSMF,1,2026-10-06,21:15
SWA3444,KTUS,KLAX,1,2026-10-03,16:52
SWA3445,KHOU,KSTL,1,2026-10-04,18:40
SWA3445,KMSY,KATL,3,2026-10-06,23:27
SWA3445,KSAN,KPHX,1,2026-09-30,18:32
SWA3446,KBWI,KSAT,1,2026-10-03,14:35
SWA3446,KDEN,KCMH,1,2026-10-04,20:25
SWA3446,KMSY,KSTL,3,2026-10-05,19:46
SWA3447,KDCA,KMCI,1,2026-10-04,10:14
SWA3447,KSAT,KTPA,2,2026-10-06,00:06
SWA3447,KSAT,KPIT,1,2026-10-02,02:37
SWA3447,KSBA,KDEN,1,2026-10-06,13:46
SWA3448,KSFO,KMDW,1,2026-10-04,17:10
SWA3449,KISP,KBWI,3,2026-10-05,19:23
SWA3449,KTPA,KROC,1,2026-10-03,14:38
SWA345,KAUS,KLAS,5,2026-10-06,13:30
SWA345,KDAL,KMCO,1,2026-10-01,01:51
SWA3450,KDEN,KPDX,1,2026-10-04,02:23
SWA3450,KLAX,KOAK,3,2026-10-05,13:10
SWA3451,KATL,KAUS,1,2026-10-06,20:45
SWA3451,KLAX,KPHX,1,2026-10-05,07:54
SWA3451,KMCO,KAUS,1,2026-10-03,13:04
SWA3451,KSEA,KSJC,3,2026-10-05,14:33
SWA3452,KIND,KTPA,1,2026-10-05,01:12
SWA3452,KPHX,KPDX,3,2026-10-06,06:44
SWA3453,KCMH,KRSW,1,2026-09-30,17:50
SWA3453,KPIT,KSTL,3,2026-10-06,00:38
SWA3453,KSDF,KDAL,1,2026-10-06,19:14
SWA3453,KSLC,KPHX,1,2026-10-04,18:35
SWA3453,KTPA,TJSJ,1,2026-10-04,21:39
SWA3454,KLAX,KMDW,1,2026-10-05,23:25
SWA3454,KSAN,KSFO,2,2026-10-01,01:05
SWA3454,KSAT,KBWI,1,2026-10-06,10:18
SWA3454,KSJC,KSNA,3,2026-10-06,00:36
SWA3455,KBWI,KMSY,1,2026-10-06,12:16
SWA3455,KMCI,KAUS,1,2026-10-04,10:43
SWA3455,KMDW,KCLE,1,2026-10-03,21:56
SWA3456,KPHX,KRNO,2,2026-10-05,00:13
SWA3456,KRNO,KSJC,3,2026-10-06,01:25
SWA3456,KSJC,KBUR,3,2026-10-06,03:16
SWA3457,KLGA,KMDW,1,2026-10-04,17:39
SWA3457,KMDW,KBOS,3,2026-10-05,10:42
SWA3457,KSAT,KDAL,1,2026-10-06,12:35
SWA3457,KTUL,KBNA,1,2026-10-03,16:20
SWA3458,KPIT,KMCO,3,2026-10-05,14:54
SWA3458,KSMF,KBUR,1,2026-10-04,17:54
SWA3459,KDEN,KPDX,5,2026-10-06,14:58
SWA3459,KDEN,KBNA,2,2026-10-01,23:23
SWA346,KHOU,KMAF,3,2026-10-06,04:14
SWA346,KMKE,KRSW,1,2026-10-06,19:26
SWA346,KSAT,KBNA,1,2026-10-03,19:56
SWA346,KTPA,KSTL,1,2026-10-05,23:58
SWA3460,KBUR,KMDW,1,2026-10-06,18:19
SWA3460,KDEN,KLAX,2,2026-10-01,03:13
SWA3460,KMDW,KPHL,1,2026-10-03,21:44
SWA3460,KMIA,KSTL,1,2026-10-04,09:27
SWA3460,KPIT,KTPA,3,2026-10-06,01:04
SWA3461,KPHX,KOKC,3,2026-10-05,17:01
SWA3461,KPHX,KSAN,1,2026-10-03,19:53
SWA3461,KSAN,KSJC,1,2026-10-03,22:11
SWA3461,KSAN,KSMF,1,2026-10-05,01:56
SWA3462,KPHX,KSAN,1,2026-10-05,23:29
SWA3462,KSAN,KSJC,1,2026-09-30,22:24
SWA3462,KSNA,KOAK,3,2026-10-05,15:36
SWA3463,KAUS,KBNA,1,2026-09-30,19:28
SWA3463,KDEN,KLGA,3,2026-10-05,12:22
SWA3463,KSMF,KEUG,1,2026-10-05,06:40
SWA3464,KLBB,KSAT,1,2026-10-01,21:45
SWA3464,KMSP,KDAL,1,2026-10-04,21:18
SWA3464,KPHX,KSAT,3,2026-10-06,16:57
SWA3464,KPHX,KLBB,1,2026-10-01,16:18
SWA3465,KPHX,KOMA,1,2026-10-05,03:25
SWA3465,KSAN,KSJC,3,2026-10-06,23:31
SWA3465,KSAN,KSMF,1,2026-09-30,14:19
SWA3465,KTUL,KMDW,1,2026-10-03,10:23
SWA3466,KONT,KPHX,1,2026-10-05,04:34
SWA3466,KPHX,KSAT,1,2026-10-04,02:04
SWA3466,KSJC,KPHX,3,2026-10-06,01:42
SWA3467,KBDL,KBWI,1,2026-10-06,20:20
SWA3467,KSMF,KDEN,1,2026-10-04,16:25
SWA3467,KTPA,KMSY,2,2026-10-05,10:18
SWA3468,KPHX,KPDX,3,2026-10-05,19:31
SWA3469,KAUS,KATL,1,2026-10-04,11:17
SWA3469,KPHX,KPDX,3,2026-10-06,03:11
SWA3469,KSAN,KSMF,1,2026-09-30,20:18
SWA3469,KTUS,KLAS,1,2026-10-03,12:22
SWA347,KAUS,KLAS,5,2026-10-06,18:35
SWA347,KLAS,KPHX,1,2026-09-30,21:25
SWA347,KSAN,KSMF,1,2026-10-04,15:28
SWA3470,KMSY,KAUS,1,2026-10-04,11:43
SWA3470,KSTL,KMSY,3,2026-10-05,20:02
SWA3471,KPHX,KSFO,3,2026-10-05,15:07
SWA3471,KSAN,KSTL,1,2026-09-30,19:35
SWA3471,KSJC,KBUR,1,2026-10-04,21:49
SWA3472,KBHM,KPHX,1,2026-10-04,14:31
SWA3472,KBOI,KSAN,3,2026-10-05,13:37
SWA3472,KTPA,KBHM,1,2026-10-04,12:17
SWA3473,KMCI,KMDW,1,2026-09-30,11:30
SWA3473,KSAN,KBOI,1,2026-10-05,04:21
SWA3474,KHOU,KMSY,3,2026-10-06,00:27
SWA3474,KHOU,KSAN,1,2026-09-30,15:11
SWA3474,KSAN,KSFO,1,2026-10-04,18:39
SWA3474,KTYS,KAUS,1,2026-10-03,17:37
SWA3475,KMDW,KSRQ,1,2026-10-04,14:29
SWA3475,KPHX,KRNO,2,2026-10-05,21:26
SWA3475,KSLC,KLAS,1,2026-10-03,17:44
SWA3476,KMCO,KSRQ,1,2026-09-30,23:18
SWA3476,KPHX,KABQ,3,2026-10-06,05:27
SWA3477,KPHX,KSJC,4,2026-10-06,04:42
SWA3477,KSAT,KBNA,1,2026-09-30,12:03
SWA3478,KPHX,KSAN,1,2026-10-04,18:11
SWA3479,KPHX,KSLC,1,2026-10-04,15:13
SWA3479,KSAT,KBNA,1,2026-09-30,20:41
SWA3480,KMCO,KPHX,1,2026-09-30,14:55
SWA3480,KSAN,KSFO,1,2026-10-05,04:25
SWA3481,KPHX,KSAN,2,2026-10-06,05:21
SWA3481,KPHX,KSMF,2,2026-10-04,14:54
SWA3481,KPIT,KPHX,3,2026-10-06,00:10
SWA3482,KMSP,KBNA,1,2026-09-30,12:35
SWA3482,KPHX,KSMF,3,2026-10-05,14:22
SWA3483,KHOU,KLGA,1,2026-10-05,23:28
SWA3483,KMDW,KMSY,2,2026-10-01,01:48
SWA3483,KOAK,KONT,3,2026-10-05,13:39
SWA3483,KVPS,KSTL,1,2026-10-03,15:11
SWA3484,KAUS,KPHX,3,2026-10-06,22:58
SWA3484,KPHX,KSMF,3,2026-10-06,01:40
SWA3484,KPHX,KONT,1,2026-10-02,06:50
SWA3485,KDAL,KAUS,1,2026-10-05,15:56
SWA3485,KMDW,KPHL,1,2026-10-01,23:19
SWA3485,KSAN,KSLC,1,2026-10-04,15:57
SWA3486,KDEN,KRDU,2,2026-10-06,17:55
SWA3487,KMDW,KRDU,1,2026-10-04,12:56
SWA3487,KRIC,KMCO,2,2026-10-05,13:08
SWA3487,KSAT,KDEN,1,2026-09-30,17:22
SWA3488,KBHM,KMDW,1,2026-10-03,21:11
SWA3488,KBNA,KBHM,1,2026-10-03,19:38
SWA3488,KHOU,KLBB,3,2026-10-05,15:39
SWA3489,KDEN,KSJC,4,2026-10-06,03:52
SWA349,KBWI,KMCO,1,2026-10-05,00:44
SWA349,KIND,KBWI,4,2026-10-05,14:26
SWA349,KLAS,KSFO,1,2026-09-30,17:06
SWA349,KLAX,KBWI,1,2026-10-03,12:28
SWA3490,KBNA,KDEN,1,2026-10-05,00:41
SWA3490,KMAF,KDAL,1,2026-10-06,21:17
SWA3490,KMSY,KLAX,3,2026-10-06,02:21
SWA3491,KLBB,KDAL,1,2026-10-04,10:50
SWA3491,KSMF,KSEA,3,2026-10-06,05:00
SWA3492,KBOI,KPHX,3,2026-10-06,23:14
SWA3492,KMDW,KPVD,1,2026-09-30,18:34
SWA3492,KPHX,KSTL,3,2026-10-06,01:55
SWA3492,KSMF,KPDX,1,2026-10-05,05:10
SWA3493,KMDW,KMSP,1,2026-10-03,16:13
SWA3493,KPHX,KSTL,3,2026-10-06,03:54
SWA3493,KSEA,KDEN,1,2026-10-05,05:03
SWA3494,KPHX,KTPA,1,2026-10-04,15:59
SWA3494,KSAT,KLAS,1,2026-09-30,11:21
SWA3495,KBWI,KSRQ,1,2026-10-04,23:41
SWA3495,KLAS,KOKC,1,2026-10-06,15:17
SWA3495,KSAT,KLAS,1,2026-09-30,16:12
SWA3495,KSEA,KOAK,3,2026-10-05,14:11
SWA3495,KSJC,KBWI,1,2026-10-03,16:39
SWA3495,KSRQ,KMDW,1,2026-10-05,23:35
SWA3496,KLAS,KICT,1,2026-10-03,20:07
SWA3496,KLGB,KOAK,1,2026-10-04,15:10
SWA3496,KPHX,KTUS,3,2026-10-05,14:54
SWA3496,KTUS,KLAS,3,2026-10-05,16:21
SWA3497,KSAN,KSFO,1,2026-09-30,22:32
SWA3497,KSDF,KLAS,1,2026-10-06,10:31
SWA3497,KSEA,KPHX,2,2026-10-06,03:46
SWA3497,KSTL,KBOS,1,2026-10-05,02:59
SWA3498,KPIT,KATL,2,2026-10-06,22:44
SWA3499,KBNA,KHOU,1,2026-09-30,12:04
SWA3499,KMSY,KPHX,1,2026-10-05,02:19
SWA3499,KPHX,KSMF,1,2026-10-05,06:24
SWA3499,KPIT,KAUS,4,2026-10-05,11:39
SWA35,KDAL,KHOU,1,2026-10-04,21:24
SWA3500,KPIT,KBNA,4,2026-10-06,10:27
SWA3500,KSAT,KMCI,1,2026-09-30,17:05
SWA3500,KSJC,KPHX,1,2026-10-04,20:52
SWA3501,KABQ,KAUS,1,2026-10-04,21:29
SWA3501,KPIT,KBNA,1,2026-10-03,20:19
SWA3502,KDEN,KSLC,5,2026-10-05,15:04
SWA3502,KMDW,KSJC,1,2026-09-30,16:00
SWA3502,KSDF,KMDW,1,2026-10-06,18:17
SWA3502,KTPA,KSDF,1,2026-10-06,15:50
SWA3503,KPIT,KBWI,2,2026-10-04,10:08
SWA3504,KPHX,KSMF,2,2026-10-05,12:48
SWA3504,KPIT,KBWI,3,2026-10-06,14:33
SWA3504,KSFO,KDEN,1,2026-09-30,20:43
SWA3505,KHOU,KBNA,3,2026-10-05,14:17
SWA3505,KPIT,KBWI,1,2026-10-04,22:07
SWA3505,KSAT,KPHX,1,2026-09-30,12:48
SWA3506,KBNA,KLAS,1,2026-09-30,13:38
SWA3506,KBWI,KFLL,1,2026-10-04,13:00
SWA3506,KCMH,KMDW,1,2026-10-03,13:40
SWA3506,KFLL,KMDW,1,2026-10-06,11:05
SWA3507,KPIT,KDEN,4,2026-10-05,16:28
SWA3507,KSAT,KPHX,2,2026-10-01,00:00
SWA3508,KMDW,KONT,3,2026-10-05,17:09
SWA3508,KSJC,KHOU,1,2026-09-30,15:56
SWA3509,KPIT,KFLL,1,2026-10-04,11:13
SWA3509,KSAT,KSTL,1,2026-09-30,20:38
SWA351,KAUS,KATL,1,2026-10-03,21:26
SWA351,KBDL,KBWI,3,2026-10-05,15:38
SWA351,KBWI,KIND,3,2026-10-05,17:53
SWA351,KIND,KMCO,3,2026-10-05,20:23
SWA351,KMDW,KBDL,3,2026-10-05,13:04
SWA351,KPHX,KCMH,2,2026-10-01,22:30
SWA351,KSTL,KAUS,1,2026-10-04,13:31
SWA3510,KPHX,KSAT,1,2026-10-03,16:21
SWA3510,KSFO,KPHX,1,2026-10-03,13:44
SWA3510,KSTL,KCLE,1,2026-10-05,02:10
SWA3511,KPIT,KLAS,6,2026-10-06,10:52
SWA3511,KSAV,KBNA,1,2026-09-30,10:55
SWA3512,KDAL,KCHS,1,2026-10-06,19:46
SWA3512,KMDW,KDSM,1,2026-10-05,02:49
SWA3512,KOAK,KLAX,3,2026-10-05,17:14
SWA3512,KSAV,KBNA,1,2026-09-30,22:44
SWA3513,KBOS,KBWI,1,2026-10-04,13:16
SWA3513,KBWI,KSAV,1,2026-09-30,12:18
SWA3513,KPIT,KMCO,4,2026-10-05,09:34
SWA3513,KSAV,KDAL,1,2026-09-30,15:01
SWA3514,KPIT,KMCO,4,2026-10-05,13:18
SWA3515,KICT,KDEN,6,2026-10-06,12:31
SWA3516,KPIT,KMCO,6,2026-10-06,20:46
SWA3517,KBWI,KPIT,1,2026-10-04,22:49
SWA3517,KMCO,KSRQ,1,2026-10-05,03:07
SWA3517,KPIT,KMCO,4,2026-10-06,23:33
SWA3517,KSBA,KLAS,1,2026-09-30,12:50
SWA3518,KMCI,KFLL,3,2026-10-05,20:51
SWA3518,KOAK,KLAX,1,2026-10-04,13:45
SWA3519,KPIT,KMDW,6,2026-10-06,12:44
SWA3519,KSDF,KBWI,1,2026-09-30,11:10
SWA352,KAUS,KLAS,1,2026-10-04,00:53
SWA352,KBOS,KDEN,2,2026-10-01,22:06
SWA352,KBWI,KBOS,1,2026-09-30,18:50
SWA352,KLAS,KTUS,3,2026-10-06,05:09
SWA352,KMDW,KBOS,1,2026-10-06,18:37
SWA352,KPHX,KMDW,1,2026-10-06,14:21
SWA352,KRNO,KLAS,3,2026-10-06,03:11
SWA3520,KPHX,KBNA,1,2026-10-05,01:40
SWA3520,KPIT,KMDW,4,2026-10-05,18:04
SWA3520,KSJC,KPHX,1,2026-10-05,23:15
SWA3521,KPIT,KMDW,4,2026-10-06,01:05
SWA3521,KSEA,KSJC,1,2026-10-06,14:31
SWA3521,KSRQ,KMCO,1,2026-09-30,21:01
SWA3522,KPIT,KTPA,1,2026-10-04,09:48
SWA3522,KSDF,KMDW,1,2026-09-30,12:57
SWA3522,KSTL,KDCA,3,2026-10-05,18:39
SWA3523,KAUS,KSJC,1,2026-10-04,10:35
SWA3523,KBWI,KSDF,1,2026-09-30,15:02
SWA3523,KMDW,KLAS,1,2026-09-30,19:24
SWA3523,KPIT,KATL,3,2026-10-05,20:30
SWA3523,KPIT,KSTL,1,2026-10-06,10:58
SWA3523,KSDF,KMDW,1,2026-09-30,17:21
SWA3524,KLAS,KHOU,4,2026-10-06,22:23
SWA3524,KSTL,KHOU,1,2026-09-30,11:05
SWA3525,KPIT,KTPA,4,2026-10-05,09:08
SWA3525,KSEA,KBWI,2,2026-10-01,06:34
SWA3526,KDAL,KLGA,1,2026-10-05,00:39
SWA3526,KMIA,KBWI,1,2026-10-03,21:35
SWA3526,KPIT,KFLL,3,2026-10-05,10:09
SWA3526,KTUL,KDAL,1,2026-09-30,12:30
SWA3527,KDAL,KSAV,1,2026-10-04,20:29
SWA3528,KBWI,KIND,1,2026-10-05,02:59
SWA3528,KLGA,KMCI,2,2026-10-01,00:51
SWA3528,KMSY,KDCA,3,2026-10-06,23:52
SWA3529,KHOU,KPNS,1,2026-10-04,15:21
SWA3529,KLAS,KSNA,1,2026-09-30,16:30
SWA3529,KONT,KDEN,1,2026-10-03,14:03
SWA3529,KPNS,KBNA,4,2026-10-06,18:07
SWA353,KBDL,KBNA,1,2026-10-04,13:10
SWA353,KLAS,KMSY,1,2026-10-04,01:59
SWA353,KMCI,KMCO,4,2026-10-06,15:13
SWA353,KSNA,KOAK,1,2026-09-30,18:14
SWA3530,KATL,KHOU,1,2026-09-30,22:42
SWA3530,KPNS,KBNA,1,2026-10-03,21:15
SWA3531,KBNA,KCHS,1,2026-09-30,22:33
SWA3531,KPNS,KHOU,2,2026-10-06,11:29
SWA3531,KSAN,KRNO,1,2026-10-04,20:16
SWA3532,KHOU,KMSY,1,2026-10-04,22:05
SWA3532,KPNS,KSTL,2,2026-10-05,15:59
SWA3533,KPSP,KDEN,6,2026-10-06,14:08
SWA3533,KSEA,KLGB,1,2026-09-30,19:39
SWA3534,KSEA,KMDW,2,2026-10-01,06:50
SWA3534,KSJC,KGEG,3,2026-10-05,19:12
SWA3534,KSJC,KONT,1,2026-10-04,13:41
SWA3535,KBNA,KCLT,1,2026-09-30,16:11
SWA3535,KCLT,KBWI,1,2026-09-30,18:44
SWA3535,KPIT,KMCO,1,2026-10-04,16:44
SWA3535,KPSP,KSMF,3,2026-10-05,17:24
SWA3536,KBNA,KLAX,1,2026-10-03,13:14
SWA3536,KLAX,KLAS,1,2026-10-03,18:22
SWA3536,KPSP,KSMF,1,2026-10-05,02:09
SWA3537,KBUR,KOAK,3,2026-10-05,20:27
SWA3537,KHOU,KSAN,1,2026-10-03,13:35
SWA3538,KDAL,KPHX,1,2026-10-05,23:43
SWA3538,KLAS,KHOU,1,2026-10-04,01:36
SWA3538,KMDW,KDAL,1,2026-10-04,20:46
SWA3538,KSEA,KSAN,1,2026-09-30,15:42
SWA3539,KGRR,KDEN,1,2026-09-30,16:48
SWA3539,KLAX,KAUS,1,2026-10-05,04:51
SWA3539,KMDW,KGRR,1,2026-09-30,15:21
SWA3539,KPVD,KBWI,3,2026-10-05,13:01
SWA354,KAUS,KMDW,1,2026-09-30,19:12
SWA354,KBNA,KJAX,1,2026-10-04,20:42
SWA354,KDAL,KAUS,2,2026-10-05,20:09
SWA354,KDAL,KMDW,1,2026-10-02,01:22
SWA354,KMCO,KDAL,3,2026-10-05,15:36
SWA354,KMCO,KBUF,1,2026-10-03,21:05
SWA3540,KBUR,KSTS,3,2026-10-05,20:06
SWA3540,KDCA,KBNA,1,2026-10-06,14:57
SWA3540,KMEM,KLAS,1,2026-10-03,12:48
SWA3540,KPSP,KOAK,1,2026-10-04,16:46
SWA3540,KPVD,KDCA,1,2026-10-06,12:36
SWA3541,KLAX,KSFO,1,2026-10-05,02:43
SWA3541,KPVD,KDEN,3,2026-10-05,15:50
SWA3541,KSLC,KLAX,1,2026-10-05,23:54
SWA3542,KPVD,KMCO,5,2026-10-06,09:54
SWA3542,KSEA,KSMF,1,2026-09-30,13:05
SWA3543,KHOU,KLGA,3,2026-10-06,23:36
SWA3543,KMDW,KABQ,1,2026-10-05,03:48
SWA3543,KSEA,KSMF,1,2026-09-30,23:24
SWA3544,KAUS,KSEA,2,2026-10-01,22:26
SWA3544,KHOU,KSMF,1,2026-10-03,20:28
SWA3544,KMDW,KJAX,1,2026-10-04,21:01
SWA3544,KPVD,KMDW,4,2026-10-05,17:43
SWA3544,KSEA,KSMF,2,2026-10-01,03:49
SWA3545,KBNA,KMSP,1,2026-09-30,13:31
SWA3545,KPVD,KMDW,1,2026-10-05,23:05
SWA3546,KMCI,KDCA,2,2026-10-06,00:00
SWA3546,KSFO,KBUR,2,2026-10-01,00:58
SWA3546,TJSJ,KFLL,1,2026-10-06,12:26
SWA3547,KPWM,KBNA,4,2026-10-05,18:14
SWA3547,KSFO,KBWI,2,2026-10-01,05:51
SWA3548,KPIT,KRSW,3,2026-10-05,19:55
SWA3548,KPWM,KBWI,3,2026-10-06,09:46
SWA3549,KATL,KMCO,1,2026-10-03,15:52
SWA3549,KBNA,KECP,1,2026-10-04,21:52
SWA3549,KMDW,KATL,1,2026-10-03,13:23
SWA3549,KPIT,KSAN,3,2026-10-05,14:46
SWA3550,KCLE,KDEN,1,2026-10-01,22:06
SWA3550,KPIT,KSTL,3,2026-10-05,11:00
SWA3551,KHOU,KLAX,1,2026-10-04,10:13
SWA3551,KRSW,KIND,3,2026-10-05,15:55
SWA3551,KSFO,KDEN,2,2026-10-01,01:15
SWA3552,KMDW,KFLL,1,2026-10-03,21:26
SWA3552,KMDW,KMSP,1,2026-10-04,19:37
SWA3552,KPHX,KMCI,1,2026-09-30,16:20
SWA3553,KOAK,KONT,3,2026-10-05,17:50
SWA3553,KSJC,KDEN,1,2026-10-06,16:58
SWA3554,KMDW,KOKC,4,2026-10-06,03:46
SWA3554,KMSY,KSTL,1,2026-10-04,21:19
SWA3554,KSFO,KLAX,1,2026-09-30,17:14
SWA3555,KMDW,KSTL,3,2026-10-05,13:07
SWA3555,KMEM,KBWI,1,2026-10-04,19:39
SWA3556,KBUF,KSRQ,1,2026-10-03,15:30
SWA3556,KMDW,KBUF,1,2026-10-03,13:03
SWA3556,KPHX,KCOS,1,2026-10-05,06:10
SWA3556,KSFO,KMDW,2,2026-10-01,07:05
SWA3556,KTPA,KRDU,3,2026-10-05,12:27
SWA3557,KPWM,KMDW,1,2026-10-03,21:05
SWA3557,KRDU,KBWI,5,2026-10-06,10:20
SWA3557,KSFO,KPHX,1,2026-09-30,12:45
SWA3558,KOAK,KLAS,4,2026-10-05,12:31
SWA3558,KRNO,KLAS,1,2026-10-04,16:06
SWA3559,KBHM,KLAS,1,2026-09-30,16:05
SWA3559,KBOS,KBWI,1,2026-10-04,22:17
SWA3559,KDEN,KBOS,1,2026-10-04,17:36
SWA3559,KLAX,KBNA,1,2026-10-03,13:47
SWA3559,KSAT,KMSY,3,2026-10-05,12:29
SWA3559,KTPA,KBHM,1,2026-09-30,13:53
SWA356,KAUS,KLAX,4,2026-10-05,19:00
SWA356,KDCA,KDAL,1,2026-10-06,10:16
SWA356,KLAX,KAUS,1,2026-09-30,14:44
SWA3560,KAUS,KRNO,3,2026-10-05,18:31
SWA3560,KCMH,KMCO,1,2026-09-30,10:33
SWA3560,KSAN,KDAL,1,2026-10-05,01:44
SWA3560,KSFO,KSAN,1,2026-10-05,23:28
SWA3560,KSJC,KLAS,1,2026-10-06,21:47
SWA3561,KRDU,KDEN,5,2026-10-06,10:09
SWA3561,KVPS,KBWI,1,2026-10-03,21:25
SWA3562,KRDU,KDEN,2,2026-10-06,23:26
SWA3562,KSFO,KSAN,2,2026-10-01,02:45
SWA3563,KDAL,KSDF,1,2026-09-30,18:42
SWA3563,KPVD,KBWI,1,2026-10-04,16:54
SWA3563,KSDF,KBWI,1,2026-09-30,21:24
SWA3563,KSMF,KSNA,3,2026-10-05,13:21
SWA3564,KMDW,KLGA,1,2026-10-04,20:06
SWA3564,KRDU,KLAS,1,2026-10-04,21:01
SWA3564,KSFO,KSTL,1,2026-09-30,19:10
SWA3565,KLAS,KBOI,1,2026-10-04,02:59
SWA3565,KOAK,KPDX,3,2026-10-05,21:18
SWA3565,KSJC,KAUS,1,2026-09-30,14:43
SWA3566,KRDU,KMCO,6,2026-10-06,17:37
SWA3566,KSJC,KAUS,1,2026-09-30,18:59
SWA3567,KPVD,KMCO,1,2026-10-04,09:21
SWA3567,KSEA,KLGB,3,2026-10-05,18:25
SWA3568,KRDU,KMDW,5,2026-10-06,11:04
SWA3568,KSEA,KAUS,1,2026-10-04,19:59
SWA3568,KSJC,KBNA,1,2026-09-30,15:57
SWA3569,KRDU,KMDW,1,2026-10-04,16:44
SWA3569,KSJC,KBOI,1,2026-09-30,20:38
SWA3570,KHOU,KOMA,1,2026-09-30,14:44
SWA3570,KOMA,KLAS,5,2026-10-06,11:42
SWA3571,KRNO,KSAN,1,2026-10-05,05:38
SWA3572,KMCI,KBOS,1,2026-10-03,15:56
SWA3572,KRDU,KSTL,3,2026-10-06,00:19
SWA3573,KATL,KHOU,3,2026-10-05,19:37
SWA3573,KBNA,KSAV,1,2026-09-30,22:36
SWA3573,KRDU,KTPA,1,2026-10-06,15:23
SWA3574,KRIC,KBWI,6,2026-10-06,10:34
SWA3575,KDEN,KSDF,2,2026-10-01,00:25
SWA3576,KSEA,KSAN,1,2026-10-04,14:21
SWA3576,KSJC,KBWI,2,2026-10-01,05:47
SWA3577,KRIC,KMDW,4,2026-10-06,00:15
SWA3578,KRNO,KAUS,3,2026-10-05,18:06
SWA3578,KSAN,KRNO,1,2026-10-05,02:01
SWA3578,KSJC,KDEN,1,2026-09-30,13:52
SWA3579,KRDU,KBNA,1,2026-10-04,15:38
SWA3579,KRNO,KBUR,2,2026-10-06,19:09
SWA3579,KSJC,KDEN,1,2026-09-30,17:51
SWA358,KDEN,KMCI,2,2026-10-01,01:55
SWA358,KHOU,KLAS,1,2026-10-06,13:47
SWA358,KLAS,KSJC,1,2026-10-06,17:45
SWA358,KMCO,KIND,3,2026-10-06,22:09
SWA3580,KRNO,KDEN,5,2026-10-06,13:46
SWA3580,KSJC,KDEN,1,2026-09-30,20:57
SWA3580,KSJC,KLAX,1,2026-10-05,06:25
SWA3581,KAUS,KMIA,3,2026-10-05,22:53
SWA3581,KPHX,KSJC,1,2026-09-30,16:54
SWA3581,KSAN,KSFO,1,2026-10-05,01:22
SWA3582,KAUS,KSFO,3,2026-10-05,15:19
SWA3582,KLAS,KABQ,1,2026-10-04,14:27
SWA3582,KRNO,KLAS,3,2026-10-06,12:23
SWA3583,KDEN,KCOS,1,2026-10-03,22:34
SWA3583,KLGB,KRNO,3,2026-10-05,17:29
SWA3583,KSJC,KEUG,1,2026-09-30,17:12
SWA3584,KDAL,KSTL,1,2026-10-04,12:17
SWA3584,KOMA,KLAS,1,2026-10-03,12:09
SWA3585,KDEN,KLAX,1,2026-10-04,17:54
SWA3585,KONT,KPHX,1,2026-10-06,13:37
SWA3585,KSJC,PHNL,2,2026-10-01,02:25
SWA3585,KSTL,KMDW,1,2026-10-03,11:17
SWA3586,KDSM,KDEN,1,2026-10-04,22:56
SWA3586,KSTL,KDCA,1,2026-10-04,18:51
SWA3587,KHOU,KMSY,2,2026-10-01,01:52
SWA3587,KMDW,KOAK,1,2026-10-04,01:24
SWA3587,KSMF,KBOI,3,2026-10-06,05:40
SWA3587,KSNA,KOAK,1,2026-10-04,20:44
SWA3588,KRDU,KHOU,1,2026-10-04,16:58
SWA3588,KRNO,KLGB,3,2026-10-06,03:31
SWA3589,KBWI,KSTL,3,2026-10-05,13:30
SWA3589,KHOU,KOKC,1,2026-09-30,15:05
SWA3589,KMCO,KBWI,1,2026-10-03,10:32
SWA3589,KMIA,KBWI,1,2026-10-06,10:49
SWA3589,KPVD,KBWI,3,2026-10-05,11:16
SWA359,KAUS,KLAX,1,2026-10-05,04:11
SWA359,KAUS,KMSY,1,2026-10-03,14:00
SWA359,KMCO,KSAT,3,2026-10-05,18:41
SWA359,KMCO,KMDW,1,2026-09-30,11:50
SWA359,KPHX,KMDW,1,2026-10-06,19:31
SWA3590,KRDU,KBWI,3,2026-10-05,18:09
SWA3590,KRDU,KMCI,1,2026-10-04,21:04
SWA3591,KLAX,KPHX,3,2026-10-05,12:38
SWA3591,KTPA,KPHX,1,2026-09-30,14:37
SWA3592,KSJC,KSNA,1,2026-10-06,22:50
SWA3593,KPHX,KBUR,5,2026-10-05,15:19
SWA3593,KSJC,KLAS,2,2026-10-01,00:08
SWA3593,KSTL,KPHX,1,2026-10-04,11:02
SWA3594,KBNA,KRNO,4,2026-10-05,18:52
SWA3594,KDJT,KISP,1,2026-09-30,16:04
SWA3594,KISP,KBWI,1,2026-09-30,19:36
SWA3594,KRNO,KSAN,3,2026-10-06,23:47
SWA3594,KRNO,KLAS,1,2026-10-05,00:33
SWA3595,KDEN,KSMF,2,2026-10-01,03:43
SWA3595,KRNO,KSAN,3,2026-10-06,04:42
SWA3596,KROC,KBWI,6,2026-10-06,10:01
SWA3597,KROC,KMDW,6,2026-10-06,12:14
SWA3599,KDEN,KLGB,1,2026-10-04,14:50
SWA3599,KHOU,KSAT,2,2026-10-01,02:02
SWA3599,KMDW,KMCI,1,2026-10-06,12:59
SWA36,KHOU,KDAL,3,2026-10-06,20:59
SWA360,KAUS,KDCA,1,2026-10-04,16:47
SWA360,KBHM,KHOU,1,2026-10-03,10:08
SWA360,KMCO,KMSY,3,2026-10-05,23:04
SWA360,KSRQ,KMDW,2,2026-10-01,22:30
SWA3600,KRSW,KBNA,2,2026-10-06,18:10
SWA3601,KAUS,KABQ,1,2026-10-04,21:14
SWA3601,KMCI,KMSY,3,2026-10-06,23:11
SWA3601,KMCO,KHOU,1,2026-10-03,11:16
SWA3601,KSJC,KLAX,2,2026-10-01,02:07
SWA3602,KRSW,KBWI,5,2026-10-06,11:00
SWA3603,KRSW,KBWI,4,2026-10-05,18:50
SWA3603,KSJC,KLGB,1,2026-10-01,01:05
SWA3604,KRIC,KMDW,1,2026-10-04,12:20
SWA3604,KRSW,KBWI,3,2026-10-06,23:53
SWA3604,TJSJ,KTPA,1,2026-10-06,18:58
SWA3605,KHOU,KMCI,1,2026-10-04,21:11
SWA3605,KLAS,KRNO,2,2026-10-01,03:11
SWA3605,KMDW,KOMA,1,2026-10-03,20:17
SWA3605,KOMA,KDAL,1,2026-10-03,22:20
SWA3605,KRDU,KTPA,3,2026-10-05,22:20
SWA3606,KCLT,KMDW,2,2026-10-01,23:51
SWA3606,KRNO,KBUR,1,2026-10-04,14:12
SWA3606,KRSW,KCMH,4,2026-10-06,00:53
SWA3606,KSLC,KBNA,1,2026-10-06,18:15
SWA3607,KBUF,KMDW,1,2026-10-06,12:36
SWA3607,KLAS,KPHX,1,2026-10-04,18:29
SWA3607,KRIC,KBWI,3,2026-10-05,22:59
SWA3607,KSJC,KMDW,2,2026-10-01,06:13
SWA3608,KCOS,KDEN,2,2026-10-06,00:05
SWA3608,KOAK,KLAX,3,2026-10-05,14:28
SWA3608,KSJC,KONT,1,2026-09-30,14:20
SWA361,KAUS,KHOU,1,2026-09-30,13:00
SWA361,KBWI,KAUS,1,2026-10-06,16:17
SWA361,KBWI,KSAT,1,2026-10-04,13:59
SWA361,KMYR,KBWI,2,2026-10-02,10:27
SWA3610,KRSW,KIND,3,2026-10-06,01:01
SWA3610,KSJC,KONT,2,2026-10-01,00:18
SWA3611,KBOS,KSAN,1,2026-10-05,21:38
SWA3611,KRSW,KMCI,4,2026-10-05,12:11
SWA3612,KLAS,KTUS,1,2026-10-03,14:43
SWA3612,KPDX,KSMF,3,2026-10-06,03:28
SWA3612,KRNO,KLAS,1,2026-10-05,04:49
SWA3613,KCMH,KPHX,1,2026-10-03,19:04
SWA3613,KDAL,KMDW,1,2026-09-30,18:34
SWA3613,KMKE,KMCO,1,2026-10-05,03:11
SWA3614,KRSW,KMDW,6,2026-10-06,10:45
SWA3615,KDEN,KMEM,2,2026-10-01,00:50
SWA3615,KRSW,KMDW,3,2026-10-06,23:06
SWA3616,KBWI,KMIA,1,2026-10-04,10:19
SWA3616,KSJC,KPHX,2,2026-10-01,23:17
SWA3617,KDAL,KDCA,4,2026-10-05,12:50
SWA3617,KSAT,KDAL,2,2026-10-05,11:20
SWA3618,KSDF,KHOU,2,2026-10-06,22:41
SWA3618,KSMF,KLAX,1,2026-10-04,20:57
SWA3619,KRSW,KSTL,5,2026-10-05,17:55
SWA3619,KSJC,KSAN,1,2026-09-30,13:43
SWA3619,KSTL,KDCA,3,2026-10-05,21:15
SWA362,KBNA,KLAX,1,2026-10-05,04:09
SWA362,KBWI,KBOS,1,2026-09-30,12:08
SWA362,KDEN,KPDX,1,2026-10-03,19:08
SWA362,KLAX,KPHX,3,2026-10-06,05:55
SWA362,KOAK,KLAX,3,2026-10-06,03:44
SWA362,KPDX,KOAK,1,2026-10-03,22:24
SWA362,KPHX,KTUS,1,2026-10-03,15:14
SWA362,KTUS,KDEN,1,2026-10-03,16:42
SWA3620,KRSW,KSTL,4,2026-10-06,00:09
SWA3620,KSJC,KSAN,1,2026-09-30,15:45
SWA3621,KSAN,KABQ,1,2026-10-05,04:40
SWA3621,KSFO,KSAN,1,2026-10-06,22:34
SWA3621,KSJC,KSAN,1,2026-09-30,21:53
SWA3622,KLAS,KSAN,1,2026-10-04,22:42
SWA3622,KMCO,KMCI,1,2026-10-03,13:36
SWA3622,KSAN,KAUS,3,2026-10-06,22:36
SWA3623,KSAN,KBNA,5,2026-10-06,13:57
SWA3624,KSAN,KBNA,3,2026-10-06,22:54
SWA3624,KSAN,KCMH,1,2026-10-05,20:45
SWA3625,KLAX,KOAK,1,2026-10-04,14:30
SWA3625,KSAN,KBNA,3,2026-10-06,02:42
SWA3625,KSJC,KSAN,3,2026-10-06,00:37
SWA3626,KSAN,KBNA,4,2026-10-06,06:04
SWA3626,KSJC,KSAN,2,2026-10-01,02:37
SWA3626,KSMF,KBNA,1,2026-10-06,15:35
SWA3627,KSAN,KBOI,4,2026-10-06,06:02
SWA3627,KSJC,KSAN,2,2026-10-01,04:33
SWA3628,KRSW,KPIT,1,2026-10-04,13:27
SWA3628,KSJC,KSEA,1,2026-09-30,13:40
SWA3629,KMCO,KIND,1,2026-10-04,10:20
SWA3629,KPHX,KMSY,1,2026-09-30,18:30
SWA363,KATL,KMCO,1,2026-09-30,17:41
SWA363,KAUS,KMCI,5,2026-10-05,11:16
SWA363,KBNA,KMCO,1,2026-10-06,19:01
SWA3630,KSAN,KBWI,3,2026-10-06,21:21
SWA3630,KTPA,KPIT,1,2026-10-04,09:42
SWA3631,KMDW,KDCA,1,2026-10-04,17:32
SWA3632,KSAN,KBWI,5,2026-10-06,05:18
SWA3633,KOAK,KBUR,1,2026-10-04,19:03
SWA3634,KRSW,KIND,1,2026-10-04,10:42
SWA3635,KDAL,KTUL,1,2026-10-06,20:18
SWA3635,KSAN,KDAL,5,2026-10-06,16:42
SWA3638,KMCO,KLAX,2,2026-10-01,19:37
SWA3638,KSAN,KAUS,1,2026-10-05,00:16
SWA3638,KSAN,KDAL,1,2026-10-04,23:43
SWA3639,KBNA,KDJT,1,2026-10-04,20:39
SWA3639,KDJT,KMCO,1,2026-10-04,23:18
SWA3639,KSAN,KDAL,1,2026-10-04,01:44
SWA3639,KSLC,KSAN,2,2026-10-06,22:54
SWA3639,KSLC,KSJC,1,2026-10-03,03:33
SWA364,KAUS,KMCI,2,2026-10-05,19:47
SWA364,KBOI,KDEN,1,2026-10-04,17:36
SWA364,KFLL,KIND,1,2026-10-03,10:36
SWA364,KLAS,KRNO,2,2026-10-01,23:23
SWA364,KTUL,KLAS,1,2026-09-30,19:45
SWA3640,KCMH,KAUS,1,2026-10-04,10:09
SWA3640,KSAN,KDAL,2,2026-10-06,04:29
SWA3640,KSJC,KSNA,2,2026-10-01,02:54
SWA3641,KMDW,KBUF,2,2026-10-01,23:33
SWA3641,KSAN,KDEN,6,2026-10-06,14:04
SWA3642,KAUS,KATL,3,2026-10-05,12:38
SWA3642,KCMH,KDCA,1,2026-10-04,17:35
SWA3643,KLAS,KSAT,1,2026-10-05,03:02
SWA3643,KMDW,KCLE,1,2026-09-30,21:35
SWA3643,KRNO,KLAS,1,2026-10-06,21:17
SWA3644,KBNA,KLGA,1,2026-09-30,19:13
SWA3644,KMDW,KSAN,1,2026-10-04,11:46
SWA3644,KSAN,KFAT,4,2026-10-06,05:08
SWA3644,KSAT,KBNA,1,2026-09-30,16:00
SWA3645,KAUS,KMEM,3,2026-10-05,20:30
SWA3645,KBWI,KGSP,1,2026-10-03,22:32
SWA3645,KMDW,KBOS,1,2026-10-05,01:21
SWA3645,TJSJ,KMCO,1,2026-09-30,14:51
SWA3648,KBOI,KSMF,3,2026-10-05,20:26
SWA3648,KDCA,KFLL,1,2026-10-04,20:33
SWA3648,KTPA,KPHX,1,2026-10-03,18:10
SWA3649,KLAS,KBUR,1,2026-10-04,00:58
SWA3649,KOKC,KDAL,1,2026-10-04,14:52
SWA3649,KSMF,KHOU,1,2026-10-06,15:50
SWA3649,TJSJ,KMCO,1,2026-09-30,18:00
SWA365,KDEN,KSAT,1,2026-10-03,17:13
SWA365,KSBA,KDEN,1,2026-09-30,14:00
SWA365,KSFO,KLAS,2,2026-10-06,20:53
SWA3650,KFLL,KCMH,1,2026-10-06,00:40
SWA3650,KMDW,KMCO,1,2026-10-03,15:16
SWA3650,KPIT,KAUS,1,2026-10-04,20:42
SWA3650,TJSJ,KMCO,1,2026-09-30,22:00
SWA3651,KDEN,KPSP,1,2026-10-04,01:44
SWA3651,KHOU,KSTL,1,2026-10-06,16:39
SWA3651,KMCO,KMDW,1,2026-10-05,00:25
SWA3651,KMDW,KMSP,1,2026-10-05,03:51
SWA3652,KDEN,KBOS,2,2026-10-01,01:01
SWA3652,KPHX,KAUS,1,2026-10-04,13:21
SWA3652,KSAN,KLAS,1,2026-10-03,19:40
SWA3653,KSJC,KSAN,4,2026-10-05,19:57
SWA3654,KCLE,KMDW,1,2026-10-06,12:46
SWA3654,KMCO,KMIA,1,2026-09-30,01:47
SWA3654,KMSP,KMDW,1,2026-10-04,18:19
SWA3655,KLAS,KPSP,1,2026-10-01,03:29
SWA3655,KSAN,KRNO,1,2026-10-04,13:38
SWA3656,KLAS,KSMF,1,2026-10-04,01:35
SWA3656,KPDX,KSMF,1,2026-10-05,00:18
SWA3657,KMDW,KALB,1,2026-10-03,13:19
SWA3657,KMDW,KSEA,1,2026-10-04,15:25
SWA3657,KSEA,KSJC,1,2026-10-04,21:30
SWA3657,KSLC,KBWI,1,2026-09-30,17:32
SWA3658,KMCI,KIND,3,2026-10-05,20:54
SWA3658,KSAN,KMSY,1,2026-10-06,17:15
SWA3658,KSLC,KDEN,1,2026-09-30,12:59
SWA3658,KSTL,KDTW,1,2026-10-05,01:28
SWA3659,KDEN,KMCO,2,2026-10-01,23:30
SWA3659,KPHX,KIND,3,2026-10-05,18:18
SWA3659,KSFO,KLAX,1,2026-10-05,03:30
SWA3659,KSJC,KPHX,3,2026-10-05,15:40
SWA366,KAUS,KMCO,5,2026-10-06,10:19
SWA366,KMSY,KPHX,1,2026-09-30,15:12
SWA366,KPHX,KSAN,1,2026-09-30,19:44
SWA3660,KSAN,KOAK,4,2026-10-05,16:15
SWA3661,KMCO,KSRQ,1,2026-09-30,14:59
SWA3661,KSAN,KAUS,2,2026-10-06,04:55
SWA3661,KSRQ,KBNA,1,2026-09-30,16:35
SWA3661,KSTL,KSAN,1,2026-10-04,14:24
SWA3662,KSAN,KSAT,1,2026-10-04,17:22
SWA3662,KSLC,KDEN,1,2026-09-30,21:59
SWA3663,KSMF,KSAN,1,2026-10-05,00:57
SWA3664,KLAS,KSNA,1,2026-10-04,23:36
SWA3664,KPDX,KDEN,1,2026-10-04,19:14
SWA3664,KSLC,KHOU,1,2026-09-30,19:18
SWA3665,KABQ,KLAX,1,2026-10-04,12:05
SWA3665,KMCO,KMSY,1,2026-10-03,12:45
SWA3665,KMDW,KGRR,1,2026-10-06,15:13
SWA3665,KTPA,KALB,3,2026-10-05,14:02
SWA3666,KCLE,KBWI,1,2026-09-30,19:43
SWA3666,KMDW,KCLE,1,2026-09-30,18:01
SWA3666,KTPA,KMCI,1,2026-10-04,18:07
SWA3667,KSAN,KPDX,3,2026-10-06,00:14
SWA3667,KSJC,KSNA,1,2026-10-05,04:11
SWA3668,KDEN,KDAL,1,2026-10-04,22:01
SWA3668,KSAN,KPHX,4,2026-10-05,20:03
SWA3669,KOAK,KSAN,1,2026-10-04,21:50
SWA3669,KSAN,KPHX,2,2026-10-05,00:03
SWA3669,KSJC,KSAN,3,2026-10-05,21:13
SWA367,KBWI,KSAT,1,2026-10-04,19:16
SWA367,KCMH,KMDW,3,2026-10-06,01:16
SWA367,KOKC,KDAL,1,2026-10-03,10:43
SWA367,KSAN,KCMH,3,2026-10-06,20:39
SWA367,KSJC,KSAN,3,2026-10-05,18:22
SWA367,KSJC,KLAS,2,2026-10-01,01:27
SWA3670,KDEN,KDTW,2,2026-10-01,01:03
SWA3670,KLAX,KLAS,1,2026-10-03,12:57
SWA3670,KSAN,KPHX,1,2026-10-05,03:53
SWA3670,KSMF,KSAN,3,2026-10-06,02:47
SWA3671,KAUS,KDAL,1,2026-09-30,15:32
SWA3671,KMDW,KCLT,1,2026-10-03,13:25
SWA3671,KSAN,KDEN,1,2026-10-05,22:51
SWA3671,KTPA,KPVD,3,2026-10-06,00:07
SWA3672,KBHM,KTPA,1,2026-10-04,11:10
SWA3672,KCMH,KRSW,3,2026-10-05,19:23
SWA3672,KSMF,KONT,1,2026-10-06,22:39
SWA3673,KLBB,KSAT,1,2026-10-01,21:37
SWA3673,KSAN,KSAT,3,2026-10-06,15:49
SWA3673,KSAN,KLBB,1,2026-10-01,15:43
SWA3674,KHOU,KPNS,2,2026-10-03,05:29
SWA3674,KHOU,KNPA,1,2026-10-06,02:24
SWA3674,KLAX,KMCI,1,2026-10-05,03:05
SWA3675,KAUS,KBWI,1,2026-10-04,18:18
SWA3675,KLGB,KPHX,1,2026-10-04,00:13
SWA3675,KMSP,KMDW,1,2026-10-06,12:33
SWA3676,KSAN,KSFO,4,2026-10-05,15:05
SWA3677,KSAN,KSFO,5,2026-10-06,20:04
SWA3678,KBUR,KLAS,1,2026-10-04,22:59
SWA3678,KLAS,KBOI,1,2026-10-06,16:38
SWA3678,KSMF,KBNA,1,2026-09-30,14:33
SWA3679,KSAN,KSFO,3,2026-10-06,03:04
SWA3679,KSLC,KPHX,1,2026-10-05,00:40
SWA368,KDAL,KTPA,1,2026-10-04,16:34
SWA368,KMCO,KISP,1,2026-10-06,15:05
SWA368,KSAN,KLAS,1,2026-10-04,05:55
SWA368,KSMF,KDAL,1,2026-10-04,12:31
SWA3680,KBNA,KMCI,1,2026-10-04,12:36
SWA3680,KDAL,KABQ,2,2026-10-01,02:59
SWA3680,KDCA,KDAL,2,2026-10-01,23:14
SWA3680,KLAS,KONT,1,2026-10-06,13:52
SWA3680,KLGB,KRNO,3,2026-10-06,01:50
SWA3680,KPHX,KLAX,1,2026-10-03,17:54
SWA3681,KBWI,KMHT,1,2026-09-30,16:57
SWA3681,KBWI,KPWM,1,2026-10-03,12:42
SWA3681,KMCI,KDCA,1,2026-10-05,01:47
SWA3682,KPNS,KDAL,1,2026-10-04,11:21
SWA3682,KSMF,KBUR,1,2026-09-30,13:35
SWA3682,KSRQ,KSTL,1,2026-10-06,10:17
SWA3683,KGEG,KOAK,1,2026-10-04,21:18
SWA3683,KMCI,KLAS,1,2026-10-03,10:35
SWA3683,KOAK,KPSP,1,2026-10-05,23:59
SWA3683,KSMF,KBUR,1,2026-09-30,16:00
SWA3684,KDAL,KSAN,1,2026-10-04,20:20
SWA3684,KSMF,KBUR,1,2026-09-30,19:37
SWA3685,KSLC,KSAN,1,2026-10-04,15:34
SWA3685,KSMF,KBUR,1,2026-09-30,22:23
SWA3686,KMDW,KPHX,1,2026-10-03,14:18
SWA3686,KSJC,KEUG,3,2026-10-05,18:05
SWA3687,KSAN,KSLC,4,2026-10-05,15:43
SWA3687,KSAT,KSAN,3,2026-10-05,11:38
SWA3687,KSMF,KBUR,2,2026-10-01,00:40
SWA3688,KMDW,KPIT,2,2026-10-01,23:37
SWA3688,KRNO,KLGB,1,2026-10-05,01:57
SWA3689,KSAN,KSMF,6,2026-10-06,13:56
SWA3689,KSMF,KBUR,1,2026-09-30,17:39
SWA369,KHOU,KAUS,5,2026-10-06,20:27
SWA369,KLAS,KSAN,2,2026-10-01,03:13
SWA3690,KLAS,KHOU,1,2026-10-06,20:03
SWA3690,KSMF,KBWI,2,2026-10-01,05:50
SWA3690,KSTL,KCLT,3,2026-10-06,23:37
SWA3690,KTPA,KSTL,1,2026-10-04,16:17
SWA3691,KSAN,KSMF,4,2026-10-05,23:02
SWA3691,KSMF,KDEN,1,2026-09-30,14:14
SWA3692,KSAN,KMCO,3,2026-10-06,20:48
SWA3692,KSMF,KBOI,1,2026-10-04,01:39
SWA3693,KAUS,KMIA,1,2026-10-04,21:35
SWA3693,KMDW,KSAV,1,2026-10-03,13:20
SWA3694,KSAN,KSEA,1,2026-10-04,15:48
SWA3694,KSTL,KBOS,1,2026-10-06,15:46
SWA3695,KBNA,KGSP,1,2026-09-30,19:43
SWA3695,KSAN,KSTS,5,2026-10-06,05:05
SWA3696,KMKE,KMCI,3,2026-10-05,18:36
SWA3696,KSNA,KPHX,1,2026-10-05,23:53
SWA3697,KAUS,KBNA,1,2026-10-03,15:48
SWA3697,KSAN,KTUS,1,2026-10-06,16:10
SWA3697,KSMF,KGEG,2,2026-10-01,02:59
SWA3697,KSTL,KMIA,1,2026-10-05,01:23
SWA3697,KTUS,KDEN,2,2026-10-05,19:18
SWA3698,KBUR,KAUS,1,2026-10-05,01:48
SWA3698,KLAX,KSMF,3,2026-10-06,04:38
SWA3698,KMCO,KLAX,3,2026-10-06,22:36
SWA3698,KSAN,KABQ,1,2026-09-30,16:20
SWA3699,KSAT,KBNA,5,2026-10-05,12:09
SWA37,KCHS,KDAL,1,2026-10-03,18:12
SWA37,KDAL,KHOU,2,2026-10-06,21:35
SWA370,KAUS,KMCO,5,2026-10-06,00:29
SWA370,KAUS,KDAL,1,2026-10-01,23:15
SWA370,KDAL,KMDW,2,2026-10-01,01:46
SWA370,KMCO,KMIA,1,2026-10-05,05:10
SWA370,KSJC,KAUS,1,2026-10-05,22:17
SWA3700,KDCA,KSTL,1,2026-10-04,17:04
SWA3700,KSAT,KBNA,3,2026-10-06,23:13
SWA3701,KSAT,KBWI,3,2026-10-05,10:24
SWA3701,KSMF,KLAS,1,2026-09-30,12:44
SWA3702,KSAT,KBWI,2,2026-10-04,19:40
SWA3702,KSMF,KLAS,1,2026-09-30,22:24
SWA3703,KSJC,KSEA,1,2026-10-05,03:25
SWA3703,KSTL,KMCO,2,2026-10-01,00:18
SWA3704,KBNA,KSAN,1,2026-10-04,20:04
SWA3704,KSEA,KPHX,1,2026-10-06,13:06
SWA3705,KDEN,KLIT,4,2026-10-06,19:18
SWA3705,KLIT,KBNA,4,2026-10-06,21:53
SWA3705,KSAN,KSJC,1,2026-10-05,05:50
SWA3706,KBUR,KLAS,1,2026-10-04,17:33
SWA3706,KMSY,KMCO,1,2026-10-06,10:57
SWA3706,KSAN,KBOS,2,2026-10-01,23:12
SWA3707,KBUR,KRNO,1,2026-10-05,05:24
SWA3707,KRSW,KPIT,3,2026-10-05,21:36
SWA3707,KSMF,KLAX,2,2026-10-01,01:18
SWA3708,KSAT,KDAL,1,2026-10-05,03:37
SWA3709,KSAT,KDEN,3,2026-10-06,11:32
SWA371,KBDL,KMCO,1,2026-09-30,19:51
SWA371,KBNA,KAUS,1,2026-10-03,10:28
SWA371,KBWI,KBDL,1,2026-09-30,17:51
SWA371,KCLE,KBWI,1,2026-09-30,15:42
SWA371,KDEN,KSMF,1,2026-10-06,18:52
SWA371,KMCI,KHOU,1,2026-10-05,01:44
SWA371,KSJC,KBUR,3,2026-10-05,14:29
SWA3710,KDEN,KMKE,4,2026-10-05,17:32
SWA3710,KHOU,KMAF,1,2026-10-04,22:39
SWA3710,KSNA,KPHX,1,2026-10-06,20:45
SWA3711,KLAX,KSMF,1,2026-10-04,16:04
SWA3711,KSAT,KDEN,3,2026-10-05,16:55
SWA3712,KSAN,KSMF,1,2026-10-05,03:48
SWA3712,KSAT,KDEN,1,2026-10-04,22:37
SWA3712,KSMF,KEUG,3,2026-10-06,05:43
SWA3712,KSMF,KLGB,1,2026-09-30,22:14
SWA3713,KMSP,KBWI,1,2026-10-03,21:04
SWA3713,KSTL,KHOU,2,2026-10-01,22:49
SWA3714,KMIA,KMDW,1,2026-10-04,19:02
SWA3714,KSLC,KMDW,1,2026-10-06,14:30
SWA3715,KSAT,KHOU,4,2026-10-05,19:04
SWA3715,KSMF,KMDW,1,2026-09-30,18:34
SWA3716,KMSY,KLAX,1,2026-10-05,20:44
SWA3716,KSAT,KHOU,3,2026-10-06,02:25
SWA3716,KSMF,KMDW,2,2026-10-01,07:06
SWA3717,KLAS,KGEG,1,2026-10-03,17:07
SWA3717,KLAS,KOAK,1,2026-10-04,18:31
SWA3717,KSMF,KONT,1,2026-09-30,14:02
SWA3718,KSAT,KLAS,1,2026-10-06,13:02
SWA3719,KBUF,KBWI,1,2026-10-03,19:45
SWA3719,KPDX,KSAN,1,2026-10-04,15:19
SWA3719,KSAT,KLAS,2,2026-10-05,20:04
SWA372,KAUS,KMDW,6,2026-10-06,10:25
SWA372,KLAS,KSJC,1,2026-09-30,20:19
SWA372,KMDW,KSTL,1,2026-10-04,13:15
SWA3720,KLAS,KLIT,1,2026-09-30,15:26
SWA3720,KPHX,KSLC,1,2026-10-05,04:55
SWA3721,KMDW,KTUL,1,2026-10-04,00:26
SWA3721,KSAT,KLAS,4,2026-10-06,02:31
SWA3722,KPIT,KTPA,1,2026-10-05,01:28
SWA3722,KSAT,KMCI,4,2026-10-06,17:40
SWA3723,KDEN,KOKC,4,2026-10-05,14:43
SWA3723,KSTL,KLAS,1,2026-10-06,12:32
SWA3723,KTUL,KBNA,1,2026-09-30,19:49
SWA3724,KSAT,KMDW,4,2026-10-05,14:30
SWA3725,KSAT,KMDW,4,2026-10-05,20:59
SWA3726,KOMA,KLGA,3,2026-10-05,17:04
SWA3726,KRNO,KSAN,1,2026-10-05,01:37
SWA3726,KSMF,KPDX,2,2026-10-01,03:20
SWA3727,KSAT,KPHX,4,2026-10-06,11:43
SWA3727,KSEA,KSJC,1,2026-10-05,05:25
SWA3728,KDEN,KSNA,4,2026-10-06,01:00
SWA3729,KSAT,KPHX,3,2026-10-06,22:19
SWA3729,KSFO,KAUS,1,2026-10-05,21:47
SWA3729,KSMF,KPHX,2,2026-10-01,02:11
SWA373,KAUS,KMDW,4,2026-10-05,14:54
SWA373,KMCO,KBWI,1,2026-09-30,20:20
SWA3730,KMDW,KPVD,1,2026-10-03,21:47
SWA3730,KSAT,KPHX,4,2026-10-06,03:25
SWA3730,KSMF,KPHX,2,2026-10-01,00:33
SWA3731,KSAT,KSTL,1,2026-10-04,12:32
SWA3731,KTPA,KCMH,3,2026-10-05,19:03
SWA3732,KSAT,KSTL,3,2026-10-06,22:21
SWA3732,KSAT,KDEN,1,2026-10-04,15:14
SWA3732,KSTL,KDCA,3,2026-10-06,01:05
SWA3733,KSBA,KSMF,1,2026-10-05,03:12
SWA3734,KSAV,KBNA,6,2026-10-06,11:00
SWA3734,KSMF,KSAN,1,2026-09-30,20:30
SWA3735,KSAV,KBNA,4,2026-10-05,17:59
SWA3735,KSMF,KSAN,1,2026-09-30,21:41
SWA3736,KRSW,KCMH,1,2026-10-05,01:05
SWA3736,KSAV,KBNA,3,2026-10-06,01:25
SWA3737,KMDW,KLGA,1,2026-10-04,16:25
SWA3737,KSAV,KBWI,4,2026-10-05,12:22
SWA3737,KSTL,KMCO,1,2026-10-06,12:18
SWA3738,KIND,KDEN,5,2026-10-06,00:24
SWA3738,KMDW,KORF,1,2026-09-30,14:35
SWA3739,KSBA,KLAS,6,2026-10-06,12:39
SWA374,KLAS,KSAN,3,2026-10-06,02:00
SWA374,KMCO,KCLE,1,2026-10-04,18:26
SWA374,KMDW,KCLE,2,2026-10-01,23:40
SWA374,KSAN,KOAK,3,2026-10-06,03:42
SWA374,KSMF,KLAS,3,2026-10-05,21:38
SWA374,KTUS,KMDW,1,2026-10-03,14:37
SWA3740,KICT,KLAS,1,2026-10-04,23:10
SWA3740,KLAS,KSJC,1,2026-10-05,23:27
SWA3741,KSBA,KOAK,3,2026-10-05,13:46
SWA3741,KSJC,KLGB,1,2026-10-04,18:59
SWA3742,KBNA,KLAX,2,2026-10-01,02:36
SWA3742,KPHX,KSAN,2,2026-10-05,16:43
SWA3742,KTUS,KLAX,1,2026-10-04,17:12
SWA3744,KLAS,KSTL,2,2026-10-06,21:47
SWA3744,KMDW,KONT,1,2026-10-04,00:49
SWA3744,KSAT,KMCO,1,2026-10-04,16:25
SWA3744,KSEA,KHOU,1,2026-09-30,16:09
SWA3744,KSMF,KSEA,1,2026-09-30,13:18
SWA3745,KPHX,KSNA,1,2026-09-30,16:36
SWA3745,KSDF,KMCO,6,2026-10-06,11:57
SWA3746,KIND,KMCO,1,2026-10-03,15:19
SWA3747,KSMF,KSLC,2,2026-10-01,03:25
SWA3748,KSAT,KMSY,1,2026-10-04,12:53
SWA3748,KSDF,KMDW,3,2026-10-05,19:48
SWA3749,KSAT,KBIF,1,2026-10-06,03:05
SWA3749,KSJC,KLAS,1,2026-09-30,21:45
SWA3749,KSMF,KSNA,1,2026-10-04,14:29
SWA375,KBHM,KMDW,2,2026-10-05,21:22
SWA375,KDEN,KBHM,3,2026-10-05,18:10
SWA375,KLAS,KSLC,1,2026-09-30,21:15
SWA375,KLAS,KTUS,1,2026-10-04,01:08
SWA375,KSJC,KSAN,1,2026-10-04,18:04
SWA375,KSLC,KDEN,2,2026-10-01,23:12
SWA3750,KABQ,KHOU,1,2026-10-03,20:27
SWA3750,KATL,KBNA,1,2026-10-06,15:27
SWA3750,KDEN,KGEG,2,2026-10-01,03:26
SWA3750,KPHX,KBNA,1,2026-10-05,21:22
SWA3751,KLGB,KRNO,1,2026-10-05,03:37
SWA3751,KSMF,KSNA,1,2026-09-30,20:38
SWA3752,KLAX,KBNA,1,2026-10-03,18:20
SWA3752,KSMF,KSNA,1,2026-10-04,19:56
SWA3753,KSEA,KDEN,6,2026-10-06,13:30
SWA3753,KSMF,KSNA,2,2026-10-01,01:25
SWA3754,KSEA,KDEN,6,2026-10-06,18:41
SWA3754,KSMF,KSEA,1,2026-10-06,13:36
SWA3755,KLGB,KSLC,1,2026-10-04,14:06
SWA3755,KSEA,KDEN,2,2026-10-05,21:53
SWA3755,KSMF,KSEA,3,2026-10-05,19:02
SWA3755,KSMF,KSTL,1,2026-09-30,19:35
SWA3756,KTPA,KBUF,1,2026-10-05,00:14
SWA3757,KSEA,KLAS,4,2026-10-06,04:13
SWA3757,KSNA,KDAL,1,2026-09-30,14:57
SWA3757,KSTL,KPHL,1,2026-10-06,17:25
SWA3758,KBNA,KMEM,2,2026-10-01,02:20
SWA3758,KSAV,KBWI,1,2026-10-04,16:58
SWA3759,KSEA,KMDW,5,2026-10-06,07:39
SWA3759,KSNA,KDEN,2,2026-10-01,22:45
SWA376,KAUS,KMDW,3,2026-10-06,03:52
SWA376,KBNA,KMCO,1,2026-10-04,23:23
SWA376,KDEN,KOMA,1,2026-10-06,17:04
SWA376,KDEN,KSAT,1,2026-10-04,17:26
SWA376,KMDW,KMCO,1,2026-09-30,17:34
SWA376,KOMA,KBNA,1,2026-10-06,19:00
SWA3760,KATL,KBWI,1,2026-10-05,02:58
SWA3760,KDAL,KLAS,1,2026-09-30,19:21
SWA3760,KMCI,KDAL,1,2026-09-30,17:00
SWA3760,KPHX,KSAN,1,2026-10-04,00:02
SWA3761,KBHM,KDAL,1,2026-09-30,19:51
SWA3761,KCMH,KFLL,1,2026-10-05,22:46
SWA3761,KMCO,KBHM,1,2026-09-30,17:45
SWA3761,KSEA,KPHX,4,2026-10-06,18:48
SWA3762,KBNA,KLGA,1,2026-10-04,17:01
SWA3762,KLAS,KMCI,3,2026-10-06,03:59
SWA3762,KSNA,KLAS,1,2026-09-30,18:28
SWA3763,KSEA,KSAN,4,2026-10-06,16:04
SWA3764,KBUF,KTPA,1,2026-10-04,10:14
SWA3765,KSEA,KSJC,2,2026-10-04,17:36
SWA3766,KDEN,KSEA,1,2026-10-03,20:38
SWA3766,KSEA,KSJC,4,2026-10-05,20:35
SWA3767,KSMF,KLAS,1,2026-10-05,06:16
SWA3767,KSNA,KOAK,1,2026-09-30,22:01
SWA3768,KFLL,KMDW,1,2026-09-30,21:13
SWA3768,KSEA,KSMF,4,2026-10-05,12:39
SWA3769,KDEN,KSEA,1,2026-10-04,14:44
SWA377,KBNA,KBWI,1,2026-10-03,20:28
SWA377,KLAS,KMSY,1,2026-10-05,04:02
SWA377,KLAS,KOAK,1,2026-10-06,22:39
SWA377,KSNA,KSJC,2,2026-10-01,02:54
SWA377,KSTL,KBNA,3,2026-10-05,16:50
SWA3770,KBNA,KPWM,1,2026-10-04,16:26
SWA3770,KSEA,KSMF,3,2026-10-06,23:23
SWA3771,KSFO,KBNA,1,2026-10-05,06:17
SWA3771,KSMF,KDEN,1,2026-09-30,19:04
SWA3772,KABQ,KHOU,1,2026-09-30,13:09
SWA3772,KSFO,KBUR,4,2026-10-06,02:05
SWA3773,KDEN,KRNO,1,2026-10-04,01:59
SWA3773,KMEM,KDEN,1,2026-10-05,23:52
SWA3774,KSFO,KDEN,6,2026-10-06,13:22
SWA3774,KSNA,KPHX,1,2026-09-30,20:04
SWA3776,KDAL,KABQ,1,2026-10-01,01:10
SWA3776,KSFO,KDEN,4,2026-10-05,19:49
SWA3777,KBWI,KLAX,1,2026-10-06,18:34
SWA3777,KLAS,KSFO,1,2026-10-03,16:44
SWA3777,KPHX,KBNA,1,2026-10-04,14:31
SWA3778,KCOS,KHOU,1,2026-09-30,17:02
SWA3778,KLAS,KSFO,3,2026-10-05,15:57
SWA3778,KSEA,KLGB,1,2026-10-04,17:55
SWA3779,KSFO,KLAS,3,2026-10-06,06:25
SWA3779,KSTL,KLGA,1,2026-10-06,20:47
SWA378,KBNA,KBUF,1,2026-10-03,15:45
SWA378,KBUF,KPHX,1,2026-10-03,18:22
SWA378,KHOU,KTUL,1,2026-10-04,13:06
SWA378,KLAS,KDAL,2,2026-10-01,01:05
SWA378,KSAN,KSFO,1,2026-10-06,18:42
SWA378,KSJC,KSAN,3,2026-10-06,03:01
SWA378,KTUL,KMCO,1,2026-10-04,15:25
SWA3780,KSFO,KLAX,2,2026-10-05,23:35
SWA3780,KSNA,KSJC,1,2026-09-30,14:04
SWA3781,KATL,KDAL,1,2026-10-03,21:47
SWA3781,KMIA,KMCO,1,2026-10-04,10:04
SWA3782,KSFO,KMDW,5,2026-10-06,07:36
SWA3783,KRIC,KMDW,1,2026-10-03,12:43
SWA3783,KSEA,KPHX,1,2026-10-04,19:15
SWA3783,KSFO,KPHX,3,2026-10-05,20:13
SWA3784,KBNA,KONT,1,2026-10-03,17:34
SWA3784,KBWI,KFLL,1,2026-10-06,12:18
SWA3784,KPHX,KSAN,1,2026-10-05,03:13
SWA3784,KSAN,KSJC,1,2026-10-05,05:14
SWA3785,KMSY,KTPA,1,2026-10-04,21:02
SWA3785,KSFO,KSAN,4,2026-10-06,13:46
SWA3786,KSEA,KAUS,3,2026-10-05,16:51
SWA3786,KSJC,KSEA,3,2026-10-05,13:21
SWA3786,KSJC,KLAX,1,2026-10-04,17:06
SWA3786,KSJC,KSAN,1,2026-10-03,17:05
SWA3786,KSNA,KSJC,2,2026-10-01,03:40
SWA3787,KSFO,KSAN,3,2026-10-06,01:03
SWA3787,KSJC,KLAX,1,2026-10-04,22:39
SWA3788,KSAN,KPHX,2,2026-10-06,05:50
SWA3788,KSFO,KSAN,3,2026-10-06,03:41
SWA3788,KSJC,KSNA,1,2026-10-04,20:57
SWA3789,KSFO,KSTL,1,2026-10-06,20:21
SWA3789,KSMF,KMCI,1,2026-10-05,23:08
SWA379,KBWI,KDEN,1,2026-10-04,11:47
SWA379,KDEN,KDSM,1,2026-09-30,17:33
SWA379,KDSM,KMDW,1,2026-09-30,19:52
SWA379,KSAN,KSFO,1,2026-10-03,21:10
SWA379,KSNA,KDEN,2,2026-10-06,04:04
SWA3790,KSJC,KAUS,4,2026-10-05,13:43
SWA3791,KSLC,KSMF,1,2026-10-05,03:13
SWA3792,KSJC,KAUS,4,2026-10-06,04:06
SWA3793,KBUF,KBNA,1,2026-10-03,14:14
SWA3793,KSJC,KBNA,2,2026-10-06,19:39
SWA3794,KSTL,KRSW,1,2026-10-04,10:52
SWA3795,KSTL,KSRQ,1,2026-10-04,19:16
SWA3796,KDAL,KSAN,1,2026-10-04,00:43
SWA3796,KSEA,KMDW,1,2026-10-04,12:49
SWA3796,KSRQ,KBWI,1,2026-09-30,16:52
SWA3796,KTPA,KDAL,1,2026-10-06,10:57
SWA3797,KSJC,KBUR,6,2026-10-06,19:42
SWA3797,KSRQ,KMCO,1,2026-09-30,11:24
SWA3798,KMDW,KMCO,4,2026-10-05,14:26
SWA3798,KSFO,KDEN,1,2026-10-05,04:46
SWA3798,KSTL,KATL,1,2026-09-30,15:25
SWA3799,KSJC,KBUR,4,2026-10-06,00:40
SWA3799,KTPA,KMKE,1,2026-10-04,13:30
SWA38,KDAL,KBNA,1,2026-10-01,23:18
SWA38,KHOU,KDAL,1,2026-09-30,20:46
SWA380,KBWI,KDAL,1,2026-10-04,10:36
SWA380,KDAL,KOMA,1,2026-10-04,14:48
SWA380,KHOU,KPHX,1,2026-09-30,14:59
SWA380,KOMA,KPHX,1,2026-10-04,17:30
SWA380,KSTL,KOMA,3,2026-10-05,13:46
SWA3800,KAUS,KSLC,1,2026-10-04,11:36
SWA3800,KSTL,KATL,2,2026-10-01,00:20
SWA3801,KDEN,KALB,2,2026-10-01,22:47
SWA3801,KSJC,KBWI,4,2026-10-06,05:11
SWA3801,KSMF,KSAN,1,2026-10-03,16:48
SWA3802,KSJC,KDEN,6,2026-10-06,13:34
SWA3803,KBOS,KBNA,1,2026-10-04,12:46
SWA3803,KBWI,KBOS,1,2026-10-03,14:50
SWA3803,KMDW,KPHX,3,2026-10-06,05:24
SWA3803,KSTL,KAUS,2,2026-10-01,02:45
SWA3804,KLGB,KSJC,1,2026-10-04,19:45
SWA3804,KSJC,KDEN,4,2026-10-05,20:01
SWA3804,KSTL,KBNA,1,2026-09-30,12:19
SWA3805,KFAT,KSAN,1,2026-10-05,02:12
SWA3805,KSJC,KDEN,3,2026-10-06,22:25
SWA3805,KSNA,KSJC,1,2026-10-03,22:59
SWA3805,KSTL,KBNA,1,2026-09-30,15:32
SWA3806,KDCA,KATL,1,2026-10-04,16:40
SWA3806,KSJC,KDEN,2,2026-10-06,03:17
SWA3806,KSTL,KBNA,1,2026-09-30,19:46
SWA3807,KDTW,KSTL,1,2026-09-30,19:43
SWA3807,KSTL,KBNA,1,2026-09-30,21:46
SWA3808,KLAX,KABQ,1,2026-10-04,14:22
SWA3809,KSJC,KHOU,3,2026-10-06,14:40
SWA381,KBWI,KMHT,1,2026-10-06,18:00
SWA381,KDCA,KMDW,1,2026-10-04,14:03
SWA381,KMDW,KTUS,1,2026-10-04,17:53
SWA381,KMKE,KBWI,1,2026-10-06,15:26
SWA381,KSTL,KMKE,1,2026-10-06,13:42
SWA381,KTUL,KDAL,3,2026-10-05,10:53
SWA381,KTUL,KMSY,1,2026-10-01,10:49
SWA381,KTUS,KLAS,1,2026-10-04,22:29
SWA381,KTUS,KLAX,1,2026-09-30,16:34
SWA3810,KMDW,KSJC,2,2026-10-01,01:45
SWA3810,KSJC,KLAS,3,2026-10-05,13:47
SWA3811,KSJC,KLAS,3,2026-10-05,22:45
SWA3811,KSTL,KBWI,1,2026-09-30,10:53
SWA3812,KLAS,KABQ,1,2026-10-04,01:39
SWA3812,KOAK,KLAX,1,2026-10-05,01:47
SWA3812,KSJC,KLAS,3,2026-10-06,23:25
SWA3812,KSTL,KBWI,1,2026-09-30,13:07
SWA3813,KAUS,KMCO,1,2026-10-03,21:43
SWA3813,KPVD,KBWI,1,2026-10-04,21:34
SWA3813,KSTL,KBWI,1,2026-09-30,18:44
SWA3814,KSJC,KLAS,1,2026-10-05,06:02
SWA3815,KDEN,KSLC,1,2026-09-30,22:22
SWA3815,KSJC,KLAS,3,2026-10-06,05:44
SWA3815,KSTL,KRSW,1,2026-10-06,11:06
SWA3816,KMDW,KMSP,1,2026-09-30,22:52
SWA3816,KOAK,KMDW,1,2026-09-30,17:53
SWA3816,KPHX,KLAS,1,2026-10-05,06:19
SWA3817,KBNA,KPVD,1,2026-10-03,15:21
SWA3817,KLGA,KSTL,1,2026-10-04,16:30
SWA3818,KSFO,KPHX,1,2026-10-05,03:43
SWA3819,KPHX,KMSY,2,2026-10-04,15:40
SWA382,KBWI,KSRQ,1,2026-10-04,19:08
SWA382,KLAS,KDAL,2,2026-10-05,12:15
SWA382,KLAS,KMAF,1,2026-10-01,12:08
SWA382,KMAF,KDAL,1,2026-10-01,17:13
SWA382,KMCO,KSTL,1,2026-10-03,10:16
SWA382,KMDW,KMKE,1,2026-10-04,15:10
SWA382,KMKE,KBWI,1,2026-10-04,16:36
SWA3820,KMCO,KPIT,1,2026-10-04,17:37
SWA3820,KTPA,KMSY,1,2026-10-06,21:49
SWA3821,KBNA,KDCA,4,2026-10-05,22:16
SWA3821,KLGB,KBNA,4,2026-10-06,17:16
SWA3821,KSTL,KDAL,2,2026-10-01,02:31
SWA3822,KPDX,KDEN,1,2026-10-05,01:35
SWA3822,KSJC,KLGB,4,2026-10-06,17:27
SWA3823,KBOS,KBWI,1,2026-09-30,22:15
SWA3823,KSJC,KLGB,4,2026-10-06,02:56
SWA3824,KDEN,KOMA,1,2026-09-30,20:33
SWA3824,KOMA,KHOU,2,2026-10-01,22:44
SWA3824,KSJC,KMDW,5,2026-10-06,06:08
SWA3825,KMSY,KDEN,3,2026-10-05,13:53
SWA3825,KPDX,KOAK,1,2026-10-05,04:24
SWA3826,KSJC,KONT,5,2026-10-05,18:21
SWA3826,KSTL,KDEN,1,2026-09-30,12:14
SWA3826,KSTS,KLAS,1,2026-10-06,20:38
SWA3827,KPIT,KSAN,1,2026-10-04,17:49
SWA3827,KSLC,KDAL,1,2026-10-03,13:57
SWA3827,KSTL,KDEN,1,2026-09-30,13:48
SWA3827,KTPA,KALB,1,2026-10-06,13:21
SWA3828,KBNA,KBOS,1,2026-10-04,16:12
SWA3828,KBWI,KBOS,1,2026-10-04,00:50
SWA3829,KSJC,KPDX,3,2026-10-05,13:25
SWA383,KAUS,KMSY,5,2026-10-06,19:19
SWA383,KMCO,KRSW,1,2026-10-03,15:02
SWA383,KMSY,KMDW,1,2026-10-06,21:55
SWA383,KSTL,KOMA,1,2026-09-30,13:31
SWA3830,KHOU,KOKC,2,2026-10-01,02:05
SWA3830,KPVD,KTPA,1,2026-10-04,10:18
SWA3830,KSJC,KPDX,3,2026-10-05,21:33
SWA3831,KPHX,KSNA,1,2026-10-05,01:30
SWA3831,KSJC,KPDX,4,2026-10-06,05:44
SWA3831,KSNA,KSJC,1,2026-10-05,03:19
SWA3831,KSTL,KDEN,2,2026-10-01,23:46
SWA3832,KSJC,KPHX,5,2026-10-06,13:33
SWA3832,KSTL,KDEN,2,2026-10-01,02:00
SWA3833,KPHX,KMCO,1,2026-10-03,16:13
SWA3833,KSJC,KPHX,1,2026-10-03,13:25
SWA3833,KSTL,KDTW,1,2026-09-30,16:15
SWA3834,KIND,KMDW,1,2026-09-30,11:58
SWA3834,KSJC,KPHX,5,2026-10-05,17:54
SWA3836,KSMF,KHOU,1,2026-09-30,18:46
SWA3837,KBNA,KBUR,1,2026-10-06,19:22
SWA3837,KMKE,KBNA,1,2026-10-06,17:21
SWA3837,KSJC,KLAX,1,2026-10-05,01:10
SWA3837,KSMF,KDEN,4,2026-10-05,18:03
SWA3837,KSTL,KECP,1,2026-09-30,19:19
SWA3838,KSJC,KPHX,3,2026-10-06,03:37
SWA3839,KSLC,KSMF,1,2026-10-04,12:06
SWA3839,KTUL,KDAL,1,2026-10-06,17:02
SWA384,KAUS,KLAX,3,2026-10-06,01:45
SWA384,KLAX,KSFO,3,2026-10-06,05:34
SWA384,KPHL,KDEN,1,2026-09-30,16:49
SWA384,KSJC,KBUR,1,2026-10-03,15:07
SWA3841,KDAL,KSMF,1,2026-10-05,03:59
SWA3841,KMSY,KBNA,1,2026-10-03,20:33
SWA3842,KSJC,KSAN,3,2026-10-06,04:27
SWA3842,KSMF,KBUR,1,2026-10-04,21:36
SWA3843,KBWI,KMHT,1,2026-10-03,14:54
SWA3843,KSMF,KLAX,1,2026-10-05,23:51
SWA3843,KSTL,KHOU,2,2026-10-01,02:22
SWA3844,KAUS,KMDW,1,2026-10-04,22:02
SWA3844,KBNA,KBWI,1,2026-10-01,23:07
SWA3844,KSJC,KLAX,1,2026-10-04,19:44
SWA3845,KDAL,KSMF,1,2026-10-04,22:21
SWA3845,KMSY,KDAL,1,2026-10-06,12:36
SWA3845,KSMF,KPDX,1,2026-10-05,02:17
SWA3845,KSTL,KLAS,1,2026-09-30,10:47
SWA3846,KSJC,KSNA,4,2026-10-05,14:12
SWA3846,KSTL,KDCA,1,2026-10-04,21:05
SWA3846,KSTL,KLAS,1,2026-09-30,16:45
SWA3846,KTPA,KCMH,1,2026-10-06,18:42
SWA3847,KSJC,KSNA,4,2026-10-05,15:36
SWA3848,KSJC,KSNA,3,2026-10-05,17:12
SWA3848,KTPA,KATL,1,2026-10-05,00:51
SWA3849,KLAS,KMKE,1,2026-09-30,18:31
SWA3849,KOAK,KABQ,1,2026-10-06,18:34
SWA3849,KSJC,KSNA,4,2026-10-05,19:11
SWA385,KABQ,KPHX,5,2026-10-06,19:15
SWA385,KDTW,KMDW,1,2026-10-04,12:24
SWA385,KMDW,KABQ,3,2026-10-05,15:08
SWA385,KPHX,KSAN,2,2026-10-03,23:27
SWA385,KPHX,KLAX,1,2026-10-06,20:42
SWA385,KPHX,KMKE,1,2026-09-30,16:52
SWA3850,KDEN,KAUS,1,2026-10-06,16:03
SWA3850,KDEN,KPDX,1,2026-10-04,14:51
SWA3850,KSTL,KLAX,2,2026-10-01,02:56
SWA3851,KSJC,KSNA,2,2026-10-05,00:35
SWA3851,KSNA,KPHX,2,2026-10-05,22:16
SWA3851,KSNA,KLAS,1,2026-10-04,01:51
SWA3852,KSJC,KSNA,4,2026-10-06,02:26
SWA3853,KBUF,KMDW,1,2026-09-30,00:13
SWA3853,KBWI,KBUF,1,2026-09-30,20:51
SWA3854,KDEN,KCOS,1,2026-10-05,05:12
SWA3854,KLAS,KTUS,1,2026-09-30,22:46
SWA3854,KSLC,KDEN,1,2026-10-05,03:12
SWA3855,KTPA,KCMH,1,2026-10-04,09:38
SWA3855,KTPA,KFLL,1,2026-10-06,19:57
SWA3855,TJSJ,KBWI,3,2026-10-05,09:44
SWA3856,KLGA,KHOU,1,2026-09-30,16:01
SWA3856,KTPA,KIND,1,2026-10-05,02:01
SWA3857,KAUS,KDAL,2,2026-10-05,19:52
SWA3857,KBNA,KDAL,2,2026-10-05,02:04
SWA3857,KSTL,KMCO,1,2026-09-30,11:31
SWA3858,KJAX,KBWI,1,2026-10-06,20:12
SWA3858,KSTL,KMCO,1,2026-09-30,15:59
SWA3858,KTPA,KRDU,1,2026-10-04,14:25
SWA3859,TJSJ,KMCO,5,2026-10-05,10:47
SWA386,KBNA,MMUN,2,2026-10-03,16:04
SWA3860,KMCO,KMIA,1,2026-09-30,14:49
SWA3860,TJSJ,KMCO,5,2026-10-06,14:29
SWA3861,KSTL,KMDW,1,2026-09-30,11:42
SWA3861,TJSJ,KMCO,5,2026-10-06,17:01
SWA3862,KAUS,KLBB,1,2026-10-05,03:54
SWA3862,KPHX,KONT,1,2026-10-04,01:28
SWA3862,KSTL,KMDW,1,2026-09-30,15:57
SWA3863,KCOS,KLAS,2,2026-10-01,23:40
SWA3863,KLAS,KSTL,1,2026-10-05,01:56
SWA3863,KSJC,KLAS,1,2026-10-03,14:43
SWA3864,KSTL,KMDW,1,2026-09-30,21:11
SWA3864,TJSJ,KMCO,4,2026-10-06,03:15
SWA3865,KLGB,KMDW,1,2026-10-06,14:04
SWA3865,KSAT,KLAS,1,2026-10-03,18:03
SWA3865,KSTL,KMDW,2,2026-10-01,01:56
SWA3866,KBNA,KDCA,1,2026-10-04,11:43
SWA3866,KDEN,KLIT,1,2026-09-30,17:24
SWA3866,KLIT,KBNA,1,2026-09-30,20:11
SWA3866,KSLC,KAUS,4,2026-10-06,12:36
SWA3867,KBUF,KMDW,1,2026-10-06,18:45
SWA3867,KMAF,KDAL,1,2026-09-30,11:54
SWA3867,KMCO,KIND,1,2026-10-05,01:44
SWA3867,KSJC,KBNA,1,2026-10-03,13:20
SWA3867,KTPA,KBUF,1,2026-10-06,14:48
SWA3868,KLAS,KSLC,1,2026-10-04,16:21
SWA3868,KSLC,KBNA,2,2026-10-04,19:14
SWA3869,KBUR,KSJC,1,2026-10-05,02:18
SWA3869,KMKE,KMDW,1,2026-10-03,11:08
SWA3869,KSLC,KBWI,3,2026-10-06,22:02
SWA3870,KBUR,KLAS,4,2026-10-05,14:37
SWA3870,KCOS,KHOU,1,2026-10-04,17:47
SWA3870,KSTL,KMSY,1,2026-09-30,13:37
SWA3871,KBNA,KGSP,1,2026-10-03,19:59
SWA3871,KLAS,KBNA,1,2026-09-30,18:54
SWA3871,KMKE,KLAS,1,2026-10-04,14:01
SWA3872,KSJC,KSAN,1,2026-10-05,23:51
SWA3872,KSLC,KDEN,3,2026-10-05,12:12
SWA3873,KDEN,KBZN,1,2026-09-30,15:25
SWA3873,KSLC,KDEN,6,2026-10-06,15:26
SWA3874,KSJC,KSNA,1,2026-10-04,18:17
SWA3874,KSLC,KDEN,4,2026-10-05,16:37
SWA3875,KLAS,KMKE,1,2026-09-30,15:10
SWA3875,KSLC,KDEN,1,2026-10-04,17:43
SWA3876,KCLE,KBNA,1,2026-10-03,17:58
SWA3876,KONT,KPHX,1,2026-10-01,02:41
SWA3877,KMDW,KSTL,1,2026-09-30,15:18
SWA3877,KPHX,KSMF,1,2026-09-30,21:04
SWA3877,KSLC,KDEN,4,2026-10-06,22:57
SWA3877,KSTL,KPHX,1,2026-09-30,17:13
SWA3878,KSLC,KDEN,3,2026-10-06,01:05
SWA3878,KSTL,KPHX,2,2026-10-01,03:41
SWA3878,KTPA,KSAT,1,2026-10-06,13:07
SWA3879,KONT,KPHX,1,2026-10-04,13:16
SWA3879,KSTL,KPIT,1,2026-09-30,15:50
SWA3880,KSLC,KLAS,4,2026-10-05,12:41
SWA3881,KDEN,KSAT,1,2026-10-06,16:58
SWA3881,KLGB,KOAK,1,2026-10-04,21:40
SWA3881,KMIA,KBWI,1,2026-09-30,11:39
SWA3881,KPHX,KSLC,1,2026-10-04,00:10
SWA3882,KHOU,KSLC,1,2026-10-03,13:44
SWA3882,KLAS,KSMF,1,2026-10-06,13:10
SWA3882,KTPA,KBNA,1,2026-10-04,14:45
SWA3883,KSLC,KLGB,3,2026-10-06,02:10
SWA3884,KLAX,KMDW,1,2026-10-04,13:45
SWA3884,KMDW,KMCO,4,2026-10-06,18:46
SWA3884,KSTL,KRSW,1,2026-09-30,15:36
SWA3885,KMCI,KDEN,1,2026-10-05,02:56
SWA3885,KMCO,KDAL,1,2026-10-03,11:31
SWA3885,KMIA,KBWI,1,2026-09-30,20:15
SWA3885,KSLC,KMDW,3,2026-10-05,19:58
SWA3886,KABQ,KPHX,1,2026-10-05,04:54
SWA3886,KSTL,KSAN,1,2026-09-30,13:35
SWA3887,KPHX,KBUR,1,2026-09-30,22:03
SWA3888,KSLC,KPHX,4,2026-10-05,17:47
SWA3889,KBOI,KPHX,1,2026-10-04,22:19
SWA3889,KBWI,KSLC,3,2026-10-05,16:08
SWA3889,KPHX,KAUS,2,2026-10-05,02:41
SWA389,KAUS,KABQ,1,2026-10-06,17:43
SWA389,KDEN,KLAS,3,2026-10-05,18:08
SWA389,KDEN,KSJC,1,2026-09-30,15:52
SWA389,KMCO,KPIT,1,2026-10-04,13:04
SWA389,KPDX,KDAL,1,2026-10-03,20:24
SWA3890,KDEN,KGRR,1,2026-10-05,17:09
SWA3890,KMCO,KAUS,1,2026-10-03,17:02
SWA3890,KMIA,KAUS,1,2026-10-04,19:24
SWA3891,KPDX,KOAK,1,2026-10-04,13:04
SWA3891,KSLC,KSJC,3,2026-10-05,17:20
SWA3892,KSLC,KSMF,3,2026-10-05,13:08
SWA3892,KSTL,KSMF,1,2026-09-30,13:46
SWA3893,KPHL,KSTL,1,2026-10-04,18:18
SWA3893,KSLC,KSMF,3,2026-10-06,03:40
SWA3894,KSLC,KAUS,1,2026-10-04,12:41
SWA3894,KSMF,KAUS,3,2026-10-06,23:26
SWA3894,KSTL,KTPA,1,2026-09-30,19:04
SWA3895,KSMF,KBNA,4,2026-10-06,06:27
SWA3895,KSTL,KTPA,2,2026-10-01,00:05
SWA3896,KBOI,KDEN,3,2026-10-05,16:54
SWA3896,KCOS,KPHX,3,2026-10-05,20:47
SWA3896,KDEN,KCOS,3,2026-10-05,19:29
SWA3896,KPHX,KLGB,3,2026-10-06,23:15
SWA3896,KSMF,KBOI,5,2026-10-05,14:57
SWA3897,KSMF,KBOI,1,2026-10-04,20:18
SWA3897,KSTS,KBUR,1,2026-09-30,19:10
SWA3897,TJSJ,KFLL,3,2026-10-05,17:30
SWA3898,KBZN,KDEN,4,2026-10-06,22:52
SWA3899,KPNS,KSTL,1,2026-10-04,16:50
SWA3899,KRDU,KMCO,1,2026-09-30,11:23
SWA3899,KSMF,KBUR,5,2026-10-06,13:35
SWA39,KDAL,KHOU,2,2026-10-05,21:45
SWA390,MMUN,KBNA,1,2026-10-01,19:25
SWA3900,KSMF,KBUR,6,2026-10-06,16:09
SWA3900,KSTS,KSAN,1,2026-09-30,13:17
SWA3901,KSMF,KBUR,4,2026-10-06,18:08
SWA3901,KSTL,KBWI,1,2026-10-03,14:36
SWA3902,KBOS,KBNA,1,2026-10-03,13:29
SWA3902,KSMF,KBUR,4,2026-10-05,19:56
SWA3903,KMCO,KMKE,1,2026-10-03,15:44
SWA3903,KMCO,KSDF,1,2026-09-30,13:16
SWA3903,KSAN,KMKE,1,2026-10-05,22:57
SWA3903,KSDF,KPHX,1,2026-09-30,16:08
SWA3903,KSMF,KBUR,4,2026-10-06,21:31
SWA3904,KSAN,KMCO,1,2026-09-30,16:47
SWA3904,KSMF,KBUR,5,2026-10-06,00:37
SWA3905,KSFO,KLAX,1,2026-10-04,19:15
SWA3905,KTUS,KPHX,1,2026-10-03,13:24
SWA3906,KSMF,KBUR,4,2026-10-06,04:29
SWA3907,KSMF,KBWI,5,2026-10-06,05:05
SWA3907,KTPA,KAUS,1,2026-09-30,20:33
SWA3908,KLAS,KSTS,1,2026-10-04,15:14
SWA3908,KLAX,KRNO,1,2026-10-06,15:25
SWA3908,KMCI,KLAX,3,2026-10-05,11:25
SWA3908,KTPA,KBNA,1,2026-09-30,14:07
SWA3909,KSMF,KDEN,5,2026-10-06,13:29
SWA3909,KTPA,KBNA,1,2026-09-30,16:10
SWA391,KAUS,KLAS,2,2026-10-06,21:53
SWA391,KDAL,KMCI,1,2026-10-06,18:28
SWA391,KDCA,KSTL,1,2026-09-30,12:08
SWA391,KLAS,KLAX,3,2026-10-06,01:43
SWA391,KLAS,KCMH,1,2026-10-05,04:23
SWA391,KLBB,KDAL,1,2026-10-06,16:32
SWA391,KMCI,KDEN,1,2026-10-06,20:51
SWA391,KPDX,KLAS,1,2026-10-05,01:12
SWA3910,KSJC,KPDX,1,2026-10-05,22:46
SWA3911,KSAN,KSAT,2,2026-10-01,01:31
SWA3911,KSMF,KDEN,3,2026-10-05,19:28
SWA3913,KBWI,KSAV,3,2026-10-05,13:03
SWA3913,KLAS,KSNA,1,2026-10-05,02:59
SWA3913,KSAV,KHOU,2,2026-10-05,15:29
SWA3913,KSLC,KLAS,1,2026-10-05,00:43
SWA3914,KRDU,KHOU,1,2026-10-03,16:08
SWA3914,KTPA,KSAN,1,2026-10-05,23:34
SWA3915,KSMF,KGEG,5,2026-10-06,04:33
SWA3915,KTPA,KBWI,1,2026-09-30,14:44
SWA3916,KSMF,PHNL,6,2026-10-06,16:14
SWA3917,KMCO,KORF,1,2026-10-06,13:45
SWA3917,KSMF,KHOU,3,2026-10-06,21:58
SWA3917,KSTL,KECP,1,2026-10-04,21:20
SWA3919,KSMF,KLAS,5,2026-10-06,12:45
SWA3919,KSMF,KAUS,1,2026-10-04,12:58
SWA392,KBNA,KBOS,2,2026-10-01,01:08
SWA392,KDEN,KOKC,3,2026-10-06,21:31
SWA392,KMDW,KORF,1,2026-10-05,00:28
SWA392,KOKC,KDAL,3,2026-10-06,23:27
SWA3928,KSAN,KSLC,1,2026-09-30,15:04
SWA3928,KSMF,KLAS,5,2026-10-05,20:21
SWA3929,KBNA,KSAV,1,2026-09-30,15:33
SWA393,KATL,KBWI,1,2026-10-06,20:59
SWA393,KBNA,KALB,1,2026-10-01,22:16
SWA393,KMCO,KSDF,1,2026-10-04,17:19
SWA393,KMDW,KTPA,1,2026-10-05,22:24
SWA393,KPHX,KSJC,3,2026-10-06,01:16
SWA393,KSDF,KMDW,1,2026-10-04,20:07
SWA393,KTPA,KCMH,1,2026-10-03,10:33
SWA3930,KBOS,KBNA,1,2026-10-04,17:40
SWA3930,KMKE,KBNA,1,2026-10-03,18:08
SWA3931,KSLC,KLAX,3,2026-10-06,00:18
SWA3931,KSMF,KLAS,2,2026-10-05,05:57
SWA3932,KSMF,KLAS,3,2026-10-06,04:57
SWA3933,KSMF,KLAX,1,2026-10-06,15:07
SWA3933,KSTL,KOMA,1,2026-10-04,20:04
SWA3933,KTPA,KDEN,2,2026-10-01,22:18
SWA3934,KSMF,KLAX,2,2026-10-06,19:32
SWA3935,KSFO,KBNA,1,2026-10-03,18:03
SWA3935,KSMF,KLAX,3,2026-10-05,19:38
SWA3935,KSMF,KONT,1,2026-10-04,15:10
SWA3935,KTPA,KHOU,1,2026-09-30,11:35
SWA3936,KABQ,KAUS,2,2026-10-05,16:38
SWA3936,KMCO,KDAL,1,2026-10-05,01:05
SWA3936,KSFO,KDAL,1,2026-10-03,20:27
SWA3937,KBWI,KSDF,1,2026-10-04,12:21
SWA3937,KDEN,KHOU,1,2026-10-06,12:56
SWA3937,KSAN,KDAL,1,2026-10-03,19:43
SWA3938,KAUS,KDAL,1,2026-10-03,16:44
SWA3938,KBNA,KBWI,1,2026-09-30,13:52
SWA3938,KMSY,KBNA,1,2026-10-06,21:06
SWA3938,KTPA,KMCI,1,2026-10-05,02:42
SWA3939,KAUS,KLAX,1,2026-10-03,19:07
SWA3939,KHOU,KSJC,1,2026-10-06,13:51
SWA3939,KSLC,KPHX,3,2026-10-05,21:43
SWA3939,KTPA,KIND,1,2026-09-30,18:18
SWA3940,KBNA,KBOS,1,2026-10-04,11:52
SWA3940,KBNA,KFLL,1,2026-10-03,21:08
SWA3940,KMCO,KSDF,3,2026-10-06,00:46
SWA3940,KSTL,KCMH,2,2026-10-01,00:03
SWA3941,KPHX,KSFO,1,2026-10-04,00:04
SWA3941,KSMF,KLGB,3,2026-10-06,01:46
SWA3941,KTPA,KMCI,1,2026-09-30,13:15
SWA3942,KSMF,KMCI,3,2026-10-06,22:37
SWA3943,KSMF,KMCO,5,2026-10-06,05:53
SWA3943,KTPA,KMDW,1,2026-09-30,11:52
SWA3944,KBWI,KBOS,1,2026-10-05,03:31
SWA3944,KSMF,KMDW,2,2026-10-06,16:00
SWA3944,KTPA,KMDW,2,2026-10-01,22:13
SWA3945,KSMF,KMDW,4,2026-10-06,07:16
SWA3945,KTPA,KMKE,1,2026-09-30,16:00
SWA3946,KLGB,KOAK,1,2026-10-04,18:36
SWA3946,KMDW,KDCA,1,2026-09-30,18:18
SWA3946,KSAT,KMDW,1,2026-09-30,14:35
SWA3947,KSMF,KONT,3,2026-10-05,16:55
SWA3947,KTPA,KMSY,1,2026-09-30,19:33
SWA3948,KSMF,KONT,3,2026-10-05,18:59
SWA3949,KLAS,KLAX,1,2026-10-04,23:48
SWA3949,KSMF,KONT,4,2026-10-05,21:47
SWA3950,KBWI,KGRR,1,2026-10-04,00:45
SWA3950,KMDW,KHOU,1,2026-09-30,12:54
SWA3950,KMIA,KBNA,1,2026-10-04,13:29
SWA3950,KSMF,KONT,3,2026-10-06,23:44
SWA3951,KBNA,KBOS,1,2026-10-04,23:26
SWA3951,KBWI,TJSJ,1,2026-10-04,12:40
SWA3951,KSTL,KSRQ,1,2026-10-06,19:55
SWA3951,KTPA,KPIT,2,2026-10-01,22:21
SWA3955,KMCI,KSTL,1,2026-10-03,20:03
SWA3955,KSMF,KONT,3,2026-10-06,04:45
SWA3955,KSTL,KMCI,2,2026-10-01,02:24
SWA3956,KSMF,KBOI,1,2026-10-05,06:00
SWA3956,KTPA,KSAT,1,2026-09-30,19:58
SWA3957,KSMF,KPDX,4,2026-10-06,02:16
SWA3958,KSMF,KPDX,2,2026-10-06,06:06
SWA3958,KTPA,KSTL,1,2026-09-30,10:28
SWA3959,KSMF,KPHX,6,2026-10-06,12:31
SWA3959,KTUL,KHOU,1,2026-09-30,17:34
SWA396,KABQ,KLAS,1,2026-09-30,12:22
SWA396,KAUS,KPHX,5,2026-10-05,11:19
SWA3960,KBNA,KSDF,1,2026-09-30,15:20
SWA3960,KSDF,KTPA,1,2026-09-30,17:00
SWA3960,KSMF,KPHX,4,2026-10-06,19:39
SWA3960,KSMF,KLAS,1,2026-10-04,17:55
SWA3961,KMCI,KIND,1,2026-10-05,00:02
SWA3961,KPHX,KMDW,3,2026-10-06,03:29
SWA3961,KSMF,KPHX,3,2026-10-06,01:04
SWA3962,KDAL,KSTL,1,2026-10-04,16:54
SWA3962,KDEN,KDAL,1,2026-10-04,14:12
SWA3963,KOAK,KABQ,1,2026-10-05,03:48
SWA3964,KOAK,KBUR,1,2026-10-05,23:29
SWA3964,KSLC,KSAN,1,2026-09-30,21:53
SWA3965,KBNA,KCLE,1,2026-10-03,15:51
SWA3965,KBWI,KSAV,1,2026-09-30,21:48
SWA3965,KDEN,KAUS,1,2026-10-04,22:14
SWA3966,KBNA,KBHM,2,2026-10-01,02:02
SWA3966,KBNA,KPNS,1,2026-10-03,21:23
SWA3966,KOKC,KHOU,1,2026-10-04,18:56
SWA3967,KDSM,KDEN,3,2026-10-06,00:31
SWA3967,KSMF,KSAN,3,2026-10-06,21:07
SWA3967,KTUL,KMDW,1,2026-09-30,10:49
SWA3968,KLAS,KOAK,3,2026-10-05,17:17
SWA3969,KBOS,KBNA,1,2026-10-04,21:51
SWA3969,KDEN,KPSP,1,2026-10-05,03:50
SWA3969,KMCO,KMCI,1,2026-10-06,11:40
SWA3969,KTUS,KDEN,1,2026-09-30,14:11
SWA397,KALB,KBWI,1,2026-10-03,11:13
SWA397,KAUS,KPHX,6,2026-10-06,14:29
SWA397,KPHX,KBUR,3,2026-10-05,17:08
SWA397,KPHX,KSLC,1,2026-10-04,17:50
SWA3970,KSMF,KSAN,2,2026-10-05,03:25
SWA3970,KTUS,KLAS,1,2026-09-30,12:42
SWA3971,KPDX,KSMF,1,2026-10-04,18:39
SWA3971,KSJC,KDAL,1,2026-10-03,14:08
SWA3972,KSMF,KSEA,3,2026-10-05,12:26
SWA3972,KTYS,KBNA,1,2026-09-30,11:10
SWA3973,KMCI,KMSY,1,2026-10-04,11:37
SWA3973,KPHX,KBUR,1,2026-10-03,18:29
SWA3973,KSMF,KSEA,3,2026-10-06,01:37
SWA3973,KSNA,KSMF,3,2026-10-06,23:33
SWA3973,KTYS,KBWI,1,2026-09-30,17:18
SWA3974,KBNA,KDTW,1,2026-10-03,16:04
SWA3974,KBWI,KISP,1,2026-09-30,15:20
SWA3974,KSMF,KSEA,1,2026-10-05,05:37
SWA3975,KDAL,KMCI,6,2026-10-06,11:15
SWA3975,KSFO,KPHX,1,2026-09-30,21:47
SWA3976,KBWI,KTPA,1,2026-10-06,19:57
SWA3976,KSFO,KLAX,1,2026-10-04,15:46
SWA3976,KSMF,KSLC,3,2026-10-06,03:53
SWA3977,KCOS,KDEN,3,2026-10-06,13:10
SWA3978,KSJC,KEUG,1,2026-10-04,18:02
SWA3978,KSMF,KSNA,4,2026-10-06,16:43
SWA3979,KDAL,KLBB,1,2026-10-06,20:08
SWA3979,KNPA,KHOU,1,2026-10-03,17:28
SWA3979,KSMF,KSNA,3,2026-10-05,18:42
SWA3979,KSMF,KPDX,1,2026-10-04,20:27
SWA398,KAUS,KATL,1,2026-10-03,14:11
SWA398,KAUS,KMCO,1,2026-10-06,21:56
SWA398,KBZN,KDEN,1,2026-09-30,17:40
SWA398,KDCA,KSTL,3,2026-10-06,23:31
SWA398,KDEN,KBUF,1,2026-09-30,20:05
SWA398,KMSY,KAUS,1,2026-10-04,16:46
SWA398,KSTL,KMSY,1,2026-10-04,13:25
SWA3980,KSMF,KSNA,4,2026-10-05,21:44
SWA3980,KSMF,KSEA,1,2026-10-04,13:37
SWA3981,KSMF,KSNA,4,2026-10-06,22:59
SWA3982,KSMF,KSNA,4,2026-10-06,02:11
SWA3983,KSMF,KSNA,1,2026-10-05,03:52
SWA3984,KBNA,KCVG,1,2026-10-01,00:18
SWA3984,KBNA,KPVD,1,2026-10-04,00:08
SWA3984,KDEN,KDSM,4,2026-10-06,17:05
SWA3984,KDSM,KMDW,1,2026-10-06,20:22
SWA3985,KSNA,KAUS,4,2026-10-06,22:43
SWA3986,KBNA,KFLL,1,2026-10-03,16:51
SWA3986,KLAS,KHOU,1,2026-10-05,04:24
SWA3987,KDEN,KLAX,4,2026-10-06,04:02
SWA3987,KDEN,KMCI,1,2026-10-03,19:06
SWA3987,KLAS,KFAT,2,2026-10-01,03:30
SWA3988,KBWI,KATL,1,2026-09-30,21:59
SWA3988,KDSM,KLAS,1,2026-10-03,19:41
SWA3988,KSNA,KDEN,4,2026-10-06,01:04
SWA399,KAUS,KPHX,4,2026-10-06,20:20
SWA399,KAUS,KLAS,1,2026-10-02,07:11
SWA399,KBWI,KPHX,1,2026-10-05,20:32
SWA399,KDEN,KPHX,1,2026-09-30,13:27
SWA399,KPHX,KBUR,1,2026-10-05,01:59
SWA3991,KBNA,KTYS,1,2026-10-03,21:14
SWA3991,KDAL,KTPA,1,2026-09-30,20:14
SWA3991,KLAX,KABQ,1,2026-10-04,19:57
SWA3992,KBNA,KDCA,2,2026-10-01,02:22
SWA3992,KLAS,KMDW,1,2026-10-05,23:47
SWA3993,KBWI,KBHM,1,2026-09-30,20:01
SWA3993,KDEN,KELP,1,2026-10-05,17:05
SWA3993,KDTW,KDEN,1,2026-10-06,20:01
SWA3993,KMDW,KDTW,1,2026-10-06,18:16
SWA3993,KSMF,KPHX,1,2026-10-04,14:27
SWA3994,KBWI,KBOS,1,2026-09-30,10:36
SWA3994,KSNA,KLAS,4,2026-10-06,02:04
SWA3995,KBUR,KPHX,1,2026-09-30,15:41
SWA3995,KCMH,KMCO,1,2026-10-03,20:34
SWA3995,KDEN,KEUG,4,2026-10-06,15:09
SWA3995,KEUG,KSJC,3,2026-10-05,18:11
SWA3995,KLGA,KMCI,1,2026-10-04,13:07
SWA3995,KPHX,KSLC,1,2026-09-30,18:03
SWA3995,KSLC,KOAK,1,2026-09-30,20:24
SWA3996,KBWI,KBUF,1,2026-09-30,16:12
SWA3996,KLGA,KMCI,1,2026-10-05,01:37
SWA3996,KSNA,KOAK,1,2026-10-03,15:42
SWA3997,KBNA,KLIT,1,2026-09-30,13:20
SWA3997,KLIT,KLAS,1,2026-09-30,15:05
SWA3997,KSNA,KOAK,4,2026-10-05,19:31
SWA3998,KDAL,KPIT,1,2026-10-03,13:02
SWA3998,KMCI,KBOS,1,2026-10-04,13:55
SWA3998,KOMA,KPHX,3,2026-10-05,16:45
SWA3998,KPHX,KSNA,1,2026-10-06,20:25
SWA3999,KSNA,KOAK,4,2026-10-06,23:53
SWA4,KDAL,KBHM,2,2026-10-05,15:14
SWA4,KDAL,KTPA,1,2026-10-06,13:53
SWA4,KHOU,KDAL,4,2026-10-06,12:16
SWA40,KDAL,KLGA,3,2026-10-06,00:16
SWA40,KDAL,KTUS,1,2026-10-05,00:41
SWA40,KHOU,KDAL,4,2026-10-05,22:50
SWA40,KTUS,KPHX,1,2026-10-05,03:24
SWA400,KBNA,KLAX,4,2026-10-06,13:43
SWA400,KBOI,KSMF,1,2026-09-30,13:46
SWA400,KLAS,KFAT,1,2026-10-04,19:35
SWA400,KTPA,KSDF,1,2026-10-03,11:10
SWA4001,KOAK,KBOI,1,2026-10-04,19:11
SWA4001,KSNA,KOAK,3,2026-10-06,01:15
SWA4002,KBWI,KMDW,2,2026-10-01,00:14
SWA4002,KONT,KOAK,1,2026-10-04,20:15
SWA4002,KSNA,KOAK,3,2026-10-06,03:26
SWA4003,KPHX,KSAT,1,2026-10-06,15:34
SWA4003,KSMF,KSBA,1,2026-10-05,01:17
SWA4003,KSNA,KPHX,4,2026-10-05,14:19
SWA4004,KDAL,KCHS,1,2026-09-30,20:35
SWA4004,KSNA,KPHX,4,2026-10-05,18:37
SWA4005,KDEN,KMCI,3,2026-10-06,01:34
SWA4005,KSJC,KLGB,1,2026-10-05,23:13
SWA4006,KSNA,KPHX,4,2026-10-05,00:12
SWA4007,KHOU,KDEN,4,2026-10-06,00:41
SWA4008,KDAL,KAUS,1,2026-10-03,21:13
SWA4008,KLAS,KOAK,1,2026-10-05,01:45
SWA4009,KSNA,KSJC,5,2026-10-05,15:37
SWA4010,KBWI,KDEN,1,2026-10-06,02:46
SWA4011,KFLL,KDCA,1,2026-10-04,13:36
SWA4011,KSMF,KSAN,2,2026-10-01,23:08
SWA4012,KSNA,KSJC,4,2026-10-05,22:25
SWA4013,KHOU,KCOS,1,2026-10-05,01:04
SWA4013,KIND,KLAS,5,2026-10-06,10:56
SWA4013,KOAK,KHOU,1,2026-09-30,19:18
SWA4014,KSNA,KSJC,1,2026-10-05,01:03
SWA4014,KTPA,KFLL,1,2026-09-30,21:59
SWA4015,KBWI,KCLT,1,2026-09-30,12:57
SWA4015,KCLT,KBNA,1,2026-09-30,15:38
SWA4015,KIND,KSRQ,1,2026-10-04,21:45
SWA4016,KCLT,KBWI,1,2026-09-30,12:43
SWA4016,KHOU,KOKC,1,2026-10-03,14:31
SWA4016,KORF,KBWI,1,2026-10-06,21:33
SWA4017,KBNA,KTUL,2,2026-10-01,02:14
SWA4017,KSNA,KSMF,6,2026-10-06,14:04
SWA4018,KSNA,KSMF,4,2026-10-05,16:08
SWA4019,KCMH,KBWI,1,2026-09-30,14:54
SWA4019,KOKC,KMCO,1,2026-10-03,12:10
SWA4019,KSNA,KSMF,5,2026-10-06,18:57
SWA4020,KONT,KSJC,1,2026-10-05,23:21
SWA4020,KSNA,KSMF,2,2026-10-05,21:21
SWA4020,PHNL,KBUR,1,2026-10-04,00:14
SWA4021,KONT,KSMF,1,2026-10-04,21:23
SWA4021,KSMF,KSLC,3,2026-10-05,14:33
SWA4021,KSNA,KSMF,1,2026-10-04,23:16
SWA4022,KDEN,KSAN,2,2026-10-01,04:18
SWA4022,KLAS,KSNA,3,2026-10-06,00:33
SWA4022,KSNA,KSMF,5,2026-10-06,02:08
SWA4023,KSNA,KSMF,3,2026-10-06,04:26
SWA4024,KPIT,KTPA,1,2026-10-04,15:40
SWA4024,KSRQ,KBNA,4,2026-10-06,15:40
SWA4025,KSRQ,KBNA,4,2026-10-06,00:53
SWA4026,KLAS,KCOS,1,2026-10-04,02:56
SWA4026,KMDW,KDAL,1,2026-10-04,10:10
SWA4027,KSRQ,KBWI,4,2026-10-06,22:51
SWA4028,KSRQ,KCMH,2,2026-10-04,18:17
SWA4029,KDAL,KBHM,2,2026-10-01,02:48
SWA4029,KMSY,KDCA,1,2026-10-05,01:54
SWA4029,KRDU,KBWI,1,2026-10-03,10:02
SWA403,KAUS,KPHX,4,2026-10-06,02:46
SWA403,KAUS,KBNA,1,2026-10-04,00:31
SWA403,KIND,KDEN,1,2026-09-30,18:12
SWA4030,KRDU,KTPA,1,2026-10-05,02:47
SWA4031,KDAL,KBWI,1,2026-09-30,16:44
SWA4031,KMCI,KDAL,1,2026-09-30,14:34
SWA4031,KSAN,KMSY,1,2026-10-05,22:41
SWA4031,KSRQ,KMDW,3,2026-10-05,10:15
SWA4032,KSRQ,KMDW,1,2026-10-04,22:19
SWA4033,KMCO,KHOU,1,2026-10-06,10:24
SWA4033,KSJC,KDAL,1,2026-09-30,16:09
SWA4033,KSRQ,KSTL,4,2026-10-05,18:34
SWA4034,KMDW,KRSW,1,2026-09-30,14:34
SWA4034,KSTL,KATL,4,2026-10-06,15:41
SWA4035,KDEN,KSAT,2,2026-10-01,00:25
SWA4035,KMCI,KRDU,1,2026-10-04,21:28
SWA4035,KSTL,KATL,1,2026-10-06,19:27
SWA4036,KLAS,KSNA,1,2026-10-03,21:16
SWA4036,KSNA,KLAS,3,2026-10-05,15:06
SWA4037,KDAL,KBWI,1,2026-09-30,20:44
SWA4037,KLAS,KBUR,4,2026-10-05,17:43
SWA4038,KMSY,KLGA,1,2026-10-04,14:20
SWA4038,KSTL,KAUS,3,2026-10-06,03:10
SWA4039,KPVD,KDCA,1,2026-10-04,13:59
SWA404,KAUS,KPHX,1,2026-10-05,04:18
SWA404,KOKC,KDEN,1,2026-09-30,20:02
SWA404,KTPA,KBWI,1,2026-10-04,22:16
SWA4040,KLAS,KPSP,1,2026-10-04,02:48
SWA4040,KPHL,KDEN,1,2026-10-04,16:37
SWA4040,KSMF,KDAL,1,2026-10-06,13:19
SWA4040,KSNA,KOAK,3,2026-10-05,14:24
SWA4041,KLAS,KMSY,5,2026-10-06,15:24
SWA4041,KSNA,KPHX,1,2026-10-05,02:45
SWA4042,KLAS,KRNO,1,2026-10-06,16:39
SWA4042,KMCO,KSAT,1,2026-10-03,13:28
SWA4042,KSAT,KDEN,3,2026-10-05,15:55
SWA4042,KVPS,KSTL,1,2026-10-04,20:45
SWA4043,KBWI,KALB,1,2026-10-06,15:13
SWA4043,KMSY,KMCO,1,2026-10-03,22:21
SWA4043,KRDU,KMDW,1,2026-10-04,12:15
SWA4043,KSFO,KLAS,3,2026-10-05,18:19
SWA4044,KPIT,KBNA,1,2026-10-03,10:23
SWA4045,KBWI,KORF,1,2026-10-06,12:38
SWA4045,KONT,PHNL,1,2026-10-04,17:08
SWA4046,KSEA,KSAN,1,2026-10-04,22:44
SWA4046,KSTL,KBWI,2,2026-10-05,13:26
SWA4047,KSNA,KSJC,1,2026-10-05,23:36
SWA4047,KSTL,KBWI,3,2026-10-05,18:32
SWA4048,KGRR,KBWI,1,2026-09-30,12:25
SWA4048,KSTL,KBWI,1,2026-10-05,02:05
SWA4049,KSTL,KCLE,4,2026-10-06,15:32
SWA4050,KIND,KRSW,1,2026-10-04,12:48
SWA4050,KLAS,KSAT,2,2026-10-06,15:03
SWA4050,KTPA,KBNA,2,2026-10-01,23:39
SWA4051,KLAS,KSTS,4,2026-10-05,21:33
SWA4051,KTUS,KLAS,1,2026-10-04,18:12
SWA4052,KBOI,KPHX,1,2026-10-05,01:58
SWA4052,KBWI,KPWM,1,2026-10-06,15:09
SWA4052,KPHX,KLAS,1,2026-10-05,04:30
SWA4053,KBWI,KGSP,1,2026-10-05,00:11
SWA4053,KDAL,KSMF,1,2026-09-30,14:47
SWA4053,KDEN,KMCO,1,2026-10-03,15:28
SWA4054,KSTL,KDAL,5,2026-10-06,18:33
SWA4055,KSTL,KDAL,2,2026-10-05,10:18
SWA4056,KMCO,KFLL,1,2026-09-30,14:36
SWA4056,KSTL,KDAL,4,2026-10-06,03:49
SWA4057,KAUS,KSAN,2,2026-10-01,01:21
SWA4057,KDCA,KAUS,1,2026-09-30,21:04
SWA4058,KMDW,KHOU,4,2026-10-06,03:21
SWA4059,KDCA,KDAL,1,2026-09-30,10:27
SWA4059,KSTL,KDCA,2,2026-10-06,21:23
SWA406,KBNA,KCVG,1,2026-10-03,18:58
SWA406,KCVG,KBWI,1,2026-10-03,20:39
SWA406,KOKC,KLAS,1,2026-10-06,16:32
SWA406,KPHX,KDAL,1,2026-09-30,15:18
SWA4060,KBWI,KORF,1,2026-10-06,15:04
SWA4060,KSTL,KDCA,2,2026-10-05,00:59
SWA4061,KDAL,KATL,1,2026-10-06,13:00
SWA4061,KISP,KBWI,1,2026-10-03,17:26
SWA4061,KMCO,KISP,1,2026-10-03,14:08
SWA4061,KMKE,KRSW,1,2026-10-05,21:57
SWA4062,KBWI,KAUS,1,2026-09-30,20:15
SWA4062,KSRQ,KPIT,1,2026-10-04,20:52
SWA4062,KSTL,KDEN,5,2026-10-06,14:07
SWA4063,KSTL,KDEN,3,2026-10-05,17:46
SWA4064,KSTL,KDEN,4,2026-10-05,19:56
SWA4064,KSTL,KATL,1,2026-10-04,10:58
SWA4065,KDEN,KBWI,1,2026-09-30,19:06
SWA4065,KLAS,KSFO,1,2026-10-06,17:26
SWA4066,KMCO,KSDF,1,2026-10-04,23:59
SWA4067,KCVG,KMDW,2,2026-10-01,23:19
SWA4067,KDEN,KCVG,1,2026-09-30,20:14
SWA4067,KSTL,KDEN,3,2026-10-06,03:24
SWA4068,KMEM,KHOU,1,2026-09-30,12:06
SWA4068,KMKE,KSTL,1,2026-10-03,11:35
SWA4069,KPHX,KSAT,1,2026-10-04,23:48
SWA407,KAUS,KBNA,4,2026-10-05,14:44
SWA407,KBDL,KBNA,1,2026-10-06,14:48
SWA407,KORF,KBWI,1,2026-09-30,10:19
SWA4070,KSTL,KECP,3,2026-10-05,21:00
SWA4071,KDEN,KDAL,2,2026-10-01,23:39
SWA4071,KDEN,KPDX,1,2026-10-04,18:26
SWA4071,KMCO,KSTL,1,2026-10-04,00:42
SWA4071,KMDW,KORF,3,2026-10-06,00:43
SWA4072,KSTL,KFLL,3,2026-10-06,01:05
SWA4073,KMCI,KLAS,1,2026-10-06,19:39
SWA4073,KSNA,KLAS,1,2026-09-30,21:23
SWA4073,KSTL,KHOU,2,2026-10-04,10:29
SWA4074,KSTL,KHOU,4,2026-10-06,13:50
SWA4074,KSTL,KRSW,1,2026-09-30,23:54
SWA4075,KMDW,KDCA,1,2026-10-06,14:25
SWA4075,KSTL,KMCI,1,2026-10-03,19:36
SWA4076,KBWI,KDAL,1,2026-10-06,10:27
SWA4076,KBWI,KGRR,1,2026-09-30,15:31
SWA4076,KGRR,KMDW,1,2026-09-30,17:49
SWA4077,KBNA,KSDF,1,2026-10-03,23:08
SWA4077,KLAS,KIND,1,2026-10-05,01:16
SWA4077,KMCO,KMDW,1,2026-10-06,17:22
SWA4077,KPHX,KHOU,1,2026-09-30,13:19
SWA4078,KBWI,KAUS,1,2026-09-30,13:26
SWA4078,KSEA,KLAS,1,2026-10-03,18:52
SWA4078,KSTL,KLAS,4,2026-10-06,10:41
SWA4079,KDTW,KLAS,1,2026-09-30,15:53
SWA4079,KMDW,KDTW,1,2026-09-30,13:46
SWA4079,KSTL,KLAS,4,2026-10-05,18:08
SWA408,KBUF,KMDW,3,2026-10-05,18:21
SWA408,KBWI,KFLL,5,2026-10-05,10:25
SWA408,KDAL,KDCA,1,2026-10-06,11:19
SWA408,KFLL,KTPA,3,2026-10-05,13:29
SWA408,KTPA,KBUF,3,2026-10-05,15:05
SWA4080,KCLE,KBNA,1,2026-10-03,22:44
SWA4081,KBNA,KHOU,1,2026-09-30,14:30
SWA4081,KLAX,KDEN,1,2026-10-04,13:39
SWA4082,KSTL,KLAX,4,2026-10-06,04:17
SWA4083,KMCI,KLAS,1,2026-10-03,15:06
SWA4083,KMSY,KDEN,1,2026-10-06,19:46
SWA4084,KMDW,KOMA,1,2026-09-30,15:57
SWA4084,KOMA,KPHX,1,2026-09-30,18:06
SWA4084,KPHX,KSTL,1,2026-10-04,12:05
SWA4085,KSTL,KLGA,2,2026-10-05,21:09
SWA4086,KMSY,KAUS,1,2026-09-30,22:21
SWA4086,KSTL,KLGA,4,2026-10-06,01:50
SWA4087,KFAT,KSAN,1,2026-09-30,22:28
SWA4087,KSTL,KMCI,2,2026-10-04,13:32
SWA4088,KLAS,KBNA,1,2026-10-05,07:57
SWA4089,KDAL,KDEN,1,2026-10-03,21:34
SWA4089,KMCI,KBNA,1,2026-10-04,16:33
SWA409,KBNA,KECP,3,2026-10-05,17:26
SWA409,KECP,KAUS,2,2026-10-05,19:29
SWA409,KPIT,KBNA,1,2026-10-04,17:41
SWA409,KRNO,KLAS,1,2026-10-04,02:25
SWA409,KSEA,KLAS,1,2026-09-30,13:34
SWA4090,KBNA,KTPA,1,2026-09-30,21:19
SWA4091,KGRR,KMDW,1,2026-09-30,20:30
SWA4091,KSTL,KMCO,6,2026-10-06,15:10
SWA4092,KDEN,KATL,1,2026-09-30,17:52
SWA4092,KSTL,KMCO,5,2026-10-06,18:41
SWA4092,KSTL,KTPA,1,2026-10-02,15:47
SWA4092,KTPA,KMCO,1,2026-10-02,19:53
SWA4093,KBNA,KOMA,1,2026-10-03,12:55
SWA4093,KSTL,KDEN,1,2026-10-04,20:13
SWA4094,KBWI,KMDW,1,2026-09-30,12:12
SWA4094,KSTL,KMCO,5,2026-10-06,00:14
SWA4095,KCHS,KMDW,1,2026-10-06,11:16
SWA4095,KHOU,KPHX,1,2026-09-30,20:34
SWA4095,KPVD,KBNA,4,2026-10-05,16:56
SWA4095,KRDU,KDEN,1,2026-10-03,17:46
SWA4096,KLAS,KAUS,1,2026-09-30,18:49
SWA4096,KSTL,KMDW,2,2026-10-06,10:57
SWA4097,KOAK,KONT,1,2026-10-04,20:08
SWA4097,KPDX,KDAL,2,2026-10-01,21:27
SWA4098,KMDW,KDAL,1,2026-10-05,22:44
SWA4099,KIND,KBWI,1,2026-09-30,21:07
SWA4099,KSTL,KMDW,4,2026-10-06,03:50
SWA41,KDAL,KHOU,2,2026-10-06,01:04
SWA410,KAUS,KSEA,1,2026-10-05,01:24
SWA410,KBUR,KLAS,3,2026-10-05,20:30
SWA410,KBWI,KMKE,1,2026-09-30,15:18
SWA410,KDAL,KMSY,1,2026-10-06,13:07
SWA410,KDEN,KSLC,1,2026-10-03,22:17
SWA410,KLAS,KAUS,2,2026-10-06,01:12
SWA410,KSEA,KOAK,1,2026-10-05,06:42
SWA410,KSLC,KLAS,1,2026-10-04,00:31
SWA4100,KSTL,KMIA,3,2026-10-05,19:41
SWA4100,KSTL,KFLL,1,2026-10-05,02:06
SWA4101,KBNA,KRIC,1,2026-10-03,15:20
SWA4101,KBWI,KIND,1,2026-09-30,15:40
SWA4101,KPDX,KLGB,1,2026-10-04,17:43
SWA4102,KDEN,KOKC,1,2026-10-03,20:55
SWA4102,KISP,KDJT,1,2026-09-30,20:07
SWA4102,KMDW,KCLE,1,2026-10-04,13:00
SWA4102,KSTL,KDAL,2,2026-10-05,21:17
SWA4104,KBNA,KJAN,1,2026-09-30,22:09
SWA4104,KJAN,KHOU,2,2026-10-01,23:47
SWA4105,KJAX,KBWI,1,2026-09-30,12:14
SWA4105,KMKE,KMCI,1,2026-10-06,14:39
SWA4105,KSTL,KMSY,3,2026-10-05,13:41
SWA4107,KBNA,KMEM,1,2026-10-03,18:48
SWA4108,KDEN,KCMH,1,2026-10-06,20:38
SWA4108,KHOU,KOKC,1,2026-10-03,20:06
SWA4108,KLAS,KABQ,2,2026-10-01,03:10
SWA4108,KSAN,KPHX,1,2026-10-04,19:18
SWA4109,KGEG,KPHX,1,2026-10-04,12:49
SWA4109,KPHX,KIND,4,2026-10-05,15:02
SWA4109,KSAT,KMDW,1,2026-10-06,19:39
SWA4109,KSJC,KLAS,1,2026-09-30,15:51
SWA411,KAUS,KSAN,5,2026-10-06,17:20
SWA411,KSJC,KLAX,1,2026-10-03,20:20
SWA4110,KMCO,KDCA,1,2026-10-04,00:48
SWA4110,KMDW,KRSW,1,2026-10-04,18:07
SWA4111,KDTW,KSTL,1,2026-10-03,11:21
SWA4111,KSTL,KPHX,1,2026-10-03,13:40
SWA4112,KSTL,KPHX,5,2026-10-05,19:38
SWA4113,KSNA,KOAK,1,2026-10-05,23:33
SWA4113,KSTL,KPHX,3,2026-10-06,23:24
SWA4114,KSTL,KPHX,4,2026-10-06,04:01
SWA4115,KBNA,KSAT,1,2026-10-03,13:01
SWA4115,KONT,KDEN,5,2026-10-06,12:56
SWA4116,KDAL,KABQ,1,2026-10-03,18:48
SWA4117,KMCO,KMCI,1,2026-10-03,10:48
SWA4117,KSLC,KDEN,1,2026-10-04,14:38
SWA4118,KLAS,KDAL,2,2026-10-01,23:53
SWA4118,KSTL,KRDU,6,2026-10-06,15:32
SWA4119,KLAS,KDSM,1,2026-09-30,20:06
SWA4119,KMCO,KCLE,1,2026-10-03,18:12
SWA4120,KDEN,KBWI,4,2026-10-06,07:12
SWA4120,KRDU,KFLL,1,2026-10-05,22:42
SWA4121,KBDL,KDEN,1,2026-10-04,14:41
SWA4121,KDEN,KSAN,1,2026-10-06,12:39
SWA4121,KMCO,KBDL,1,2026-10-04,11:29
SWA4121,KMHT,KBWI,1,2026-10-03,09:48
SWA4121,KPHX,KSLC,1,2026-09-30,20:25
SWA4122,KBWI,KDEN,1,2026-09-30,19:09
SWA4122,KSTL,KRSW,5,2026-10-06,01:34
SWA4123,KMDW,KBNA,1,2026-10-03,21:37
SWA4124,KSTL,KLAS,3,2026-10-05,12:59
SWA4124,KSTL,KSAT,1,2026-10-05,03:56
SWA4125,KPDX,KLAS,1,2026-10-03,13:02
SWA4126,KSAN,KOAK,2,2026-10-01,05:27
SWA4126,KSTL,KSMF,2,2026-10-06,13:50
SWA4126,KSTL,KMCO,1,2026-10-04,11:46
SWA4127,KLAS,KLAX,1,2026-09-30,19:55
SWA4127,KSTL,KSRQ,3,2026-10-05,20:22
SWA4128,KLAX,KHOU,1,2026-10-03,12:14
SWA4128,KSTL,KTPA,5,2026-10-06,10:13
SWA4129,KDCA,KMDW,1,2026-09-30,16:31
SWA4129,KSTL,KTPA,5,2026-10-06,15:48
SWA4130,KHOU,KSAT,1,2026-10-03,16:37
SWA4130,KSTL,KTPA,4,2026-10-06,01:32
SWA4131,KSAN,KABQ,1,2026-10-06,16:31
SWA4132,KSTS,KBUR,4,2026-10-06,18:31
SWA4133,KMDW,KABQ,1,2026-09-30,15:42
SWA4133,KSMF,KSTL,1,2026-10-03,17:46
SWA4134,KLAS,KPDX,1,2026-09-30,22:44
SWA4134,KSTL,KMIA,1,2026-10-04,15:32
SWA4134,KSTS,KSAN,5,2026-10-06,13:30
SWA4135,KSNA,KDEN,1,2026-09-30,17:04
SWA4135,KSTS,KSAN,1,2026-10-04,13:16
SWA4136,KBNA,KCLT,2,2026-10-01,00:29
SWA4137,KRSW,KBWI,1,2026-10-06,19:23
SWA4137,KSAN,KSJC,2,2026-10-01,03:35
SWA4138,KBWI,KBNA,1,2026-10-05,01:46
SWA4138,KMSY,KBNA,1,2026-10-04,23:00
SWA4139,KSMF,KMCO,1,2026-10-06,18:47
SWA4139,KTPA,KAUS,5,2026-10-05,10:37
SWA4140,KBNA,KOMA,1,2026-10-04,01:30
SWA4140,KPHX,KSAT,1,2026-09-30,16:21
SWA4140,KTPA,KAUS,3,2026-10-05,14:34
SWA4141,KICT,KDEN,2,2026-10-01,00:32
SWA4142,KCLE,KSTL,2,2026-10-01,23:53
SWA4142,KMCO,KMCI,3,2026-10-05,12:41
SWA4143,KBDL,KMDW,1,2026-10-03,20:23
SWA4143,KSAT,KSAN,1,2026-09-30,11:15
SWA4143,KSTL,KMDW,3,2026-10-05,15:59
SWA4143,KSTL,KOMA,1,2026-10-04,13:29
SWA4144,KABQ,KPHX,3,2026-10-06,03:30
SWA4144,KORF,KBWI,1,2026-10-06,16:39
SWA4144,KPIT,KMCO,1,2026-10-03,13:35
SWA4145,KBWI,KMHT,1,2026-10-04,15:18
SWA4145,KRIC,KBNA,1,2026-10-04,22:42
SWA4147,KABQ,KHOU,1,2026-10-06,17:38
SWA4147,KDEN,KMCI,1,2026-10-05,23:41
SWA4147,KMCI,KDAL,1,2026-10-05,02:01
SWA4147,KSTL,KHOU,1,2026-10-03,13:45
SWA4148,KMEM,KMDW,1,2026-10-06,20:19
SWA4149,KBWI,KMSY,1,2026-10-06,19:22
SWA4149,KDEN,KMSY,1,2026-10-04,20:38
SWA4149,KFAT,KLAS,1,2026-09-30,16:53
SWA4150,KDEN,KLGA,1,2026-10-01,20:58
SWA4150,KMCI,KMKE,1,2026-10-04,11:51
SWA4151,KBNA,KBOS,1,2026-10-06,15:40
SWA4151,KDAL,KSTL,1,2026-10-05,04:53
SWA4151,KMCI,KLAS,1,2026-09-30,15:26
SWA4151,KTPA,KDAL,1,2026-10-05,01:59
SWA4151,KVPS,KBNA,1,2026-10-03,22:57
SWA4152,KONT,KLAS,1,2026-10-06,23:15
SWA4153,KBWI,KCMH,1,2026-10-06,21:31
SWA4153,KLAX,KAUS,2,2026-10-01,01:29
SWA4153,KTPA,KBWI,3,2026-10-06,21:57
SWA4154,KBNA,KPHX,1,2026-10-04,02:06
SWA4154,KSLC,KLGB,1,2026-10-04,17:04
SWA4155,KLAX,KBWI,1,2026-09-30,18:37
SWA4155,KTPA,KBWI,1,2026-10-03,11:34
SWA4156,KPDX,KDEN,1,2026-09-30,17:47
SWA4156,KSMF,KPDX,1,2026-09-30,15:34
SWA4156,KTPA,KCMH,3,2026-10-05,09:45
SWA4157,KLAS,KRNO,1,2026-10-03,13:22
SWA4157,KRNO,KLAS,3,2026-10-05,16:38
SWA4157,KRNO,KDEN,2,2026-10-05,22:50
SWA4157,KSJC,KRNO,3,2026-10-05,14:49
SWA4157,KSTL,KSFO,1,2026-09-30,13:36
SWA4158,KTPA,KCMH,3,2026-10-06,02:37
SWA4159,KCMH,KDAL,1,2026-10-04,10:48
SWA4159,KDAL,KSAN,1,2026-10-06,18:46
SWA4159,KIND,KMCO,1,2026-10-03,13:13
SWA4159,KMKE,KMDW,1,2026-09-30,11:49
SWA4159,KSAN,KRNO,3,2026-10-05,16:03
SWA416,KAUS,KSAN,4,2026-10-06,19:13
SWA416,KBNA,KSTL,2,2026-10-01,02:16
SWA416,KDAL,KOKC,1,2026-10-04,14:41
SWA4161,KTPA,KDCA,4,2026-10-05,14:17
SWA4162,KLAX,KLAS,1,2026-09-30,22:38
SWA4162,KTPA,KDCA,1,2026-10-04,21:11
SWA4163,KTPA,KDEN,5,2026-10-06,09:28
SWA4164,KTPA,KDEN,5,2026-10-06,12:17
SWA4165,KFLL,KMCO,1,2026-10-04,23:19
SWA4165,KLAX,KBNA,1,2026-10-06,13:23
SWA4165,KMCO,KMKE,1,2026-10-04,22:39
SWA4165,KSTL,KPIT,2,2026-10-01,00:10
SWA4165,KTPA,KDEN,3,2026-10-05,20:13
SWA4166,KDCA,KSTL,2,2026-10-01,23:31
SWA4166,KSTL,KSAT,2,2026-10-01,02:06
SWA4166,KTPA,KDEN,5,2026-10-06,22:32
SWA4167,KBWI,KIND,1,2026-10-06,17:23
SWA4168,KBNA,KRDU,1,2026-10-03,20:34
SWA4168,KDAL,KBWI,1,2026-10-06,21:16
SWA4168,KPIT,KBNA,1,2026-10-04,10:32
SWA4169,KTPA,KHOU,4,2026-10-05,17:22
SWA417,KAUS,KSAN,3,2026-10-06,01:19
SWA417,KBDL,KBWI,1,2026-09-30,10:20
SWA417,KMDW,KMCI,1,2026-10-04,21:40
SWA417,KSAN,KPDX,1,2026-10-04,00:31
SWA4170,KTPA,KHOU,4,2026-10-06,00:54
SWA4171,KLAX,KSMF,1,2026-09-30,23:16
SWA4171,KPHX,KSFO,3,2026-10-06,05:59
SWA4172,KBWI,KFLL,1,2026-10-03,16:53
SWA4173,KBWI,KTPA,1,2026-10-03,19:38
SWA4173,KDAL,KSMF,1,2026-10-06,16:11
SWA4173,KLAX,KSTL,1,2026-09-30,13:58
SWA4174,KTPA,KLAS,3,2026-10-05,10:34
SWA4175,KSAN,KSFO,2,2026-10-06,04:36
SWA4175,KSAN,KLAS,1,2026-10-02,06:07
SWA4175,KTPA,KBNA,1,2026-10-04,09:57
SWA4175,KTPA,KSAN,1,2026-10-03,18:01
SWA4176,KLGA,KBNA,1,2026-09-30,11:17
SWA4176,KSAV,KDAL,1,2026-10-03,16:27
SWA4176,KTPA,KMCI,2,2026-10-05,21:03
SWA4177,KTPA,KMCI,3,2026-10-06,02:08
SWA4178,KLGA,KDAL,1,2026-09-30,10:23
SWA4179,KALB,KLAS,1,2026-10-05,20:50
SWA4179,KDEN,KBUR,1,2026-09-30,15:28
SWA418,KAUS,KSAN,2,2026-10-05,04:20
SWA418,KDAL,KBWI,1,2026-09-30,18:47
SWA418,KPHX,KRNO,3,2026-10-06,05:59
SWA4180,KMDW,KCLE,1,2026-10-05,00:47
SWA4180,KTPA,KMDW,1,2026-10-04,21:08
SWA4181,KBNA,KDCA,1,2026-09-30,20:59
SWA4181,KLGB,KBNA,1,2026-09-30,16:09
SWA4181,KSMF,KLGB,1,2026-09-30,14:09
SWA4181,KTPA,KMDW,1,2026-10-05,23:25
SWA4182,KLGB,KLAS,1,2026-09-30,17:31
SWA4182,KTPA,KMKE,3,2026-10-06,01:54
SWA4183,KLGB,KLAS,2,2026-10-01,02:47
SWA4183,KSTL,KHOU,1,2026-10-03,19:21
SWA4184,KMSY,KDEN,3,2026-10-05,19:16
SWA4184,KTPA,KMSY,4,2026-10-05,17:12
SWA4185,KABQ,KBWI,1,2026-10-03,12:06
SWA4185,KPIT,KDEN,1,2026-10-06,10:07
SWA4186,KDAL,KAUS,1,2026-09-30,12:54
SWA4187,KLGA,KDAL,3,2026-10-05,15:13
SWA4187,KMCO,KBUF,1,2026-10-03,11:17
SWA4188,KBNA,KDJT,1,2026-09-30,17:20
SWA4188,KOAK,KLAS,3,2026-10-06,05:34
SWA4189,KLAS,KRNO,1,2026-09-30,19:09
SWA419,KBNA,KPHL,4,2026-10-05,21:55
SWA419,KBUR,KSMF,1,2026-09-30,21:41
SWA419,KMCO,KPIT,1,2026-10-06,18:42
SWA419,KOKC,KMDW,1,2026-10-04,10:05
SWA4190,KSMF,KPHX,4,2026-10-06,05:09
SWA4191,KMAF,KDAL,1,2026-09-30,17:49
SWA4191,KTPA,KPIT,3,2026-10-06,02:18
SWA4192,KAUS,KHOU,4,2026-10-06,02:22
SWA4192,KMCI,KDAL,1,2026-09-30,11:36
SWA4193,KALB,KTPA,3,2026-10-06,22:31
SWA4193,KATL,KMDW,1,2026-10-06,15:38
SWA4193,KTPA,KFLL,1,2026-10-04,13:26
SWA4194,KMCI,KDAL,2,2026-10-01,00:12
SWA4194,KTPA,KSAT,3,2026-10-05,21:42
SWA4197,KMCI,KLAS,1,2026-09-30,19:45
SWA4197,KTPA,KSTL,6,2026-10-06,10:26
SWA4198,KTPA,KIND,1,2026-10-04,19:02
SWA4198,KTPA,KSTL,1,2026-10-03,16:05
SWA4199,KBWI,KDJT,1,2026-10-04,16:33
SWA4199,KDAL,KOKC,2,2026-10-01,02:19
SWA42,KDAL,KLBB,2,2026-10-01,00:24
SWA42,KHOU,KDAL,2,2026-10-06,22:22
SWA420,KBNA,KBUF,4,2026-10-05,19:40
SWA420,KBUF,KBWI,4,2026-10-06,22:11
SWA420,KMCO,KBUF,1,2026-10-06,13:19
SWA420,KSAN,KOAK,2,2026-10-01,02:29
SWA4200,KAUS,KLAS,3,2026-10-05,21:44
SWA4200,KMCO,KDAL,1,2026-09-30,11:16
SWA4201,KLAS,KOKC,1,2026-10-06,18:18
SWA4201,KTUL,KDEN,2,2026-10-03,01:18
SWA4202,KDAL,KMCO,1,2026-10-04,12:58
SWA4202,KLAS,KSLC,1,2026-10-03,21:51
SWA4202,KMCO,KDAL,1,2026-09-30,22:41
SWA4202,KMCO,KMSY,1,2026-10-06,16:56
SWA4202,KMSY,KAUS,1,2026-10-06,19:25
SWA4203,KCMH,KSTL,1,2026-09-30,11:06
SWA4203,KTUL,KDEN,2,2026-10-04,12:10
SWA4204,KPHX,KSMF,2,2026-10-02,19:06
SWA4204,KTUL,KDEN,1,2026-10-06,00:33
SWA4205,KMCO,KDJT,1,2026-09-30,14:40
SWA4205,KTPA,KMCI,1,2026-10-04,10:02
SWA4206,KDEN,KDSM,1,2026-10-04,17:07
SWA4206,KMCO,KPVD,1,2026-10-03,18:20
SWA4207,KTUL,KMDW,5,2026-10-06,10:22
SWA4208,KBNA,KTUL,3,2026-10-05,13:26
SWA4208,KPHX,KSMF,2,2026-10-05,23:42
SWA4208,KTUL,KPHX,4,2026-10-05,15:54
SWA4209,KLAS,KBOI,1,2026-10-04,15:07
SWA421,KAUS,KLAX,1,2026-10-04,23:23
SWA421,KBNA,KDAL,1,2026-10-05,04:07
SWA421,KFLL,KRDU,1,2026-10-04,22:21
SWA421,KJAN,KHOU,1,2026-10-06,11:44
SWA421,KLAS,KPIT,2,2026-10-01,21:06
SWA421,KMDW,KAUS,1,2026-10-03,19:50
SWA421,KRDU,KBNA,1,2026-10-05,01:03
SWA421,KSTL,KMDW,1,2026-10-03,18:09
SWA421,TJSJ,KFLL,1,2026-10-04,18:54
SWA4210,KHOU,KPHX,1,2026-09-30,16:16
SWA4210,KTUS,KDEN,6,2026-10-06,13:55
SWA4212,KPHX,KBNA,1,2026-10-04,02:31
SWA4212,KTUS,KLAS,3,2026-10-06,03:50
SWA4213,KPHX,KBOI,1,2026-10-03,15:40
SWA4214,KTYS,KBNA,6,2026-10-06,11:22
SWA4215,KMDW,KBOS,1,2026-09-30,23:19
SWA4215,KTYS,KBWI,6,2026-10-06,12:31
SWA4216,KDAL,KOKC,1,2026-09-30,16:18
SWA4216,KTPA,KLAS,3,2026-10-06,20:16
SWA4216,KTYS,KDAL,2,2026-10-06,20:45
SWA4217,KMDW,KBUF,1,2026-09-30,17:57
SWA4217,KTPA,KSAT,1,2026-10-04,14:11
SWA4217,KVPS,KBNA,4,2026-10-05,12:49
SWA4218,KOAK,KBUR,2,2026-10-01,02:29
SWA4218,KVPS,KBNA,3,2026-10-05,19:12
SWA4219,KTUL,KHOU,1,2026-10-03,13:16
SWA4219,KVPS,KBWI,1,2026-10-06,19:21
SWA422,KAUS,KSJC,4,2026-10-06,11:14
SWA422,KLGA,KBNA,1,2026-10-04,18:01
SWA422,KLGB,KSJC,1,2026-10-04,00:23
SWA4220,KLAS,KBNA,1,2026-09-30,14:13
SWA4220,KLAS,KSNA,1,2026-10-04,22:02
SWA4220,KORF,KMCO,1,2026-10-03,13:04
SWA4221,KPIT,KMDW,1,2026-10-04,20:15
SWA4221,KTPA,KPIT,1,2026-10-04,17:07
SWA4222,KLGA,KHOU,3,2026-10-05,15:42
SWA4222,KMCO,KPHX,1,2026-10-06,18:58
SWA4223,KBNA,KSAV,1,2026-10-03,18:47
SWA4224,KSAN,PHNL,3,2026-10-06,02:15
SWA4225,KMDW,KDTW,1,2026-09-30,18:10
SWA4225,KPHX,KMDW,1,2026-10-05,05:28
SWA4225,KSAN,KIND,3,2026-10-06,21:03
SWA4226,KBDL,KMDW,3,2026-10-06,23:17
SWA4227,KLAS,KLBB,1,2026-10-03,21:06
SWA4227,KLGB,KPHX,1,2026-10-04,14:04
SWA4227,KPIT,KBWI,1,2026-10-06,09:47
SWA4227,KROC,KBWI,1,2026-09-30,10:12
SWA4228,KALB,KDEN,1,2026-10-04,09:09
SWA4228,KTPA,KPIT,3,2026-10-05,21:13
SWA4229,KBHM,KDEN,1,2026-10-05,22:28
SWA4229,KHOU,KBWI,1,2026-10-04,00:49
SWA4229,KHOU,KDCA,1,2026-09-30,13:47
SWA423,KBDL,KMDW,1,2026-09-30,12:18
SWA423,KBWI,KSAV,4,2026-10-05,21:38
SWA423,KMKE,KLAS,1,2026-10-06,17:04
SWA423,KSAN,KPDX,1,2026-10-05,01:31
SWA4230,KHOU,KFLL,2,2026-10-01,23:30
SWA4230,KSAN,KLAS,4,2026-10-06,00:35
SWA4230,KSMF,KSAN,1,2026-10-06,20:27
SWA4231,KBOI,KDEN,3,2026-10-05,22:10
SWA4231,KJAX,KBNA,1,2026-09-30,11:08
SWA4231,KSAN,KBOI,1,2026-10-03,18:36
SWA4232,KBWI,KDEN,2,2026-10-03,03:20
SWA4232,KMCO,KIND,1,2026-10-03,12:17
SWA4233,KBOS,KMDW,3,2026-10-06,23:22
SWA4233,KLAS,KMDW,1,2026-10-01,00:27
SWA4234,KBWI,KSAN,1,2026-10-04,22:28
SWA4235,KSAN,KLAS,2,2026-10-06,06:11
SWA4236,KMDW,KLGA,2,2026-10-01,23:16
SWA4236,KSAN,KMCO,5,2026-10-06,16:20
SWA4237,KLAS,KSAN,1,2026-09-30,21:00
SWA4237,KSAN,KMDW,3,2026-10-05,13:36
SWA4238,KBDL,KBWI,1,2026-10-06,13:26
SWA4238,KRNO,KLAS,2,2026-10-01,23:53
SWA4239,KCMH,KPHX,4,2026-10-06,10:24
SWA4239,KMDW,KMCI,1,2026-09-30,12:24
SWA424,KAUS,KSJC,3,2026-10-06,03:51
SWA424,KBNA,KDEN,1,2026-10-04,01:24
SWA424,KSNA,KDEN,1,2026-10-05,02:57
SWA4240,KSAN,KOAK,3,2026-10-05,19:57
SWA4241,KSAN,KOAK,5,2026-10-06,22:26
SWA4242,KDAL,KLAS,1,2026-10-04,12:23
SWA4242,KHOU,KDAL,1,2026-10-04,10:38
SWA4242,KPHX,KRNO,1,2026-10-03,17:39
SWA4243,KDEN,KICT,1,2026-10-03,18:02
SWA4243,KDEN,KLGB,1,2026-09-30,21:12
SWA4244,KMCI,KDAL,3,2026-10-05,12:06
SWA4245,KPHX,KMDW,3,2026-10-05,17:08
SWA4245,KSAN,KPHX,3,2026-10-05,15:15
SWA4246,KMDW,KPDX,1,2026-09-30,16:01
SWA4246,KSAN,KSMF,1,2026-10-03,19:30
SWA4247,KDAL,KMCO,4,2026-10-06,20:02
SWA4247,KMDW,KCLT,1,2026-09-30,01:59
SWA4248,KBWI,KPDX,1,2026-09-30,12:29
SWA4248,KDAL,KTUL,2,2026-10-05,21:55
SWA4248,KPDX,KOAK,1,2026-09-30,18:37
SWA4248,KSAT,KDAL,1,2026-10-03,19:24
SWA4249,KDEN,KMEM,2,2026-10-05,02:04
SWA4249,KMDW,KPHX,1,2026-09-30,19:13
SWA4249,KTUS,KDEN,2,2026-10-05,22:27
SWA425,KAUS,KDAL,3,2026-10-05,17:38
SWA425,KBDL,KMDW,1,2026-10-01,22:41
SWA425,KBHM,KMCO,1,2026-10-03,12:08
SWA425,KBWI,KBDL,1,2026-09-30,20:49
SWA425,KDAL,KTYS,3,2026-10-05,19:15
SWA425,KIND,KAUS,1,2026-10-04,10:12
SWA425,KMSY,KAUS,3,2026-10-05,15:22
SWA4250,KDEN,KMSP,5,2026-10-05,17:53
SWA4251,KSAN,KPHX,2,2026-10-06,05:07
SWA4252,KDEN,KMSY,4,2026-10-06,16:28
SWA4253,KDEN,KPHL,2,2026-10-05,01:49
SWA4254,KMDW,KSTL,2,2026-10-01,02:34
SWA4254,KPHX,KSMF,1,2026-10-03,16:37
SWA4254,KTYS,KDEN,3,2026-10-06,21:53
SWA4255,KSAN,KSBA,1,2026-10-03,22:35
SWA4255,KSBA,KSMF,1,2026-10-04,23:47
SWA4255,KSLC,KSAN,1,2026-10-06,21:04
SWA4256,KDAL,KBWI,1,2026-09-30,11:56
SWA4256,KDEN,KPHX,4,2026-10-05,12:11
SWA4256,KSTL,KFLL,1,2026-10-06,15:42
SWA4257,KDEN,KRNO,3,2026-10-06,03:38
SWA4258,KBWI,KPIT,1,2026-10-03,19:42
SWA4258,KMDW,KMEM,1,2026-09-30,15:33
SWA4258,KMEM,KHOU,1,2026-09-30,17:46
SWA4258,KSAN,KSFO,3,2026-10-06,23:39
SWA4259,KMEM,KHOU,1,2026-09-30,23:14
SWA4259,KSAN,KSFO,3,2026-10-06,00:58
SWA426,KLAX,KSTL,3,2026-10-06,01:10
SWA426,KMSP,KBWI,1,2026-09-30,11:08
SWA426,KPHX,KBNA,1,2026-10-06,15:01
SWA426,KPHX,KLAX,1,2026-10-05,05:54
SWA426,KSJC,KONT,1,2026-10-04,23:44
SWA4260,KPHX,KSAN,1,2026-10-06,13:30
SWA4260,KSAN,KSJC,1,2026-10-03,15:31
SWA4261,KSAN,KSJC,4,2026-10-05,18:19
SWA4262,KAUS,KMCI,1,2026-10-06,18:34
SWA4262,KMDW,KRDU,1,2026-09-30,13:57
SWA4262,KPHX,KSMF,1,2026-10-03,19:50
SWA4263,KDAL,KBNA,1,2026-10-04,23:45
SWA4263,KDEN,KSAN,2,2026-10-06,00:33
SWA4263,KLAS,KOKC,1,2026-10-05,04:39
SWA4263,KSAN,KLAS,1,2026-10-05,02:53
SWA4264,KSAN,KSJC,4,2026-10-06,01:45
SWA4265,KBNA,KTUL,1,2026-10-04,01:11
SWA4265,KMSY,KDEN,1,2026-10-04,16:18
SWA4267,KHOU,KBHM,1,2026-10-04,22:48
SWA4267,KLAS,KAUS,2,2026-10-05,20:57
SWA4269,KMDW,KFLL,1,2026-10-01,23:51
SWA4269,KSAN,KSMF,4,2026-10-06,19:43
SWA427,KAUS,KSMF,2,2026-10-06,01:58
SWA427,KDEN,KMDW,1,2026-10-06,17:56
SWA427,KHOU,KATL,1,2026-10-04,23:22
SWA427,KLAX,KHOU,1,2026-10-03,18:42
SWA427,KLAX,KSMF,1,2026-10-05,03:25
SWA427,KMDW,KPHX,1,2026-10-05,20:54
SWA427,KPHX,KSJC,2,2026-10-01,03:38
SWA427,KPHX,KLAX,1,2026-10-05,01:15
SWA4270,KDEN,KSLC,5,2026-10-06,03:29
SWA4271,KSAN,KSMF,4,2026-10-06,23:56
SWA4272,KDAL,KMCI,1,2026-09-30,14:15
SWA4272,KSAN,KSMF,5,2026-10-06,02:23
SWA4272,KSMF,KDEN,3,2026-10-06,03:31
SWA4273,KMSY,KDAL,1,2026-09-30,11:52
SWA4273,KSAN,KSMF,3,2026-10-06,05:00
SWA4274,KHOU,KSAN,4,2026-10-06,20:50
SWA4274,KMSY,KDAL,1,2026-09-30,13:46
SWA4275,KMCO,KPIT,2,2026-10-01,00:16
SWA4275,KTUS,KLAS,1,2026-10-06,12:43
SWA4276,KLAX,KBWI,4,2026-10-06,21:21
SWA4276,KMSY,KDAL,1,2026-10-03,10:33
SWA4276,KMSY,KLAS,1,2026-09-30,15:58
SWA4277,KMDW,KICT,5,2026-10-06,03:15
SWA4278,KPHX,KLAX,2,2026-10-01,03:13
SWA4279,KPHX,KCOS,3,2026-10-05,14:59
SWA428,KBHM,KDAL,1,2026-10-06,16:49
SWA428,KBWI,KBHM,1,2026-10-06,14:01
SWA428,KBWI,KCLT,1,2026-10-04,19:05
SWA428,KCLT,KDAL,1,2026-10-04,21:34
SWA428,KDAL,KPHX,2,2026-10-06,00:49
SWA428,KLAS,KPSP,3,2026-10-05,17:53
SWA428,KPHX,KMDW,1,2026-10-03,16:57
SWA428,KPSP,KSJC,3,2026-10-05,19:18
SWA428,KSAN,KPHX,1,2026-09-30,19:49
SWA428,KSJC,KSLC,3,2026-10-05,21:19
SWA428,KSLC,KPHX,3,2026-10-06,23:50
SWA4280,KLAX,KLAS,1,2026-09-30,16:34
SWA4280,KMDW,KOAK,5,2026-10-06,15:31
SWA4280,KSNA,KLAS,1,2026-10-03,17:01
SWA4281,KBDL,KDEN,1,2026-10-06,19:54
SWA4282,KBNA,KPHX,1,2026-10-05,21:40
SWA4282,KBWI,KPIT,1,2026-09-30,21:09
SWA4282,KPHX,KSDF,2,2026-10-06,00:10
SWA4282,KSMF,KPHX,3,2026-10-05,21:42
SWA4283,KMCO,KDCA,6,2026-10-06,13:35
SWA4283,KMYR,KBWI,1,2026-09-30,21:59
SWA4284,KHOU,KAUS,1,2026-10-03,22:41
SWA4284,KSTL,KBWI,1,2026-10-04,10:40
SWA4285,KMDW,KSAN,3,2026-10-06,02:46
SWA4286,KHOU,KDCA,2,2026-10-01,00:32
SWA4286,KPHX,KSJC,5,2026-10-06,14:14
SWA4286,KSAT,KHOU,1,2026-09-30,22:35
SWA4287,KLAS,KHOU,2,2026-10-01,22:31
SWA4287,KPIT,KDEN,4,2026-10-06,23:28
SWA4288,KSAV,KDAL,2,2026-10-05,21:28
SWA4289,KBHM,KMCO,1,2026-10-04,12:20
SWA4289,KIND,KDEN,1,2026-10-03,13:46
SWA429,KAUS,KSTL,5,2026-10-06,12:56
SWA429,KBNA,KECP,1,2026-10-03,18:43
SWA429,KDAL,KAUS,3,2026-10-05,11:11
SWA429,KDCA,KMCO,1,2026-09-30,22:14
SWA4290,KMDW,KBDL,3,2026-10-05,00:27
SWA4290,KOAK,KLAS,1,2026-09-30,15:18
SWA4291,KOAK,KLAS,2,2026-10-01,03:28
SWA4291,KRDU,KMDW,3,2026-10-06,00:02
SWA4292,KLAS,KSBA,3,2026-10-05,16:26
SWA4292,KLAS,KSNA,1,2026-10-04,17:55
SWA4292,KRNO,KLAS,1,2026-10-06,14:29
SWA4292,KSBA,KSAN,3,2026-10-05,18:41
SWA4292,KSJC,KLAS,1,2026-10-04,15:03
SWA4293,KMDW,KOAK,3,2026-10-06,03:03
SWA4293,KOAK,KLAX,1,2026-09-30,21:15
SWA4294,KDAL,KMAF,1,2026-10-04,00:58
SWA4294,KSFO,KDEN,1,2026-10-06,21:11
SWA4295,KAUS,KSLC,1,2026-10-06,18:23
SWA4295,KSAT,KBWI,3,2026-10-05,22:53
SWA4296,KAUS,KLAS,2,2026-10-06,17:20
SWA4296,KSDF,KBNA,1,2026-09-30,11:13
SWA4297,KDEN,KATL,3,2026-10-06,22:49
SWA4297,KLAS,KRDU,1,2026-10-05,20:18
SWA4297,KLAS,KSBA,1,2026-10-03,18:53
SWA4298,KDEN,KRNO,4,2026-10-05,14:52
SWA4299,KLAS,KSBA,3,2026-10-06,00:54
SWA4299,KLAS,KCOS,1,2026-10-04,20:38
SWA4299,KSBA,KSMF,3,2026-10-06,02:30
SWA43,KDAL,KHOU,3,2026-10-05,23:26
SWA43,KHOU,KMDW,2,2026-10-06,01:41
SWA43,KHOU,KSTL,1,2026-10-02,03:28
SWA430,KEUG,KSAN,1,2026-09-30,19:34
SWA430,KLGA,KDEN,4,2026-10-06,18:56
SWA430,KPIT,KDEN,1,2026-10-03,10:42
SWA430,KSAN,KLAS,1,2026-09-30,22:45
SWA430,KSAN,KSFO,1,2026-10-05,03:11
SWA4300,KBOI,KLAS,1,2026-10-03,12:02
SWA4300,KLAS,KHOU,1,2026-10-03,14:42
SWA4301,KGEG,KDEN,2,2026-10-05,22:07
SWA4301,KSTL,KJAX,1,2026-10-03,15:15
SWA4302,KOAK,KLGB,2,2026-10-01,01:50
SWA4303,KDEN,KSFO,6,2026-10-06,15:14
SWA4304,KBOS,KBNA,1,2026-10-04,09:17
SWA4304,KLAS,KPIT,1,2026-10-04,00:16
SWA4305,KBOS,KMDW,1,2026-10-01,09:53
SWA4305,KMDW,KDCA,2,2026-10-05,01:18
SWA4306,KOMA,KDAL,1,2026-09-30,17:29
SWA4306,KPHX,KMCI,1,2026-10-06,18:34
SWA4306,KSEA,KOAK,1,2026-10-04,20:53
SWA4307,KHOU,KPHX,1,2026-10-06,14:03
SWA4307,KPHX,KABQ,1,2026-10-03,18:15
SWA4307,KSEA,KPHX,3,2026-10-05,15:36
SWA4308,KSFO,KBNA,1,2026-10-06,19:45
SWA4309,KTPA,KLAS,1,2026-10-05,01:29
SWA431,KAUS,KBNA,1,2026-09-30,14:29
SWA431,KLGA,KHOU,4,2026-10-05,10:19
SWA431,KSEA,KOAK,1,2026-10-06,16:09
SWA431,KSTL,KCMH,1,2026-10-05,00:57
SWA4310,KSAN,KSEA,2,2026-10-01,03:27
SWA4311,KOMA,KPHX,2,2026-10-01,21:57
SWA4311,KSFO,KBUR,4,2026-10-05,18:01
SWA4312,KSFO,KBUR,4,2026-10-05,22:21
SWA4313,KSFO,KDAL,4,2026-10-06,23:50
SWA4314,KONT,KLAS,1,2026-09-30,16:43
SWA4314,KSFO,KLAS,5,2026-10-05,12:16
SWA4315,KBWI,KBDL,1,2026-10-05,02:55
SWA4315,KSTL,KPHX,1,2026-10-04,21:40
SWA4316,KMCI,KLAX,2,2026-10-01,22:26
SWA4316,KTPA,KAUS,1,2026-10-03,16:29
SWA4317,KDAL,KMCI,2,2026-10-05,18:54
SWA4317,KSFO,KAUS,1,2026-10-06,16:43
SWA4317,KSFO,KLAX,1,2026-10-04,13:41
SWA4317,TJSJ,KTPA,1,2026-09-30,17:44
SWA4318,KBNA,KPNS,2,2026-10-02,20:33
SWA4318,KDAL,KONT,2,2026-10-06,01:40
SWA4318,KPNS,KDAL,1,2026-10-06,23:04
SWA4318,KVPS,KHOU,1,2026-10-03,22:17
SWA4319,KSFO,KLAX,3,2026-10-05,18:50
SWA432,KABQ,KPHX,2,2026-10-01,01:13
SWA432,KAUS,KTPA,5,2026-10-05,13:31
SWA432,KLBB,KAUS,1,2026-10-04,11:18
SWA4320,KATL,KAUS,1,2026-09-30,19:55
SWA4320,KMCI,KLAX,1,2026-10-05,02:33
SWA4320,KMDW,KDCA,3,2026-10-05,18:33
SWA4320,KOAK,KMDW,3,2026-10-05,13:04
SWA4321,KMDW,KDEN,3,2026-10-06,23:52
SWA4322,KMHT,KBWI,1,2026-10-03,16:41
SWA4323,KDEN,KTPA,1,2026-10-01,23:48
SWA4323,KLAS,KHOU,1,2026-10-06,13:48
SWA4323,KSAN,KAUS,1,2026-10-04,01:22
SWA4324,KBNA,KLGA,1,2026-10-03,10:51
SWA4324,KMDW,KLAX,1,2026-10-06,11:47
SWA4324,KPHX,KSAN,1,2026-10-04,20:34
SWA4325,KPHX,KABQ,1,2026-09-30,18:21
SWA4325,KSAN,KAUS,1,2026-10-05,21:46
SWA4325,KSFO,KSAN,4,2026-10-05,20:47
SWA4326,KCLE,KSTL,1,2026-10-03,16:50
SWA4326,KSFO,KSAN,2,2026-10-06,03:05
SWA4326,KSFO,KPHX,1,2026-10-03,02:50
SWA4327,KMDW,KSFO,4,2026-10-06,03:31
SWA4327,KSJC,KDAL,1,2026-10-04,13:07
SWA4328,KPHX,KBNA,3,2026-10-05,19:46
SWA4328,KSAN,KPHX,3,2026-10-05,17:34
SWA4328,KSFO,KSAN,1,2026-10-01,23:26
SWA433,KAUS,KTPA,6,2026-10-06,17:32
SWA433,KAUS,KBNA,2,2026-10-01,00:35
SWA433,KHOU,KAUS,1,2026-10-06,16:13
SWA433,KTPA,KATL,1,2026-10-03,22:45
SWA4330,KMSP,KMDW,4,2026-10-06,00:27
SWA4330,KTPA,KBWI,1,2026-09-30,21:21
SWA4331,KLAS,KMAF,5,2026-10-05,20:26
SWA4331,KMAF,KDAL,3,2026-10-05,22:58
SWA4332,KDAL,KOKC,1,2026-10-03,15:40
SWA4332,KPDX,KSAN,2,2026-10-01,22:46
SWA4332,KPHX,KBOI,3,2026-10-06,05:56
SWA4332,KSLC,KLAS,1,2026-10-04,18:04
SWA4333,KBOS,KBWI,1,2026-09-30,12:25
SWA4333,KLGA,KMDW,5,2026-10-06,17:07
SWA4334,KRNO,KLAS,4,2026-10-05,13:18
SWA4334,KSTL,KLGA,1,2026-09-30,16:02
SWA4335,KPHL,KDEN,2,2026-10-01,22:10
SWA4335,KSTL,KHOU,3,2026-10-06,23:37
SWA4336,KBDL,KMDW,6,2026-10-06,11:40
SWA4336,KPIT,KMCO,1,2026-09-30,12:14
SWA4337,KHOU,KONT,3,2026-10-05,13:25
SWA4337,KPHL,KMDW,1,2026-09-30,18:44
SWA4338,KTPA,KBWI,3,2026-10-05,00:03
SWA4339,KBWI,KMKE,5,2026-10-06,02:44
SWA4339,KPHX,KAUS,1,2026-09-30,18:03
SWA434,KAUS,KLBB,2,2026-10-06,03:47
SWA434,KBHM,KDEN,2,2026-10-01,22:52
SWA434,KTUS,KSAN,1,2026-10-04,12:51
SWA4340,KPHX,KDAL,2,2026-10-06,23:03
SWA4341,KSJC,KSAN,4,2026-10-06,13:57
SWA4342,KSJC,KSAN,2,2026-10-06,16:09
SWA4343,KALB,KBWI,1,2026-09-30,19:45
SWA4343,KSJC,KSAN,2,2026-10-06,19:27
SWA4344,KAUS,KOAK,1,2026-09-30,15:32
SWA4344,KSTL,KMKE,1,2026-10-03,19:00
SWA4345,KSAT,KLAS,4,2026-10-06,23:01
SWA4346,KDEN,KCOS,2,2026-10-01,03:23
SWA4346,KDEN,KSTL,1,2026-10-04,12:42
SWA4347,KSAN,KDEN,1,2026-10-05,04:27
SWA4347,KSJC,KSAN,2,2026-10-05,02:16
SWA4348,KCLT,KMDW,1,2026-10-05,00:32
SWA4349,KBWI,KMSY,3,2026-10-05,12:22
SWA4349,KSAN,KLAS,1,2026-10-04,15:34
SWA435,KABQ,KDAL,1,2026-10-05,23:42
SWA435,KBNA,KIND,2,2026-10-01,00:13
SWA435,KLGA,KDAL,1,2026-10-06,10:22
SWA435,KMAF,KAUS,2,2026-10-05,20:38
SWA435,KMAF,KBNA,1,2026-10-01,21:37
SWA435,KSTS,KDEN,1,2026-10-03,19:42
SWA4350,KSJC,KSNA,1,2026-10-05,02:53
SWA4350,KSTL,KSAT,1,2026-10-03,19:09
SWA4351,KBWI,KSFO,3,2026-10-05,16:11
SWA4351,KDAL,KMKE,1,2026-10-03,20:42
SWA4351,KFLL,KDEN,1,2026-10-04,11:44
SWA4352,KCLE,KDEN,5,2026-10-06,09:34
SWA4353,KATL,KDAL,1,2026-10-04,14:52
SWA4353,KDAL,KAUS,1,2026-10-06,20:13
SWA4353,KDAL,KMCI,1,2026-10-04,17:46
SWA4353,KPHX,KLAS,1,2026-09-30,22:15
SWA4354,KDAL,KLAS,1,2026-10-04,21:20
SWA4354,KFLL,KDAL,1,2026-10-06,19:45
SWA4355,KDAL,KPDX,6,2026-10-06,13:05
SWA4355,KPDX,KSMF,3,2026-10-05,18:38
SWA4355,KPHX,KLAS,2,2026-10-01,03:42
SWA4356,KDEN,KMKE,5,2026-10-06,02:13
SWA4357,KLAS,KAUS,5,2026-10-06,03:09
SWA4357,KRNO,KLAS,3,2026-10-06,01:02
SWA4358,KDEN,KSEA,2,2026-10-05,04:17
SWA4359,KMDW,KBDL,2,2026-10-01,00:18
SWA4359,KSMF,KDEN,2,2026-10-05,05:32
SWA436,KEUG,KDEN,5,2026-10-05,13:27
SWA436,KSJC,KSAN,2,2026-10-01,23:42
SWA436,KSJC,KAUS,1,2026-10-06,18:35
SWA4360,KLAS,KDCA,3,2026-10-06,16:42
SWA4360,KPHX,KBUR,1,2026-10-03,22:05
SWA4360,KSMF,KLAS,4,2026-10-06,14:24
SWA4361,KGEG,KPHX,3,2026-10-05,13:09
SWA4361,KSNA,KDEN,1,2026-10-06,14:04
SWA4362,KHOU,KBWI,6,2026-10-06,10:56
SWA4363,KLAS,KMDW,4,2026-10-06,03:03
SWA4363,KPHX,KMDW,1,2026-09-30,13:27
SWA4363,KSJC,KLAS,3,2026-10-06,00:39
SWA4364,KSDF,KMCO,1,2026-10-03,10:13
SWA4365,KDEN,KRNO,1,2026-09-30,22:11
SWA4365,KMCI,KPHX,4,2026-10-05,11:16
SWA4365,KPIT,KBNA,1,2026-10-06,16:45
SWA4365,KRNO,KLAS,2,2026-10-01,00:58
SWA4366,KMDW,KSEA,1,2026-10-05,03:46
SWA4367,KMDW,KSFO,6,2026-10-06,15:33
SWA4367,KPHX,KOMA,1,2026-09-30,16:22
SWA4368,KCLT,KBNA,1,2026-09-30,11:08
SWA4368,KSAT,KLAS,5,2026-10-06,11:21
SWA4368,KSTL,KMSP,1,2026-10-03,18:59
SWA4369,KMHT,KMDW,4,2026-10-06,23:39
SWA4369,KOMA,KDEN,1,2026-09-30,19:35
SWA437,KBDL,KBWI,1,2026-09-30,19:24
SWA437,KBWI,KMIA,1,2026-10-05,01:08
SWA437,KLAS,KBWI,1,2026-10-04,19:49
SWA437,KMCI,KSMF,1,2026-10-04,21:46
SWA437,KSAN,KLAS,1,2026-10-04,17:34
SWA437,KSTL,KPHX,1,2026-10-06,17:15
SWA4370,KMDW,KSLC,5,2026-10-06,15:19
SWA4370,KPSP,KSMF,1,2026-10-03,22:53
SWA4371,KPHX,KSAN,1,2026-09-30,20:36
SWA4371,KSMF,KPHX,4,2026-10-06,02:20
SWA4372,KSMF,KSAN,5,2026-10-06,13:19
SWA4373,KPHX,KSAN,2,2026-10-01,02:58
SWA4373,KSAN,KPHX,1,2026-10-03,15:17
SWA4373,KSMF,KSAN,4,2026-10-04,15:36
SWA4374,KLAS,KLGB,1,2026-10-04,15:15
SWA4374,KSAN,KDAL,3,2026-10-05,19:45
SWA4374,KSAN,KSTL,1,2026-10-06,19:41
SWA4374,KSMF,KSAN,5,2026-10-06,16:59
SWA4375,KBWI,KSJC,2,2026-10-01,20:12
SWA4375,KLAS,KLGB,4,2026-10-05,17:15
SWA4376,KLAS,KIND,2,2026-10-01,21:33
SWA4376,KMSY,KHOU,1,2026-10-05,02:52
SWA4376,KTPA,KMSY,2,2026-10-05,22:42
SWA4377,KOKC,KLAS,2,2026-10-06,12:41
SWA4377,KSJC,KMDW,3,2026-10-05,13:26
SWA4378,KAUS,KCMH,1,2026-10-03,21:04
SWA4378,KAUS,KMCO,1,2026-10-06,16:34
SWA4378,KMCI,KAUS,2,2026-10-02,11:15
SWA4378,KPIT,KBWI,1,2026-09-30,19:59
SWA4379,KBHM,KHOU,3,2026-10-05,16:29
SWA438,KBDL,KBWI,6,2026-10-06,10:02
SWA438,KGEG,KSMF,2,2026-10-01,22:56
SWA4380,KBNA,KMDW,2,2026-10-04,19:48
SWA4380,KPHX,KSNA,2,2026-10-01,01:51
SWA4381,KABQ,KBWI,3,2026-10-05,18:02
SWA4381,KBWI,KPIT,4,2026-10-06,23:17
SWA4381,KMIA,KBWI,1,2026-10-03,16:13
SWA4381,KPHX,KTUS,2,2026-10-01,03:35
SWA4382,KAUS,KSFO,1,2026-10-04,21:44
SWA4382,KBOS,KSAN,1,2026-10-06,14:51
SWA4382,KBWI,KBOS,5,2026-10-06,12:49
SWA4382,KDAL,KATL,1,2026-09-30,12:57
SWA4384,KBNA,KRSW,1,2026-10-06,15:32
SWA4384,KDAL,KMAF,1,2026-09-30,16:01
SWA4384,KMSP,KDEN,5,2026-10-05,11:09
SWA4385,KDAL,KOMA,1,2026-10-05,03:18
SWA4385,KSJC,KLAS,1,2026-10-06,16:48
SWA4386,KBNA,KIND,1,2026-09-30,15:19
SWA4386,KDEN,KCOS,4,2026-10-06,15:10
SWA4386,KIND,KMCI,1,2026-09-30,17:11
SWA4386,KLIT,KDAL,1,2026-09-30,22:35
SWA4386,KMCI,KLIT,1,2026-09-30,19:15
SWA4387,KDEN,KSJC,5,2026-10-06,16:29
SWA4388,KHDN,KDEN,3,2026-10-06,15:25
SWA4389,KHOU,KLAS,3,2026-10-06,22:55
SWA439,KBWI,KSDF,2,2026-10-01,00:10
SWA439,KMCI,KMDW,1,2026-10-06,14:36
SWA439,KMDW,KDCA,5,2026-10-06,16:29
SWA439,KSJC,KPHX,1,2026-10-05,04:34
SWA4390,KDEN,KBUR,5,2026-10-06,02:57
SWA4391,KDEN,KOKC,1,2026-10-04,19:43
SWA4391,KPDX,KDEN,1,2026-10-04,16:11
SWA4391,KPVD,KMDW,1,2026-09-30,11:29
SWA4391,KSJC,KPDX,1,2026-10-04,13:35
SWA4392,KDEN,KSEA,5,2026-10-06,15:07
SWA4392,KPVD,KMDW,1,2026-09-30,17:05
SWA4393,KBWI,KCVG,3,2026-10-05,17:37
SWA4393,KCVG,KMCO,3,2026-10-05,20:00
SWA4393,KDEN,KSMF,2,2026-10-05,22:22
SWA4393,KPWM,KBWI,1,2026-09-30,14:27
SWA4394,KHOU,KSAV,3,2026-10-05,15:40
SWA4394,KRDU,KBWI,1,2026-09-30,10:04
SWA4394,KSAV,KBWI,3,2026-10-05,18:43
SWA4395,KOAK,KLAS,4,2026-10-05,14:06
SWA4395,KRDU,KBWI,1,2026-09-30,14:28
SWA4396,KLAS,KMSY,4,2026-10-06,02:22
SWA4396,KRIC,KBNA,1,2026-09-30,16:10
SWA4397,KBNA,KRSW,1,2026-10-03,11:54
SWA4397,KBNA,KSMF,1,2026-10-05,23:27
SWA4397,KHOU,KBNA,1,2026-09-30,13:36
SWA4397,KHOU,KSAN,1,2026-10-06,14:12
SWA4398,KMCO,KAUS,5,2026-10-06,18:01
SWA4398,KSAV,KBWI,1,2026-09-30,12:12
SWA4399,KDAL,KCMH,1,2026-10-06,13:36
SWA4399,KLAS,KTUS,1,2026-10-04,14:54
SWA4399,KSLC,KDEN,1,2026-09-30,18:35
SWA44,KDAL,KSJC,3,2026-10-06,01:02
SWA44,KHOU,KDAL,3,2026-10-05,23:17
SWA440,KATL,KHOU,1,2026-09-30,11:52
SWA440,KAUS,KATL,1,2026-10-06,12:19
SWA440,KBDL,KTPA,1,2026-10-03,15:51
SWA440,KBNA,KORF,1,2026-10-05,01:08
SWA440,KDAL,KMSY,3,2026-10-05,11:08
SWA440,KMDW,KBDL,1,2026-10-03,13:06
SWA4400,KDEN,KSTL,3,2026-10-05,22:04
SWA4401,KSTL,KPHL,3,2026-10-06,01:55
SWA4402,KDEN,KCOS,4,2026-10-06,03:46
SWA4402,KMDW,KSTL,1,2026-10-05,02:41
SWA4403,KSTL,KSAN,4,2026-10-06,13:53
SWA4404,KMCO,KAUS,5,2026-10-06,12:57
SWA4404,KTPA,KIND,1,2026-10-03,16:31
SWA4405,KMCO,KPHX,4,2026-10-06,00:08
SWA4406,KMDW,KMSP,2,2026-10-06,15:31
SWA4407,KFLL,KSTL,2,2026-10-01,22:51
SWA4407,KGEG,KLAS,1,2026-10-04,12:57
SWA4407,KSAV,KBNA,1,2026-10-03,17:42
SWA4408,KMDW,KMSP,1,2026-10-04,01:14
SWA4408,KSLC,KLAS,1,2026-09-30,20:16
SWA4409,KABQ,KBWI,1,2026-09-30,19:13
SWA4409,KOAK,KDEN,5,2026-10-06,19:50
SWA441,KBDL,KBWI,1,2026-10-03,17:21
SWA441,KBWI,KAUS,3,2026-10-06,20:31
SWA441,KBWI,KPIT,1,2026-10-02,00:28
SWA441,KBWI,TJSJ,1,2026-09-30,12:40
SWA441,KCLE,KBNA,1,2026-10-04,10:28
SWA441,KMCO,KBDL,1,2026-10-03,14:13
SWA4410,KLAX,KLAS,3,2026-10-06,06:37
SWA4410,KRNO,KSAN,1,2026-09-30,14:06
SWA4410,KSFO,KLAX,3,2026-10-06,04:06
SWA4411,KDEN,KEUG,5,2026-10-06,03:57
SWA4412,KMDW,KOMA,4,2026-10-05,15:14
SWA4412,KOAK,KSEA,2,2026-10-01,02:55
SWA4412,KPHX,KOAK,2,2026-10-01,22:50
SWA4413,KOAK,KLAS,3,2026-10-06,00:40
SWA4414,KPIT,KLAS,1,2026-10-04,21:25
SWA4415,KFAT,KSAN,1,2026-09-30,13:57
SWA4415,KLAS,KDAL,1,2026-10-04,02:15
SWA4415,KLAS,KMSY,1,2026-10-06,20:39
SWA4415,KSNA,KLAS,3,2026-10-05,14:10
SWA4416,KBNA,KLAX,3,2026-10-06,23:37
SWA4416,KONT,KSMF,1,2026-09-30,16:24
SWA4417,KBWI,KISP,1,2026-09-30,19:53
SWA4417,KCMH,KDAL,4,2026-10-06,10:45
SWA4417,KMDW,KATL,1,2026-10-04,18:29
SWA4418,KDAL,KDCA,3,2026-10-05,19:57
SWA4418,KDAL,KLGA,1,2026-10-06,17:46
SWA4418,KDAL,KMDW,1,2026-10-03,16:21
SWA4418,KLAX,KDAL,1,2026-10-06,14:08
SWA4418,KPHX,KDAL,1,2026-10-03,13:01
SWA4418,KRSW,KMDW,1,2026-09-30,11:15
SWA4419,KABQ,KDEN,4,2026-10-05,16:01
SWA4419,KSTL,KHOU,1,2026-09-30,13:52
SWA442,KABQ,KPHX,1,2026-10-03,21:49
SWA442,KATL,KAUS,1,2026-09-30,18:24
SWA442,KAUS,KDAL,1,2026-09-30,22:43
SWA442,KBNA,KATL,1,2026-09-30,15:14
SWA442,KBWI,KSFO,1,2026-10-04,13:26
SWA442,KCLT,KBWI,1,2026-10-04,11:26
SWA442,KLAS,KSMF,3,2026-10-05,18:16
SWA442,KONT,KLAS,3,2026-10-05,15:51
SWA442,KSJC,KONT,2,2026-10-05,13:59
SWA4420,KAUS,KTUL,2,2026-10-06,00:47
SWA4420,KHOU,KMAF,2,2026-10-01,02:25
SWA4420,KLAS,KSAN,1,2026-10-04,03:37
SWA4420,KTUL,KLAS,1,2026-10-05,02:27
SWA4421,KAUS,KDCA,1,2026-09-30,19:16
SWA4421,KDEN,KBOI,5,2026-10-06,03:51
SWA4422,KBWI,KCLE,1,2026-10-06,19:48
SWA4422,KHOU,KMIA,2,2026-10-01,23:52
SWA4423,KDEN,KOMA,5,2026-10-06,01:59
SWA4423,KMSY,KHOU,1,2026-10-06,11:44
SWA4424,KDEN,KPIT,3,2026-10-06,21:55
SWA4424,KSAN,KBWI,1,2026-09-30,18:34
SWA4425,KAUS,KDAL,1,2026-09-30,22:53
SWA4425,KDEN,KMDW,1,2026-10-04,12:33
SWA4425,KELP,KLAS,1,2026-10-06,12:28
SWA4425,KLGA,KAUS,1,2026-09-30,17:23
SWA4426,KICT,KDEN,4,2026-10-06,01:07
SWA4427,KLAS,KBNA,4,2026-10-06,02:50
SWA4428,KBWI,KIND,1,2026-09-30,23:58
SWA4428,KBWI,KTPA,1,2026-10-04,12:51
SWA4429,KLAX,KMDW,2,2026-10-06,13:30
SWA4429,KMDW,KBOS,1,2026-10-03,17:42
SWA443,KAUS,KTYS,1,2026-10-03,14:42
SWA443,KBDL,KDEN,3,2026-10-05,18:16
SWA443,KBDL,KMDW,1,2026-10-04,16:47
SWA443,KBWI,KBDL,1,2026-10-04,14:58
SWA443,KDAL,KBWI,1,2026-10-04,11:07
SWA443,KDEN,KMSY,2,2026-10-01,01:01
SWA443,KTPA,KBDL,3,2026-10-05,14:36
SWA4430,KLGA,KMDW,5,2026-10-06,11:39
SWA4431,KBWI,KBOS,2,2026-10-01,01:38
SWA4431,KLAS,KBUR,1,2026-10-04,03:13
SWA4431,KSAN,KMCO,1,2026-10-04,13:58
SWA4432,KLGA,KSTL,1,2026-09-30,19:41
SWA4432,KMDW,KAUS,3,2026-10-05,15:13
SWA4432,KMDW,KABQ,2,2026-10-04,16:54
SWA4433,KHOU,KPNS,1,2026-09-30,23:34
SWA4433,KLAX,KMDW,3,2026-10-06,23:55
SWA4434,KMDW,KFLL,1,2026-10-06,13:13
SWA4435,KGEG,KLAS,1,2026-10-05,02:35
SWA4435,KMDW,KSLC,3,2026-10-06,02:51
SWA4435,KTPA,KCMH,1,2026-10-03,21:37
SWA4436,KONT,KDAL,1,2026-10-01,21:45
SWA4436,KPHX,KHOU,2,2026-10-05,05:36
SWA4437,KDAL,KLAS,2,2026-10-06,02:44
SWA4437,KPHL,KDAL,3,2026-10-06,22:31
SWA4438,KTUL,KLAS,4,2026-10-05,11:50
SWA4439,KLAS,KOAK,2,2026-10-03,06:17
SWA4439,KRDU,KAUS,1,2026-10-03,11:05
SWA444,KBDL,KMCO,4,2026-10-06,10:33
SWA444,KBNA,KATL,2,2026-10-01,00:15
SWA444,KBNA,KDAL,1,2026-10-04,20:20
SWA4440,KDEN,KBOS,1,2026-10-04,01:12
SWA4440,KPHL,KMDW,3,2026-10-05,18:35
SWA4440,KSAN,KLAS,2,2026-10-01,03:30
SWA4440,KSAN,KDEN,1,2026-10-04,22:10
SWA4440,KSMF,KHOU,1,2026-10-04,15:01
SWA4441,KPHX,KAUS,1,2026-10-06,15:22
SWA4441,KSMF,KLAX,1,2026-10-03,16:33
SWA4441,KTUS,KPHX,1,2026-09-30,14:30
SWA4442,KABQ,KPHX,6,2026-10-06,12:51
SWA4443,KALB,KLAS,3,2026-10-06,20:35
SWA4443,KDEN,KSAT,1,2026-10-04,21:48
SWA4443,KSAN,KMDW,1,2026-09-30,18:50
SWA4444,KDAL,KMCI,1,2026-09-30,21:21
SWA4444,KTPA,KMDW,2,2026-10-05,15:40
SWA4445,KBNA,KTPA,1,2026-10-01,00:35
SWA4445,KMDW,KMSY,1,2026-10-04,12:17
SWA4445,KONT,KOAK,1,2026-10-03,21:24
SWA4445,KTPA,KMDW,1,2026-10-01,15:16
SWA4446,KAUS,KBNA,6,2026-10-06,12:22
SWA4447,KBUR,KBNA,3,2026-10-05,14:16
SWA4447,KBWI,KSLC,1,2026-10-06,16:07
SWA4447,KPHX,KOKC,2,2026-10-01,02:27
SWA4447,KRSW,KIND,1,2026-10-03,18:01
SWA4448,KPHX,KDEN,3,2026-10-06,01:04
SWA4449,KDAL,KBNA,2,2026-10-06,01:57
SWA445,KAUS,KMSY,1,2026-10-04,11:18
SWA445,KBDL,KMCO,3,2026-10-06,23:40
SWA445,KBWI,KBDL,1,2026-10-03,19:36
SWA4450,KDAL,KRDU,1,2026-10-06,19:56
SWA4450,KMDW,KMKE,3,2026-10-05,15:18
SWA4450,KSAN,KPDX,1,2026-09-30,18:09
SWA4452,KHOU,KLAS,1,2026-10-03,13:56
SWA4453,KPHX,KLAS,3,2026-10-05,21:36
SWA4453,KSAN,KPHX,1,2026-10-01,00:39
SWA4453,KTPA,KSAT,1,2026-10-03,12:54
SWA4454,KPHX,KLAS,4,2026-10-06,01:15
SWA4455,KCMH,KFLL,1,2026-10-03,12:16
SWA4455,KDEN,KOAK,1,2026-10-06,15:40
SWA4456,KFLL,KBWI,1,2026-10-03,17:06
SWA4456,KLAS,KCOS,1,2026-10-06,16:26
SWA4456,KPHX,KPDX,2,2026-10-01,03:04
SWA4457,KGEG,KLAS,3,2026-10-05,12:10
SWA4458,KCVG,KBWI,1,2026-09-30,09:42
SWA4458,KLAX,KSJC,1,2026-10-03,21:46
SWA4458,KSTL,KAUS,4,2026-10-06,13:45
SWA4459,KMDW,KORF,5,2026-10-05,13:14
SWA446,KATL,KBNA,1,2026-10-04,16:01
SWA446,KBNA,KBWI,1,2026-10-04,17:50
SWA446,KBWI,KORF,1,2026-10-04,20:17
SWA446,KMDW,KMSY,5,2026-10-06,21:49
SWA4460,KHOU,KDEN,1,2026-09-30,16:18
SWA4460,KMDW,KRSW,5,2026-10-06,10:13
SWA4461,KPHX,KSAT,2,2026-10-06,23:26
SWA4461,KSMF,KPHX,1,2026-10-03,20:54
SWA4462,KDEN,KSEA,1,2026-09-30,15:42
SWA4462,KSTL,KMCO,3,2026-10-05,21:52
SWA4463,KOKC,KHOU,1,2026-09-30,20:56
SWA4464,KPIT,KDAL,1,2026-10-03,21:11
SWA4465,KTPA,KCMH,1,2026-10-03,15:58
SWA4466,KSMF,KLAS,5,2026-10-06,15:28
SWA4467,KSTL,KLAS,6,2026-10-06,19:58
SWA4468,KSAN,KSJC,1,2026-10-01,23:15
SWA4468,KTPA,KHOU,6,2026-10-06,09:56
SWA4469,KAUS,KMDW,2,2026-10-05,21:41
SWA4469,KBNA,KBUR,1,2026-10-03,14:01
SWA4469,KORF,KBWI,1,2026-09-30,12:53
SWA447,KAUS,KMSY,1,2026-10-04,17:43
SWA447,KDAL,KABQ,1,2026-10-04,00:49
SWA447,KDAL,KOAK,1,2026-09-30,17:44
SWA447,KDEN,KSEA,3,2026-10-05,18:41
SWA447,KDEN,KPHX,1,2026-10-06,18:10
SWA447,KMAF,KAUS,1,2026-10-04,15:54
SWA447,KMDW,KMSP,4,2026-10-06,12:56
SWA447,KMSP,KDEN,4,2026-10-06,15:34
SWA447,KMSY,KMDW,1,2026-10-04,19:43
SWA447,KOAK,KLGB,1,2026-09-30,22:20
SWA4470,KMDW,KBHM,3,2026-10-06,03:31
SWA4470,KSAT,KDAL,1,2026-09-30,16:41
SWA4471,KAUS,KHOU,5,2026-10-06,11:28
SWA4472,KAUS,KPHX,3,2026-10-05,15:49
SWA4472,KSAN,KSMF,2,2026-10-01,22:51
SWA4472,KSEA,KOAK,1,2026-10-03,15:04
SWA4473,KBNA,KPIT,5,2026-10-06,01:41
SWA4473,KSAN,KSMF,2,2026-10-01,01:57
SWA4474,KBUR,KLAS,4,2026-10-05,18:47
SWA4474,KLAS,KSFO,1,2026-10-05,06:48
SWA4474,KPHX,KBUR,1,2026-10-06,14:12
SWA4475,KBWI,KATL,3,2026-10-05,11:15
SWA4475,KMKE,KRSW,1,2026-10-03,11:49
SWA4476,KBUR,KLAS,4,2026-10-06,01:01
SWA4476,KFAT,KDEN,1,2026-09-30,18:08
SWA4476,KMDW,KMCI,1,2026-10-04,19:24
SWA4476,KSAN,KFAT,1,2026-09-30,16:14
SWA4477,KBWI,KDTW,3,2026-10-05,17:45
SWA4477,KCHS,KBWI,3,2026-10-05,15:00
SWA4477,KDTW,KMDW,3,2026-10-05,19:48
SWA4477,KMSP,KMDW,1,2026-10-03,15:46
SWA4478,KSAT,KDAL,2,2026-10-01,01:05
SWA4479,KBWI,KMSP,4,2026-10-06,03:13
SWA4479,KMCO,KBWI,1,2026-10-03,21:02
SWA448,KBWI,KMCO,1,2026-10-04,10:26
SWA448,KDSM,KMDW,1,2026-10-06,10:49
SWA448,KMSY,KAUS,2,2026-10-06,01:14
SWA448,KMSY,KDEN,1,2026-10-02,00:56
SWA448,KSAN,KRNO,2,2026-10-01,04:28
SWA4480,KBWI,KMIA,4,2026-10-05,12:49
SWA4480,KPVD,KBWI,1,2026-09-30,19:13
SWA4481,KDAL,KSTL,3,2026-10-05,12:52
SWA4482,KDEN,KCMH,3,2026-10-05,20:01
SWA4482,KLGB,KSMF,1,2026-09-30,14:26
SWA4483,KDEN,KLGB,5,2026-10-06,21:45
SWA4484,KATL,KIND,1,2026-10-03,18:44
SWA4484,KCLT,KDAL,1,2026-09-30,17:09
SWA4484,KDEN,KLAX,1,2026-10-05,22:47
SWA4484,KLAX,KSJC,1,2026-10-05,01:47
SWA4485,KLAS,KSAT,3,2026-10-06,04:28
SWA4485,KSAT,KSAN,2,2026-10-01,23:51
SWA4486,KHOU,KMSY,1,2026-09-30,16:42
SWA4486,KMSY,KMDW,1,2026-09-30,18:29
SWA4486,KPHX,KSAN,2,2026-10-05,15:03
SWA4486,KSAN,KAUS,4,2026-10-05,17:18
SWA4488,KAUS,KHOU,5,2026-10-06,19:07
SWA4488,KHOU,KLGA,1,2026-10-06,20:14
SWA4488,KLAS,KSAN,1,2026-10-05,01:36
SWA4488,KSAN,KAUS,1,2026-10-05,03:31
SWA4489,KAUS,KMCO,1,2026-10-04,19:57
SWA4489,KMDW,KALB,3,2026-10-06,00:01
SWA449,KBWI,KMIA,1,2026-10-06,12:22
SWA449,KLAS,KAUS,2,2026-10-01,00:04
SWA449,KMCO,KMIA,2,2026-10-05,15:33
SWA449,KMIA,KBWI,2,2026-10-05,17:24
SWA449,KMIA,KAUS,1,2026-10-06,15:49
SWA449,KOAK,KONT,1,2026-10-03,13:56
SWA4490,KBNA,KMIA,1,2026-10-03,11:43
SWA4490,KDEN,KSMF,1,2026-09-30,15:08
SWA4490,KSJC,KLAS,1,2026-10-05,00:33
SWA4491,KBWI,KORF,4,2026-10-05,12:31
SWA4491,KSBA,KLAS,1,2026-09-30,21:09
SWA4492,KLAX,KMSY,1,2026-10-04,23:12
SWA4492,KOAK,KSAN,1,2026-10-05,23:41
SWA4492,KSAN,KDEN,3,2026-10-06,04:52
SWA4494,KHOU,KSMF,4,2026-10-06,13:14
SWA4494,KSBA,KSAN,1,2026-09-30,18:00
SWA4494,KSMF,KSBA,1,2026-09-30,16:02
SWA4495,KDEN,KLGA,3,2026-10-06,21:49
SWA4495,KLGA,KSTL,1,2026-09-30,11:30
SWA4496,KCMH,KMDW,1,2026-09-30,16:17
SWA4496,KJAX,KBWI,1,2026-10-03,22:02
SWA4496,KOKC,KLAS,3,2026-10-05,17:47
SWA4497,KMDW,KCLT,3,2026-10-05,13:02
SWA4497,KRDU,KTPA,1,2026-10-03,13:48
SWA4498,KLAS,KABQ,3,2026-10-06,01:54
SWA4498,KPIT,KTPA,1,2026-10-03,15:56
SWA4498,KSTL,KSAT,1,2026-09-30,13:53
SWA4499,KLAS,KOMA,4,2026-10-06,04:13
SWA45,KBNA,KPNS,1,2026-09-30,17:59
SWA45,KDAL,KHOU,3,2026-10-06,22:57
SWA45,KLBB,KDAL,1,2026-10-03,21:07
SWA45,KPNS,KDAL,1,2026-09-30,20:18
SWA450,KBNA,KAUS,2,2026-10-01,02:08
SWA450,KDEN,KALB,1,2026-10-06,18:31
SWA450,KDEN,KOAK,1,2026-10-05,02:06
SWA450,KOAK,KBUR,3,2026-10-06,03:09
SWA450,KOAK,KPDX,2,2026-10-05,05:34
SWA450,KPDX,KDEN,1,2026-10-04,02:27
SWA4500,KMDW,KCMH,5,2026-10-06,13:18
SWA4500,KSTL,KMKE,1,2026-09-30,13:31
SWA4501,KOAK,KPDX,4,2026-10-05,12:27
SWA4501,KPDX,KDEN,3,2026-10-05,14:51
SWA4502,KMCI,KBNA,4,2026-10-06,23:29
SWA4502,KSDF,KMCO,1,2026-09-30,10:07
SWA4503,KBWI,KPWM,4,2026-10-05,12:40
SWA4503,KCMH,KSRQ,1,2026-10-03,12:04
SWA4503,KPHX,KSDF,1,2026-09-30,18:44
SWA4503,KSDF,KMDW,1,2026-09-30,22:53
SWA4504,KOKC,KLAS,4,2026-10-05,02:36
SWA4505,KLAS,KICT,1,2026-09-30,21:35
SWA4505,KSAN,KHOU,4,2026-10-06,22:12
SWA4506,KMDW,KMEM,4,2026-10-06,04:20
SWA4507,KSEA,KDEN,1,2026-09-30,18:35
SWA4507,KSLC,KPHX,6,2026-10-06,12:19
SWA4508,KMCI,KECP,1,2026-10-03,11:46
SWA4508,KSNA,KDEN,4,2026-10-06,18:32
SWA4508,KSTL,KPHL,1,2026-09-30,16:06
SWA4509,KSEA,KLAS,1,2026-09-30,20:22
SWA4509,KSTL,KLAS,4,2026-10-06,03:28
SWA451,KBHM,KBNA,4,2026-10-06,21:58
SWA451,KLAS,KPHX,3,2026-10-05,16:13
SWA451,KLAS,KBHM,1,2026-10-06,15:32
SWA451,KLAS,KBNA,1,2026-10-04,14:20
SWA451,KPHX,KBHM,3,2026-10-05,18:14
SWA451,KPHX,KLAS,1,2026-10-04,12:24
SWA451,KSJC,KSNA,1,2026-09-30,18:03
SWA4510,KBWI,TJSJ,2,2026-10-05,14:07
SWA4510,KDEN,KSBA,2,2026-10-01,03:45
SWA4511,KAUS,KDAL,4,2026-10-06,11:00
SWA4512,KLAS,KSFO,1,2026-09-30,21:36
SWA4512,KTPA,KBNA,1,2026-10-05,02:03
SWA4513,KBNA,KIND,5,2026-10-06,01:45
SWA4513,KSEA,KOAK,2,2026-10-01,23:49
SWA4514,KBNA,KPIT,6,2026-10-06,15:54
SWA4514,KDEN,KSEA,2,2026-10-01,23:15
SWA4514,KSEA,KOAK,2,2026-10-01,03:01
SWA4515,KHOU,KPHX,3,2026-10-06,00:58
SWA4515,KMCI,KATL,1,2026-10-03,14:38
SWA4515,KSAN,KHOU,1,2026-10-06,13:49
SWA4516,KBOI,KLAS,4,2026-10-06,12:38
SWA4516,KSEA,KSJC,1,2026-09-30,16:39
SWA4517,KBUR,KLAS,3,2026-10-05,21:43
SWA4517,KSEA,KSJC,2,2026-10-01,22:31
SWA4517,KSLC,KOAK,1,2026-10-04,23:37
SWA4518,KBUF,KLAS,4,2026-10-05,10:44
SWA4519,KALB,KLAS,1,2026-10-06,11:08
SWA4519,KBWI,KABQ,1,2026-10-04,13:49
SWA4519,KOAK,KDEN,1,2026-10-04,02:46
SWA4519,KPWM,KBWI,3,2026-10-05,09:25
SWA452,KLAS,KGEG,1,2026-09-30,16:33
SWA452,KLAX,KPHX,1,2026-10-06,19:05
SWA452,KPHX,KIND,4,2026-10-06,22:06
SWA452,KSAN,KLAS,1,2026-09-30,14:20
SWA4520,KBWI,KMIA,3,2026-10-06,00:01
SWA4521,KBWI,KRIC,3,2026-10-05,21:08
SWA4521,KSFO,KBUR,1,2026-09-30,17:46
SWA4522,KDAL,KMDW,3,2026-10-05,20:19
SWA4522,KSTL,KMSP,1,2026-09-30,13:38
SWA4523,KBNA,KTYS,3,2026-10-06,02:23
SWA4523,KDCA,KBNA,4,2026-10-06,23:16
SWA4524,KDEN,KBOS,2,2026-10-03,04:28
SWA4524,KOAK,KLAS,1,2026-10-04,21:47
SWA4524,KSFO,KLAS,1,2026-09-30,13:48
SWA4525,KDEN,KHOU,3,2026-10-05,20:58
SWA4525,KMDW,KLGA,1,2026-09-30,10:14
SWA4526,KBWI,KPWM,1,2026-09-30,20:00
SWA4526,KDEN,KMCI,1,2026-10-06,21:00
SWA4526,KSTL,KBOS,1,2026-10-03,17:33
SWA4527,KAUS,KIND,1,2026-09-30,19:00
SWA4527,KPHX,KABQ,1,2026-10-04,18:45
SWA4527,KSTL,KBOS,1,2026-10-03,15:21
SWA4528,KLAS,KABQ,3,2026-10-06,06:04
SWA4529,KIND,KLAS,5,2026-10-06,15:29
SWA4529,KLAS,KSMF,1,2026-10-05,03:39
SWA4529,KSFO,KLAX,1,2026-09-30,22:48
SWA4530,KDEN,KBZN,4,2026-10-05,22:36
SWA4532,KLAS,KAUS,4,2026-10-06,01:03
SWA4532,KSFO,KSAN,1,2026-09-30,12:51
SWA4533,KAUS,KFLL,1,2026-10-06,21:12
SWA4533,KDEN,KBZN,2,2026-10-01,02:59
SWA4533,KLAS,KBUR,4,2026-10-06,02:07
SWA4534,KMCI,KHOU,2,2026-10-06,16:56
SWA4535,KMDW,KBOS,5,2026-10-06,13:04
SWA4535,KPIT,KSRQ,1,2026-10-03,17:43
SWA4536,KBWI,KTPA,1,2026-10-04,14:56
SWA4536,KPHX,KMKE,3,2026-10-05,14:34
SWA4536,KPHX,KBUR,1,2026-10-03,16:51
SWA4537,KPHX,KMCO,2,2026-10-04,13:11
SWA4537,KSJC,KLAX,1,2026-09-30,20:32
SWA4538,KDAL,KFLL,1,2026-10-01,01:29
SWA4538,KDEN,KSEA,1,2026-10-06,19:01
SWA4538,KPWM,KBWI,3,2026-10-05,22:02
SWA4539,KSAN,KSMF,1,2026-09-30,17:35
SWA4539,KSAT,KDAL,4,2026-10-06,20:12
SWA454,KATL,KMDW,1,2026-10-03,21:22
SWA454,KBHM,KBWI,3,2026-10-06,00:25
SWA454,KBHM,KDAL,2,2026-10-06,11:48
SWA454,KMDW,KPHX,2,2026-10-01,22:47
SWA4540,KSJC,KSAN,1,2026-09-30,20:29
SWA4541,KDEN,KMSP,4,2026-10-05,22:06
SWA4542,KDAL,KSFO,1,2026-09-30,14:24
SWA4542,KMDW,KMHT,3,2026-10-05,12:55
SWA4543,KLAS,KSNA,1,2026-10-05,23:20
SWA4544,KDAL,KTPA,1,2026-10-06,18:42
SWA4545,KLAS,KSMF,1,2026-10-06,15:29
SWA4545,KMCI,KBNA,1,2026-10-06,21:27
SWA4545,KSMF,KMCI,1,2026-10-06,17:35
SWA4546,KBNA,KDTW,4,2026-10-06,02:41
SWA4547,KBUF,KMDW,5,2026-10-05,11:55
SWA4547,KLGB,KLAS,1,2026-10-06,16:20
SWA4547,KSAT,KHOU,1,2026-09-30,18:40
SWA4548,KBNA,KMDW,4,2026-10-06,04:20
SWA4548,KSLC,KMDW,1,2026-09-30,20:12
SWA4549,KBNA,KMDW,2,2026-10-01,02:30
SWA4549,KBWI,KCVG,5,2026-10-06,03:14
SWA455,KBHM,KMCO,3,2026-10-05,17:29
SWA455,KBNA,KRSW,1,2026-10-05,00:45
SWA455,KDEN,KMDW,1,2026-10-06,13:15
SWA455,KMCO,KBHM,1,2026-10-03,13:03
SWA455,KMDW,KBHM,3,2026-10-05,15:07
SWA4550,KMDW,KPVD,5,2026-10-05,12:57
SWA4550,KSLC,KPHX,2,2026-10-01,00:32
SWA4551,KDEN,KPIT,4,2026-10-06,02:05
SWA4552,KDEN,KSLC,3,2026-10-05,21:51
SWA4552,KLAS,KSDF,2,2026-10-01,23:34
SWA4553,KBWI,KISP,5,2026-10-06,03:00
SWA4553,KOAK,KSAN,1,2026-09-30,19:57
SWA4554,KCMH,KBWI,6,2026-10-06,09:57
SWA4555,KDAL,KCOS,1,2026-10-06,14:49
SWA4555,KLAS,KDCA,1,2026-09-30,16:44
SWA4555,KLAX,KLAS,1,2026-10-05,23:32
SWA4555,KSMF,KLAS,1,2026-09-30,14:22
SWA4556,KDAL,KSAN,1,2026-10-05,04:32
SWA4556,KDCA,KDAL,1,2026-10-05,00:48
SWA4556,KSMF,KLAS,1,2026-09-30,19:48
SWA4557,KDAL,KMCO,3,2026-10-05,22:36
SWA4558,KDEN,KPHL,1,2026-10-05,22:04
SWA4559,KTPA,KRDU,1,2026-10-03,12:13
SWA456,KAUS,KSNA,1,2026-10-05,02:27
SWA456,KBNA,KTPA,1,2026-10-03,18:16
SWA456,KHOU,KBNA,1,2026-10-03,15:47
SWA456,KPHX,KOMA,3,2026-10-05,19:10
SWA456,KPHX,KSAN,1,2026-09-30,16:43
SWA456,KTPA,KMCO,1,2026-10-03,20:53
SWA4560,KBWI,KPVD,3,2026-10-06,03:17
SWA4560,KSMF,KLAS,2,2026-10-01,01:27
SWA4561,KEUG,KLAS,3,2026-10-06,23:20
SWA4562,KFLL,KMCI,1,2026-10-03,14:18
SWA4562,KMCI,KSTL,3,2026-10-05,19:21
SWA4562,KPIT,KDAL,1,2026-09-30,16:40
SWA4563,KCMH,KAUS,1,2026-09-30,17:42
SWA4564,KBUF,KDEN,1,2026-09-30,20:33
SWA4564,KLAS,KMSY,1,2026-10-04,21:32
SWA4565,KLAS,KSNA,1,2026-10-06,19:42
SWA4565,KSAN,KSMF,1,2026-09-30,15:06
SWA4566,KLAX,KPHX,1,2026-10-06,13:13
SWA4566,KSMF,KSAN,1,2026-09-30,13:33
SWA4567,KBWI,KCLE,1,2026-10-04,20:35
SWA4567,KLAS,KOKC,1,2026-09-30,20:22
SWA4567,KMCO,KBWI,5,2026-10-05,18:36
SWA4568,KBOS,KMDW,1,2026-10-04,10:20
SWA4568,KBWI,KBUF,1,2026-09-30,17:23
SWA4568,KMDW,KAUS,4,2026-10-06,22:18
SWA4569,KMDW,KDSM,3,2026-10-06,04:21
SWA457,KBHM,KDEN,5,2026-10-05,10:55
SWA457,KBWI,KDTW,1,2026-10-06,15:25
SWA457,KDTW,KLAS,1,2026-10-06,17:34
SWA4570,KLAS,KONT,3,2026-10-06,07:24
SWA4570,KSNA,KDEN,1,2026-09-30,20:43
SWA4571,KBWI,KPWM,4,2026-10-06,03:19
SWA4571,KDTW,KBWI,1,2026-09-30,18:53
SWA4572,KMDW,KGRR,5,2026-10-06,03:14
SWA4573,KMDW,KPHL,2,2026-10-06,13:17
SWA4573,KRNO,KSAN,1,2026-10-03,01:16
SWA4574,KMDW,KPVD,4,2026-10-06,00:50
SWA4574,KRNO,KDEN,1,2026-09-30,13:53
SWA4575,KMKE,KPHX,1,2026-10-05,01:50
SWA4576,KSAN,KSTL,3,2026-10-06,22:28
SWA4576,KSNA,KLAS,2,2026-10-01,01:48
SWA4577,KTPA,KBNA,2,2026-10-06,14:38
SWA4578,KAUS,KLAS,3,2026-10-06,04:57
SWA4578,KDEN,KTUS,2,2026-10-01,05:21
SWA4579,KSFO,KMDW,3,2026-10-05,12:51
SWA4579,KSTL,KBNA,1,2026-10-06,13:18
SWA458,KBNA,KBUR,1,2026-09-30,18:59
SWA458,KBWI,KBNA,1,2026-09-30,16:23
SWA458,KMCO,KMSY,1,2026-10-06,20:55
SWA458,KMCO,KPHX,1,2026-10-05,01:29
SWA458,KMDW,KPDX,1,2026-10-03,16:12
SWA458,KPDX,KSAN,1,2026-10-03,21:38
SWA458,KPHX,KSLC,3,2026-10-06,06:04
SWA458,KSAN,KLAS,1,2026-10-04,01:08
SWA4580,KPHL,KMDW,1,2026-10-06,11:54
SWA4581,KLAS,KRNO,3,2026-10-06,05:56
SWA4582,KAUS,KMCO,4,2026-10-06,18:27
SWA4583,KSTL,KBNA,1,2026-10-04,16:31
SWA4583,KSTL,KDAL,1,2026-09-30,12:11
SWA4584,KBNA,KMCO,3,2026-10-06,23:16
SWA4584,KSTL,KDAL,1,2026-09-30,13:51
SWA4585,KBNA,KMCO,1,2026-10-04,19:04
SWA4586,KBNA,KONT,1,2026-10-06,17:39
SWA4586,KSTL,KDAL,1,2026-10-01,23:31
SWA4587,KBUR,KLAS,1,2026-10-04,20:23
SWA4587,KDAL,KBUR,1,2026-10-06,01:50
SWA4588,KBWI,KALB,5,2026-10-06,04:11
SWA4589,KBWI,KBOS,3,2026-10-05,19:18
SWA4589,KHOU,KSAT,1,2026-09-30,19:56
SWA459,KABQ,KPHX,1,2026-10-04,16:40
SWA459,KDEN,KLBB,3,2026-10-06,02:04
SWA459,KDEN,KABQ,1,2026-10-04,14:42
SWA459,KDEN,KSJC,1,2026-09-30,20:31
SWA459,KJAX,KDEN,2,2026-10-06,21:59
SWA459,KPVD,KBNA,2,2026-10-06,17:20
SWA4590,KATL,KMCO,1,2026-10-06,22:15
SWA4590,KSTL,KCMH,3,2026-10-05,16:28
SWA4591,KSDF,KMDW,5,2026-10-06,12:38
SWA4591,KSTL,KMIA,1,2026-09-30,16:54
SWA4591,KTPA,KSDF,1,2026-10-04,10:08
SWA4592,KBNA,KLGA,5,2026-10-06,01:17
SWA4592,KBNA,KSLC,1,2026-10-06,18:53
SWA4593,KDAL,KMAF,2,2026-10-05,15:01
SWA4593,KMAF,KLAS,3,2026-10-05,16:18
SWA4594,KBWI,KCLT,4,2026-10-06,00:08
SWA4594,KSAN,KSAT,1,2026-09-30,16:43
SWA4595,KBUR,KDEN,1,2026-10-04,14:58
SWA4595,KBWI,KRSW,1,2026-10-03,18:45
SWA4595,KISP,KBWI,3,2026-10-05,15:23
SWA4595,KMCO,KISP,3,2026-10-05,11:57
SWA4596,KDAL,KMCO,1,2026-10-05,02:52
SWA4597,KDEN,KDSM,2,2026-10-05,02:01
SWA4597,KTPA,KBWI,1,2026-09-30,16:17
SWA4598,KLAS,KOKC,2,2026-10-01,23:47
SWA4599,KDEN,KECP,3,2026-10-05,19:32
SWA46,KHOU,KDAL,2,2026-10-06,23:35
SWA46,KMCO,KHOU,1,2026-09-30,19:46
SWA460,KBHM,KDEN,4,2026-10-06,23:21
SWA460,KBNA,KBWI,1,2026-09-30,16:28
SWA460,KLAS,KSNA,1,2026-10-05,00:43
SWA460,KMCI,KPHX,1,2026-10-06,15:34
SWA460,KMCO,KBHM,4,2026-10-05,20:55
SWA4600,KBWI,KRIC,1,2026-10-01,00:22
SWA4600,KLAS,KTPA,1,2026-10-05,00:06
SWA4601,KBWI,KDJT,5,2026-10-06,00:14
SWA4601,KTPA,KDEN,1,2026-09-30,15:10
SWA4602,KHOU,KRDU,4,2026-10-05,20:38
SWA4603,KHOU,KMCI,6,2026-10-06,13:20
SWA4604,KDAL,KDCA,3,2026-10-06,23:12
SWA4604,KMSY,KDAL,2,2026-10-05,21:07
SWA4604,KONT,KDEN,1,2026-09-30,14:13
SWA4605,KLAS,KOAK,3,2026-10-06,06:04
SWA4605,KMDW,KROC,1,2026-10-01,23:10
SWA4606,KMCI,KSAN,1,2026-10-06,12:30
SWA4607,KLAS,KSAT,4,2026-10-05,19:56
SWA4608,KHOU,KFLL,1,2026-10-04,19:40
SWA4609,KMDW,KCMH,3,2026-10-06,00:13
SWA461,KBHM,KLAS,3,2026-10-05,14:17
SWA461,KBHM,KMCO,1,2026-10-06,12:22
SWA461,KBOI,KSAN,1,2026-10-05,01:13
SWA461,KLAX,KMDW,1,2026-09-30,13:19
SWA461,KTPA,KBHM,3,2026-10-05,12:13
SWA4610,KLAS,KRNO,5,2026-10-06,01:06
SWA4611,KBWI,KSAV,4,2026-10-06,00:52
SWA4611,KPIT,KHOU,1,2026-09-30,10:53
SWA4612,KLAS,KSBA,3,2026-10-06,05:50
SWA4613,KMDW,KOMA,3,2026-10-05,19:34
SWA4613,KSLC,KBNA,1,2026-09-30,17:53
SWA4614,KMSP,KBNA,4,2026-10-06,21:47
SWA4615,KMCO,KMSY,1,2026-09-30,18:51
SWA4615,KMSP,KDEN,1,2026-10-04,19:33
SWA4616,KLAS,KSFO,3,2026-10-05,19:31
SWA4617,KMSY,KMDW,2,2026-10-04,18:12
SWA4618,KTUS,KLAS,2,2026-10-01,00:39
SWA4619,KMDW,KCVG,1,2026-10-05,00:42
SWA4619,KPIT,KHOU,1,2026-10-06,09:24
SWA4619,KSFO,KDEN,3,2026-10-05,17:29
SWA462,KBHM,KMCO,5,2026-10-05,12:13
SWA462,KBNA,KBWI,1,2026-09-30,19:29
SWA462,KHOU,KBHM,1,2026-10-04,16:11
SWA4620,KATL,KDAL,1,2026-10-03,15:59
SWA4620,KDAL,KBUR,1,2026-10-03,19:02
SWA4621,KBWI,KTYS,4,2026-10-06,00:19
SWA4622,KBZN,KDEN,1,2026-09-30,21:37
SWA4622,KSTL,KMCO,6,2026-10-06,10:18
SWA4623,KPVD,KTPA,1,2026-09-30,16:46
SWA4623,KTPA,KBNA,6,2026-10-06,13:04
SWA4624,KAUS,KDAL,1,2026-10-06,13:05
SWA4624,KTYS,KBNA,1,2026-09-30,21:49
SWA4625,KABQ,KLAS,3,2026-10-06,23:44
SWA4626,KAUS,KDEN,6,2026-10-06,14:07
SWA4627,KAUS,KLAX,3,2026-10-06,04:20
SWA4628,KAUS,KSTL,4,2026-10-06,23:42
SWA4629,KBNA,KATL,1,2026-10-05,23:57
SWA4629,KDAL,KMAF,1,2026-10-06,19:38
SWA4629,KDEN,KMSY,1,2026-09-30,17:18
SWA463,KATL,KMCO,1,2026-09-30,21:17
SWA463,KBHM,KMCO,1,2026-10-05,01:05
SWA463,KLGB,KPHX,1,2026-10-03,14:59
SWA463,KPHX,KMCI,1,2026-10-03,16:58
SWA4630,KBNA,KDEN,3,2026-10-06,03:41
SWA4630,KMCI,KMDW,1,2026-09-30,13:32
SWA4631,KBNA,KJAX,3,2026-10-05,02:16
SWA4632,KBWI,KRDU,4,2026-10-06,01:17
SWA4633,KDEN,KCLE,1,2026-09-30,17:45
SWA4634,KBNA,KSLC,5,2026-10-05,18:43
SWA4634,KDEN,KMCO,1,2026-09-30,00:35
SWA4635,KDAL,KLBB,2,2026-10-05,14:27
SWA4635,KLAS,KSAN,2,2026-10-01,01:24
SWA4636,KBZN,KDEN,3,2026-10-05,17:33
SWA4636,KHOU,KMSY,1,2026-09-30,00:28
SWA4637,KHOU,KBNA,6,2026-10-06,20:23
SWA4638,KHOU,KMDW,3,2026-10-06,12:56
SWA464,KATL,KBNA,2,2026-10-01,03:27
SWA464,KAUS,KLAS,1,2026-10-04,19:07
SWA464,KBHM,KMDW,4,2026-10-06,10:17
SWA464,KLAS,KSBA,1,2026-10-04,22:34
SWA464,KOAK,KSNA,1,2026-10-04,00:44
SWA464,KSBA,KOAK,1,2026-10-05,00:31
SWA4640,KBWI,KHOU,2,2026-10-01,22:21
SWA4640,KFAT,KLAS,1,2026-10-06,18:10
SWA4640,KMSY,KDAL,1,2026-10-05,13:21
SWA4641,KHOU,KMSY,5,2026-10-06,20:25
SWA4642,KDSM,KDEN,1,2026-10-05,00:38
SWA4642,KLAS,KAUS,3,2026-10-06,04:34
SWA4643,KLAS,KGEG,3,2026-10-06,05:49
SWA4644,KLGA,KDEN,4,2026-10-06,14:48
SWA4644,KMCO,KMDW,1,2026-09-30,17:15
SWA4645,KDAL,KPNS,1,2026-10-04,14:18
SWA4645,KMCI,KHOU,3,2026-10-06,00:43
SWA4645,KMDW,KLAS,2,2026-10-01,01:36
SWA4646,KMCO,KAUS,5,2026-10-06,11:01
SWA4646,KSAT,KDEN,1,2026-09-30,12:18
SWA4647,KMCO,KAUS,1,2026-09-30,22:55
SWA4647,KMDW,KHOU,1,2026-10-03,20:32
SWA4648,KMDW,KRDU,4,2026-10-06,00:49
SWA4649,KMDW,KBOS,3,2026-10-05,18:17
SWA4650,KHOU,KSTL,4,2026-10-05,19:23
SWA4651,KLAS,KPSP,3,2026-10-06,06:14
SWA4651,KPDX,KLAS,3,2026-10-06,03:41
SWA4652,KMDW,KCHS,3,2026-10-05,18:19
SWA4653,KBWI,KMCO,1,2026-10-04,13:41
SWA4653,KLAS,KSAT,1,2026-09-30,20:29
SWA4653,KMSP,KBWI,1,2026-10-04,10:21
SWA4654,KHOU,KTPA,1,2026-10-04,18:02
SWA4654,KOMA,KDEN,1,2026-09-30,12:54
SWA4654,KPHL,KMCO,4,2026-10-05,11:47
SWA4655,KOMA,KHOU,1,2026-10-06,12:55
SWA4656,KPHX,KLAS,3,2026-10-06,05:58
SWA4657,KDCA,KHOU,1,2026-10-04,11:02
SWA4657,KMDW,KTPA,2,2026-10-01,23:40
SWA4658,KDEN,KMCI,2,2026-10-01,02:39
SWA4658,KPHX,KSJC,1,2026-10-05,01:48
SWA4659,KLGB,KDEN,1,2026-09-30,14:07
SWA4659,KPHX,KMCO,3,2026-10-06,00:55
SWA4660,KHOU,KMIA,1,2026-10-04,21:06
SWA4660,KMDW,KCMH,4,2026-10-06,18:21
SWA4661,KDEN,KORF,3,2026-10-05,18:14
SWA4661,KPHX,KDEN,2,2026-10-01,03:31
SWA4661,KPHX,KSAN,2,2026-10-06,14:52
SWA4662,KDEN,KMEM,1,2026-09-30,17:35
SWA4662,KMEM,KMDW,1,2026-09-30,20:34
SWA4662,KSAN,KTPA,4,2026-10-06,16:32
SWA4663,KPHX,KMDW,1,2026-09-30,17:22
SWA4663,KSFO,KPHX,4,2026-10-06,13:54
SWA4664,KAUS,KIND,1,2026-10-05,03:27
SWA4665,KAUS,KPHX,1,2026-10-05,23:47
SWA4666,KBNA,KCMH,6,2026-10-06,15:56
SWA4666,KOAK,KDEN,1,2026-09-30,20:46
SWA4667,KBNA,KGSP,2,2026-10-06,02:27
SWA4668,KBNA,KJAX,1,2026-10-03,18:35
SWA4669,KBWI,KMEM,3,2026-10-05,13:55
SWA4669,KMEM,KTPA,3,2026-10-05,16:36
SWA467,KAUS,KPHX,1,2026-10-01,00:15
SWA467,KBHM,KMCO,1,2026-10-06,22:01
SWA467,KBWI,KLAS,1,2026-10-05,23:36
SWA467,KCLT,KBWI,1,2026-10-04,21:26
SWA467,KMDW,KDCA,3,2026-10-05,14:12
SWA467,KMDW,KCLT,1,2026-10-04,18:22
SWA467,KSAT,KMSY,1,2026-10-03,16:02
SWA4670,KMCI,KBWI,3,2026-10-05,15:54
SWA4671,KDAL,KSJC,1,2026-09-30,17:35
SWA4671,KMDW,KRIC,3,2026-10-05,18:23
SWA4672,KPHX,KMSP,1,2026-10-04,19:22
SWA4673,KDAL,KIND,4,2026-10-05,15:32
SWA4673,KSLC,KDEN,1,2026-09-30,15:29
SWA4674,KCMH,KLAS,1,2026-09-30,11:30
SWA4674,KPHX,KPIT,1,2026-10-05,23:59
SWA4675,KDEN,KBZN,1,2026-10-05,03:52
SWA4675,KSAN,KBOS,3,2026-10-05,18:00
SWA4676,TJSJ,KMCO,2,2026-10-06,02:08
SWA4677,KDAL,KBWI,1,2026-09-30,13:39
SWA4677,KDEN,KRSW,4,2026-10-05,19:18
SWA4678,KDEN,KSAT,4,2026-10-06,23:51
SWA4678,KMCI,KMDW,1,2026-10-06,10:38
SWA4678,KMDW,KATL,2,2026-10-01,01:23
SWA4679,KHOU,KBNA,4,2026-10-06,04:01
SWA4679,KSMF,KPHX,1,2026-09-30,20:10
SWA468,KATL,KMCO,1,2026-10-04,17:47
SWA468,KBOI,KPHX,1,2026-10-06,18:09
SWA468,KDEN,KATL,1,2026-10-04,13:49
SWA468,KDEN,KPHX,1,2026-09-30,16:39
SWA468,KLAX,KSMF,1,2026-10-06,13:58
SWA468,KMAF,KDEN,1,2026-10-04,11:13
SWA468,KPHX,KSAN,1,2026-10-06,21:05
SWA468,KSAN,KOAK,3,2026-10-06,23:41
SWA468,KSMF,KBOI,1,2026-10-06,16:02
SWA4680,KDEN,KRNO,2,2026-10-01,03:34
SWA4680,KDEN,KBUF,1,2026-10-06,18:45
SWA4681,KBWI,KPIT,5,2026-10-06,14:58
SWA4681,KLAS,KSNA,1,2026-09-30,22:46
SWA4682,KHOU,KABQ,3,2026-10-05,13:21
SWA4682,KMCO,KCMH,1,2026-10-06,19:49
SWA4682,KMKE,KPHX,2,2026-10-01,22:54
SWA4683,KMDW,KSAV,3,2026-10-05,18:48
SWA4684,KHOU,KLGA,4,2026-10-05,20:51
SWA4685,KHOU,KMCO,6,2026-10-06,18:53
SWA4685,KHOU,KBWI,1,2026-09-30,13:02
SWA4686,KHOU,KSAN,5,2026-10-06,03:40
SWA4686,KOKC,KPHX,1,2026-10-06,18:23
SWA4687,KLAS,KDAL,3,2026-10-05,02:36
SWA4688,KBWI,KLAX,1,2026-10-04,10:34
SWA4688,KIND,KHOU,4,2026-10-06,10:06
SWA4688,KMCI,KLAS,1,2026-09-30,17:48
SWA4689,KCLE,KMCO,1,2026-10-05,22:32
SWA4689,KLAS,KFAT,2,2026-10-03,22:37
SWA4689,KMEM,KDEN,2,2026-10-01,00:41
SWA469,KBNA,KCLE,1,2026-09-30,15:26
SWA469,KBNA,KMCO,1,2026-10-03,11:49
SWA469,KDEN,KLAS,1,2026-10-04,17:02
SWA469,KMSP,KSTL,1,2026-10-06,21:55
SWA469,KRDU,KAUS,3,2026-10-05,21:57
SWA4690,KHOU,KLGB,4,2026-10-05,13:41
SWA4690,KPHX,KLAX,2,2026-10-01,23:21
SWA4691,KDEN,KSFO,2,2026-10-01,03:58
SWA4691,KLAS,KIND,4,2026-10-06,01:24
SWA4692,KLAS,KOMA,1,2026-10-06,20:48
SWA4693,KLAS,KSTL,6,2026-10-06,14:26
SWA4694,KLAX,KHOU,3,2026-10-06,22:04
SWA4695,KDAL,KMSY,1,2026-10-04,18:42
SWA4695,KLAX,KSAT,4,2026-10-06,15:01
SWA4696,KBWI,KMSY,1,2026-10-03,16:18
SWA4696,KDEN,KRDU,1,2026-09-30,17:47
SWA4696,KMIA,KBWI,1,2026-10-04,17:08
SWA4696,KRDU,KDAL,1,2026-10-06,17:44
SWA4697,KMDW,KCLE,3,2026-10-06,00:18
SWA4697,KSEA,KDEN,1,2026-09-30,14:01
SWA4698,KBWI,KLAX,2,2026-10-01,00:30
SWA4699,KDAL,KSTL,1,2026-09-30,14:13
SWA4699,KMDW,KSTL,4,2026-10-06,23:18
SWA470,KDEN,KECP,1,2026-10-04,20:51
SWA470,KRNO,KDEN,1,2026-10-04,17:55
SWA470,KSJC,KSNA,1,2026-10-04,01:39
SWA470,KTPA,KBWI,1,2026-09-30,19:08
SWA4700,KMDW,KMHT,4,2026-10-06,00:34
SWA4701,KDEN,KMKE,2,2026-10-01,00:44
SWA4701,KMDW,KPVD,4,2026-10-05,18:42
SWA4703,KMIA,KBWI,3,2026-10-05,10:28
SWA4703,KSFO,KDEN,1,2026-09-30,13:39
SWA4704,KDEN,KJAX,1,2026-10-05,21:32
SWA4705,KMCI,KMKE,1,2026-10-06,19:06
SWA4705,KMKE,KMDW,6,2026-10-06,22:30
SWA4705,KSMF,KSAN,2,2026-10-01,03:36
SWA4706,KLAS,KCMH,1,2026-09-30,15:42
SWA4706,KMSY,KHOU,4,2026-10-05,10:33
SWA4707,KMDW,KPDX,1,2026-10-06,15:27
SWA4707,KPDX,KLAS,5,2026-10-06,18:28
SWA4708,KPHX,KDAL,2,2026-10-06,01:48
SWA4709,KMDW,KHOU,1,2026-09-30,16:07
SWA4709,KPHX,KATL,3,2026-10-05,16:50
SWA471,KDAL,KTYS,1,2026-10-04,19:24
SWA471,KIND,KRSW,1,2026-10-03,10:21
SWA471,KOKC,KDAL,1,2026-10-06,11:07
SWA471,KSAN,KSEA,3,2026-10-06,02:56
SWA4710,KDEN,KICT,1,2026-09-30,17:43
SWA4710,KMDW,KORF,1,2026-10-03,21:31
SWA4710,KSAN,KPHX,3,2026-10-06,02:01
SWA4711,KDAL,KDCA,1,2026-10-04,21:56
SWA4711,KMKE,KBNA,1,2026-10-04,21:56
SWA4712,KLAS,PHNL,1,2026-09-30,15:50
SWA4712,KPHX,KONT,1,2026-10-05,06:37
SWA4712,KSAN,KPIT,3,2026-10-05,18:15
SWA4712,KTPA,KPHX,1,2026-10-05,00:33
SWA4713,KLAS,KPHX,1,2026-10-06,16:11
SWA4713,KMCO,KMSY,1,2026-10-05,03:03
SWA4713,KMDW,KSMF,1,2026-09-30,15:31
SWA4713,KPHX,KRDU,1,2026-10-06,18:18
SWA4714,KMEM,KDEN,1,2026-09-30,11:35
SWA4714,KPVD,KBWI,6,2026-10-06,09:59
SWA4715,KMDW,KALB,1,2026-10-04,18:20
SWA4715,KMSP,KMDW,1,2026-09-30,17:28
SWA4715,KRNO,KPHX,4,2026-10-06,23:51
SWA4716,KMSY,KLAS,1,2026-09-30,12:03
SWA4716,KSAT,KSAN,3,2026-10-06,12:48
SWA4717,KPHX,KSNA,1,2026-10-06,22:03
SWA4718,KPHX,KHOU,1,2026-09-30,16:41
SWA4718,KSLC,KDEN,4,2026-10-05,19:26
SWA4719,KSLC,KHOU,5,2026-10-05,17:34
SWA472,KDEN,KLGA,1,2026-10-05,00:11
SWA472,KPHX,KDEN,2,2026-10-04,21:17
SWA472,KSJC,KBUR,4,2026-10-05,16:41
SWA4720,KDEN,KPIT,2,2026-10-01,00:37
SWA4720,KMDW,KPWM,1,2026-10-03,21:43
SWA4721,KPIT,KLAS,1,2026-09-30,11:17
SWA4722,KPHX,KSNA,2,2026-10-06,01:41
SWA4723,KSTS,KLAS,4,2026-10-06,22:23
SWA4724,KTPA,KBNA,1,2026-10-04,22:52
SWA4725,KLAS,KONT,1,2026-09-30,14:57
SWA4725,KTPA,KBWI,3,2026-10-05,09:23
SWA4726,KTUL,KMCO,4,2026-10-05,13:39
SWA4727,KABQ,KPHX,3,2026-10-06,05:40
SWA4727,KSTL,KBNA,1,2026-10-04,19:29
SWA4728,KATL,KDAL,2,2026-10-05,10:38
SWA4728,KATL,KPHX,1,2026-10-01,10:43
SWA4728,KBNA,KAUS,1,2026-09-30,17:46
SWA4729,KAUS,KTPA,2,2026-10-06,01:59
SWA4729,KDEN,KABQ,1,2026-09-30,17:58
SWA473,KBUR,KOAK,1,2026-10-03,15:33
SWA473,KDCA,KMDW,1,2026-10-04,19:44
SWA473,KLAX,KDAL,2,2026-10-01,02:46
SWA473,KOAK,KBOI,1,2026-10-03,17:25
SWA473,KRDU,KSTL,1,2026-10-06,10:21
SWA473,KSAN,KSFO,3,2026-10-05,21:09
SWA4730,KBNA,KABQ,4,2026-10-05,18:41
SWA4730,KDEN,KMKE,1,2026-09-30,17:51
SWA4731,KDEN,KOKC,2,2026-10-01,00:41
SWA4731,KMDW,KSDF,4,2026-10-06,00:30
SWA4732,KBNA,KFLL,4,2026-10-06,01:04
SWA4732,KDEN,KAUS,2,2026-10-01,22:20
SWA4733,KBDL,KBWI,4,2026-10-05,21:59
SWA4734,KBNA,KLGA,5,2026-10-06,15:53
SWA4734,KDEN,KSLC,1,2026-10-01,03:12
SWA4735,KBNA,KPHX,2,2026-10-03,06:59
SWA4735,KSRQ,KBWI,1,2026-09-30,11:52
SWA4736,KBOI,KPHX,1,2026-10-04,23:51
SWA4736,KLAS,KCLE,1,2026-09-30,19:00
SWA4737,KBNA,KSEA,2,2026-10-01,22:54
SWA4737,KBUR,KPHX,1,2026-10-03,18:03
SWA4738,KBWI,KBNA,6,2026-10-06,13:38
SWA4739,KBWI,KIND,2,2026-10-03,01:31
SWA474,KBNA,KAUS,4,2026-10-06,11:20
SWA474,KMCO,KSTL,1,2026-10-03,21:06
SWA474,KSTL,KLAS,1,2026-10-04,00:04
SWA474,PHNL,KLAS,1,2026-09-30,18:28
SWA4740,KBNA,KRDU,5,2026-10-05,15:47
SWA4740,KLAS,KSLC,1,2026-09-30,15:15
SWA4740,KMIA,KBWI,1,2026-10-06,16:24
SWA4741,KLGA,KMDW,1,2026-09-30,22:32
SWA4742,KBWI,KBUF,5,2026-10-06,03:01
SWA4743,KBWI,KMEM,1,2026-10-06,17:25
SWA4743,KMDW,KLAX,1,2026-09-30,02:05
SWA4744,KCLE,KBWI,4,2026-10-05,21:58
SWA4744,KDEN,KSJC,2,2026-10-01,22:44
SWA4745,KCOS,KLAS,3,2026-10-05,18:55
SWA4745,KDEN,KICT,2,2026-10-01,00:40
SWA4746,KDAL,KCMH,3,2026-10-05,16:50
SWA4746,KMSY,KDAL,2,2026-10-02,18:00
SWA4746,KPHX,KMKE,1,2026-10-06,15:07
SWA4746,KSAT,KLAS,2,2026-10-01,23:06
SWA4747,KBNA,KDCA,1,2026-10-06,18:21
SWA4747,KBOI,KDEN,1,2026-09-30,14:51
SWA4748,KATL,KHOU,2,2026-10-03,02:40
SWA4748,KBWI,KMCO,1,2026-09-30,21:46
SWA4748,KHOU,KLAX,5,2026-10-06,03:49
SWA4749,KBWI,KSTL,2,2026-10-01,00:23
SWA4749,KDAL,KLGA,3,2026-10-06,21:19
SWA4749,KJAX,KDEN,1,2026-10-06,18:11
SWA4750,KLAS,KCMH,4,2026-10-06,21:28
SWA4750,KMDW,KOMA,2,2026-10-01,02:08
SWA4751,KHOU,KCMH,1,2026-10-05,01:59
SWA4752,KDEN,KMAF,1,2026-10-05,02:03
SWA4752,KLAS,KRNO,3,2026-10-06,02:48
SWA4753,KDEN,KRDU,2,2026-10-01,00:36
SWA4753,KLBB,KHOU,4,2026-10-06,17:57
SWA4754,KLAS,KSBA,2,2026-10-01,03:17
SWA4754,KMCO,KATL,1,2026-10-06,19:51
SWA4755,KDAL,KMDW,1,2026-10-04,15:48
SWA4755,KMDW,KALB,4,2026-10-06,18:06
SWA4755,KMDW,KCMH,1,2026-10-04,18:44
SWA4755,KPHX,KDAL,1,2026-10-04,12:19
SWA4756,KBNA,KDEN,2,2026-10-01,23:22
SWA4756,KMDW,KBNA,5,2026-10-05,12:15
SWA4757,KMDW,KPHL,3,2026-10-06,00:16
SWA4758,KBNA,KMSP,1,2026-10-03,13:21
SWA4758,KDEN,KDAL,2,2026-10-05,19:25
SWA4758,KMSP,KDEN,4,2026-10-05,16:19
SWA4759,KBNA,KLGB,1,2026-10-05,00:30
SWA4759,KLAX,KOAK,1,2026-10-06,15:54
SWA4759,KPHX,KLAX,1,2026-10-06,13:49
SWA4760,KDEN,KSFO,1,2026-09-30,15:23
SWA4760,KOKC,KHOU,4,2026-10-05,18:12
SWA4761,KLAS,KSJC,1,2026-09-30,14:45
SWA4761,KMDW,KLGB,1,2026-10-04,20:39
SWA4762,KLAS,KIND,3,2026-10-06,22:15
SWA4763,KLAS,KEUG,1,2026-09-30,17:55
SWA4763,KPHX,KSMF,2,2026-10-06,22:21
SWA4764,KRDU,KMCO,6,2026-10-06,12:13
SWA4765,KMCI,KLAS,1,2026-09-30,12:14
SWA4765,KSAN,KBWI,2,2026-10-06,14:01
SWA4766,KMSY,KDAL,1,2026-10-04,16:06
SWA4766,KRNO,KLAS,3,2026-10-05,18:33
SWA4767,KDEN,KCLE,2,2026-10-01,00:42
SWA4767,KSAT,KDAL,1,2026-10-06,11:02
SWA4768,KMDW,KIND,1,2026-09-30,15:35
SWA4768,KSMF,KSAN,5,2026-10-05,19:58
SWA4769,KSEA,KLAS,5,2026-10-05,13:38
SWA477,KBNA,KAUS,6,2026-10-06,13:44
SWA477,KSRQ,KBWI,1,2026-09-30,20:37
SWA4770,KMCI,KLAS,2,2026-10-01,22:55
SWA4770,KSRQ,KBWI,6,2026-10-06,10:42
SWA4771,KDEN,KSNA,1,2026-09-30,15:26
SWA4771,KSLC,KDAL,4,2026-10-06,23:55
SWA4772,KMDW,KLAX,1,2026-09-30,17:37
SWA4772,KTUL,KBNA,3,2026-10-06,12:57
SWA4773,KABQ,KDAL,2,2026-10-06,12:05
SWA4774,KALB,KBNA,4,2026-10-05,17:31
SWA4775,KALB,KMCO,6,2026-10-06,11:01
SWA4775,KPHX,KIND,1,2026-09-30,20:46
SWA4776,KAUS,KLAX,1,2026-10-04,10:24
SWA4776,KMCO,KIND,3,2026-10-05,13:10
SWA4776,KSMF,KDEN,1,2026-09-30,16:46
SWA4777,KAUS,KDEN,1,2026-09-30,21:26
SWA4777,KBHM,KBNA,5,2026-10-05,13:28
SWA4777,KMCO,KCMH,1,2026-10-06,11:02
SWA4778,KBNA,KCLE,4,2026-10-05,21:16
SWA4778,KBNA,KAUS,1,2026-09-30,21:40
SWA4779,KBNA,KMIA,4,2026-10-06,01:00
SWA478,KBNA,KAUS,1,2026-10-04,18:09
SWA478,KBNA,KSTL,1,2026-09-30,11:49
SWA478,KLAS,KPHX,1,2026-10-03,14:44
SWA478,KMCO,KCMH,3,2026-10-05,11:11
SWA4780,KBNA,KMKE,5,2026-10-06,14:13
SWA4780,KPHX,KMKE,1,2026-10-05,21:09
SWA4781,KBNA,KMKE,5,2026-10-06,04:33
SWA4781,KMSP,KMDW,1,2026-09-30,15:50
SWA4782,KBNA,KATL,5,2026-10-06,16:20
SWA4782,KSMF,KSAN,1,2026-10-04,18:43
SWA4783,KPHX,KDEN,1,2026-09-30,21:52
SWA4784,KDCA,KDAL,3,2026-10-06,00:50
SWA4784,KSEA,KPHX,1,2026-09-30,14:50
SWA4785,KDEN,KLAX,3,2026-10-05,13:59
SWA4785,KDEN,KSFO,2,2026-10-01,22:05
SWA4785,KLAX,KSJC,3,2026-10-06,14:22
SWA4786,KDEN,KPHX,3,2026-10-06,05:38
SWA4786,KLAS,KIND,1,2026-09-30,15:03
SWA4788,KMCO,KBNA,2,2026-10-01,00:10
SWA4788,KSAN,KSFO,1,2026-10-06,14:31
SWA4789,KHOU,KMDW,5,2026-10-06,01:45
SWA479,KBNA,KAUS,2,2026-10-04,21:14
SWA479,KDEN,KATL,1,2026-09-30,00:29
SWA479,KMDW,KPIT,1,2026-10-06,13:04
SWA479,KPIT,KMCO,1,2026-10-06,15:00
SWA479,KSTL,KLGA,3,2026-10-05,16:15
SWA4790,KDEN,KPSP,1,2026-10-01,03:05
SWA4790,KHOU,KSTL,4,2026-10-06,22:58
SWA4791,KLAS,KLGB,2,2026-10-06,22:06
SWA4791,KPHX,KTPA,2,2026-10-01,21:32
SWA4792,KLAS,KRDU,3,2026-10-06,20:14
SWA4792,KLAS,KTUS,1,2026-09-30,15:01
SWA4793,KBNA,KMHT,2,2026-10-04,18:42
SWA4794,KABQ,KBNA,1,2026-10-06,17:30
SWA4794,KDEN,KONT,1,2026-09-30,15:37
SWA4794,KIND,KHOU,4,2026-10-06,01:00
SWA4795,KLAS,KMKE,5,2026-10-06,21:54
SWA4795,KMDW,KALB,2,2026-10-01,23:45
SWA4796,KLAX,KPHX,3,2026-10-06,19:22
SWA4797,KLGA,KBNA,5,2026-10-05,21:42
SWA4797,KMDW,KLGA,1,2026-09-30,18:28
SWA4798,KAUS,KPHX,1,2026-09-30,17:17
SWA4798,KMCI,KHOU,6,2026-10-06,12:32
SWA4799,KLGB,KHOU,1,2026-10-03,19:19
SWA48,KHOU,KDAL,1,2026-10-04,23:37
SWA480,KBNA,KAUS,2,2026-10-06,23:15
SWA480,KBNA,KMEM,1,2026-09-30,13:17
SWA480,KBUR,KSJC,1,2026-10-03,19:07
SWA480,KDAL,KLGB,1,2026-09-30,17:11
SWA480,KLAX,KSMF,3,2026-10-05,22:08
SWA480,KMEM,KDAL,1,2026-09-30,15:00
SWA4800,KDEN,KSEA,2,2026-10-01,03:38
SWA4800,KMCO,KMCI,1,2026-10-06,19:23
SWA4801,KMDW,KMHT,1,2026-10-01,23:48
SWA4801,KMSY,KMCI,3,2026-10-06,23:33
SWA4802,KMCO,KMHT,6,2026-10-06,14:36
SWA4802,KMDW,KSAN,2,2026-10-01,02:14
SWA4802,KSRQ,KMCO,1,2026-10-04,09:53
SWA4803,KMDW,KPIT,4,2026-10-06,01:09
SWA4803,KMDW,KSLC,1,2026-09-30,16:02
SWA4804,KDEN,KMKE,1,2026-09-30,21:27
SWA4804,KMCO,KOMA,3,2026-10-06,00:57
SWA4805,KMIA,KBNA,3,2026-10-05,02:06
SWA4806,KORF,KMDW,1,2026-09-30,12:14
SWA4806,KPHX,KLAS,2,2026-10-06,07:02
SWA4807,KAUS,KLAX,1,2026-10-05,01:02
SWA4808,KRDU,KBNA,6,2026-10-06,10:38
SWA4809,KORF,KMDW,2,2026-10-01,22:23
SWA4809,KSDF,KBWI,6,2026-10-06,10:05
SWA481,KBNA,KCMH,1,2026-09-30,15:34
SWA481,KLAS,KLAX,4,2026-10-06,05:29
SWA481,KSAN,KPDX,1,2026-10-06,17:41
SWA4810,KMCO,TJCP,1,2026-10-04,15:23
SWA4810,KPIT,KMDW,1,2026-09-30,13:21
SWA4811,KMCO,KPIT,5,2026-10-06,13:13
SWA4811,KRNO,KLAS,2,2026-10-01,02:36
SWA4812,KABQ,KPHX,1,2026-09-30,14:11
SWA4812,KSTL,KMCO,4,2026-10-06,01:17
SWA4813,KABQ,KHOU,3,2026-10-06,23:14
SWA4814,KBNA,KDAL,1,2026-09-30,16:53
SWA4814,KHOU,KLBB,1,2026-10-04,20:03
SWA4814,KTPA,KPHX,3,2026-10-05,10:34
SWA4815,KBWI,KDAL,1,2026-09-30,19:36
SWA4815,KSNA,KSMF,1,2026-10-05,04:30
SWA4816,KATL,KSTL,4,2026-10-06,01:32
SWA4817,KAUS,KSJC,4,2026-10-06,18:39
SWA4817,KBWI,KSAN,1,2026-09-30,13:39
SWA4818,KBHM,KDAL,4,2026-10-06,01:00
SWA4818,KRNO,KLAS,1,2026-09-30,01:13
SWA4819,KBHM,KDAL,1,2026-10-04,19:47
SWA4819,KBHM,KLAS,1,2026-10-03,19:21
SWA4819,KBNA,KBHM,1,2026-10-04,18:12
SWA4819,KDAL,KLBB,1,2026-10-04,22:12
SWA4819,KORF,KBNA,1,2026-10-04,15:38
SWA482,KBNA,KCHS,3,2026-10-05,19:15
SWA482,KBNA,KDAL,1,2026-09-30,11:24
SWA482,KCHS,KDEN,3,2026-10-06,21:50
SWA482,KMDW,KMCO,1,2026-10-04,14:07
SWA482,KPVD,KMDW,3,2026-10-06,11:24
SWA4820,KBWI,KSRQ,4,2026-10-05,12:18
SWA4820,KPIT,KPHX,1,2026-10-06,11:36
SWA4820,KRIC,KMDW,1,2026-09-30,12:00
SWA4821,KBNA,KCLT,3,2026-10-06,02:07
SWA4821,KSAN,KIND,1,2026-10-06,18:59
SWA4822,KBNA,KMSP,5,2026-10-06,13:35
SWA4822,KDEN,KIND,2,2026-10-01,00:44
SWA4823,KBWI,KABQ,4,2026-10-06,18:36
SWA4823,KSTL,KDAL,1,2026-09-30,17:52
SWA4824,KCLE,KBNA,4,2026-10-06,01:45
SWA4824,KDEN,KOMA,1,2026-09-30,17:28
SWA4825,KCOS,KDEN,1,2026-10-06,18:09
SWA4825,KDEN,KSMF,1,2026-09-30,21:29
SWA4825,KOMA,KBNA,1,2026-10-04,22:13
SWA4826,KBHM,KMCO,1,2026-10-06,16:24
SWA4826,KDAL,KBHM,1,2026-10-06,14:25
SWA4826,KMKE,KBNA,1,2026-10-04,17:03
SWA4827,KDAL,KLGA,6,2026-10-06,11:32
SWA4827,KLAS,KFAT,1,2026-09-30,14:58
SWA4828,KDAL,KLAX,2,2026-10-05,18:44
SWA4828,KTUS,KSAN,1,2026-10-06,13:42
SWA4829,KDCA,KPVD,3,2026-10-06,17:31
SWA4829,KMCI,KMDW,1,2026-09-30,15:50
SWA4829,KPVD,KMCO,3,2026-10-05,15:09
SWA483,KBNA,KAUS,3,2026-10-06,04:00
SWA483,KFLL,KIND,1,2026-10-04,22:26
SWA483,KLBB,KDAL,1,2026-10-05,23:38
SWA4830,KBNA,KCVG,4,2026-10-06,02:17
SWA4830,KLAS,KIND,2,2026-10-01,23:47
SWA4831,KDAL,KMSY,3,2026-10-06,17:58
SWA4831,KOAK,KDAL,1,2026-10-06,13:52
SWA4832,KDAL,KPHL,6,2026-10-06,13:24
SWA4832,KMDW,KBWI,1,2026-09-30,20:40
SWA4833,KDEN,KAUS,5,2026-10-06,11:26
SWA4834,KDEN,KHOU,2,2026-10-05,13:24
SWA4834,KTPA,KHOU,2,2026-10-01,23:32
SWA4835,KFLL,KBNA,3,2026-10-06,15:42
SWA4837,KFLL,KHOU,5,2026-10-06,01:00
SWA4837,KOMA,KMDW,1,2026-09-30,20:12
SWA4838,KIND,KMCO,3,2026-10-06,16:54
SWA4838,KSAN,KDAL,1,2026-09-30,13:40
SWA4839,KIND,KMDW,6,2026-10-06,11:09
SWA484,KDEN,KOKC,1,2026-09-30,22:18
SWA484,KSJC,KSAN,4,2026-10-06,23:15
SWA4840,KDAL,KSEA,5,2026-10-06,13:09
SWA4841,KLAS,KSNA,2,2026-10-06,23:25
SWA4841,KPHX,KSFO,1,2026-10-05,23:07
SWA4842,KAUS,KIND,2,2026-10-06,03:13
SWA4842,KLAX,KAUS,3,2026-10-06,22:55
SWA4843,KBNA,KDCA,3,2026-10-06,02:21
SWA4843,KMDW,KSFO,1,2026-09-30,15:44
SWA4844,KLGA,KDAL,3,2026-10-05,01:24
SWA4845,KLGA,KMDW,4,2026-10-06,22:20
SWA4846,KCMH,KBNA,2,2026-10-01,23:26
SWA4847,KDEN,KLAS,1,2026-10-01,23:36
SWA4847,KMDW,KDCA,1,2026-10-03,13:21
SWA4848,KBUF,KPHX,1,2026-10-05,00:27
SWA4848,KMIA,KMCO,2,2026-10-06,11:22
SWA4849,KDEN,KEUG,1,2026-09-30,15:27
SWA4849,KMKE,KDEN,3,2026-10-05,16:47
SWA485,KBNA,KDAL,1,2026-09-30,18:29
SWA485,KCMH,KBNA,1,2026-09-30,15:47
SWA485,KLAS,KTUS,1,2026-10-03,22:41
SWA485,KMDW,KCMH,1,2026-09-30,14:13
SWA485,KMSY,KSTL,1,2026-10-05,03:39
SWA485,KSLC,KSMF,1,2026-10-06,13:02
SWA485,KSTL,KBOS,3,2026-10-05,15:40
SWA485,KTUS,KPHX,1,2026-10-04,00:30
SWA4850,KABQ,KDEN,1,2026-09-30,12:15
SWA4850,KMCI,KMDW,4,2026-10-06,12:36
SWA4851,KDAL,KSLC,1,2026-10-04,15:27
SWA4852,KBNA,KSAV,4,2026-10-06,01:12
SWA4852,KHOU,KECP,1,2026-10-01,23:56
SWA4853,KDAL,KSAN,1,2026-09-30,11:52
SWA4853,KMCO,KPHL,3,2026-10-05,13:37
SWA4854,KLAS,KBOI,1,2026-09-30,15:21
SWA4854,KMDW,KFLL,1,2026-10-04,18:03
SWA4855,KMSY,KSAN,1,2026-10-05,01:14
SWA4856,KDEN,KGEG,1,2026-09-30,15:29
SWA4856,KGEG,KOAK,1,2026-09-30,18:23
SWA4856,KOAK,KAUS,1,2026-10-03,13:50
SWA4857,KLAS,KCMH,2,2026-10-01,23:26
SWA4857,KOMA,KDAL,3,2026-10-05,11:02
SWA4858,KPHL,KBNA,6,2026-10-06,10:07
SWA4859,KMDW,KBNA,1,2026-09-30,22:42
SWA4859,KPHX,KCLE,3,2026-10-05,20:34
SWA486,KBNA,KBOS,4,2026-10-06,12:10
SWA486,KBNA,KBUF,1,2026-10-05,02:31
SWA486,KBNA,KDAL,1,2026-09-30,19:58
SWA486,KBNA,KMEM,1,2026-10-03,22:48
SWA4860,KMDW,KBOS,1,2026-09-30,19:21
SWA4860,KPHX,KBUR,1,2026-10-06,18:45
SWA4861,KPHX,KMKE,4,2026-10-06,02:35
SWA4862,KATL,KBNA,1,2026-09-30,15:39
SWA4862,KMCI,KATL,1,2026-10-06,19:15
SWA4863,KDEN,KLGA,1,2026-09-30,15:22
SWA4863,KRNO,KPHX,4,2026-10-05,18:17
SWA4864,KMKE,KBWI,1,2026-09-30,12:54
SWA4864,KRSW,KBNA,6,2026-10-06,12:26
SWA4865,KLAS,KOKC,1,2026-09-30,17:08
SWA4865,KSAN,KABQ,2,2026-10-04,18:24
SWA4866,KMDW,KOKC,2,2026-10-01,02:41
SWA4866,KSAN,KOAK,4,2026-10-05,14:46
SWA4867,KSDF,KBNA,4,2026-10-05,11:24
SWA4868,KSFO,KPHX,1,2026-10-04,23:10
SWA4869,KPHX,KDAL,2,2026-10-01,23:51
SWA4869,KSMF,KSAN,4,2026-10-06,18:47
SWA487,KCHS,KSTL,3,2026-10-05,18:08
SWA487,KDEN,KSAT,1,2026-10-05,23:24
SWA487,KLGA,KMDW,1,2026-09-30,16:02
SWA487,KMDW,KATL,1,2026-09-30,18:51
SWA487,KPHX,KDEN,1,2026-10-03,16:54
SWA487,KSAT,KTPA,1,2026-10-05,01:54
SWA487,KSTL,KMCI,3,2026-10-05,20:41
SWA4870,KSAN,KSJC,3,2026-10-06,01:47
SWA4871,KAUS,KOAK,2,2026-10-03,04:13
SWA4871,KMDW,KMSP,1,2026-09-30,13:49
SWA4871,KPHX,KPDX,3,2026-10-06,16:46
SWA4872,KRSW,KMDW,2,2026-10-01,22:17
SWA4872,KSRQ,KMCO,4,2026-10-06,11:24
SWA4873,KABQ,KMCO,3,2026-10-06,21:40
SWA4874,KVPS,KHOU,3,2026-10-05,17:52
SWA4875,KATL,KBWI,5,2026-10-05,10:14
SWA4875,KBUR,KOAK,2,2026-10-01,23:58
SWA4877,KAUS,KSTL,2,2026-10-06,19:14
SWA4878,KBNA,KMYR,2,2026-10-06,02:39
SWA4878,KCLT,KMDW,1,2026-09-30,12:17
SWA4879,KBNA,KPHL,6,2026-10-06,16:03
SWA4879,KBWI,KCMH,2,2026-10-01,00:45
SWA488,KBNA,KDAL,2,2026-10-01,01:57
SWA488,KBNA,KBOS,1,2026-10-03,18:25
SWA488,KLAS,KAUS,1,2026-10-04,14:12
SWA488,KPSP,KSMF,3,2026-10-06,02:32
SWA4880,KBWI,KALB,3,2026-10-05,17:29
SWA4880,KHOU,KONT,1,2026-10-05,02:55
SWA4881,KBNA,KSTL,4,2026-10-05,18:03
SWA4882,KIND,KPHX,1,2026-10-04,09:53
SWA4882,KMDW,KMSP,1,2026-09-30,15:28
SWA4882,KTUS,KMDW,3,2026-10-05,13:03
SWA4883,KBWI,KBNA,6,2026-10-06,11:22
SWA4883,KDAL,KTPA,2,2026-10-01,00:58
SWA4884,KCMH,KSTL,5,2026-10-06,11:17
SWA4885,KBZN,KDEN,3,2026-10-06,14:16
SWA4885,KDAL,KCLE,2,2026-10-05,18:09
SWA4885,KDEN,KTPA,1,2026-09-30,17:46
SWA4886,KCLT,KBNA,3,2026-10-06,02:07
SWA4886,KDTW,KDEN,1,2026-09-30,11:11
SWA4887,KDAL,KAUS,4,2026-10-06,04:04
SWA4888,KDEN,KBNA,4,2026-10-06,03:17
SWA4888,KMDW,KMKE,1,2026-10-01,01:15
SWA4889,KMCO,KMKE,1,2026-10-06,11:00
SWA489,KBWI,KLAX,2,2026-10-01,20:24
SWA489,KLAX,KOAK,2,2026-10-01,02:20
SWA489,KMCI,KMDW,1,2026-10-05,03:03
SWA489,KSJC,KBOI,1,2026-10-03,19:52
SWA489,KSTL,KMSP,3,2026-10-06,03:27
SWA489,KSTL,KOMA,1,2026-10-06,13:39
SWA4890,KCVG,KBNA,5,2026-10-06,11:14
SWA4890,KDAL,KBOS,1,2026-09-30,14:16
SWA4890,KLAS,KSTL,1,2026-10-05,02:47
SWA4891,KAUS,KSLC,1,2026-09-30,20:25
SWA4891,KDCA,KMCO,3,2026-10-05,17:39
SWA4892,KDEN,KBUF,3,2026-10-05,20:04
SWA4892,KMCO,KPHL,1,2026-10-05,01:55
SWA4893,KDEN,KJAX,1,2026-10-06,19:23
SWA4893,KMCI,KBWI,1,2026-09-30,20:15
SWA4894,KBWI,KDEN,1,2026-09-30,15:22
SWA4895,KBNA,KMDW,1,2026-09-30,14:23
SWA4896,KHOU,KOKC,5,2026-10-06,04:06
SWA4896,KPHX,KABQ,1,2026-09-30,16:35
SWA4897,KMCO,KMCI,3,2026-10-06,22:21
SWA4897,KMDW,KPHL,1,2026-09-30,17:06
SWA4898,KMCO,KMEM,4,2026-10-06,02:08
SWA4899,KDJT,KISP,3,2026-10-05,21:07
SWA4899,KISP,KBWI,1,2026-10-03,19:52
SWA4899,KMCO,KDJT,1,2026-10-03,14:51
SWA4899,KSNA,KLAS,1,2026-09-30,16:02
SWA49,KBWI,KCLT,3,2026-10-05,18:52
SWA49,KCLT,KDAL,2,2026-10-06,22:04
SWA49,KDAL,KHOU,4,2026-10-06,01:25
SWA49,KPHX,KDAL,1,2026-10-04,20:42
SWA490,KAUS,KSTS,1,2026-10-03,16:37
SWA490,KBNA,KBOS,3,2026-10-06,03:20
SWA490,KBNA,KDCA,1,2026-09-30,14:28
SWA490,KSTS,KBUR,1,2026-10-03,21:06
SWA490,KVPS,KBNA,1,2026-09-30,12:20
SWA4900,KABQ,KMDW,1,2026-09-30,13:46
SWA4900,KDEN,KSLC,3,2026-10-05,19:36
SWA4901,KBWI,KMCI,1,2026-10-01,22:42
SWA4901,KLAS,KGRR,3,2026-10-06,23:43
SWA4902,KMDW,KAUS,3,2026-10-05,11:53
SWA4902,KTUL,KDEN,1,2026-09-30,12:41
SWA4904,KMDW,KCLT,4,2026-10-06,00:43
SWA4905,KAUS,KBNA,1,2026-09-30,12:24
SWA4905,KPHX,KBUR,5,2026-10-06,02:15
SWA4906,KMSY,KDAL,3,2026-10-05,19:12
SWA4907,KBNA,KCMH,2,2026-10-01,01:08
SWA4907,KONT,KHOU,3,2026-10-06,22:17
SWA4908,KBOI,KLAS,1,2026-09-30,21:21
SWA4908,KONT,KLAS,3,2026-10-06,05:36
SWA4909,KPHX,KOMA,1,2026-10-04,01:42
SWA491,KCLE,KMDW,1,2026-09-30,21:26
SWA491,KMDW,KMCO,2,2026-10-01,23:29
SWA4910,KMCO,KOKC,3,2026-10-05,14:10
SWA4910,KORF,KBWI,3,2026-10-06,10:34
SWA4911,KBUF,KMDW,1,2026-09-30,13:08
SWA4911,KMCO,KRIC,3,2026-10-06,02:50
SWA4912,KLAS,KSLC,2,2026-10-01,03:10
SWA4912,KPHX,KSAN,3,2026-10-05,22:15
SWA4912,KPHX,KCMH,1,2026-10-04,23:12
SWA4913,KPHX,KSLC,3,2026-10-05,17:34
SWA4913,KRDU,KMCO,2,2026-10-06,00:08
SWA4914,KBWI,KMCO,1,2026-09-30,12:33
SWA4914,KSAN,KSJC,4,2026-10-05,14:05
SWA4915,KCLE,KDEN,1,2026-09-30,11:11
SWA4915,KSAN,KSJC,5,2026-10-06,20:14
SWA4916,KDAL,KSAN,1,2026-09-30,20:58
SWA4916,KMIA,KSTL,1,2026-10-06,20:44
SWA4916,KRSW,KMCO,5,2026-10-05,11:18
SWA4917,KDAL,KIND,1,2026-10-01,02:14
SWA4917,KSTL,KPIT,4,2026-10-06,01:10
SWA4918,KSAN,KSJC,4,2026-10-05,22:16
SWA4919,KHOU,KAUS,1,2026-09-30,21:46
SWA4919,KSAN,KSJC,2,2026-10-06,00:26
SWA492,KBWI,KLAS,1,2026-10-03,14:37
SWA492,KHOU,KMAF,1,2026-10-04,13:15
SWA492,KPWM,KBNA,2,2026-10-01,22:18
SWA492,KSTL,KOMA,3,2026-10-06,03:48
SWA4920,KBHM,KBWI,1,2026-10-06,21:54
SWA4920,KBWI,KORF,2,2026-10-01,00:47
SWA4920,KDEN,KBHM,1,2026-10-06,17:43
SWA4921,KSMF,KSAN,4,2026-10-06,04:57
SWA4922,KSTL,KSAT,4,2026-10-05,13:39
SWA4923,KBNA,KBHM,4,2026-10-06,03:52
SWA4923,KLAS,KONT,1,2026-09-30,22:38
SWA4924,KBNA,KGSP,3,2026-10-06,15:57
SWA4925,KCMH,KSTL,2,2026-10-06,01:50
SWA4927,KDAL,KATL,1,2026-10-06,17:34
SWA4928,KDAL,KJAX,1,2026-10-03,13:19
SWA4928,KLGB,KSLC,1,2026-10-06,21:50
SWA4929,KDAL,KOKC,4,2026-10-06,04:36
SWA4929,KSTL,KRDU,1,2026-09-30,15:18
SWA493,KATL,KPHX,3,2026-10-06,03:43
SWA493,KDAL,KECP,1,2026-10-05,01:42
SWA493,KDEN,KDAL,1,2026-09-30,17:23
SWA493,KGRR,KDEN,1,2026-10-04,22:05
SWA493,KPHX,KLAX,2,2026-10-06,07:55
SWA4930,KBNA,KSAV,5,2026-10-06,15:33
SWA4931,KMDW,KDCA,2,2026-10-01,01:49
SWA4931,KSTL,KSFO,5,2026-10-06,13:43
SWA4932,KDAL,KPIT,1,2026-10-04,21:35
SWA4932,KMDW,KCLT,1,2026-09-30,14:11
SWA4933,KDAL,KSAT,3,2026-10-06,12:32
SWA4933,KMDW,KMCO,1,2026-09-30,21:39
SWA4934,KBNA,KMSP,4,2026-10-06,04:59
SWA4934,KMCI,KDCA,1,2026-10-06,12:44
SWA4934,KMDW,KMKE,1,2026-09-30,15:26
SWA4935,KBNA,KMIA,1,2026-10-04,14:55
SWA4935,KBUR,KLAS,3,2026-10-06,02:39
SWA4935,KMCI,KTPA,1,2026-10-06,21:10
SWA4936,KAUS,KTPA,1,2026-09-30,12:56
SWA4936,KHOU,KBWI,1,2026-10-05,01:43
SWA4937,KHOU,KMCO,3,2026-10-06,02:01
SWA4938,KPHX,KBUR,1,2026-09-30,15:53
SWA4939,KDAL,KTUL,1,2026-09-30,15:34
SWA4939,KLAS,KRNO,4,2026-10-06,13:44
SWA494,KBNA,KMCO,1,2026-09-30,21:38
SWA494,KDCA,KSTL,1,2026-10-04,22:39
SWA494,KJAX,KMDW,1,2026-10-06,17:04
SWA494,KLGA,KMDW,3,2026-10-06,01:45
SWA494,KMDW,KMSY,1,2026-10-05,23:51
SWA494,KMDW,KSTL,1,2026-10-06,19:58
SWA494,KSTL,KBNA,1,2026-10-06,21:28
SWA4940,KLAX,KDEN,3,2026-10-06,03:16
SWA4940,KMDW,KPHL,1,2026-09-30,14:02
SWA4940,KSJC,KLAX,4,2026-10-06,01:20
SWA4941,KMCO,KFLL,1,2026-10-04,01:42
SWA4942,KMDW,KBOS,2,2026-10-04,22:10
SWA4942,KMDW,KDSM,2,2026-10-01,03:37
SWA4943,KMCO,KPIT,5,2026-10-06,20:35
SWA4943,KRSW,KBWI,1,2026-09-30,20:56
SWA4944,KATL,KCMH,1,2026-10-06,21:51
SWA4944,KOAK,KSAN,4,2026-10-05,17:07
SWA4944,KSAN,KAUS,2,2026-10-01,22:18
SWA4945,KBUR,KSFO,1,2026-10-04,14:12
SWA4945,KMKE,KBNA,3,2026-10-05,22:17
SWA4945,KSMF,KDAL,1,2026-09-30,14:01
SWA4946,KOAK,KSAN,3,2026-10-05,20:05
SWA4947,KOAK,KSAN,4,2026-10-06,01:49
SWA4947,KSAN,KHOU,3,2026-10-06,04:05
SWA4948,KPHX,KABQ,4,2026-10-05,19:11
SWA4949,KOAK,KPHX,1,2026-10-05,02:16
SWA4949,KPHX,KMCI,5,2026-10-06,02:55
SWA4949,KPHX,KLAS,2,2026-10-01,01:27
SWA495,KBNA,KBWI,6,2026-10-06,10:57
SWA495,KBNA,KDEN,1,2026-09-30,12:19
SWA4950,KMCO,KMIA,3,2026-10-06,02:43
SWA4951,KMDW,KPVD,1,2026-09-30,14:05
SWA4951,KPHX,KOAK,3,2026-10-06,06:12
SWA4952,KBWI,KCLE,2,2026-10-01,00:40
SWA4952,KFLL,KPIT,1,2026-10-05,03:05
SWA4953,KMDW,KGRR,2,2026-10-01,02:04
SWA4953,KRNO,KLAS,1,2026-10-05,05:59
SWA4954,KMDW,KGRR,3,2026-10-05,20:17
SWA4954,KSAN,KBOI,2,2026-10-06,19:28
SWA4955,KDEN,KBDL,2,2026-10-01,21:20
SWA4956,KMCO,KHOU,1,2026-10-04,10:48
SWA4956,KSAN,KSJC,2,2026-10-06,06:24
SWA4957,KSAN,KSMF,4,2026-10-06,20:23
SWA4958,KHOU,KMSY,1,2026-09-30,14:44
SWA4958,KSEA,KAUS,1,2026-10-04,23:50
SWA4959,KICT,KDEN,1,2026-09-30,13:01
SWA4959,KSFO,KLAS,1,2026-10-04,23:40
SWA496,KBNA,KDEN,1,2026-09-30,13:30
SWA496,KDEN,KPHX,2,2026-10-06,16:06
SWA496,KIND,KSRQ,1,2026-10-03,18:59
SWA496,KLGA,KDEN,1,2026-10-06,11:06
SWA496,KOMA,KMDW,3,2026-10-05,21:35
SWA496,KPHX,KSNA,1,2026-10-04,16:07
SWA496,KSAN,KOMA,3,2026-10-05,17:49
SWA496,KSJC,KSAN,3,2026-10-05,15:28
SWA496,KSRQ,KMCO,1,2026-10-03,21:43
SWA4960,KMDW,KICT,2,2026-10-01,02:00
SWA4960,TJSJ,KMCO,5,2026-10-06,20:31
SWA4961,KBWI,KMHT,1,2026-09-30,15:32
SWA4962,KDEN,KOMA,2,2026-10-01,01:02
SWA4962,TJSJ,KMCO,6,2026-10-06,09:16
SWA4963,KSTL,KDCA,6,2026-10-06,13:26
SWA4964,KSTL,KMCI,3,2026-10-06,03:26
SWA4965,KABQ,KSAN,1,2026-10-04,13:08
SWA4965,KHOU,KONT,1,2026-10-06,18:55
SWA4965,KLAS,KSJC,2,2026-10-01,00:43
SWA4965,KSAN,KHOU,3,2026-10-05,19:12
SWA4966,KLGB,KDEN,1,2026-09-30,18:23
SWA4967,KBNA,KCLT,2,2026-10-04,16:19
SWA4967,KMCO,KHOU,1,2026-09-30,15:22
SWA4968,KBNA,KDTW,4,2026-10-05,19:47
SWA4968,KDTW,KMDW,1,2026-10-05,00:49
SWA4968,KMDW,KPHX,1,2026-10-05,02:47
SWA4969,KBWI,KCLE,4,2026-10-05,19:58
SWA4969,KMDW,KCLE,1,2026-09-30,13:47
SWA4969,KSJC,KDEN,1,2026-10-04,02:20
SWA497,KBNA,KBWI,4,2026-10-05,20:34
SWA497,KBNA,KDEN,1,2026-09-30,18:49
SWA497,KBWI,KPHX,2,2026-10-06,23:24
SWA497,KDCA,KPVD,1,2026-10-05,23:47
SWA497,KPVD,KMCO,1,2026-10-05,04:11
SWA4970,KBWI,KBOS,6,2026-10-06,10:58
SWA4971,KBWI,KLAX,3,2026-10-06,19:22
SWA4971,KDEN,KPHL,1,2026-10-01,21:40
SWA4972,KBNA,KJAX,2,2026-10-06,15:37
SWA4973,KBWI,KSRQ,1,2026-09-30,14:02
SWA4973,KMSY,KMCI,1,2026-10-06,15:34
SWA4973,KSTL,KJAX,5,2026-10-06,01:49
SWA4974,KBWI,KRSW,3,2026-10-06,22:08
SWA4974,KHOU,KMCO,1,2026-10-03,20:15
SWA4975,KCMH,KBNA,3,2026-10-05,18:24
SWA4975,KMDW,KMEM,2,2026-10-01,02:07
SWA4976,KCLE,KSTL,3,2026-10-06,21:07
SWA4976,KMSY,KDAL,1,2026-10-01,22:54
SWA4977,KCMH,KAUS,3,2026-10-06,20:56
SWA4977,KMSY,KMCO,1,2026-09-30,11:47
SWA4978,KDEN,KATL,3,2026-10-06,17:20
SWA4978,KPHX,KMDW,2,2026-10-01,00:11
SWA4979,KFLL,KMDW,5,2026-10-05,10:49
SWA498,KBWI,KAUS,4,2026-10-05,14:06
SWA498,KLAS,KSAN,1,2026-10-04,23:17
SWA498,KOAK,KLAS,1,2026-09-30,21:46
SWA4980,KFLL,KHOU,1,2026-10-03,09:52
SWA4981,KBWI,KBUF,2,2026-10-06,11:18
SWA4982,KLAS,KSFO,1,2026-10-04,03:11
SWA4982,KORF,KBNA,1,2026-10-05,23:52
SWA4982,KPHX,KLGB,1,2026-09-30,16:18
SWA4983,KMCO,KALB,3,2026-10-06,01:17
SWA4983,KRSW,KBWI,1,2026-09-30,11:34
SWA4984,KMCO,KBDL,2,2026-10-05,02:00
SWA4984,KMDW,KSFO,2,2026-10-01,00:24
SWA4985,KMCO,KMKE,4,2026-10-05,12:09
SWA4986,KBUR,KDEN,1,2026-10-05,04:23
SWA4986,KMCO,KIND,4,2026-10-06,20:27
SWA4986,KSJC,KPHX,1,2026-09-30,15:06
SWA4987,KDAL,KLBB,1,2026-10-04,17:55
SWA4987,KMDW,KJAX,3,2026-10-05,20:17
SWA4988,KLAS,KRNO,1,2026-10-03,20:22
SWA4988,KMCI,KIND,1,2026-10-06,16:33
SWA499,KBNA,KBWI,5,2026-10-06,03:13
SWA499,KBNA,KDEN,2,2026-10-01,01:51
SWA499,KMDW,KBNA,1,2026-10-05,01:39
SWA4990,KDAL,KATL,2,2026-10-01,01:55
SWA4990,KMCO,KBHM,2,2026-10-05,01:50
SWA4991,KMCO,KLAX,1,2026-10-04,22:27
SWA4992,KATL,KDAL,1,2026-10-01,23:00
SWA4992,KDAL,KCLT,1,2026-10-04,21:58
SWA4992,KMCO,KDJT,3,2026-10-06,01:50
SWA4993,KBNA,KDCA,1,2026-09-30,19:05
SWA4993,KMSY,KBWI,2,2026-10-06,11:13
SWA4994,KBHM,KBNA,1,2026-10-06,11:06
SWA4994,KBNA,KLAX,1,2026-09-30,13:42
SWA4995,KHOU,KMSY,1,2026-10-04,17:51
SWA4995,KOMA,KHOU,3,2026-10-06,22:21
SWA4996,KONT,KBNA,5,2026-10-06,17:23
SWA4997,KBNA,KSDF,1,2026-10-01,00:02
SWA4997,KLAX,KSFO,1,2026-10-04,21:40
SWA4998,KMDW,KPVD,2,2026-10-01,23:43
SWA4998,KSAN,PHNL,3,2026-10-05,17:01
SWA4998,KSAN,KLGB,1,2026-10-03,20:49
SWA4999,KALB,KTPA,1,2026-10-06,19:35
SWA4999,KBNA,KBOS,4,2026-10-05,15:55
SWA4999,KBWI,KDTW,2,2026-10-01,00:47
SWA5,KDAL,KHOU,3,2026-10-05,13:18
SWA50,KDAL,KMCO,2,2026-10-06,02:40
SWA50,KHOU,KDAL,4,2026-10-06,00:07
SWA50,KHOU,KMCO,1,2026-10-02,01:11
SWA500,KBNA,KCHS,2,2026-10-04,15:47
SWA500,KBNA,KDEN,1,2026-09-30,21:26
SWA500,KCHS,KDEN,1,2026-10-04,17:40
SWA500,KDEN,KPHX,1,2026-10-06,22:26
SWA500,KOMA,KSTL,3,2026-10-05,13:20
SWA5001,KLAS,KMDW,1,2026-10-02,21:23
SWA5003,KSMF,KLAS,1,2026-10-03,18:54
SWA5004,KMDW,KHOU,1,2026-10-01,13:48
SWA5004,KSTL,KHOU,1,2026-10-04,00:41
SWA5005,KDEN,KHOU,1,2026-10-03,15:07
SWA5008,KBWI,KBNA,1,2026-10-05,02:39
SWA5009,KHOU,KLAS,1,2026-10-03,18:13
SWA501,KMCO,MROC,2,2026-10-05,15:32
SWA5010,KMKE,KMCO,1,2026-10-05,18:24
SWA5011,KLAS,KOAK,1,2026-10-03,21:02
SWA5012,KOAK,KLAS,1,2026-10-05,14:42
SWA5013,KLAS,KABQ,1,2026-10-04,17:01
SWA5013,KPHX,KMDW,1,2026-10-03,00:52
SWA5014,KLAS,KSJC,1,2026-10-03,22:03
SWA5015,KLAS,KSMF,1,2026-10-03,16:25
SWA5015,KMDW,KBWI,1,2026-10-06,20:49
SWA5017,KMCO,KSTL,1,2026-10-03,21:16
SWA5018,KMCI,KLAS,1,2026-10-06,15:45
SWA5018,KSJC,KLAS,1,2026-10-04,00:20
SWA5019,KOAK,KLAS,1,2026-10-04,23:30
SWA5020,KBNA,KTPA,1,2026-10-05,12:25
SWA5020,KBWI,KPHX,1,2026-10-06,19:05
SWA5021,KABQ,KDEN,1,2026-10-01,20:14
SWA5022,KABQ,KLAS,1,2026-10-01,18:47
SWA5024,KBWI,KMKE,1,2026-10-01,11:46
SWA5024,KLAS,KMCI,1,2026-10-02,16:35
SWA5028,KPHX,KABQ,1,2026-10-05,05:27
SWA5029,KPHX,KABQ,1,2026-10-04,20:31
SWA503,KBNA,KCHS,2,2026-10-06,20:44
SWA503,KCHS,KBWI,1,2026-10-06,22:40
SWA503,KHOU,KCHS,1,2026-10-04,19:57
SWA503,KONT,KPHX,1,2026-09-30,13:56
SWA503,KSMF,KSNA,3,2026-10-06,04:18
SWA5030,KHOU,KABQ,1,2026-10-04,03:20
SWA5030,KLAS,KOAK,1,2026-10-03,23:49
SWA5030,KMDW,KBWI,1,2026-10-02,01:22
SWA5031,KHOU,KABQ,1,2026-10-04,22:05
SWA5032,KBOI,KDEN,1,2026-10-03,12:29
SWA5033,KSJC,KBOI,1,2026-10-05,00:00
SWA5034,KLAS,KABQ,1,2026-10-04,02:52
SWA5035,KMCO,KMSY,1,2026-10-06,23:01
SWA5035,KSMF,KBOI,1,2026-10-04,18:42
SWA5036,KABQ,KPHX,1,2026-10-02,22:35
SWA5036,KMCI,KLAS,1,2026-10-05,21:09
SWA5036,KMSY,KMCO,1,2026-10-03,16:56
SWA5036,KTPA,KMCI,1,2026-10-01,17:45
SWA5037,KDEN,KABQ,1,2026-10-04,15:50
SWA5039,KABQ,KPHX,1,2026-10-02,21:32
SWA504,KBNA,KCHS,3,2026-10-06,00:44
SWA504,KBNA,KECP,1,2026-10-06,13:13
SWA504,KECP,KAUS,1,2026-10-06,15:09
SWA504,KMDW,KSDF,1,2026-10-04,13:24
SWA504,KPHX,KMCI,1,2026-09-30,14:15
SWA504,KSDF,KLAS,1,2026-10-04,15:28
SWA5040,KABQ,KPHX,1,2026-10-02,01:05
SWA5040,KMCI,KABQ,1,2026-10-05,19:05
SWA5041,KABQ,KHOU,1,2026-10-02,15:04
SWA5041,KATL,KBWI,1,2026-10-06,16:36
SWA5041,KDEN,KLAS,1,2026-09-30,22:52
SWA5042,KABQ,KLAS,1,2026-10-03,01:12
SWA5043,KLAS,KBOI,1,2026-10-04,14:06
SWA5045,KABQ,KDEN,1,2026-10-02,18:09
SWA505,KCLE,KPHX,1,2026-10-05,20:17
SWA505,KMDW,KCLE,1,2026-10-04,18:31
SWA505,KONT,KOAK,1,2026-10-03,13:25
SWA505,KSMF,KSAN,2,2026-10-01,01:53
SWA506,KAUS,KMCO,1,2026-09-30,19:59
SWA506,KBNA,KCLT,1,2026-10-04,22:29
SWA506,KTPA,KBNA,5,2026-10-06,17:43
SWA507,KAUS,KSAN,2,2026-10-01,21:29
SWA507,KBNA,KCLE,4,2026-10-06,01:46
SWA507,KIND,KLAS,1,2026-10-04,17:47
SWA508,KABQ,KMDW,5,2026-10-06,13:41
SWA508,KALB,KBWI,1,2026-09-30,10:14
SWA508,KMDW,KFLL,1,2026-10-06,17:44
SWA508,KRSW,KBNA,1,2026-10-04,02:18
SWA5087,KABQ,KBWI,1,2026-10-05,22:27
SWA5087,KBWI,KABQ,1,2026-10-01,13:34
SWA5088,KBWI,KABQ,1,2026-10-06,12:18
SWA5088,KDEN,KABQ,1,2026-10-01,22:59
SWA5088,KOAK,KBOI,1,2026-10-03,02:05
SWA5089,KPHX,KABQ,1,2026-10-03,23:33
SWA509,KABQ,KDEN,1,2026-09-30,19:48
SWA509,KBNA,KMCO,1,2026-10-06,14:31
SWA509,KDAL,KMDW,1,2026-10-03,18:22
SWA509,KLAS,KDEN,3,2026-10-06,01:07
SWA509,KLGA,KBNA,1,2026-10-06,11:35
SWA509,KMCO,KPVD,1,2026-10-06,17:16
SWA509,KMCO,KSTL,1,2026-10-05,03:41
SWA509,KPVD,KBWI,1,2026-10-06,20:28
SWA5090,KATL,KMSY,1,2026-10-03,14:35
SWA5090,KHOU,KABQ,1,2026-10-01,17:09
SWA5093,KABQ,KDEN,1,2026-10-04,13:31
SWA5096,KABQ,KHOU,1,2026-10-04,19:28
SWA5096,KTPA,KMKE,1,2026-10-05,14:51
SWA5097,KMCI,KLAS,1,2026-10-01,21:09
SWA5098,KABQ,KLAS,1,2026-10-04,14:26
SWA5098,KLAS,KABQ,1,2026-10-02,00:57
SWA5099,KMKE,KTPA,1,2026-10-01,14:17
SWA5099,KMSY,KATL,1,2026-10-06,14:22
SWA51,KDAL,KHOU,2,2026-10-01,01:26
SWA51,KPHL,KDAL,1,2026-10-06,20:19
SWA510,KATL,KAUS,5,2026-10-06,10:30
SWA510,KAUS,KSJC,1,2026-10-01,23:52
SWA510,KOKC,KHOU,1,2026-10-04,10:42
SWA5102,KABQ,KBWI,1,2026-10-06,21:58
SWA5103,KABQ,KPHX,1,2026-10-04,17:48
SWA5107,KABQ,KPHX,1,2026-10-05,03:34
SWA5107,KMCI,KLAS,1,2026-10-02,20:06
SWA5110,KBOI,KOAK,1,2026-10-05,02:14
SWA5111,KLAS,KMCI,1,2026-10-06,01:22
SWA5112,KBWI,KABQ,1,2026-10-02,13:20
SWA5116,KBOI,KSJC,1,2026-10-04,20:54
SWA5119,KBOI,KSMF,1,2026-10-04,16:24
SWA5119,KLAS,KMCI,1,2026-10-05,17:01
SWA5119,KMCI,KLAS,1,2026-10-03,12:41
SWA512,KAUS,KECP,4,2026-10-05,18:29
SWA512,KBNA,KATL,1,2026-09-30,19:50
SWA512,KDAL,KPHX,1,2026-10-04,20:31
SWA512,KLGA,KBNA,1,2026-10-06,21:54
SWA512,KPHX,KBUR,1,2026-10-05,23:43
SWA5120,KDEN,KABQ,1,2026-10-02,20:30
SWA5120,KLAS,KMCI,1,2026-10-05,15:56
SWA5125,KABQ,KMDW,1,2026-10-06,17:11
SWA5128,KLAS,KMCI,1,2026-10-06,19:32
SWA5128,KMCI,KLAS,1,2026-10-02,12:41
SWA5129,KABQ,KLAS,1,2026-10-05,13:23
SWA513,KBNA,KCMH,5,2026-10-06,21:17
SWA513,KCMH,KDEN,3,2026-10-06,23:35
SWA513,KPHX,KLAS,1,2026-09-30,17:21
SWA5130,KHOU,KABQ,1,2026-10-02,18:01
SWA516,KBNA,KCMH,4,2026-10-06,02:16
SWA516,KBWI,KMKE,2,2026-10-01,00:18
SWA518,KAUS,KPHX,1,2026-10-04,23:46
SWA518,KBNA,KCVG,4,2026-10-06,18:06
SWA518,KBNA,KSAT,2,2026-10-01,02:01
SWA518,KCVG,KDEN,4,2026-10-06,19:54
SWA518,KCVG,KAUS,1,2026-10-03,19:59
SWA518,KSDF,KBNA,1,2026-10-04,11:12
SWA519,KDAL,KSEA,1,2026-09-30,14:11
SWA519,KLGA,KMCI,3,2026-10-05,12:40
SWA52,KHOU,KDAL,1,2026-10-05,00:39
SWA522,KBNA,KDAL,3,2026-10-05,11:50
SWA522,KBNA,KMAF,1,2026-10-01,11:51
SWA522,KCHS,KBNA,2,2026-10-01,23:36
SWA522,KFLL,KBWI,1,2026-10-03,21:20
SWA522,KMCO,KROC,1,2026-10-06,14:45
SWA523,KBNA,KDAL,3,2026-10-05,13:38
SWA523,KDAL,KLAS,1,2026-10-03,16:33
SWA523,KDEN,KMCI,1,2026-09-30,21:25
SWA523,KLAS,KDTW,1,2026-10-05,20:54
SWA523,KLAS,KTUS,1,2026-10-06,20:14
SWA523,KTUS,KDEN,1,2026-10-06,22:11
SWA526,KBNA,KDAL,1,2026-10-06,14:58
SWA526,KBNA,KHOU,1,2026-09-30,17:48
SWA526,KBNA,KLAX,1,2026-10-04,01:51
SWA526,KDAL,KAUS,1,2026-10-06,17:24
SWA526,KDAL,KSEA,1,2026-10-04,12:50
SWA526,KTPA,KDCA,3,2026-10-05,20:23
SWA527,KAUS,KOKC,4,2026-10-06,20:02
SWA527,KBNA,KHOU,1,2026-09-30,21:12
SWA527,KDEN,KPHX,1,2026-10-05,03:46
SWA527,KPHX,KRNO,1,2026-10-05,07:17
SWA527,KTPA,KPIT,1,2026-10-03,21:51
SWA528,KBNA,KDAL,2,2026-10-06,23:21
SWA528,KBNA,KTPA,1,2026-10-02,04:54
SWA528,KONT,KPHX,1,2026-10-04,17:00
SWA532,KABQ,KLAX,1,2026-10-04,18:50
SWA532,KAUS,KSEA,3,2026-10-06,22:30
SWA532,KDAL,KMDW,1,2026-10-04,23:46
SWA532,KPHX,KDAL,1,2026-10-03,20:55
SWA532,KPHX,KSJC,1,2026-10-06,16:48
SWA533,KBNA,KDAL,3,2026-10-06,03:04
SWA533,KBNA,KMSY,1,2026-09-30,13:24
SWA533,KBWI,KLAX,1,2026-10-04,23:43
SWA534,KAUS,KTPA,4,2026-10-06,00:51
SWA534,KAUS,KSAN,1,2026-09-30,19:36
SWA534,KMCO,KMDW,1,2026-10-04,14:40
SWA536,KBNA,KDCA,5,2026-10-06,10:47
SWA536,KDEN,KSAN,1,2026-09-30,13:48
SWA536,KRSW,KSTL,1,2026-10-04,09:34
SWA537,KBNA,KDCA,4,2026-10-05,19:42
SWA537,KOMA,KMDW,1,2026-10-06,10:23
SWA537,KSNA,KPHX,1,2026-10-04,15:31
SWA539,KBNA,KJAX,1,2026-09-30,22:28
SWA539,KBNA,KSDF,1,2026-10-03,18:30
SWA539,KPHX,KSAN,1,2026-10-04,17:40
SWA539,KSAN,KSJC,3,2026-10-05,18:24
SWA539,KSAN,KOAK,1,2026-10-04,19:39
SWA539,KSDF,KBWI,1,2026-10-03,20:06
SWA54,KDAL,KMCI,3,2026-10-06,03:31
SWA54,KDAL,KLIT,1,2026-10-05,04:38
SWA54,KHOU,KDAL,6,2026-10-06,02:06
SWA540,KATL,KPHX,2,2026-10-01,21:43
SWA540,KBNA,KRDU,2,2026-10-06,20:12
SWA540,KDEN,KORF,1,2026-10-04,22:16
SWA540,KMSY,KBNA,3,2026-10-05,18:29
SWA541,KBNA,KDEN,6,2026-10-06,11:02
SWA541,KBNA,KFLL,1,2026-09-30,12:09
SWA542,KBNA,KLAS,1,2026-09-30,18:04
SWA542,KBUR,KSMF,4,2026-10-06,02:22
SWA542,KRNO,KPHX,1,2026-10-04,13:57
SWA543,KBNA,KLAS,1,2026-09-30,20:36
SWA543,KBWI,KGSP,6,2026-10-06,16:36
SWA543,KGSP,KBNA,3,2026-10-06,14:53
SWA543,KPVD,KBWI,1,2026-10-03,11:22
SWA544,KBWI,KLAS,1,2026-10-04,13:57
SWA544,KDEN,KBUF,1,2026-10-03,17:18
SWA544,KMDW,KFLL,3,2026-10-06,01:32
SWA544,KMIA,KBWI,1,2026-10-04,10:31
SWA546,KABQ,KSAN,1,2026-10-05,02:49
SWA546,KBNA,KABQ,1,2026-10-05,22:23
SWA546,KDCA,KBNA,2,2026-10-04,22:11
SWA546,KDJT,KMCO,1,2026-09-30,11:24
SWA547,KBNA,KDEN,3,2026-10-06,00:09
SWA547,KBWI,KMCO,1,2026-09-30,14:05
SWA547,KDEN,KPHX,1,2026-10-04,15:56
SWA547,KDTW,KBNA,3,2026-10-05,21:40
SWA547,KHOU,KVPS,2,2026-10-06,20:09
SWA547,KPHX,KRDU,1,2026-10-05,22:17
SWA547,KVPS,KBNA,1,2026-10-06,21:03
SWA548,KAUS,KBUR,1,2026-10-05,01:52
SWA548,KBWI,KROC,3,2026-10-05,21:41
SWA548,KCMH,KMDW,1,2026-10-03,21:50
SWA548,KJAX,KBWI,1,2026-10-02,19:49
SWA548,KPHX,KSAN,1,2026-09-30,15:27
SWA548,KROC,KMDW,3,2026-10-06,23:27
SWA549,KBWI,KDTW,2,2026-10-04,15:08
SWA549,KDEN,KBWI,1,2026-10-04,11:06
SWA549,KDTW,KBNA,1,2026-10-04,17:27
SWA549,KDTW,KLAS,1,2026-10-03,17:21
SWA549,KMCI,KDEN,1,2026-09-30,15:18
SWA549,KMDW,KBNA,3,2026-10-05,17:14
SWA549,KSLC,KMDW,3,2026-10-05,13:31
SWA55,KDAL,KHOU,3,2026-10-06,01:41
SWA550,KBNA,KDTW,3,2026-10-05,16:16
SWA550,KBWI,KMIA,2,2026-10-06,19:02
SWA550,KDEN,KPHX,2,2026-10-06,22:47
SWA550,KDTW,KDEN,3,2026-10-05,18:38
SWA550,KPHX,KLGB,2,2026-10-01,02:37
SWA550,KSAT,KMCO,1,2026-10-04,09:58
SWA551,KBNA,KLGA,1,2026-09-30,15:03
SWA551,KCOS,KSAN,4,2026-10-05,17:46
SWA551,KDAL,KCOS,2,2026-10-05,14:38
SWA551,KDEN,KCOS,1,2026-10-04,14:40
SWA551,KLAS,KRNO,1,2026-10-04,21:18
SWA551,KMCO,KBWI,1,2026-10-06,21:43
SWA551,KSAN,KLAS,1,2026-10-04,19:26
SWA551,KTUL,KMDW,1,2026-10-03,18:36
SWA552,KBOI,KSAN,1,2026-09-30,12:44
SWA552,KBWI,KDEN,3,2026-10-06,22:51
SWA552,KDEN,KBOI,1,2026-10-03,15:13
SWA552,KMCI,KDAL,1,2026-10-06,20:48
SWA552,KRDU,KBWI,3,2026-10-05,20:59
SWA552,KSAN,KSTS,1,2026-10-04,16:03
SWA552,KSTL,KMCI,1,2026-10-06,19:12
SWA552,KTPA,KSTL,1,2026-10-06,16:03
SWA553,KAUS,KONT,3,2026-10-05,17:49
SWA553,KCLT,KBWI,1,2026-10-04,23:06
SWA553,KDAL,KCLT,1,2026-10-03,19:24
SWA553,KPIT,KBWI,1,2026-09-30,14:24
SWA553,KSTL,KLGA,1,2026-10-06,16:52
SWA554,KBNA,KECP,3,2026-10-06,00:40
SWA554,KOAK,KONT,1,2026-09-30,19:20
SWA554,KONT,KLAS,1,2026-09-30,21:16
SWA554,KRNO,KBNA,2,2026-10-05,20:09
SWA554,KSJC,KBUR,1,2026-10-04,15:05
SWA555,KBWI,KPWM,1,2026-10-04,02:55
SWA555,KDAL,KPIT,2,2026-10-05,20:48
SWA555,KDAL,KTUL,1,2026-10-04,21:32
SWA555,KSAT,KMCO,1,2026-09-30,12:57
SWA555,KTUL,KBNA,1,2026-10-05,23:10
SWA556,KBNA,KMCI,1,2026-10-06,19:35
SWA556,KEUG,KSAN,5,2026-10-05,20:20
SWA556,KLAS,KSTL,1,2026-09-30,19:52
SWA557,KBNA,KFLL,2,2026-10-06,16:51
SWA557,KBNA,KMCI,1,2026-09-30,13:33
SWA557,KIND,KSRQ,3,2026-10-05,19:09
SWA557,KMDW,KDEN,1,2026-10-04,22:19
SWA557,KRDU,KBNA,1,2026-10-06,14:33
SWA558,KBNA,KFLL,3,2026-10-05,14:23
SWA558,KBNA,KMCI,1,2026-09-30,17:58
SWA558,KMCO,KSDF,1,2026-10-03,13:20
SWA558,KMDW,KMEM,1,2026-10-04,16:45
SWA558,KMEM,KHOU,1,2026-10-04,19:09
SWA558,KMSY,KBNA,3,2026-10-05,12:07
SWA558,KSDF,KHOU,1,2026-10-03,16:02
SWA559,KABQ,KDAL,1,2026-10-03,17:06
SWA559,KMDW,KSAT,1,2026-09-30,15:38
SWA559,KMSY,KLGA,3,2026-10-05,15:00
SWA559,KSTL,KMSP,1,2026-10-04,13:36
SWA56,KHOU,KDAL,1,2026-10-04,01:02
SWA560,KATL,KAUS,1,2026-10-04,10:22
SWA560,KAUS,KLBB,1,2026-10-04,13:20
SWA560,KBNA,KMCI,1,2026-09-30,19:47
SWA560,KBWI,KBOS,3,2026-10-05,15:01
SWA560,KBWI,KCLT,1,2026-10-03,12:37
SWA560,KCLT,KDAL,1,2026-10-03,15:03
SWA561,KDAL,KPHX,1,2026-10-03,12:54
SWA561,KHOU,KMIA,3,2026-10-06,02:27
SWA561,KLAX,KOAK,1,2026-10-04,18:02
SWA561,KMDW,KMSY,1,2026-09-30,15:32
SWA561,KMSP,KBWI,1,2026-10-06,20:56
SWA562,KBNA,KGSP,3,2026-10-06,23:41
SWA562,KBNA,KSFO,1,2026-10-03,14:07
SWA562,TJSJ,KMCO,1,2026-09-30,09:39
SWA563,KMCO,KPIT,5,2026-10-05,10:55
SWA563,KSMF,KSEA,1,2026-09-30,20:20
SWA563,KSNA,KSMF,1,2026-09-30,17:53
SWA564,KBNA,KHOU,6,2026-10-06,10:31
SWA564,KBNA,KMCO,1,2026-09-30,19:18
SWA565,KBNA,KHOU,5,2026-10-06,13:26
SWA565,KBNA,KSMF,1,2026-10-03,13:30
SWA565,KSNA,KPHX,2,2026-10-01,02:50
SWA568,KAUS,KMSY,1,2026-10-05,03:45
SWA568,KCMH,KAUS,1,2026-10-05,00:17
SWA568,KSTL,KPIT,5,2026-10-06,15:33
SWA569,KBNA,KHOU,5,2026-10-06,00:53
SWA569,KBNA,KMCO,1,2026-10-01,00:44
SWA57,KDAL,KHOU,2,2026-10-01,01:58
SWA570,KBNA,KHOU,5,2026-10-06,03:39
SWA570,KHOU,KONT,2,2026-10-01,02:08
SWA571,KAUS,KMCO,1,2026-09-30,11:26
SWA571,KBNA,KHOU,2,2026-10-03,00:01
SWA571,KBNA,KIND,2,2026-10-04,19:29
SWA572,KAUS,KRDU,1,2026-10-05,02:24
SWA572,KBNA,KMDW,1,2026-09-30,11:11
SWA572,KHOU,KIND,3,2026-10-05,16:25
SWA572,KHOU,KATL,1,2026-10-06,16:20
SWA572,KLAS,KDAL,1,2026-10-03,15:44
SWA572,KLAX,KHOU,4,2026-10-06,12:15
SWA573,KBNA,KJAN,4,2026-10-06,23:57
SWA573,KBNA,KMDW,1,2026-09-30,17:15
SWA573,KFLL,KBNA,1,2026-10-04,22:12
SWA573,KJAN,KHOU,4,2026-10-06,01:51
SWA574,KBNA,KMEM,1,2026-10-06,13:17
SWA574,KDEN,KPHX,1,2026-10-04,19:34
SWA574,KMCI,KDEN,1,2026-10-04,16:57
SWA574,KMCO,KMKE,2,2026-10-04,19:03
SWA574,KMDW,KMSP,2,2026-10-01,01:44
SWA574,KMEM,KAUS,1,2026-10-06,14:57
SWA574,KMKE,KMCI,1,2026-10-04,14:45
SWA574,KSFO,KBNA,3,2026-10-06,06:32
SWA575,KBNA,KMDW,1,2026-09-30,20:42
SWA575,KBOS,KSTL,1,2026-10-06,15:53
SWA575,KLAS,KBWI,3,2026-10-06,21:48
SWA575,KLAX,KTUS,1,2026-10-03,18:17
SWA575,KMDW,KLGA,1,2026-10-05,00:43
SWA575,KTUS,KDEN,1,2026-10-03,20:44
SWA576,KBNA,KMDW,2,2026-10-01,23:52
SWA576,KBNA,KECP,1,2026-10-04,18:13
SWA576,KBUF,KBNA,1,2026-10-04,15:12
SWA576,KPHX,KSFO,4,2026-10-05,20:38
SWA577,KMAF,KDAL,1,2026-10-04,10:35
SWA577,KPHX,KBOI,4,2026-10-06,23:25
SWA578,KBNA,KLAS,1,2026-10-04,10:29
SWA578,KHOU,KMCO,1,2026-10-06,12:46
SWA578,KMCO,KLAS,1,2026-10-04,21:33
SWA578,KMDW,KLAS,1,2026-09-30,15:37
SWA578,KTPA,TJSJ,1,2026-10-02,00:33
SWA579,KBNA,KLAS,4,2026-10-05,13:20
SWA579,KBUR,KLAS,1,2026-10-04,14:19
SWA579,KCMH,KLAS,1,2026-10-06,11:27
SWA579,KLAS,KRNO,3,2026-10-05,17:59
SWA579,KSTL,KLGA,1,2026-09-30,20:38
SWA580,KBHM,KBNA,1,2026-09-30,22:56
SWA580,KBNA,KLAS,4,2026-10-05,18:02
SWA580,KDCA,KBNA,1,2026-10-03,14:44
SWA580,KDEN,KSNA,1,2026-10-04,18:45
SWA580,KLAS,KPDX,1,2026-10-03,22:00
SWA580,KMDW,KMSP,1,2026-10-04,12:53
SWA580,KMSP,KDEN,1,2026-10-04,14:55
SWA580,KSNA,KLAS,1,2026-10-04,21:42
SWA581,KBNA,KLAS,1,2026-10-04,20:44
SWA581,KBUR,KPHX,1,2026-10-05,23:43
SWA581,KLAS,KOAK,1,2026-10-04,02:01
SWA581,KOAK,KPDX,3,2026-10-06,05:13
SWA581,KOAK,KLGB,1,2026-10-06,14:03
SWA581,KPHX,KTUL,1,2026-10-05,01:56
SWA581,KSAN,KOAK,3,2026-10-06,02:57
SWA581,KSAN,KLAS,1,2026-09-30,20:23
SWA582,KBWI,KPVD,2,2026-10-01,00:16
SWA582,KLAS,KSFO,3,2026-10-06,06:33
SWA582,KLGB,KSJC,1,2026-10-06,14:59
SWA582,KMCO,KDJT,1,2026-10-04,01:26
SWA585,KBNA,KLAS,5,2026-10-06,04:24
SWA585,KBNA,KHOU,2,2026-10-01,01:37
SWA586,KBNA,KPHX,1,2026-10-04,18:55
SWA586,KMDW,KCMH,1,2026-09-30,18:11
SWA586,KPHX,KSEA,1,2026-10-04,00:19
SWA587,MMUN,KAUS,1,2026-10-01,16:48
SWA588,KMCO,KROC,1,2026-10-03,16:52
SWA588,KPHX,KSNA,4,2026-10-06,04:25
SWA588,KROC,KBWI,1,2026-10-03,20:05
SWA590,KGEG,KDEN,1,2026-10-03,20:12
SWA590,KMCO,KIND,1,2026-10-06,20:06
SWA590,KPHX,KTUL,4,2026-10-05,19:14
SWA590,KTUL,KBNA,3,2026-10-05,22:16
SWA590,KTUL,KMDW,1,2026-10-04,21:39
SWA591,KBOI,KPHX,1,2026-10-04,13:28
SWA591,KMDW,KSTL,1,2026-09-30,19:58
SWA591,KMSY,KMDW,1,2026-10-06,15:38
SWA591,KPHX,KLAS,1,2026-10-04,16:28
SWA591,KPIT,KMCO,4,2026-10-06,02:09
SWA591,KSTL,KPNS,1,2026-09-30,21:33
SWA591,KTPA,KMDW,1,2026-09-30,16:35
SWA594,KBUR,KLAS,2,2026-10-01,23:50
SWA594,KLAS,KRNO,2,2026-10-01,01:41
SWA594,KLAX,KHOU,1,2026-10-05,02:36
SWA594,KOKC,KMDW,1,2026-10-06,10:01
SWA595,KBNA,KLGA,1,2026-10-04,18:53
SWA595,KBNA,KMSY,1,2026-09-30,17:36
SWA595,KPDX,KPHX,3,2026-10-05,12:10
SWA595,KPHX,KBNA,4,2026-10-05,15:37
SWA596,KDEN,KSTL,3,2026-10-06,02:06
SWA596,KHOU,KMEM,1,2026-09-30,21:18
SWA596,KMSY,KAUS,1,2026-10-06,22:19
SWA596,KRSW,KDEN,1,2026-10-04,13:18
SWA596,KSDF,KTPA,1,2026-10-03,10:43
SWA597,KABQ,KDAL,1,2026-09-30,12:46
SWA597,KBOS,KDAL,3,2026-10-06,23:05
SWA597,KBWI,KBOS,1,2026-10-05,23:04
SWA597,KDAL,KDCA,1,2026-09-30,15:15
SWA597,KMCO,KSRQ,1,2026-10-04,01:55
SWA598,KBNA,KLIT,1,2026-10-06,13:28
SWA598,KBOI,KSAN,1,2026-10-03,20:29
SWA598,KBWI,KMSY,1,2026-09-30,15:15
SWA598,KDAL,KMCO,1,2026-10-04,18:56
SWA598,KLIT,KDAL,1,2026-10-04,16:58
SWA598,KLIT,KLAS,1,2026-10-06,15:16
SWA599,KOAK,KLAS,1,2026-09-30,16:35
SWA600,KMDW,KTPA,1,2026-09-30,12:40
SWA601,KDEN,MMUN,1,2026-10-03,15:03
SWA603,KBNA,KLIT,5,2026-10-06,04:32
SWA603,KTPA,KBNA,3,2026-10-06,03:47
SWA606,KBNA,KMCI,5,2026-10-06,13:30
SWA606,KBNA,KAUS,1,2026-10-04,10:13
SWA606,KBWI,KTYS,1,2026-09-30,22:31
SWA606,KDEN,KPDX,1,2026-10-06,18:18
SWA606,KMCI,KDEN,1,2026-10-06,15:46
SWA608,KBNA,KMCI,2,2026-10-06,18:01
SWA608,KCVG,KMDW,1,2026-09-30,13:31
SWA608,KDCA,KBNA,3,2026-10-05,14:53
SWA608,KPVD,KDCA,3,2026-10-05,12:43
SWA609,KBNA,KMCI,3,2026-10-05,21:05
SWA609,KBNA,KDJT,1,2026-10-06,19:15
SWA609,KDAL,KLAX,1,2026-09-30,20:50
SWA609,KDJT,KMCO,1,2026-10-06,21:54
SWA609,KMDW,KAUS,1,2026-10-03,15:37
SWA609,KSAN,KSJC,1,2026-10-04,14:55
SWA611,KBNA,KMCI,4,2026-10-06,01:15
SWA611,KCMH,KBWI,1,2026-09-30,10:04
SWA611,KMCO,KBNA,2,2026-10-06,00:52
SWA614,KBNA,KMCI,4,2026-10-06,03:46
SWA614,KBOS,KAUS,1,2026-10-04,21:02
SWA614,KHOU,KDEN,1,2026-09-30,01:33
SWA615,KBNA,KMCO,6,2026-10-06,10:41
SWA615,KMDW,KMCI,1,2026-09-30,15:54
SWA62,KHOU,KDAL,1,2026-10-05,03:27
SWA621,KBNA,KMCO,6,2026-10-06,12:25
SWA623,KSAN,KLGB,1,2026-10-03,18:45
SWA626,KBNA,KMCO,4,2026-10-05,17:30
SWA626,KHOU,KMEM,1,2026-10-05,01:50
SWA626,KLAX,KMCI,2,2026-10-01,23:37
SWA626,KPHX,KONT,1,2026-10-06,21:19
SWA63,KDAL,KHOU,3,2026-10-06,04:33
SWA634,KBNA,KMCO,1,2026-10-04,16:05
SWA634,KDAL,KBNA,1,2026-10-04,13:47
SWA634,KMDW,KBOS,1,2026-10-03,13:16
SWA634,KMHT,KMDW,2,2026-10-01,22:40
SWA634,KMSY,KMDW,1,2026-10-03,10:12
SWA635,KBNA,KPHX,1,2026-09-30,11:29
SWA635,KLAS,KRNO,6,2026-10-06,15:00
SWA635,KRNO,KBNA,1,2026-10-04,17:16
SWA636,KABQ,KSAN,1,2026-10-03,16:01
SWA636,KGEG,KSMF,3,2026-10-06,01:28
SWA636,KIND,KMCO,1,2026-10-05,22:08
SWA636,KMDW,KMCO,1,2026-09-30,13:51
SWA636,KSAN,KSJC,1,2026-10-03,19:27
SWA636,KSMF,KLAX,3,2026-10-06,03:53
SWA639,KBNA,KMCO,1,2026-10-05,23:28
SWA639,KBNA,KPHX,1,2026-09-30,18:57
SWA639,KPIT,KFLL,1,2026-10-03,12:09
SWA64,KHOU,KDAL,3,2026-10-06,03:28
SWA642,KBNA,KMCO,3,2026-10-06,04:06
SWA642,KBNA,KPHX,1,2026-10-01,22:27
SWA642,KBWI,KSAV,1,2026-10-03,13:07
SWA642,KOAK,KLGB,1,2026-10-04,16:33
SWA642,KSAV,KBNA,1,2026-10-03,15:34
SWA643,KBNA,KMDW,5,2026-10-06,10:39
SWA643,KBNA,KPHX,2,2026-10-01,02:05
SWA644,KBNA,KMDW,4,2026-10-05,12:46
SWA644,KBNA,KPIT,1,2026-09-30,15:28
SWA644,KJAN,KHOU,1,2026-10-04,10:49
SWA644,KPDX,KOAK,1,2026-10-06,19:58
SWA645,KBWI,KPIT,2,2026-10-01,00:13
SWA645,KDTW,KLAS,3,2026-10-05,17:39
SWA645,KMCO,KSTL,1,2026-10-06,12:17
SWA645,KSTL,KDTW,3,2026-10-05,15:36
SWA646,KLAS,KBNA,5,2026-10-06,15:47
SWA647,KBNA,KMDW,5,2026-10-06,01:49
SWA647,KLAS,KTUS,2,2026-10-01,02:11
SWA647,KMDW,KSEA,3,2026-10-06,03:56
SWA648,KALB,KBWI,4,2026-10-05,17:02
SWA648,KDCA,KMCO,1,2026-10-05,23:26
SWA648,KMCO,KSAT,1,2026-10-05,02:56
SWA648,KMKE,KLAS,2,2026-10-01,22:30
SWA648,KPIT,KTPA,1,2026-10-06,09:32
SWA649,KBNA,KGSP,1,2026-10-03,15:18
SWA649,KDSM,KLAS,3,2026-10-05,16:59
SWA649,KGSP,KBWI,1,2026-10-03,17:07
SWA649,KMCO,KOMA,1,2026-10-04,12:48
SWA649,KMDW,KDSM,3,2026-10-05,15:01
SWA649,KPIT,KMCO,2,2026-10-01,22:36
SWA65,KDAL,KHOU,1,2026-10-05,04:58
SWA650,KBHM,KMDW,1,2026-09-30,10:26
SWA650,KBNA,KMEM,4,2026-10-06,04:51
SWA650,KLGA,KSTL,1,2026-10-03,12:28
SWA650,KSTL,KVPS,1,2026-10-03,15:42
SWA651,KMSY,KAUS,1,2026-10-04,20:39
SWA651,KSTL,KRSW,4,2026-10-06,15:44
SWA652,KBNA,KMEM,3,2026-10-05,13:27
SWA652,KBNA,KMIA,1,2026-10-03,21:06
SWA652,KHOU,KFLL,1,2026-10-04,12:15
SWA652,KMEM,KPHX,3,2026-10-05,14:56
SWA652,KPHX,KSAN,3,2026-10-05,20:17
SWA652,KSAN,KSMF,3,2026-10-06,22:33
SWA653,KDAL,KBNA,3,2026-10-05,13:18
SWA653,KDEN,KSLC,1,2026-09-30,19:01
SWA653,KMCO,KOKC,1,2026-10-05,23:23
SWA654,KABQ,KDAL,1,2026-09-30,16:20
SWA654,KAUS,KCMH,3,2026-10-05,13:25
SWA654,KDAL,KBNA,1,2026-10-03,18:42
SWA654,KDAL,KMKE,1,2026-09-30,18:45
SWA655,KBNA,KMKE,5,2026-10-05,20:16
SWA655,KBNA,KRDU,2,2026-10-01,00:08
SWA655,KMKE,KBWI,1,2026-10-03,22:03
SWA656,KBOI,KSMF,1,2026-10-05,02:20
SWA656,KRNO,KSAN,1,2026-10-06,13:16
SWA656,KSMF,KLAS,2,2026-10-01,04:08
SWA656,KSMF,KLAX,1,2026-10-05,04:23
SWA657,KALB,KBNA,1,2026-09-30,17:35
SWA657,KAUS,KMSY,3,2026-10-05,15:22
SWA657,KBUF,KMCO,1,2026-10-03,21:08
SWA657,KPHX,KBUF,1,2026-10-03,16:33
SWA657,KRSW,KSTL,1,2026-10-06,10:14
SWA657,KSMF,KSAN,1,2026-10-05,01:26
SWA658,KALB,KMDW,1,2026-09-30,12:27
SWA658,KBDL,KBNA,3,2026-10-05,15:41
SWA658,KBNA,KDEN,1,2026-10-03,17:46
SWA658,KDAL,KBNA,1,2026-10-06,15:18
SWA659,KBNA,KMSY,3,2026-10-06,13:19
SWA659,KSAN,KSMF,2,2026-10-01,03:00
SWA660,KBNA,KMSY,5,2026-10-06,17:36
SWA660,KBNA,KSAN,1,2026-09-30,18:54
SWA661,KBNA,KMSY,4,2026-10-05,20:52
SWA661,KGEG,KDEN,1,2026-09-30,21:05
SWA661,KMDW,KLGA,1,2026-10-05,23:24
SWA661,KSMF,KGEG,1,2026-09-30,18:26
SWA662,KBNA,KMSY,5,2026-10-06,01:09
SWA662,KFLL,KBNA,1,2026-10-05,21:47
SWA662,KMCO,KHOU,2,2026-10-01,22:25
SWA663,KBNA,KMSY,3,2026-10-06,03:59
SWA663,KBNA,KSAT,1,2026-09-30,13:13
SWA663,KBOI,KSMF,1,2026-10-04,21:17
SWA663,KGEG,KPHX,1,2026-10-03,12:39
SWA663,KPHX,KCMH,1,2026-10-03,16:05
SWA664,KALB,KBWI,1,2026-10-04,12:58
SWA664,KAUS,KMSY,2,2026-10-01,23:19
SWA664,KBNA,KMYR,2,2026-10-06,16:21
SWA664,KBWI,KPWM,3,2026-10-05,20:10
SWA664,KIND,KDEN,1,2026-10-03,20:25
SWA664,KMYR,KBWI,1,2026-10-01,18:16
SWA665,KATL,KBWI,1,2026-09-30,17:22
SWA665,KBNA,KMSY,3,2026-10-06,23:30
SWA665,KBUF,KDEN,1,2026-10-04,21:37
SWA665,KDAL,KLAS,1,2026-10-05,02:18
SWA665,KDCA,KDAL,1,2026-10-05,22:22
SWA665,KMSY,KHOU,3,2026-10-06,01:40
SWA665,KSAN,KOAK,1,2026-10-06,15:31
SWA665,KSRQ,KBUF,1,2026-10-03,18:20
SWA667,KBNA,KOKC,5,2026-10-05,14:06
SWA667,KDAL,KLAS,1,2026-09-30,16:34
SWA668,KAUS,KMKE,3,2026-10-05,22:38
SWA668,KAUS,KDAL,2,2026-10-01,01:23
SWA668,KLAS,KSAN,1,2026-10-03,21:09
SWA668,KSAN,KSJC,1,2026-10-06,18:10
SWA668,KSAN,KTPA,1,2026-10-04,23:51
SWA668,KSTL,KOMA,1,2026-10-05,05:41
SWA669,KDEN,KRNO,3,2026-10-06,23:41
SWA669,KLAS,KONT,1,2026-10-05,04:53
SWA669,KRNO,KLAX,3,2026-10-06,02:51
SWA669,KTPA,KPVD,2,2026-10-01,21:39
SWA670,KDAL,KTPA,2,2026-10-05,17:27
SWA670,KLAS,KDAL,3,2026-10-05,14:01
SWA670,KLAS,KMDW,1,2026-09-30,19:48
SWA670,KMDW,KSTL,1,2026-10-04,00:53
SWA670,KSTL,KBOS,1,2026-10-04,16:01
SWA671,KATL,KDAL,2,2026-10-05,22:20
SWA671,KBNA,KBOS,1,2026-09-30,19:01
SWA671,KBWI,KMCO,1,2026-10-04,19:24
SWA671,KDAL,KLAS,2,2026-10-06,01:12
SWA671,KMHT,KBWI,1,2026-10-04,17:16
SWA671,KSJC,KBUR,1,2026-10-06,13:50
SWA672,KATL,KHOU,1,2026-10-04,20:22
SWA672,KBOS,KMDW,2,2026-10-01,01:13
SWA672,KBWI,KMHT,4,2026-10-05,18:39
SWA672,KPDX,KSJC,1,2026-10-06,14:03
SWA672,KSJC,KBUR,1,2026-10-06,16:16
SWA673,KBNA,KDJT,3,2026-10-05,20:17
SWA673,KBWI,KORF,1,2026-09-30,19:12
SWA673,KDJT,KMCO,1,2026-10-03,22:15
SWA673,KMCI,KMDW,1,2026-10-04,13:32
SWA673,KMCO,KPVD,1,2026-10-04,00:23
SWA673,KMDW,KLAX,1,2026-10-04,15:46
SWA673,KORF,KDEN,1,2026-09-30,20:44
SWA674,KALB,KBWI,1,2026-10-04,16:46
SWA674,KBNA,KOKC,1,2026-09-30,13:36
SWA674,KHOU,KJAN,1,2026-10-06,01:51
SWA674,KSTL,KBWI,1,2026-10-03,11:07
SWA675,KAUS,KDEN,1,2026-10-05,02:13
SWA675,KDEN,KDTW,1,2026-10-03,17:47
SWA676,KBNA,KPHL,4,2026-10-06,03:08
SWA676,KBNA,KSMF,2,2026-10-01,21:20
SWA676,KBWI,KAUS,1,2026-10-04,22:39
SWA677,KAUS,KSNA,3,2026-10-06,00:47
SWA677,KBNA,KPHX,2,2026-10-06,10:54
SWA677,KBWI,KSAT,1,2026-09-30,12:37
SWA677,KSEA,KDEN,1,2026-10-03,21:38
SWA678,KBNA,KPHX,4,2026-10-05,14:10
SWA678,KLAX,KSJC,2,2026-10-01,00:52
SWA678,KPHX,KOAK,3,2026-10-05,18:28
SWA679,KAUS,KBOS,1,2026-10-04,16:22
SWA679,KBNA,KPHX,4,2026-10-06,18:44
SWA679,KHOU,KPNS,1,2026-10-03,16:02
SWA679,KMCO,KMDW,1,2026-10-01,22:04
SWA679,KPHX,KOAK,3,2026-10-06,00:54
SWA680,KBNA,KPHX,5,2026-10-06,22:21
SWA680,KLAS,KOMA,2,2026-10-01,00:02
SWA681,KPHX,KBNA,1,2026-10-03,17:09
SWA682,KAUS,KMCI,1,2026-10-04,20:55
SWA682,KBNA,KLIT,1,2026-10-03,13:22
SWA682,KHOU,KLGA,3,2026-10-05,11:05
SWA682,KLIT,KLAS,1,2026-10-03,15:44
SWA682,KSFO,KAUS,2,2026-10-01,02:01
SWA682,KSJC,KSNA,1,2026-10-06,13:20
SWA683,KBNA,KPHX,1,2026-10-05,03:53
SWA683,KDTW,KBNA,1,2026-10-05,01:11
SWA683,KHOU,KMSY,5,2026-10-06,16:10
SWA683,KSLC,KSAN,1,2026-09-30,14:12
SWA684,KAUS,KPIT,1,2026-10-05,23:10
SWA684,KBNA,KPIT,4,2026-10-06,20:28
SWA684,KMSY,KDCA,1,2026-09-30,16:31
SWA684,KPIT,KBWI,1,2026-10-03,20:01
SWA685,KDAL,KMCO,1,2026-09-30,15:32
SWA685,KDEN,KLAX,3,2026-10-05,21:11
SWA685,KLAX,KSMF,4,2026-10-06,00:06
SWA685,KSFO,KBUR,1,2026-10-04,13:32
SWA686,KBNA,KPNS,1,2026-10-01,13:44
SWA686,KBNA,KVPS,1,2026-10-06,21:04
SWA686,KMCO,KHOU,1,2026-10-03,17:10
SWA686,KSAT,KBWI,1,2026-09-30,20:10
SWA687,KBNA,KBWI,3,2026-10-06,00:20
SWA687,KBNA,KPHL,1,2026-10-04,21:29
SWA690,KLAS,KPDX,1,2026-10-03,15:14
SWA690,KOAK,KGEG,1,2026-09-30,20:11
SWA690,KONT,KOAK,1,2026-09-30,18:13
SWA692,KAUS,KMKE,1,2026-10-05,22:17
SWA692,KBWI,KSAV,1,2026-10-06,12:45
SWA692,KONT,KOAK,1,2026-09-30,21:43
SWA692,KPHX,KONT,1,2026-09-30,20:07
SWA692,KSAV,KBNA,1,2026-10-06,15:13
SWA692,KSJC,KMDW,1,2026-10-03,16:14
SWA693,KBNA,KTYS,1,2026-09-30,15:24
SWA693,KMCO,KMDW,4,2026-10-06,04:01
SWA693,KTYS,KMCO,1,2026-09-30,17:12
SWA694,KCOS,KDAL,1,2026-09-30,12:20
SWA694,KDAL,KMDW,1,2026-09-30,15:08
SWA694,KHOU,KBHM,1,2026-10-05,01:52
SWA694,KLAX,KSTL,5,2026-10-06,13:54
SWA695,KFLL,KAUS,1,2026-10-04,14:59
SWA695,KMSP,KAUS,4,2026-10-05,16:27
SWA696,KBNA,KRDU,4,2026-10-05,22:40
SWA696,KLAS,KLAX,1,2026-10-06,23:13
SWA696,KOMA,KPHX,1,2026-09-30,12:20
SWA696,KRDU,KBWI,3,2026-10-06,00:36
SWA697,KBOS,KBWI,1,2026-09-30,22:38
SWA697,KBUR,KRNO,1,2026-10-04,01:06
SWA697,KDEN,KBOS,1,2026-09-30,18:18
SWA697,KFLL,KTPA,1,2026-10-06,13:06
SWA697,KMAF,KDAL,3,2026-10-05,10:39
SWA697,KTPA,KMSY,1,2026-10-06,14:49
SWA698,KBNA,KRIC,2,2026-10-06,21:20
SWA698,KBWI,KDAL,3,2026-10-05,13:01
SWA698,KDEN,KHOU,1,2026-09-30,15:28
SWA698,KMCO,KRIC,1,2026-10-04,20:12
SWA698,KRIC,KBWI,1,2026-10-04,22:51
SWA699,KAUS,KSAN,4,2026-10-05,12:11
SWA699,KHOU,KSAN,1,2026-10-04,13:24
SWA699,KSFO,KLAX,1,2026-09-30,19:54
SWA7,KBNA,KDAL,1,2026-10-06,11:10
SWA7,KDAL,KHOU,4,2026-10-06,13:38
SWA7,KOKC,KDAL,1,2026-09-30,11:54
SWA7,KSDF,KDAL,1,2026-10-04,10:39
SWA700,KALB,KBWI,1,2026-10-06,17:02
SWA700,KBNA,KRSW,3,2026-10-05,15:27
SWA700,KBWI,KAUS,1,2026-09-30,16:54
SWA7001,KGSP,KGRK,1,2026-10-06,15:26
SWA701,KAUS,KCMH,1,2026-10-06,20:33
SWA701,KBNA,KRIC,3,2026-10-05,17:15
SWA701,KIND,KAUS,1,2026-10-04,17:34
SWA701,KRIC,KBWI,3,2026-10-05,19:34
SWA702,KATL,KMCI,1,2026-10-06,19:50
SWA702,KBNA,KRSW,3,2026-10-06,00:55
SWA704,KBNA,KSAN,2,2026-10-04,13:32
SWA704,KPNS,KBNA,1,2026-09-30,15:25
SWA704,KSAN,KFAT,3,2026-10-05,16:07
SWA704,KSAN,KPHX,1,2026-10-04,18:12
SWA705,KBNA,KSAN,3,2026-10-05,13:24
SWA705,KLAX,KSTL,1,2026-10-04,12:30
SWA705,KNPA,KBNA,1,2026-10-03,12:48
SWA705,KOKC,KDEN,1,2026-09-30,12:21
SWA705,KPNS,KBNA,1,2026-10-06,13:05
SWA706,KBNA,KSAN,5,2026-10-06,20:45
SWA706,KBNA,KPHL,1,2026-09-30,15:59
SWA708,KAUS,MMUN,3,2026-10-06,14:50
SWA709,KBNA,KSAN,5,2026-10-06,03:36
SWA709,KDAL,KSAT,1,2026-09-30,12:47
SWA711,KBNA,KSAT,3,2026-10-05,13:36
SWA711,KBNA,KBWI,1,2026-10-06,22:36
SWA711,KSLC,KDEN,1,2026-10-03,20:53
SWA711,KSTL,KBOS,1,2026-10-05,22:41
SWA712,KBNA,KSAN,3,2026-10-06,00:23
SWA712,KBNA,KPNS,1,2026-10-03,17:40
SWA712,KBNA,KSAT,1,2026-10-04,21:58
SWA712,KMCI,KMDW,1,2026-10-06,12:36
SWA712,KPNS,KDAL,1,2026-10-03,20:00
SWA713,KBNA,KSAT,5,2026-10-06,03:36
SWA713,KDEN,KLAS,1,2026-10-06,21:56
SWA714,KAUS,KCMH,1,2026-10-06,14:53
SWA714,KCMH,KFLL,1,2026-10-06,18:11
SWA714,KLGB,KSMF,1,2026-10-05,01:15
SWA714,KOAK,KBUR,1,2026-10-03,20:48
SWA714,KSJC,KPDX,2,2026-10-01,02:45
SWA715,KATL,KMCI,1,2026-10-04,14:03
SWA715,KBUF,KMCO,3,2026-10-06,00:24
SWA715,KBWI,KBUF,3,2026-10-05,21:56
SWA715,KIND,KBWI,3,2026-10-05,19:57
SWA715,KLAS,KLAX,2,2026-10-01,23:38
SWA715,KLAX,KDEN,2,2026-10-01,01:35
SWA716,KBNA,KLGA,1,2026-10-05,01:48
SWA716,KBOS,KBNA,1,2026-10-06,20:42
SWA716,KBWI,KMDW,1,2026-10-04,19:35
SWA716,KDJT,KBWI,5,2026-10-05,16:21
SWA716,KLAS,KBZN,1,2026-09-30,17:32
SWA716,KMCO,KDJT,4,2026-10-05,14:49
SWA716,KMDW,KBNA,1,2026-10-05,23:35
SWA716,KSAN,KLAS,1,2026-09-30,15:16
SWA717,KBNA,KSDF,4,2026-10-06,15:36
SWA717,KMCO,KDCA,1,2026-10-04,17:35
SWA717,KMEM,KBNA,1,2026-09-30,19:47
SWA717,KSDF,KDAL,3,2026-10-05,17:04
SWA717,KSDF,KHOU,1,2026-10-06,17:08
SWA719,KBNA,KSDF,3,2026-10-06,02:12
SWA719,KBNA,KLGA,2,2026-10-01,00:56
SWA719,KBNA,KECP,1,2026-10-06,19:49
SWA719,KDEN,KABQ,1,2026-10-03,17:24
SWA724,KBNA,KSFO,3,2026-10-06,01:40
SWA724,KBWI,KMDW,1,2026-10-05,00:31
SWA724,KDSM,KDEN,1,2026-10-03,12:19
SWA724,TJSJ,KMCO,1,2026-09-30,12:39
SWA725,KBNA,KSJC,3,2026-10-06,17:59
SWA725,KBOS,KBNA,1,2026-09-30,12:41
SWA725,KMDW,KPHX,3,2026-10-05,14:32
SWA726,KDEN,KPDX,3,2026-10-06,02:02
SWA726,KLAS,KONT,1,2026-10-03,22:15
SWA726,KOKC,KBNA,1,2026-09-30,19:46
SWA726,KPDX,KOAK,3,2026-10-06,05:11
SWA727,KDEN,KLAX,1,2026-10-01,00:18
SWA727,KJAX,KAUS,1,2026-10-06,18:48
SWA727,KPDX,KDEN,3,2026-10-06,02:40
SWA727,KSJC,KPDX,1,2026-10-04,00:47
SWA731,KDEN,KAUS,1,2026-09-30,14:15
SWA732,KBNA,KSRQ,4,2026-10-05,16:07
SWA732,KBOS,KBNA,1,2026-10-06,13:44
SWA732,KGEG,KLAS,1,2026-09-30,13:26
SWA733,KBWI,KRDU,3,2026-10-05,19:01
SWA733,KPHX,KDAL,2,2026-10-01,00:09
SWA733,KRDU,KBNA,4,2026-10-05,20:50
SWA733,KSAN,KBOS,1,2026-10-06,17:09
SWA734,KBNA,KSTL,6,2026-10-06,11:38
SWA734,KPHX,KPIT,1,2026-09-30,20:08
SWA735,KBOS,KBWI,1,2026-09-30,19:15
SWA735,KSAN,KEUG,3,2026-10-05,18:49
SWA736,KBNA,KSTL,5,2026-10-06,00:27
SWA736,KPHX,KSMF,1,2026-09-30,14:38
SWA737,KBUR,KLAS,1,2026-10-06,22:15
SWA737,KBWI,KBNA,2,2026-10-01,23:35
SWA737,KDEN,KLIT,1,2026-10-03,19:24
SWA737,KDTW,KSTL,1,2026-10-05,00:31
SWA737,KLIT,KDAL,1,2026-10-03,21:47
SWA737,KMCO,KDTW,1,2026-10-04,21:07
SWA737,KPHX,KHOU,3,2026-10-06,02:46
SWA738,KBOS,KDAL,2,2026-10-01,22:30
SWA738,KDAL,KSAN,3,2026-10-05,13:48
SWA738,KMDW,KDAL,3,2026-10-05,10:22
SWA738,KSAN,KPDX,4,2026-10-05,18:02
SWA738,KSMF,KONT,1,2026-10-06,13:27
SWA738,KSTL,KSAN,1,2026-10-03,13:53
SWA739,KBNA,KTPA,6,2026-10-06,14:38
SWA739,KDCA,KOKC,1,2026-09-30,19:56
SWA742,KBNA,KTPA,5,2026-10-06,20:56
SWA743,KDEN,KRNO,1,2026-10-03,15:18
SWA743,KDEN,KSMF,1,2026-09-30,16:47
SWA743,KRDU,KAUS,1,2026-10-05,23:01
SWA743,KRNO,KSAN,4,2026-10-05,18:01
SWA743,KSMF,KONT,1,2026-10-06,15:57
SWA744,KBNA,KTPA,4,2026-10-06,02:24
SWA744,KBOS,KMDW,1,2026-09-30,11:58
SWA744,KLAS,KDAL,1,2026-10-04,21:50
SWA745,KBNA,KTUL,1,2026-10-03,14:04
SWA745,KLAS,KDAL,3,2026-10-05,15:18
SWA745,KLAS,KDEN,1,2026-10-04,21:24
SWA745,KLGB,KSLC,2,2026-10-01,00:45
SWA745,KTUL,KPHX,1,2026-10-06,12:15
SWA746,KBNA,KTUL,4,2026-10-06,03:59
SWA746,KBOS,KMDW,1,2026-09-30,19:42
SWA746,KDEN,KPVD,1,2026-10-03,17:19
SWA746,KMCI,KLGA,1,2026-10-06,11:06
SWA747,KBNA,KTYS,6,2026-10-06,15:28
SWA747,KLGB,KSEA,1,2026-09-30,18:29
SWA747,KTYS,KMCO,6,2026-10-06,17:26
SWA748,KABQ,KPHX,1,2026-09-30,18:09
SWA748,KDAL,KLAX,1,2026-10-04,20:00
SWA748,KHOU,KABQ,1,2026-09-30,14:52
SWA748,KSAN,KRNO,4,2026-10-06,01:22
SWA749,KLAS,KMDW,1,2026-10-06,18:40
SWA749,KLGB,KLAS,3,2026-10-05,15:55
SWA749,KMCI,KSAT,1,2026-10-05,00:28
SWA749,KMCO,KBNA,1,2026-10-03,15:51
SWA749,KSMF,KLGB,3,2026-10-05,13:53
SWA750,MMUN,KMCI,1,2026-10-01,18:10
SWA751,KMCI,MMUN,2,2026-10-03,12:28
SWA752,KBNA,KVPS,4,2026-10-05,20:11
SWA752,KPHL,KBNA,1,2026-09-30,11:18
SWA752,KTUL,KDAL,1,2026-10-06,11:16
SWA753,KBNA,KVPS,5,2026-10-06,01:03
SWA753,KBUF,KBNA,1,2026-10-06,13:59
SWA753,KSTL,KBNA,3,2026-10-05,22:54
SWA754,KATL,KDAL,1,2026-09-30,17:54
SWA754,KDAL,KSAT,1,2026-10-01,23:34
SWA754,KSAN,KRNO,4,2026-10-06,05:43
SWA754,KSAN,KPHX,1,2026-10-06,14:27
SWA755,KBOI,KDEN,2,2026-10-06,15:01
SWA755,KBWI,KCMH,1,2026-10-03,14:50
SWA755,KCMH,KSTL,1,2026-10-03,16:37
SWA755,KLGB,KOAK,1,2026-09-30,18:51
SWA756,KBOI,KDEN,1,2026-10-06,19:07
SWA756,KBUF,KBWI,1,2026-09-30,10:13
SWA756,KLAS,KDEN,3,2026-10-05,14:22
SWA756,KOAK,KSAN,1,2026-10-04,22:21
SWA756,KSAN,KCOS,1,2026-10-05,00:39
SWA757,KABQ,KHOU,1,2026-09-30,20:34
SWA757,KBNA,KBWI,1,2026-10-06,21:31
SWA757,KLAS,KDEN,1,2026-10-03,17:45
SWA757,KPHX,KTUS,1,2026-10-04,14:33
SWA757,KSJC,KLAX,3,2026-10-06,05:26
SWA757,KTUS,KDAL,1,2026-10-04,16:07
SWA758,KBUF,KBWI,1,2026-09-30,19:32
SWA758,KIND,KSAN,1,2026-10-06,18:48
SWA758,KRNO,KSAN,1,2026-10-04,18:17
SWA758,KSJC,KLGB,4,2026-10-05,15:06
SWA759,KBOI,KLAS,2,2026-10-04,18:35
SWA759,KLAS,KMDW,3,2026-10-05,19:37
SWA759,KLAS,KOMA,1,2026-10-04,20:24
SWA759,KMCI,KDCA,1,2026-10-06,17:35
SWA759,KOMA,KSTL,1,2026-10-05,23:36
SWA759,KPVD,KDCA,1,2026-09-30,21:49
SWA760,KBOI,KLAS,4,2026-10-06,01:55
SWA760,KRSW,KCMH,1,2026-09-30,17:53
SWA761,KABQ,KDEN,1,2026-10-06,21:59
SWA761,KBUF,KMCO,1,2026-09-30,10:53
SWA761,KSNA,KSJC,4,2026-10-05,14:05
SWA762,KBNA,KVPS,1,2026-09-30,13:53
SWA762,KBOI,KPHX,5,2026-10-06,11:49
SWA762,KPHX,KSNA,1,2026-10-04,14:57
SWA762,KVPS,KDAL,1,2026-09-30,16:03
SWA763,KSNA,MMPR,1,2026-10-05,17:41
SWA764,KLAX,KSNA,1,2026-10-03,01:15
SWA764,MMPR,KSNA,1,2026-10-05,18:23
SWA765,KAUS,KBWI,1,2026-09-30,10:38
SWA765,KBUR,KLAS,1,2026-10-06,23:02
SWA765,KDEN,KMAF,3,2026-10-06,02:51
SWA765,KMCO,KSAN,1,2026-10-04,20:33
SWA765,KSAN,KBOS,1,2026-10-05,00:47
SWA766,KBUF,KMDW,1,2026-09-30,16:39
SWA766,KBWI,KMKE,1,2026-10-04,21:27
SWA766,KMCO,KBUF,1,2026-09-30,13:10
SWA766,KMCO,KBWI,1,2026-10-04,18:21
SWA766,KMKE,KMDW,1,2026-10-05,23:59
SWA766,KSTL,KPNS,2,2026-10-03,19:02
SWA768,KBOI,KOAK,3,2026-10-06,02:01
SWA768,KBOI,KSAN,2,2026-10-04,13:43
SWA768,KDAL,KMCI,1,2026-09-30,16:26
SWA768,KMDW,KBNA,1,2026-10-06,14:35
SWA768,KOAK,KPHX,3,2026-10-06,04:32
SWA768,KPHX,KDAL,1,2026-09-30,13:30
SWA769,KBHM,KBNA,1,2026-09-30,11:13
SWA769,KMCO,KCLE,3,2026-10-05,15:53
SWA769,KOAK,KLAS,1,2026-10-04,00:24
SWA769,KSMF,KBUR,1,2026-10-04,16:46
SWA770,KBOI,KSJC,4,2026-10-05,18:53
SWA770,KSJC,KLAX,3,2026-10-05,21:22
SWA770,KSNA,KSMF,1,2026-10-04,21:51
SWA771,KABQ,KAUS,5,2026-10-06,11:09
SWA771,KBNA,KGSP,1,2026-09-30,15:38
SWA771,KGSP,KBWI,1,2026-09-30,17:35
SWA771,KSTL,KMCI,1,2026-10-04,19:24
SWA775,KAUS,KECP,1,2026-09-30,20:53
SWA775,KBWI,KECP,1,2026-10-03,13:43
SWA775,KECP,KAUS,1,2026-10-03,16:37
SWA775,KLAS,KSAN,3,2026-10-06,00:57
SWA775,KOAK,KONT,1,2026-10-06,15:27
SWA775,KSAN,KSJC,3,2026-10-06,02:53
SWA775,KSMF,KLAS,3,2026-10-05,22:37
SWA775,KSMF,KSLC,1,2026-10-05,05:09
SWA776,KLAX,KSTL,1,2026-09-30,19:47
SWA776,KSAN,KMCI,1,2026-10-06,18:05
SWA776,KSTL,KPIT,1,2026-10-04,15:23
SWA776,KTPA,KIND,4,2026-10-05,17:41
SWA777,KAUS,KABQ,5,2026-10-05,16:50
SWA777,KMCO,KBWI,1,2026-09-30,21:46
SWA778,KAUS,KIND,1,2026-10-04,20:41
SWA778,KBNA,KDCA,1,2026-10-06,15:07
SWA778,KBOS,KBNA,3,2026-10-05,09:26
SWA778,KDEN,KMCI,1,2026-09-30,14:48
SWA778,KMSY,KMDW,1,2026-10-03,21:54
SWA778,KSAT,KBNA,1,2026-10-06,12:06
SWA779,KBNA,KSTL,1,2026-10-03,21:10
SWA779,KLAS,KFAT,3,2026-10-06,05:54
SWA781,KBOS,KBNA,4,2026-10-06,17:52
SWA781,KBUR,KDEN,1,2026-09-30,18:45
SWA781,KCOS,KDAL,1,2026-10-01,23:46
SWA781,KDEN,KCOS,1,2026-09-30,21:42
SWA781,KSTL,KRSW,1,2026-10-04,15:28
SWA784,KBOS,KBNA,3,2026-10-06,00:18
SWA784,KBWI,KMCO,1,2026-10-03,11:39
SWA784,KDEN,KLAS,1,2026-09-30,15:11
SWA784,KTUL,KDAL,1,2026-10-04,16:05
SWA785,KDEN,KFAT,1,2026-10-03,15:01
SWA785,KFAT,KLAS,1,2026-10-03,17:56
SWA785,KLAS,KMSY,1,2026-09-30,19:41
SWA785,KSAN,KLAS,1,2026-09-30,17:48
SWA785,KSJC,KLGB,1,2026-10-06,14:12
SWA786,KBOS,KBWI,6,2026-10-06,09:44
SWA786,KBUR,KLAS,1,2026-09-30,14:59
SWA787,KBWI,KALB,1,2026-10-06,17:00
SWA787,KDAL,KSAT,1,2026-10-01,00:54
SWA787,KLIT,KDAL,1,2026-09-30,17:01
SWA787,KMDW,KIND,1,2026-10-03,15:33
SWA787,KSDF,KBWI,1,2026-10-06,14:50
SWA790,KBOS,KBWI,5,2026-10-06,14:58
SWA790,KBWI,KMCO,3,2026-10-05,17:07
SWA790,KDEN,KBOI,1,2026-09-30,19:31
SWA791,KAUS,KIND,6,2026-10-06,11:13
SWA791,KSMF,KDEN,2,2026-10-01,01:00
SWA792,KBOS,KBWI,4,2026-10-05,19:24
SWA792,KBUR,KLAS,1,2026-09-30,22:34
SWA792,KDEN,KBOS,1,2026-10-03,17:24
SWA793,KAUS,KRNO,1,2026-10-04,19:02
SWA793,KBOS,KBWI,2,2026-10-06,23:17
SWA793,KCVG,KAUS,1,2026-10-04,15:24
SWA793,KDEN,KBNA,1,2026-09-30,15:35
SWA793,KMDW,KCVG,1,2026-10-04,12:45
SWA793,KPHX,KPIT,3,2026-10-06,00:34
SWA794,KBOS,KBWI,4,2026-10-06,02:14
SWA794,KLAS,KMCI,1,2026-09-30,20:45
SWA794,KPHX,KBNA,1,2026-10-04,22:00
SWA794,KSNA,KOAK,1,2026-10-06,17:31
SWA799,KMDW,KHOU,3,2026-10-05,17:01
SWA799,KPDX,KMDW,3,2026-10-05,12:29
SWA799,KPHX,KHOU,1,2026-09-30,20:22
SWA799,KTPA,KMCI,1,2026-10-06,15:23
SWA8,KCRP,KHOU,1,2026-10-01,11:31
SWA8,KDAL,KMDW,3,2026-10-05,15:18
SWA8,KDAL,KMAF,1,2026-10-04,15:30
SWA8,KHOU,KDAL,4,2026-10-05,13:18
SWA800,KMDW,KPHX,1,2026-10-04,12:32
SWA800,KOAK,KLAX,2,2026-10-01,02:26
SWA800,KPHX,KSEA,5,2026-10-06,15:12
SWA801,KBOS,KDEN,6,2026-10-06,09:23
SWA801,KPDX,KLAS,1,2026-09-30,20:20
SWA802,KAUS,KMSP,1,2026-10-04,17:30
SWA802,KBOS,KDEN,3,2026-10-05,14:27
SWA802,KDEN,KOKC,1,2026-10-06,17:18
SWA802,KMDW,KLGA,1,2026-09-30,12:37
SWA802,KOKC,KBNA,1,2026-10-06,19:27
SWA802,KPVD,KDEN,1,2026-10-03,18:18
SWA8029,KSTL,KDCA,1,2026-09-30,10:21
SWA803,KBOS,KDEN,2,2026-10-05,00:14
SWA803,KBUR,KLAS,1,2026-09-30,18:06
SWA803,KBWI,KBOS,2,2026-10-06,19:16
SWA803,KLAS,KABQ,1,2026-09-30,20:16
SWA8037,KBWI,KDEN,1,2026-10-02,22:15
SWA804,KBNA,KLGA,3,2026-10-05,11:45
SWA804,KDAL,KAUS,1,2026-10-05,00:07
SWA804,KDEN,KRNO,1,2026-09-30,15:38
SWA804,KRNO,KLAX,1,2026-09-30,18:21
SWA804,KSAN,KLAS,1,2026-10-03,18:03
SWA805,KBOS,KMDW,4,2026-10-06,11:32
SWA805,KSLC,KAUS,1,2026-09-30,17:42
SWA806,KBOS,KMDW,1,2026-10-04,14:59
SWA806,KBUR,KPHX,1,2026-10-06,18:02
SWA806,KLGA,KMDW,3,2026-10-05,13:19
SWA806,KMDW,KSTL,4,2026-10-05,16:24
SWA806,KMDW,KPDX,2,2026-10-01,02:33
SWA806,KPHX,KDAL,1,2026-10-06,21:29
SWA807,KBOS,KMDW,6,2026-10-06,17:38
SWA807,KPHX,KSLC,2,2026-10-01,23:16
SWA808,KOAK,PHNL,5,2026-10-05,18:45
SWA809,KBOS,KDEN,3,2026-10-06,21:28
SWA813,KBOI,KSAN,1,2026-10-06,13:08
SWA813,KBUR,KSJC,4,2026-10-05,22:18
SWA813,KHOU,KSAT,1,2026-09-30,16:38
SWA813,KSAT,KPHX,1,2026-09-30,18:24
SWA814,KBNA,KLAS,3,2026-10-06,00:48
SWA814,KBOS,KMCI,1,2026-10-04,18:54
SWA814,KBOS,KSAN,1,2026-10-03,17:49
SWA814,KBWI,KBOS,1,2026-10-04,16:42
SWA814,KMDW,KBWI,1,2026-10-04,13:52
SWA814,KPHX,KBNA,2,2026-10-01,01:10
SWA814,KSRQ,KMDW,1,2026-10-04,10:21
SWA816,KBHM,KHOU,1,2026-09-30,17:01
SWA816,KBNA,KBHM,1,2026-09-30,15:21
SWA816,KBOS,KSTL,4,2026-10-05,09:34
SWA816,KBWI,KMCI,1,2026-10-04,22:26
SWA818,KBNA,KTPA,1,2026-10-04,11:46
SWA818,KDCA,KMDW,3,2026-10-05,22:50
SWA818,KDCA,KIND,1,2026-10-02,00:11
SWA818,KIND,KMDW,1,2026-10-02,03:29
SWA818,KSAN,KSJC,2,2026-10-01,01:26
SWA819,KAUS,KMIA,1,2026-10-03,18:48
SWA819,KBOS,KSTL,4,2026-10-06,00:35
SWA819,KLAS,KSMF,1,2026-09-30,17:57
SWA819,KMIA,KMCO,1,2026-10-03,22:54
SWA819,KTPA,KLAS,1,2026-09-30,12:32
SWA820,KBWI,KDAL,1,2026-10-03,18:53
SWA820,KDEN,KDAL,1,2026-10-04,17:04
SWA820,KHOU,KMEM,3,2026-10-05,20:47
SWA820,KLAS,KLGB,1,2026-09-30,21:43
SWA820,KLGB,KSMF,2,2026-10-01,23:13
SWA820,KMEM,KBNA,2,2026-10-05,23:03
SWA8229,KDCA,KSTL,1,2026-10-01,23:34
SWA823,KABQ,KSAN,1,2026-09-30,12:51
SWA823,KBUF,KBWI,5,2026-10-05,10:06
SWA8237,KCOS,KBWI,1,2026-10-04,22:12
SWA824,KATL,KMSY,1,2026-10-04,13:42
SWA824,KBUF,KBWI,4,2026-10-05,13:46
SWA824,KBUR,KPHX,2,2026-10-01,00:17
SWA824,KBUR,KSJC,1,2026-10-06,22:14
SWA824,KTPA,KBUF,3,2026-10-05,10:06
SWA826,KBUF,KBWI,5,2026-10-06,16:46
SWA826,KBUR,KPHX,2,2026-10-01,03:12
SWA826,KMDW,KBUF,1,2026-10-06,13:09
SWA827,KBUF,KBWI,3,2026-10-05,19:18
SWA827,KDAL,KMCO,1,2026-09-30,14:20
SWA827,KOMA,KDEN,1,2026-10-04,23:15
SWA830,KBNA,KECP,3,2026-10-05,13:24
SWA830,KBUF,KBWI,1,2026-10-04,15:54
SWA830,KDTW,KSTL,1,2026-09-30,10:26
SWA830,KECP,KDEN,3,2026-10-05,15:17
SWA830,KMAF,KDAL,1,2026-10-06,10:43
SWA830,KPHX,KRNO,1,2026-09-30,16:45
SWA830,KSTL,KPHX,1,2026-09-30,12:40
SWA830,KTPA,KBUF,1,2026-10-04,12:30
SWA833,KATL,KDAL,1,2026-09-30,10:34
SWA833,KCLE,KMDW,1,2026-10-04,17:29
SWA833,KDAL,KLAS,1,2026-09-30,13:32
SWA833,KGEG,KSAN,3,2026-10-05,20:09
SWA833,KLAS,KHOU,1,2026-10-06,16:19
SWA833,KMDW,KHOU,1,2026-10-04,19:36
SWA833,KSAN,KPHX,3,2026-10-06,00:30
SWA834,KBUF,KMCO,5,2026-10-06,09:43
SWA834,KLGB,KLAS,1,2026-09-30,14:05
SWA835,KAUS,KABQ,1,2026-10-05,02:44
SWA835,KBWI,KGSP,1,2026-09-30,12:53
SWA835,KGSP,KBNA,1,2026-09-30,15:13
SWA835,KMCO,KCMH,4,2026-10-06,02:20
SWA836,KBWI,KRSW,3,2026-10-06,00:50
SWA836,KDCA,KMDW,1,2026-10-05,22:49
SWA836,KLAX,KPHX,1,2026-09-30,15:38
SWA836,KSTL,KBWI,1,2026-10-03,21:03
SWA839,KBUF,KDEN,3,2026-10-06,22:10
SWA839,KDEN,KBWI,1,2026-09-30,20:11
SWA839,KMCO,KBUF,3,2026-10-05,18:46
SWA839,KMIA,KMDW,1,2026-10-03,20:37
SWA839,KMYR,KBWI,1,2026-10-06,22:59
SWA840,KBUF,KMDW,4,2026-10-06,23:39
SWA840,KBWI,KMCI,1,2026-10-03,14:33
SWA840,KHOU,KBWI,1,2026-09-30,16:34
SWA840,KMDW,KMSP,1,2026-10-04,22:11
SWA843,KLAS,KSMF,5,2026-10-05,14:28
SWA845,KBHM,KDAL,1,2026-09-30,13:00
SWA845,KBUF,KTPA,3,2026-10-05,20:47
SWA845,KBUF,KBWI,1,2026-10-06,21:10
SWA845,KMCI,KIND,1,2026-10-04,14:49
SWA845,KMDW,KBUF,4,2026-10-06,18:38
SWA845,KTPA,KBWI,1,2026-10-03,19:04
SWA846,KMCO,KPIT,4,2026-10-06,00:09
SWA846,KMDW,KSTL,1,2026-10-06,14:41
SWA846,KSTL,KBWI,1,2026-10-06,16:27
SWA849,KBWI,KORF,1,2026-10-03,13:39
SWA849,KDAL,KMDW,1,2026-10-05,02:02
SWA849,KLAX,KDAL,1,2026-10-05,22:18
SWA849,KLAX,KDEN,1,2026-10-06,21:10
SWA849,KMCI,KDEN,1,2026-09-30,16:55
SWA849,KORF,KBNA,1,2026-10-03,15:05
SWA850,KBHM,KDEN,1,2026-09-30,11:37
SWA850,KCLE,KMDW,1,2026-10-03,21:29
SWA850,KHOU,KJAN,1,2026-10-05,03:05
SWA8500,KATL,KBHM,1,2026-10-02,13:04
SWA8500,KATL,KHOU,1,2026-10-01,10:18
SWA8500,KBWI,KRDU,1,2026-10-03,12:04
SWA8500,KONT,KDEN,1,2026-10-04,21:57
SWA8500,KRDU,KBWI,1,2026-10-05,14:11
SWA8501,KCMH,KMDW,1,2026-09-30,15:53
SWA8501,KHOU,KMSY,1,2026-10-05,10:39
SWA8501,KMCO,KBNA,1,2026-10-03,09:01
SWA8501,KMDW,KHOU,1,2026-10-01,13:25
SWA8501,KSAN,KPHX,1,2026-10-04,19:40
SWA8502,KDAL,KAUS,2,2026-10-06,13:59
SWA8502,KMDW,KMCI,1,2026-09-30,12:27
SWA8502,KMDW,KMCO,1,2026-10-01,12:50
SWA8503,KAUS,KDAL,1,2026-10-06,15:53
SWA8503,KDEN,KDAL,1,2026-09-30,12:12
SWA8503,KMCO,KATL,1,2026-10-02,10:18
SWA8503,KSJC,KOAK,1,2026-10-05,15:36
SWA8504,KLAS,KSMF,1,2026-09-30,12:09
SWA8504,KMCO,KTPA,1,2026-10-02,10:32
SWA8504,KOAK,KDEN,1,2026-10-06,15:45
SWA8504,KSAN,KPHX,1,2026-10-05,22:32
SWA8504,KSMF,KPHX,1,2026-10-01,14:34
SWA8505,KBUR,KLAS,1,2026-10-06,19:30
SWA8505,KBZN,KDEN,1,2026-09-30,17:34
SWA8505,KLAS,KSAN,1,2026-10-02,12:02
SWA8505,KMSY,KDAL,1,2026-10-05,21:02
SWA8506,KGSO,KBWI,1,2026-10-04,06:10
SWA8506,KLGA,KBWI,1,2026-10-02,11:30
SWA8506,KOAK,KPAE,1,2026-10-06,00:49
SWA8506,KOAK,KSMF,1,2026-10-01,18:14
SWA8506,KPDX,KOAK,1,2026-09-30,18:06
SWA8507,KBOS,KBWI,1,2026-10-02,13:22
SWA8507,KHOU,KDAL,1,2026-09-30,11:22
SWA8507,KPAE,KOAK,1,2026-10-06,03:05
SWA8508,KABQ,KDAL,1,2026-10-02,11:17
SWA8508,KFLL,KATL,1,2026-10-06,03:32
SWA8508,KPAE,KOAK,1,2026-10-04,04:45
SWA8508,KVQQ,KMCO,1,2026-10-01,22:57
SWA8509,KBWI,KGSO,1,2026-10-01,00:50
SWA8509,KJAX,KMCO,1,2026-10-01,23:28
SWA8509,KOAK,KPHX,1,2026-10-02,15:20
SWA851,KMDW,KLGB,1,2026-09-30,15:41
SWA851,KMKE,KPHX,6,2026-10-06,18:07
SWA8510,KPAE,KDEN,1,2026-10-04,03:49
SWA8511,KMKE,KMDW,1,2026-10-01,02:25
SWA8511,KPHX,KRNO,1,2026-10-03,08:04
SWA8512,KVQQ,KMCO,1,2026-10-04,02:45
SWA852,KCLT,KBNA,1,2026-10-05,01:26
SWA852,KDAL,KMAF,1,2026-09-30,19:11
SWA852,KHOU,KBWI,3,2026-10-05,13:22
SWA852,KIND,KBWI,1,2026-10-03,11:58
SWA852,KMSY,KDAL,1,2026-09-30,16:51
SWA853,KBNA,KOMA,1,2026-09-30,17:44
SWA853,KBWI,KMDW,1,2026-10-03,19:43
SWA853,KIND,KBWI,1,2026-10-04,13:55
SWA853,KJAX,KDAL,1,2026-10-04,18:58
SWA853,KOAK,KLGB,3,2026-10-06,02:05
SWA853,KSNA,KSJC,1,2026-10-06,14:11
SWA854,KDAL,KPHL,1,2026-09-30,14:18
SWA854,KDEN,KSAN,1,2026-10-04,21:59
SWA854,KICT,KLAS,1,2026-10-06,17:50
SWA854,KLAS,KCMH,3,2026-10-06,01:23
SWA854,KMDW,KICT,1,2026-10-06,15:12
SWA854,KOAK,KSNA,4,2026-10-05,21:25
SWA854,KSAN,KSJC,1,2026-10-05,00:51
SWA854,KSNA,KLAS,3,2026-10-06,23:41
SWA855,KBWI,KTPA,1,2026-10-04,22:19
SWA855,KONT,KSMF,4,2026-10-06,01:53
SWA856,KAUS,KATL,1,2026-10-06,17:38
SWA856,KBUR,KPHX,3,2026-10-05,17:53
SWA856,KBUR,KDAL,1,2026-10-03,17:16
SWA856,KBWI,KIND,1,2026-09-30,19:19
SWA856,KDAL,KMSY,1,2026-10-03,21:08
SWA856,KMCO,KSRQ,2,2026-10-06,03:13
SWA856,KPHX,KSAT,2,2026-10-05,21:02
SWA856,KSAT,KMCO,3,2026-10-06,23:43
SWA856,KSAT,KDEN,1,2026-10-05,00:23
SWA857,KBNA,KPHL,2,2026-10-01,00:40
SWA857,KBUR,KDEN,4,2026-10-06,15:02
SWA858,KAUS,KDAL,1,2026-10-06,21:37
SWA858,KBOS,KBWI,1,2026-09-30,17:32
SWA858,KDAL,KMCI,1,2026-10-04,20:52
SWA858,KMCI,KATL,1,2026-10-05,22:45
SWA859,KBUR,KDEN,4,2026-10-05,20:10
SWA859,KDEN,KMSY,3,2026-10-06,23:32
SWA859,KDEN,KAUS,1,2026-10-05,23:50
SWA859,KMDW,KSMF,2,2026-10-01,02:09
SWA859,KMSY,KHOU,3,2026-10-06,02:27
SWA860,KBUR,KSMF,1,2026-10-05,05:52
SWA860,KBWI,KLAS,3,2026-10-05,12:46
SWA860,KBWI,KBNA,1,2026-10-06,13:38
SWA860,KDAL,KPHX,1,2026-09-30,17:08
SWA860,KDSM,KMDW,1,2026-10-03,18:23
SWA862,KJAX,KSTL,1,2026-10-05,23:41
SWA862,KLAS,KDEN,1,2026-10-03,18:54
SWA862,KSJC,KONT,3,2026-10-06,03:32
SWA8628,KMDW,KSTL,1,2026-09-30,08:21
SWA8629,KDCA,KBWI,1,2026-09-30,13:18
SWA863,KBNA,KFLL,2,2026-10-01,22:34
SWA863,KDTW,KMDW,1,2026-10-03,22:05
SWA863,KLAS,KDTW,1,2026-10-03,17:48
SWA863,KLAX,KMCI,1,2026-10-04,12:53
SWA863,KSTL,KBOS,3,2026-10-05,11:03
SWA8630,KATL,KGSP,1,2026-10-06,13:39
SWA8630,KBWI,KDCA,1,2026-09-30,21:30
SWA8631,KGRK,KDAL,1,2026-10-06,18:22
SWA8631,KSTL,KMDW,1,2026-10-01,02:25
SWA8636,KDEN,KCOS,1,2026-10-03,19:42
SWA864,KBUR,KLAS,4,2026-10-05,17:45
SWA864,KBWI,KDAL,1,2026-09-30,14:24
SWA864,KLAS,KPHX,3,2026-10-05,19:49
SWA865,KABQ,KBUR,3,2026-10-05,16:32
SWA865,KCVG,KMDW,1,2026-10-05,00:50
SWA865,KDEN,KABQ,3,2026-10-05,14:48
SWA865,KDEN,KCVG,1,2026-10-04,21:33
SWA865,KHOU,KLGA,1,2026-10-06,11:32
SWA865,KMDW,KLAX,1,2026-09-30,15:48
SWA865,KMDW,KMSY,1,2026-10-03,15:27
SWA866,KATL,KMCI,4,2026-10-05,15:23
SWA866,KBWI,KATL,1,2026-09-30,15:36
SWA866,KMCI,KDEN,3,2026-10-05,17:41
SWA866,KMCI,KABQ,1,2026-10-06,19:12
SWA866,KMCO,KPVD,1,2026-10-05,02:22
SWA866,KTPA,KATL,3,2026-10-05,12:49
SWA867,KBUR,KLAS,1,2026-10-04,18:24
SWA867,KIND,KMCO,3,2026-10-06,02:07
SWA867,KLAS,KIND,1,2026-10-04,20:29
SWA867,KMDW,KTPA,1,2026-10-03,21:45
SWA868,KATL,KSTL,1,2026-10-06,18:29
SWA868,KBWI,KATL,1,2026-10-06,15:53
SWA868,KDAL,KMCI,2,2026-10-01,01:27
SWA868,KLAS,KDEN,3,2026-10-05,15:28
SWA868,KOAK,KSNA,1,2026-10-03,17:54
SWA868,KPDX,KDEN,1,2026-10-04,12:37
SWA868,KSNA,KLAS,1,2026-10-03,20:30
SWA869,KBUR,KLAS,4,2026-10-06,23:28
SWA869,KDEN,KOAK,2,2026-10-01,00:48
SWA869,KLAS,KPIT,3,2026-10-06,01:29
SWA869,KPHX,KSFO,1,2026-10-03,15:04
SWA8700,KMCO,KDAL,1,2026-10-04,01:53
SWA872,KDAL,KBNA,1,2026-09-30,19:33
SWA872,KLGA,KMDW,1,2026-10-03,21:08
SWA872,KPHX,KOMA,1,2026-10-05,23:12
SWA872,KSAN,KCOS,3,2026-10-06,00:22
SWA873,KBUR,KLAS,2,2026-10-05,01:42
SWA873,KDAL,KPHX,2,2026-10-05,15:35
SWA873,KHOU,KLAS,2,2026-10-01,23:00
SWA873,KLAS,KMCI,1,2026-10-05,02:49
SWA873,KMKE,KDAL,2,2026-10-05,11:36
SWA873,KMKE,KPHX,1,2026-10-02,11:33
SWA874,KBUR,KLAS,4,2026-10-06,03:52
SWA874,KDEN,KPDX,1,2026-09-30,19:39
SWA874,KLAS,KDAL,1,2026-10-05,01:13
SWA874,KPHX,KSTL,1,2026-10-03,18:24
SWA875,KBDL,KMDW,1,2026-09-30,16:59
SWA875,KBUR,KLAS,4,2026-10-06,04:56
SWA875,KBWI,KBDL,1,2026-09-30,14:59
SWA875,KDAL,KLGA,1,2026-10-03,16:28
SWA875,KDEN,KDAL,1,2026-10-03,13:55
SWA875,KDEN,KPSP,1,2026-10-06,15:13
SWA875,KMDW,KMCI,1,2026-09-30,20:29
SWA875,KOAK,KSEA,1,2026-10-06,20:28
SWA875,KPSP,KOAK,1,2026-10-06,18:24
SWA878,KBUR,KMDW,1,2026-10-03,16:48
SWA878,KBWI,KBDL,1,2026-09-30,00:24
SWA878,KMCO,KPIT,1,2026-10-06,11:03
SWA878,KMYR,KBNA,1,2026-10-02,14:56
SWA879,KBUR,KOAK,4,2026-10-06,14:16
SWA879,KBWI,KBNA,1,2026-09-30,10:38
SWA879,KRSW,KDEN,1,2026-10-03,18:49
SWA879,KSAN,KFAT,1,2026-10-05,05:27
SWA8800,KLAS,KMCO,1,2026-10-05,12:11
SWA8800,KSEA,KSMF,1,2026-10-02,15:28
SWA8800,KSTL,KOMA,1,2026-10-01,13:18
SWA8801,KSEA,KPHX,1,2026-10-02,16:22
SWA8802,KPHX,KSDF,1,2026-10-02,12:10
SWA8803,KBNA,KBHM,1,2026-10-02,10:39
SWA8804,KMDW,KSAN,1,2026-10-02,13:10
SWA882,KBWI,KBNA,1,2026-09-30,14:03
SWA882,KLAX,KSJC,1,2026-10-03,17:15
SWA882,KPHX,KLAX,1,2026-10-03,15:18
SWA882,KSAN,KIND,1,2026-10-04,20:20
SWA882,KSAN,KLAS,1,2026-10-06,14:08
SWA882,KSTL,KLGA,3,2026-10-05,10:45
SWA883,KBUR,KOAK,4,2026-10-05,18:21
SWA883,KDEN,KLAS,1,2026-10-03,18:45
SWA883,KMDW,KRDU,2,2026-10-01,23:41
SWA884,KBUR,KMDW,3,2026-10-05,15:19
SWA884,KBUR,KOAK,1,2026-10-03,18:35
SWA884,KBWI,KBNA,1,2026-09-30,20:02
SWA884,KBWI,KBOS,1,2026-10-06,20:57
SWA884,KCHS,KBWI,3,2026-10-06,00:22
SWA884,KHOU,KBWI,1,2026-10-06,16:33
SWA884,KMDW,KSTL,3,2026-10-05,20:00
SWA884,KSAN,KSEA,1,2026-10-05,01:55
SWA884,KSTL,KCHS,2,2026-10-05,22:03
SWA884,PHNL,KSAN,1,2026-10-04,18:20
SWA887,KAUS,KSLC,1,2026-10-03,19:27
SWA887,KMKE,KBWI,1,2026-09-30,20:34
SWA887,KMSY,KTPA,1,2026-10-06,18:15
SWA888,KBNA,KMCO,3,2026-10-05,14:50
SWA888,KDAL,KMCI,1,2026-10-06,21:04
SWA888,KDEN,KSEA,1,2026-09-30,18:08
SWA888,KSAT,KDAL,1,2026-10-06,18:08
SWA889,KBUR,KOAK,1,2026-10-05,02:58
SWA889,KLAX,KMDW,2,2026-10-01,21:48
SWA889,KOAK,KSEA,1,2026-10-05,04:39
SWA889,KTPA,KLAS,1,2026-10-04,20:38
SWA892,KBOS,KAUS,1,2026-10-06,19:07
SWA892,KBWI,KBOS,1,2026-10-03,12:46
SWA892,KBWI,KSRQ,1,2026-10-05,00:33
SWA892,KGRR,KBWI,1,2026-10-04,22:13
SWA892,KMDW,KGRR,1,2026-10-04,20:21
SWA893,KBUR,KPHX,4,2026-10-05,14:41
SWA893,KHOU,KABQ,2,2026-10-01,02:12
SWA893,KPHX,KOKC,1,2026-10-06,15:50
SWA894,KBNA,KPWM,4,2026-10-05,16:36
SWA894,KDAL,KBNA,2,2026-10-05,14:35
SWA894,KSEA,KSAN,1,2026-10-05,01:42
SWA897,KBUR,KPHX,1,2026-10-03,20:41
SWA897,KLAS,KBUR,1,2026-09-30,14:47
SWA897,KPHX,KSLC,3,2026-10-05,22:19
SWA897,KPHX,KAUS,1,2026-10-04,22:52
SWA897,KSLC,KLAS,1,2026-09-30,12:30
SWA898,KBUR,KPHX,4,2026-10-05,22:22
SWA898,KPHX,KDEN,1,2026-10-05,00:21
SWA899,KBUR,KPHX,3,2026-10-06,01:50
SWA899,KBWI,KCHS,1,2026-09-30,21:59
SWA899,KLAX,KMDW,1,2026-10-03,16:44
SWA899,KPHX,KSLC,3,2026-10-06,03:37
SWA899,KSTL,KBNA,1,2026-10-04,12:00
SWA900,KBUR,KPHX,5,2026-10-06,02:28
SWA900,KPHX,KSAT,2,2026-10-06,05:47
SWA900,KSJC,KPHX,2,2026-10-01,02:04
SWA9000,KDAL,KDEN,1,2026-10-04,15:35
SWA9000,KLAX,KSMF,1,2026-10-02,14:51
SWA9000,KMDW,KDEN,1,2026-10-06,15:10
SWA9000,KSMF,KGEG,1,2026-10-02,16:49
SWA9000,KSMF,KSAN,1,2026-10-05,16:01
SWA9000,KSTS,KLAS,1,2026-09-30,20:45
SWA9001,KBWI,KMKE,1,2026-10-05,20:24
SWA9001,KLAS,KGEG,1,2026-10-01,19:23
SWA9001,KLAX,KOAK,1,2026-10-01,23:57
SWA9001,KMKE,KSTL,1,2026-10-05,22:57
SWA9001,KSAN,KAUS,1,2026-10-04,17:40
SWA9002,KDAL,KLIT,1,2026-09-30,00:42
SWA9002,KDAL,KTUL,1,2026-10-01,01:06
SWA9002,KLAS,KDCA,1,2026-10-02,16:31
SWA9002,KMDW,KPHX,1,2026-10-04,14:15
SWA9002,KOAK,KLGB,1,2026-10-01,18:38
SWA9002,KPHX,KSAN,1,2026-10-05,20:47
SWA9002,KTUL,KDEN,1,2026-10-01,02:31
SWA9003,KBWI,KATL,1,2026-10-03,01:49
SWA9003,KBWI,KBDL,1,2026-10-02,00:34
SWA9003,KDAL,KHOU,1,2026-10-01,16:38
SWA9003,KDEN,KBUR,1,2026-10-01,02:23
SWA9003,KHOU,KSDF,1,2026-10-01,19:19
SWA9003,KLAS,KSEA,1,2026-10-06,01:46
SWA9003,KSDF,KBWI,1,2026-10-01,22:13
SWA9003,KSLC,KSJC,1,2026-10-05,01:56
SWA9004,KDAL,KAUS,1,2026-09-30,23:46
SWA9004,KDAL,KBNA,1,2026-10-04,22:20
SWA9004,KDAL,KLGA,1,2026-10-01,23:55
SWA9004,KDAL,KMEM,1,2026-10-01,20:19
SWA9004,KDEN,KSMF,1,2026-10-06,22:12
SWA9004,KLAS,KAUS,1,2026-10-03,22:30
SWA9004,KMEM,KBWI,1,2026-10-02,22:35
SWA9004,KSMF,KLAX,1,2026-10-06,01:11
SWA9005,KATL,KSTL,1,2026-10-04,20:52
SWA9005,KBWI,KATL,1,2026-10-04,17:33
SWA9005,KDAL,KSMF,1,2026-10-03,02:35
SWA9005,KMDW,KTPA,1,2026-10-01,18:47
SWA9005,KPHX,KSAT,1,2026-10-06,22:30
SWA9005,KSAT,KDAL,1,2026-10-06,00:59
SWA9006,KBWI,KMCO,1,2026-10-05,22:07
SWA9006,KLAS,KDEN,1,2026-10-02,05:37
SWA9007,KDEN,KSJC,1,2026-10-02,23:52
SWA9007,KHOU,KLAX,1,2026-10-04,20:16
SWA9007,KLAX,KLAS,1,2026-10-05,00:14
SWA9008,KPHX,KDEN,1,2026-10-02,00:43
SWA9008,KSNA,KSMF,1,2026-10-04,22:43
SWA9009,KMCI,KLGA,1,2026-10-01,19:36
SWA901,KBUR,KPHX,4,2026-10-06,04:01
SWA901,KBWI,KCLE,1,2026-09-30,19:49
SWA901,KBWI,KROC,1,2026-10-03,19:08
SWA901,KPHX,KTUS,1,2026-10-05,06:17
SWA901,KROC,KMDW,1,2026-10-03,21:05
SWA9010,KDAL,KABQ,1,2026-10-02,05:44
SWA9011,KPHX,KAUS,1,2026-10-02,00:13
SWA9012,KAUS,KBNA,1,2026-10-02,23:59
SWA9013,KDAL,KMCO,1,2026-10-02,00:32
SWA9014,KLGB,KPHX,1,2026-10-02,03:55
SWA9016,KDEN,KSMF,1,2026-10-02,01:00
SWA9016,KSMF,KLAX,1,2026-10-02,03:49
SWA9017,KPHX,KLAX,1,2026-10-02,05:45
SWA9018,KDAL,KMCI,1,2026-10-02,01:45
SWA9019,KLAS,KTUS,1,2026-10-02,01:35
SWA9020,KDAL,KLGB,1,2026-10-02,01:27
SWA9025,KDAL,KTPA,1,2026-10-02,03:16
SWA9026,KMDW,KLGA,1,2026-10-02,03:53
SWA9027,KPHX,KCMH,1,2026-10-02,05:25
SWA9028,KPHX,KSAN,1,2026-10-02,05:46
SWA908,KBUF,KMCO,4,2026-10-05,15:24
SWA908,KBWI,KLAS,1,2026-10-06,18:13
SWA908,KLAS,KLBB,1,2026-09-30,16:59
SWA908,KLBB,KDAL,1,2026-10-01,23:11
SWA908,KMDW,KBUF,3,2026-10-05,13:18
SWA908,KMDW,KPHL,1,2026-10-04,13:10
SWA908,KMSY,KMDW,1,2026-10-04,10:09
SWA909,KBNA,KLAS,1,2026-10-03,13:16
SWA909,KBOS,KMDW,3,2026-10-06,04:09
SWA909,KBWI,KMCI,1,2026-09-30,19:12
SWA909,KISP,KBWI,1,2026-09-30,17:07
SWA909,KSTL,KDTW,1,2026-10-04,16:14
SWA910,KBNA,KPIT,2,2026-10-01,00:09
SWA910,KBUR,KOAK,3,2026-10-06,01:14
SWA910,KSTL,KMSP,1,2026-10-05,03:43
SWA912,KMCO,MWCR,1,2026-10-03,15:40
SWA913,KTPA,KMCO,1,2026-10-03,21:20
SWA913,MWCR,KTPA,1,2026-10-03,18:02
SWA914,KBUR,KSFO,3,2026-10-05,19:56
SWA914,KBUR,KLAS,2,2026-10-01,02:26
SWA914,KDAL,KDEN,1,2026-10-05,01:10
SWA914,KDEN,KSAN,1,2026-10-05,03:53
SWA914,KPHX,KOKC,1,2026-10-03,17:49
SWA914,KTYS,KDAL,1,2026-10-04,22:03
SWA915,KABQ,KAUS,1,2026-10-05,03:20
SWA915,KBUR,KSJC,5,2026-10-06,14:40
SWA915,KBWI,KCMH,1,2026-09-30,15:27
SWA920,KABQ,KOAK,1,2026-10-05,22:49
SWA920,KBUR,KSJC,4,2026-10-05,17:44
SWA920,KBWI,KCMH,1,2026-09-30,21:41
SWA920,KOAK,KLGB,1,2026-10-05,01:49
SWA920,KPHX,KABQ,1,2026-10-04,21:06
SWA920,KPWM,KBWI,1,2026-09-30,19:12
SWA920,KRNO,KSAN,1,2026-10-06,17:08
SWA921,KAUS,KSMF,2,2026-10-01,21:51
SWA921,KDTW,KDEN,1,2026-10-03,10:51
SWA924,KBWI,KSRQ,3,2026-10-06,02:42
SWA924,KLIT,KBNA,1,2026-09-30,13:07
SWA925,KBUR,KOAK,1,2026-10-04,20:53
SWA925,KBWI,KCVG,2,2026-10-01,00:42
SWA925,KOAK,KGEG,1,2026-10-05,22:43
SWA927,KAUS,KCMH,1,2026-10-04,21:22
SWA927,KBUR,KSJC,3,2026-10-06,04:23
SWA927,KOMA,KLGA,1,2026-10-03,18:12
SWA927,KONT,KLAS,1,2026-09-30,14:45
SWA927,KPHX,KOMA,1,2026-10-03,15:15
SWA928,KBUR,KSMF,4,2026-10-06,14:31
SWA928,KBUR,KSJC,1,2026-10-04,17:24
SWA928,KBWI,KDAL,1,2026-09-30,16:07
SWA928,KGEG,KDEN,1,2026-10-04,22:08
SWA928,KPHX,KHOU,1,2026-10-03,19:34
SWA928,KSJC,KGEG,1,2026-10-04,19:10
SWA930,KBUR,KSMF,6,2026-10-06,16:06
SWA931,KBUR,KSMF,4,2026-10-05,18:41
SWA931,KCOS,KLAS,1,2026-10-04,13:20
SWA931,KLAS,KGEG,1,2026-10-04,15:56
SWA931,KSMF,KSTL,1,2026-10-06,19:30
SWA932,KAUS,KFLL,1,2026-10-04,19:35
SWA932,KBUF,KBWI,1,2026-10-06,13:45
SWA932,KBUR,KSMF,4,2026-10-05,21:03
SWA932,KMDW,KCVG,1,2026-09-30,23:03
SWA932,KSMF,KDEN,3,2026-10-05,22:06
SWA933,KBUR,KSMF,4,2026-10-05,21:40
SWA933,KBWI,KSFO,1,2026-10-03,13:41
SWA933,KPHX,KGEG,2,2026-10-01,04:09
SWA934,KABQ,KPHX,1,2026-10-06,17:09
SWA934,KBDL,KBWI,1,2026-10-04,15:42
SWA934,KBWI,KDEN,1,2026-09-30,10:39
SWA934,KDCA,KHOU,5,2026-10-06,10:35
SWA934,KHOU,KABQ,1,2026-10-06,14:18
SWA934,KMDW,KBDL,1,2026-10-04,12:48
SWA934,KPHX,KONT,1,2026-10-06,19:06
SWA935,KBUR,KSJC,1,2026-10-05,03:28
SWA935,KDEN,KMSP,4,2026-10-06,13:59
SWA935,KMHT,KMDW,1,2026-10-03,20:58
SWA935,KPHX,KDEN,1,2026-09-30,19:42
SWA935,KSAT,KDEN,3,2026-10-05,10:56
SWA936,KLAS,KLAX,3,2026-10-06,01:02
SWA936,KLAX,KSFO,3,2026-10-06,02:54
SWA936,KMKE,KDCA,1,2026-10-06,22:06
SWA937,KBWI,KDEN,1,2026-10-01,21:14
SWA937,KHOU,KMSY,4,2026-10-06,12:21
SWA937,KLAX,KMCO,1,2026-10-05,06:33
SWA937,KTPA,KMDW,1,2026-10-03,18:35
SWA938,KBWI,KALB,4,2026-10-05,11:12
SWA938,KBWI,KDEN,1,2026-09-30,14:11
SWA938,KTPA,KBWI,1,2026-09-30,10:51
SWA939,KBNA,KPHX,1,2026-10-03,13:18
SWA939,KBWI,KALB,4,2026-10-05,15:11
SWA939,KBWI,KDEN,2,2026-10-01,22:36
SWA939,KHOU,KTUL,1,2026-10-06,20:32
SWA940,KBWI,KBUF,2,2026-10-01,00:29
SWA940,KMSY,KPHX,1,2026-10-03,19:58
SWA941,KLGA,KHOU,1,2026-10-04,19:35
SWA941,KMCI,KRSW,3,2026-10-06,21:39
SWA941,KMCO,KRDU,1,2026-10-01,23:12
SWA942,KBNA,KBWI,4,2026-10-05,12:35
SWA942,KBNA,KGSP,1,2026-10-06,15:55
SWA942,KBWI,KFLL,1,2026-09-30,12:56
SWA942,KBWI,KSJC,1,2026-10-03,16:42
SWA942,KGSP,KBWI,1,2026-10-06,17:37
SWA942,KLGA,KMDW,1,2026-10-04,20:12
SWA943,KATL,KHOU,1,2026-10-06,17:00
SWA943,KBOI,KLAS,1,2026-09-30,12:16
SWA943,KBWI,KATL,3,2026-10-05,13:59
SWA943,KHOU,KLAX,1,2026-10-06,20:18
SWA943,KMDW,KTUL,1,2026-10-03,15:45
SWA945,KBWI,KBUF,3,2026-10-05,17:18
SWA945,KBWI,KFLL,1,2026-10-04,16:34
SWA945,KBWI,KTPA,1,2026-10-03,18:11
SWA945,KMDW,KPIT,1,2026-09-30,18:05
SWA945,KPHX,KBWI,3,2026-10-05,12:19
SWA945,KTPA,KMCO,1,2026-10-03,21:24
SWA946,KBWI,KATL,3,2026-10-06,23:33
SWA946,KBWI,KFLL,1,2026-10-01,22:01
SWA946,KDEN,KBWI,1,2026-10-06,14:35
SWA947,KHOU,KDEN,3,2026-10-05,13:07
SWA947,KLAS,KBWI,1,2026-10-04,15:31
SWA947,KMSY,KBNA,1,2026-10-01,22:59
SWA947,KTPA,KMDW,1,2026-10-06,11:40
SWA948,KBWI,KAUS,6,2026-10-06,12:34
SWA948,KSAN,PHNL,2,2026-10-01,01:52
SWA949,KBWI,KAUS,3,2026-10-06,00:42
SWA949,KOAK,KAUS,1,2026-09-30,16:17
SWA949,KORF,KMDW,1,2026-10-03,21:32
SWA950,KBWI,KBDL,5,2026-10-05,11:15
SWA950,KOAK,KLAS,2,2026-10-01,01:54
SWA951,KBDL,KBWI,1,2026-10-03,12:00
SWA951,KBWI,KHOU,1,2026-09-30,12:09
SWA951,KBWI,KLAS,1,2026-10-06,14:50
SWA951,KBWI,KVPS,1,2026-10-03,13:55
SWA951,KLAS,KTUS,4,2026-10-06,22:56
SWA951,KPHX,KBNA,3,2026-10-06,02:23
SWA951,KTUS,KPHX,3,2026-10-06,00:55
SWA951,KTUS,KDEN,1,2026-10-04,22:15
SWA951,KVPS,KAUS,1,2026-10-03,16:53
SWA952,KBDL,KMDW,1,2026-10-05,23:28
SWA952,KBWI,KBDL,2,2026-10-06,21:35
SWA952,KBWI,KBOS,1,2026-10-03,21:25
SWA952,KBWI,KHOU,1,2026-09-30,15:29
SWA952,KCMH,KDAL,2,2026-10-06,23:25
SWA952,KCMH,KSLC,1,2026-10-02,23:42
SWA952,KDAL,KSLC,2,2026-10-06,02:53
SWA952,KDAL,KBWI,1,2026-10-04,18:03
SWA952,KMCI,KDAL,1,2026-10-04,15:43
SWA952,KMCO,KBWI,1,2026-10-03,17:45
SWA954,KBHM,KBWI,1,2026-10-04,20:28
SWA954,KBWI,KBDL,3,2026-10-06,03:02
SWA954,KBWI,KHOU,1,2026-09-30,18:20
SWA954,KDEN,KBHM,1,2026-10-04,17:08
SWA955,KLAS,KONT,1,2026-09-30,18:50
SWA955,KMCO,KMHT,1,2026-10-05,00:48
SWA955,KONT,KSJC,1,2026-09-30,20:13
SWA955,KSAN,KGEG,4,2026-10-05,18:44
SWA956,KBUR,KDEN,1,2026-09-30,20:49
SWA956,KBZN,KLAS,1,2026-10-03,15:54
SWA956,KOAK,KONT,1,2026-10-06,19:13
SWA956,KONT,KSMF,3,2026-10-05,16:54
SWA956,KONT,KDEN,1,2026-10-06,21:07
SWA956,KSAT,KDAL,1,2026-10-04,17:42
SWA957,KBWI,KMCO,1,2026-10-03,16:26
SWA957,KSAN,KSAT,4,2026-10-06,04:53
SWA957,KSFO,KMDW,1,2026-09-30,18:10
SWA958,KAUS,KBOS,1,2026-10-06,16:02
SWA958,KBWI,KBNA,3,2026-10-05,19:34
SWA958,KDEN,KLAS,1,2026-10-04,12:15
SWA958,KGEG,KDEN,1,2026-10-03,14:07
SWA958,KLAS,KOAK,1,2026-09-30,15:02
SWA960,KBHM,KBWI,1,2026-09-30,20:53
SWA960,KBWI,KBNA,2,2026-10-06,22:02
SWA960,KDEN,KBHM,1,2026-09-30,17:40
SWA960,KMHT,KBWI,1,2026-10-06,19:51
SWA961,KBUR,KSMF,1,2026-10-06,20:44
SWA961,KBWI,KBNA,1,2026-10-03,22:07
SWA961,KDAL,KMDW,1,2026-10-04,18:50
SWA961,KMAF,KDAL,1,2026-10-04,16:43
SWA961,KMDW,KBWI,1,2026-09-30,11:31
SWA962,KCMH,KAUS,1,2026-10-06,13:58
SWA962,KDEN,KPHX,1,2026-09-30,16:26
SWA962,KONT,KPHX,3,2026-10-06,02:11
SWA962,KPHX,KSAN,1,2026-10-03,22:31
SWA962,KPHX,KSJC,1,2026-09-30,19:02
SWA962,KSFO,KLAX,1,2026-10-05,05:39
SWA962,KSJC,KONT,3,2026-10-06,00:21
SWA963,KBWI,KISP,1,2026-10-01,00:41
SWA963,KPHX,KCLE,1,2026-10-03,15:12
SWA963,KSFO,KSAN,1,2026-10-04,17:45
SWA965,KICT,KMDW,3,2026-10-05,20:57
SWA965,KMCI,KBNA,1,2026-10-03,15:15
SWA965,KMDW,KPHX,2,2026-10-01,21:31
SWA965,KPHX,KICT,3,2026-10-05,18:13
SWA965,KSJC,KSAN,1,2026-10-05,03:47
SWA966,KDAL,KSAT,1,2026-10-01,01:08
SWA966,KMCI,KPHX,1,2026-10-03,11:14
SWA966,KMDW,KDAL,1,2026-09-30,19:32
SWA966,KSAT,KDEN,2,2026-10-01,02:52
SWA966,KSJC,KSNA,3,2026-10-06,04:06
SWA966,KSNA,KSJC,1,2026-10-04,17:07
SWA967,KAUS,KDAL,1,2026-09-30,13:32
SWA967,KBWI,KRIC,3,2026-10-06,04:17
SWA967,KMCO,KBWI,3,2026-10-06,01:21
SWA967,KSDF,KTPA,1,2026-10-05,23:22
SWA968,KBNA,KGRR,3,2026-10-05,16:59
SWA968,KBWI,KLAS,1,2026-09-30,10:43
SWA968,KSMF,KLGB,2,2026-10-06,17:15
SWA969,KBWI,KLAS,1,2026-09-30,14:29
SWA969,KMDW,KLAX,1,2026-10-04,01:11
SWA969,KSMF,KONT,3,2026-10-05,13:13
SWA969,KSMF,KLGB,1,2026-10-05,00:41
SWA970,KCHS,KBWI,1,2026-10-03,16:15
SWA970,KDEN,KAUS,3,2026-10-05,17:19
SWA971,KATL,KAUS,1,2026-10-04,18:59
SWA971,KDEN,KGEG,3,2026-10-05,14:47
SWA971,KGEG,KSJC,3,2026-10-05,17:46
SWA971,KOKC,KDEN,2,2026-10-01,00:35
SWA971,KPHX,KTUS,1,2026-10-06,20:04
SWA971,KSJC,KSNA,3,2026-10-05,20:39
SWA971,KTUS,KLAS,1,2026-10-06,21:22
SWA972,KBWI,KCHS,5,2026-10-06,12:39
SWA972,KBWI,KCLE,1,2026-10-03,14:47
SWA972,KCHS,KBNA,1,2026-10-06,14:54
SWA972,KCHS,KSTL,1,2026-10-04,14:49
SWA972,KCLE,KMCO,1,2026-10-03,16:37
SWA972,KPHX,KABQ,1,2026-09-30,20:56
SWA972,KSFO,KPHX,1,2026-09-30,18:32
SWA973,KBNA,KDAL,1,2026-09-30,13:35
SWA973,KBWI,KBUF,3,2026-10-05,15:20
SWA973,KBWI,KCHS,2,2026-10-06,16:59
SWA973,KCHS,KBNA,1,2026-10-04,19:27
SWA973,KCHS,KDAL,1,2026-10-06,18:27
SWA973,KDAL,KDEN,1,2026-10-06,21:47
SWA973,KMDW,KBWI,3,2026-10-05,12:38
SWA974,KBWI,KCHS,5,2026-10-05,21:23
SWA974,KCHS,KDAL,2,2026-10-06,23:06
SWA974,KMCI,KPHX,1,2026-10-06,11:39
SWA974,KPHX,KSFO,2,2026-10-01,03:14
SWA974,KPVD,KBWI,1,2026-10-04,19:44
SWA975,KBWI,KBOS,3,2026-10-06,23:57
SWA975,KCLE,KPHX,1,2026-10-03,18:28
SWA975,KLAS,KDEN,1,2026-10-04,19:55
SWA975,KMDW,KRIC,1,2026-09-30,17:50
SWA975,KRIC,KBWI,1,2026-09-30,20:34
SWA976,KDEN,KFAT,1,2026-09-30,17:22
SWA976,KLBB,KDEN,1,2026-10-03,13:06
SWA976,KTPA,KIND,3,2026-10-06,01:59
SWA977,KATL,KDCA,1,2026-10-05,00:02
SWA977,KLAS,KSMF,1,2026-09-30,20:15
SWA977,KSNA,KLAS,1,2026-10-03,14:25
SWA977,KTPA,KATL,3,2026-10-06,00:06
SWA978,KBNA,KSDF,1,2026-10-04,19:10
SWA978,KDAL,KLIT,1,2026-10-03,15:08
SWA978,KLGA,KDAL,1,2026-10-03,10:31
SWA978,KLIT,KDEN,1,2026-10-03,16:45
SWA978,KSDF,KBWI,1,2026-10-04,21:04
SWA978,KTPA,KMSY,1,2026-10-06,11:49
SWA979,KLGA,KMCI,1,2026-10-06,10:37
SWA979,KMCO,KMDW,1,2026-10-04,20:26
SWA979,KTPA,KPIT,4,2026-10-05,10:22
SWA980,KBWI,KCMH,3,2026-10-05,15:04
SWA980,KBWI,KDEN,1,2026-10-03,14:02
SWA980,KBWI,KMCO,1,2026-09-30,10:48
SWA980,KCMH,KMDW,3,2026-10-05,17:00
SWA980,KDAL,KBNA,1,2026-10-06,20:48
SWA980,KMDW,KTPA,2,2026-10-05,19:01
SWA981,KBNA,KBWI,1,2026-10-05,00:23
SWA981,KBOS,KBWI,3,2026-10-06,03:38
SWA981,KJAX,KMDW,1,2026-10-01,23:02
SWA982,KBWI,KCMH,5,2026-10-06,03:18
SWA982,KSTL,KBOS,2,2026-10-01,00:29
SWA983,KABQ,KAUS,3,2026-10-06,03:17
SWA983,KABQ,KPHX,2,2026-10-01,23:40
SWA983,KBUR,KABQ,3,2026-10-06,01:12
SWA983,KDEN,KABQ,1,2026-09-30,21:52
SWA983,KMCI,KPHX,1,2026-10-04,15:08
SWA983,KMEM,KMDW,1,2026-10-03,18:59
SWA983,KPHX,KSJC,1,2026-10-04,19:17
SWA983,KRSW,KSTL,1,2026-10-06,18:00
SWA983,KSTL,KMDW,1,2026-10-06,21:17
SWA984,KABQ,KLAX,3,2026-10-06,04:04
SWA984,KAUS,KOKC,1,2026-10-04,22:26
SWA984,KCMH,KAUS,1,2026-10-03,14:26
SWA984,KLAS,KAUS,1,2026-09-30,21:46
SWA984,KMCO,KCMH,1,2026-10-03,11:44
SWA984,KONT,KSMF,1,2026-10-06,22:12
SWA986,KAUS,KDAL,1,2026-09-30,18:10
SWA986,KBWI,KDAL,1,2026-10-05,23:50
SWA986,KDAL,KLAS,1,2026-10-03,12:48
SWA986,KDAL,KSLC,1,2026-10-06,17:16
SWA986,KDAL,KSTL,1,2026-09-30,20:01
SWA986,KDEN,KOAK,3,2026-10-05,17:56
SWA986,KLIT,KDAL,1,2026-10-03,10:52
SWA986,KMCO,KDAL,1,2026-10-06,13:52
SWA987,KDAL,KAUS,3,2026-10-04,16:27
SWA987,KFLL,KDAL,1,2026-10-03,14:20
SWA987,KHOU,KMCO,1,2026-09-30,20:11
SWA987,KSTL,KDAL,2,2026-10-05,18:00
SWA988,KATL,KDEN,1,2026-10-04,22:09
SWA988,KAUS,KONT,1,2026-10-05,00:24
SWA988,KBWI,KMCO,1,2026-09-30,18:03
SWA988,KHOU,KLAX,3,2026-10-06,00:20
SWA988,KLAX,KOAK,3,2026-10-06,04:13
SWA988,KMCO,KATL,1,2026-10-03,20:08
SWA989,KBNA,KCLT,1,2026-10-06,15:25
SWA989,KBWI,KDAL,4,2026-10-05,20:34
SWA989,KCLT,KBWI,1,2026-10-06,17:39
SWA989,KDAL,KLAS,5,2026-10-06,00:16
SWA989,KLAS,KRNO,1,2026-10-04,03:49
SWA989,KTUL,KBNA,1,2026-09-30,13:02
SWA990,KBDL,KMDW,1,2026-10-06,19:34
SWA990,KBWI,KDAL,3,2026-10-06,00:21
SWA990,KDAL,KMCI,1,2026-10-05,00:33
SWA990,KLAS,KSAT,1,2026-09-30,17:16
SWA990,KMCO,KBDL,1,2026-10-06,16:26
SWA990,KMCO,KDAL,1,2026-10-04,21:10
SWA991,KBWI,KDAL,3,2026-10-06,01:49
SWA991,KBWI,KMDW,1,2026-09-30,15:03
SWA991,KCMH,KDAL,1,2026-10-03,17:14
SWA992,KBWI,KDEN,5,2026-10-06,10:31
SWA992,KBWI,KMDW,1,2026-09-30,19:15
SWA993,KAUS,KMCI,1,2026-09-30,20:45
SWA993,KBWI,KDEN,4,2026-10-05,12:11
SWA993,KHDN,KDEN,1,2026-10-03,17:45
SWA993,KISP,KBWI,1,2026-10-06,17:09
SWA994,KBWI,KDEN,4,2026-10-05,15:37
SWA994,KDCA,KMCO,1,2026-09-30,10:08
SWA994,KDEN,KCOS,1,2026-10-06,20:59
SWA995,KAUS,KRDU,3,2026-10-05,13:24
SWA995,KAUS,KATL,1,2026-10-04,19:49
SWA995,KMDW,KLGA,1,2026-10-03,21:36
SWA996,KHOU,KBWI,1,2026-10-03,19:08
SWA996,KLAS,KLAX,2,2026-10-01,03:25
SWA997,KBHM,KMCO,3,2026-10-06,23:45
SWA997,KBWI,KBNA,1,2026-10-04,17:51
SWA997,KDAL,KBHM,2,2026-10-05,21:48
SWA997,KDAL,KBNA,1,2026-10-06,19:25
SWA997,KMDW,KLAX,2,2026-10-01,22:48
SWA997,KMDW,KBWI,1,2026-10-03,12:06
SWA998,KAUS,KSTL,1,2026-09-30,12:43
SWA998,KBWI,KDTW,5,2026-10-06,03:05
SWA998,KBWI,KMSP,1,2026-10-06,17:24
SWA998,KMDW,KRDU,1,2026-10-06,13:08
SWA998,KMSP,KDEN,1,2026-10-06,20:41
SWA998,KRDU,KBWI,1,2026-10-06,15:40
SWA999,KAUS,KRDU,1,2026-10-04,13:18
SWA999,KBNA,KFLL,5,2026-10-06,10:37
SWA999,KBOS,KSTL,2,2026-10-01,22:33
