callsign,origin,destination,days_seen,last_seen,takeoff_utc
DAL1,KJFK,EGLL,7,2026-10-06,00:50
DAL10,KMSP,EGLL,7,2026-10-06,04:13
DAL100,KATL,LFPG,4,2026-10-06,22:12
DAL1001,KSEA,KSNA,5,2026-10-05,18:25
DAL1001,KSNA,KSEA,6,2026-10-06,22:20
DAL1003,KDCA,KMCO,7,2026-10-06,11:06
DAL1003,KMCO,KDCA,7,2026-10-06,14:30
DAL1004,KABQ,KATL,7,2026-10-06,17:32
DAL1004,KATL,KABQ,7,2026-10-06,13:17
DAL1005,KATL,KDTW,7,2026-10-06,19:41
DAL1006,KAUS,KSLC,1,2026-10-03,20:49
DAL1006,KSLC,KAUS,1,2026-10-03,15:30
DAL1007,KDCA,KATL,6,2026-10-06,23:58
DAL1007,KXNA,KATL,1,2026-10-06,12:32
DAL1008,KATL,KCVG,7,2026-10-06,20:05
DAL1008,KCVG,KATL,5,2026-10-05,22:36
DAL1009,KEWR,KSLC,7,2026-10-06,11:32
DAL101,KATL,SAEZ,7,2026-10-06,03:07
DAL1010,KLGA,KBNA,6,2026-10-06,00:12
DAL1011,KATL,KBDL,7,2026-10-06,01:54
DAL1012,KDTW,KAUS,6,2026-10-06,16:31
DAL1013,KATL,KPNS,5,2026-10-04,19:00
DAL1013,KNPA,KATL,1,2026-10-01,21:15
DAL1013,KPNS,KATL,4,2026-10-06,22:38
DAL1014,KLGA,KDTW,4,2026-10-06,01:04
DAL1015,KIAD,KSEA,7,2026-10-06,11:37
DAL1016,KSEA,KSLC,7,2026-10-06,17:06
DAL1017,KATL,KBHM,7,2026-10-06,15:53
DAL1017,KBHM,KATL,7,2026-10-06,17:37
DAL1018,KFLL,KRDU,7,2026-10-06,19:10
DAL1019,KBOS,KDTW,7,2026-10-06,09:50
DAL1020,KDCA,KBOS,1,2026-10-06,11:02
DAL1020,KLAS,KBOS,4,2026-10-05,19:24
DAL1021,KATL,KGSP,4,2026-10-06,23:05
DAL1022,KRDU,KBOS,6,2026-10-06,14:11
DAL1023,KPVD,KATL,7,2026-10-06,10:04
DAL1024,KLGA,KBNA,1,2026-10-03,20:48
DAL1025,KMSP,KDEN,7,2026-10-06,19:34
DAL1026,KMSP,KATL,7,2026-10-06,23:24
DAL1027,KATL,KBTV,7,2026-10-06,01:44
DAL1028,KSLC,KBWI,3,2026-10-02,06:22
DAL1029,KJFK,KATL,7,2026-10-06,15:10
DAL1030,KATL,KMCO,6,2026-10-06,15:35
DAL1030,KMCO,KATL,5,2026-10-05,18:30
DAL1031,KATL,KDTW,7,2026-10-06,18:16
DAL1032,KMSP,KATL,4,2026-10-06,01:24
DAL1033,KRDU,KBOS,5,2026-10-06,17:50
DAL1034,KATL,KJFK,7,2026-10-06,13:44
DAL1035,KJAX,KJFK,4,2026-10-05,22:09
DAL1035,KJFK,KJAX,1,2026-10-04,18:12
DAL1035,KJFK,KLAX,1,2026-10-06,18:39
DAL1036,KMSP,KATL,7,2026-10-06,21:00
DAL1037,KDTW,KFLL,6,2026-10-05,20:13
DAL1037,KFLL,KDTW,6,2026-10-06,00:10
DAL1038,KRDU,KFLL,7,2026-10-06,16:11
DAL1039,KMSP,KATL,7,2026-10-06,12:10
DAL104,SBGR,KATL,6,2026-10-06,02:18
DAL1040,KAUS,KDTW,6,2026-10-06,10:27
DAL1041,KDTW,KDFW,7,2026-10-06,16:48
DAL1042,KAUS,KMSP,6,2026-10-06,00:12
DAL1042,KMSP,KAUS,1,2026-10-06,19:52
DAL1043,KDTW,KIAH,6,2026-10-05,12:46
DAL1043,KIAH,KDTW,6,2026-10-05,16:40
DAL1043,KPDX,KMSP,1,2026-10-06,21:03
DAL1044,KCHA,KATL,1,2026-10-06,09:38
DAL1044,KSEA,KJFK,6,2026-10-06,23:55
DAL1045,KLAX,KSEA,7,2026-10-06,19:16
DAL1046,KMSP,KATL,6,2026-10-06,15:43
DAL1047,KMSP,KPHX,7,2026-10-06,12:24
DAL1047,KPHX,KMSP,7,2026-10-06,16:53
DAL1048,KMSP,KATL,7,2026-10-06,17:59
DAL1049,KLAX,KDEN,7,2026-10-06,03:39
DAL105,KATL,SBGR,5,2026-10-06,23:15
DAL1050,KIAH,KMSP,7,2026-10-06,11:15
DAL1051,KMCO,KLAX,6,2026-10-05,21:49
DAL1052,KMSP,KATL,6,2026-10-06,13:58
DAL1053,KATL,KPHX,1,2026-10-06,14:23
DAL1053,KPHX,KATL,1,2026-10-06,19:23
DAL1053,KSEA,KSFO,6,2026-10-05,14:46
DAL1053,KSFO,KSEA,6,2026-10-05,17:55
DAL1054,KRDU,KBOS,7,2026-10-06,11:06
DAL1055,KDTW,KRSW,1,2026-10-06,14:33
DAL1055,KPIT,KMSP,6,2026-10-05,10:44
DAL1055,KRSW,KDTW,1,2026-10-06,18:17
DAL1056,KLGA,KSAV,1,2026-10-03,13:49
DAL1056,KSAV,KLGA,1,2026-10-03,17:44
DAL1057,KATL,KSRQ,3,2026-10-06,00:12
DAL1058,KATL,KDJT,4,2026-10-05,22:46
DAL1059,KATL,KCHA,3,2026-10-04,02:00
DAL1059,KPDX,KDTW,1,2026-10-06,18:56
DAL106,KJFK,EDDF,7,2026-10-06,23:16
DAL1060,KCHS,KLGA,1,2026-10-03,17:17
DAL1060,KLAX,KSFO,1,2026-10-06,19:31
DAL1060,KLGA,KCHS,1,2026-10-03,13:18
DAL1061,KJAX,KJFK,1,2026-10-06,21:55
DAL1061,KSEA,PAFA,6,2026-10-05,18:26
DAL1061,PAFA,KSEA,6,2026-10-06,23:06
DAL1062,KMSP,KATL,7,2026-10-06,10:38
DAL1063,KATL,KMDW,6,2026-10-06,13:06
DAL1063,KMDW,KATL,6,2026-10-06,15:58
DAL1064,CYVR,KSLC,5,2026-10-04,20:45
DAL1065,KRDU,KBOS,1,2026-10-04,22:45
DAL1066,KSAT,KATL,7,2026-10-06,11:48
DAL1067,KATL,KSAV,7,2026-10-06,17:07
DAL1067,KSAV,KATL,7,2026-10-06,19:07
DAL1068,KBNA,KSLC,7,2026-10-06,12:40
DAL1069,KIAH,KATL,7,2026-10-06,10:44
DAL107,EDDF,KJFK,7,2026-10-06,10:07
DAL1070,KDTW,KPHX,7,2026-10-06,12:53
DAL1070,KPHX,KDTW,7,2026-10-06,18:12
DAL1071,KBNA,KLGA,5,2026-10-05,11:17
DAL1072,KEYW,KATL,2,2026-10-01,12:54
DAL1073,KSAT,KATL,7,2026-10-06,10:39
DAL1074,KCOS,KATL,7,2026-10-06,12:15
DAL1075,KRDU,KBOS,6,2026-10-06,21:41
DAL1076,KATL,KMDW,7,2026-10-06,01:59
DAL1077,KAUS,KSFO,5,2026-10-06,21:31
DAL1077,KSFO,KAUS,6,2026-10-06,01:53
DAL1078,KLGA,KDTW,7,2026-10-06,13:57
DAL1079,KORF,KDTW,7,2026-10-06,10:04
DAL108,KATL,LEMD,7,2026-10-06,02:11
DAL1080,KLAX,KMEM,4,2026-10-06,01:34
DAL1081,KATL,KAUS,7,2026-10-06,01:38
DAL1082,KATL,KBDL,7,2026-10-06,14:51
DAL1082,KBDL,KATL,7,2026-10-06,18:15
DAL1083,KCLE,KMSP,5,2026-10-05,15:07
DAL1083,KMSP,KCLE,5,2026-10-05,12:19
DAL1084,KDTW,KORD,3,2026-10-05,22:18
DAL1084,KORD,KDTW,4,2026-10-06,00:46
DAL1085,KGSO,KATL,6,2026-10-06,12:25
DAL1087,KSLC,KLAX,5,2026-10-06,14:01
DAL1088,KSFO,KSLC,7,2026-10-06,00:44
DAL1088,KSLC,KSFO,6,2026-10-06,21:51
DAL1089,KATL,KRSW,7,2026-10-06,12:53
DAL1089,KRSW,KATL,7,2026-10-06,15:26
DAL109,LEMD,KATL,7,2026-10-06,08:12
DAL1090,KTPA,KSEA,7,2026-10-06,11:15
DAL1091,KSLC,KSFO,7,2026-10-06,04:57
DAL1093,KATL,KMYR,3,2026-10-06,21:18
DAL1093,KMYR,KATL,2,2026-10-05,23:06
DAL1094,KATL,KFLL,7,2026-10-06,12:30
DAL1094,KFLL,KATL,7,2026-10-06,15:14
DAL1095,KSLC,KLAX,7,2026-10-06,15:45
DAL1096,KDEN,KDTW,4,2026-10-05,07:03
DAL1097,KATL,KRDU,7,2026-10-06,21:45
DAL1097,KRDU,KATL,4,2026-10-06,00:49
DAL1098,KBOS,KMSP,6,2026-10-06,23:17
DAL1099,KATL,KTPA,6,2026-10-06,15:21
DAL1099,KTPA,KATL,6,2026-10-06,17:59
DAL11,KLAX,YMML,2,2026-10-06,06:48
DAL110,SAEZ,KATL,5,2026-10-04,23:19
DAL1100,KATL,KPHL,7,2026-10-06,11:50
DAL1100,KPHL,KATL,1,2026-10-06,17:10
DAL1101,KATL,KORF,7,2026-10-06,18:36
DAL1101,KORF,KATL,6,2026-10-06,21:22
DAL1102,KATL,KSTL,1,2026-10-06,16:57
DAL1102,KLAS,KJFK,4,2026-10-06,23:03
DAL1102,KSTL,KATL,1,2026-10-06,19:35
DAL1103,KBOS,KMSP,7,2026-10-06,16:15
DAL1104,KATL,KDAL,6,2026-10-06,01:10
DAL1105,KATL,KSGF,7,2026-10-06,01:33
DAL1106,KBOS,KRDU,1,2026-10-03,12:41
DAL1107,KATL,KFLL,4,2026-10-06,02:27
DAL1108,KSYR,KATL,7,2026-10-06,10:22
DAL1109,KABQ,KATL,7,2026-10-06,22:18
DAL1109,KATL,KABQ,7,2026-10-06,17:56
DAL1110,KATL,KMOB,6,2026-10-06,20:19
DAL1110,KMOB,KATL,4,2026-10-06,21:53
DAL1112,KLAX,KMSY,7,2026-10-06,13:35
DAL1113,KDEN,KDTW,7,2026-10-06,17:02
DAL1113,KDTW,KDEN,7,2026-10-06,12:57
DAL1114,KSEA,KPHL,7,2026-10-06,04:44
DAL1115,KATL,KDAL,4,2026-10-05,15:56
DAL1115,KDAL,KATL,5,2026-10-06,17:53
DAL1116,KLGB,KSLC,7,2026-10-06,20:12
DAL1116,KSLC,KLGB,7,2026-10-06,17:22
DAL1117,KSAN,KSLC,7,2026-10-06,13:34
DAL1118,KCLE,KMSP,5,2026-10-06,23:44
DAL1118,KMSP,KCLE,5,2026-10-05,21:22
DAL1119,KDTW,KSAV,7,2026-10-06,12:35
DAL1119,KSAV,KDTW,7,2026-10-06,15:32
DAL112,KBOS,LIRF,1,2026-10-05,23:55
DAL1120,KSEA,KSLC,5,2026-10-06,20:55
DAL1121,CYVR,KSLC,1,2026-10-05,21:54
DAL1121,KSLC,CYVR,7,2026-10-06,17:21
DAL1122,KLGA,KDTW,7,2026-10-06,17:09
DAL1123,KDTW,KMCO,6,2026-10-05,16:40
DAL1123,KMCO,KDTW,5,2026-10-05,20:18
DAL1124,KATL,KRSW,5,2026-10-06,22:33
DAL1125,KATL,KOMA,7,2026-10-06,15:26
DAL1125,KOMA,KATL,7,2026-10-06,18:48
DAL1126,KATL,KSDF,7,2026-10-06,20:02
DAL1126,KSDF,KATL,6,2026-10-06,22:10
DAL1127,KBOS,KMSP,7,2026-10-06,19:21
DAL1128,KSEA,KSLC,7,2026-10-06,12:53
DAL1129,KDEN,KMSP,7,2026-10-06,12:22
DAL113,LIRF,KBOS,7,2026-10-06,11:35
DAL1130,KATL,KMCI,6,2026-10-06,23:00
DAL1131,KATL,KIAH,5,2026-10-06,20:39
DAL1132,KATL,KBHM,5,2026-10-06,21:50
DAL1132,KBHM,KATL,3,2026-10-05,00:01
DAL1133,CYVR,KSLC,1,2026-10-06,20:35
DAL1133,KRDU,KBOS,1,2026-10-03,16:30
DAL1134,KMSP,KPIT,4,2026-10-05,01:04
DAL1134,KSEA,KSFO,1,2026-10-06,14:58
DAL1134,KSFO,KSEA,1,2026-10-06,17:59
DAL1135,KDTW,KPHX,6,2026-10-06,21:59
DAL1136,KOMA,KATL,7,2026-10-06,10:28
DAL1137,KALB,KATL,7,2026-10-06,16:48
DAL1137,KATL,KALB,7,2026-10-06,13:15
DAL1138,KBOS,KMSP,6,2026-10-06,11:24
DAL1139,KATL,KORD,7,2026-10-06,23:54
DAL114,KJFK,LPPR,6,2026-10-06,03:14
DAL1140,KMCO,KSLC,7,2026-10-06,21:06
DAL1142,KSLC,KLAX,7,2026-10-06,03:23
DAL1143,KIAH,KLAX,5,2026-10-06,21:14
DAL1143,KLAX,KIAH,7,2026-10-06,17:03
DAL1144,KMSP,KBNA,6,2026-10-06,01:44
DAL1145,KDTW,KMYR,2,2026-10-06,12:52
DAL1145,KMYR,KDTW,2,2026-10-06,15:38
DAL1146,KGSP,KATL,7,2026-10-06,11:14
DAL1147,KATL,KORD,7,2026-10-06,13:16
DAL1147,KORD,KATL,7,2026-10-06,16:37
DAL1148,KATL,KTYS,7,2026-10-06,19:03
DAL1148,KTYS,KATL,7,2026-10-06,20:46
DAL1149,KATL,KMEM,1,2026-10-03,12:38
DAL1149,KDTW,KMCO,1,2026-10-06,18:43
DAL1149,KMEM,KATL,6,2026-10-05,14:47
DAL115,LPPR,KJFK,6,2026-10-06,12:02
DAL1150,KATL,KMCO,7,2026-10-06,19:37
DAL1150,KMCO,KATL,6,2026-10-06,21:59
DAL1151,KATL,KMKE,7,2026-10-06,14:58
DAL1151,KMKE,KATL,7,2026-10-06,17:54
DAL1152,KPHL,KATL,7,2026-10-06,10:41
DAL1153,KATL,KRSW,7,2026-10-06,14:47
DAL1153,KRSW,KATL,7,2026-10-06,17:27
DAL1154,KATL,KRDU,4,2026-10-06,02:08
DAL1155,KATL,KBNA,7,2026-10-06,13:48
DAL1155,KBNA,KATL,7,2026-10-06,16:08
DAL1156,KAUS,KBOS,5,2026-10-06,21:57
DAL1157,KOMA,KATL,5,2026-10-05,12:01
DAL1158,KOKC,KATL,5,2026-10-05,12:19
DAL1159,KLAS,KJFK,7,2026-10-06,06:58
DAL1159,KLAS,KBOS,1,2026-10-06,18:47
DAL116,KMSP,EKCH,3,2026-10-05,01:41
DAL1160,KMSN,KATL,7,2026-10-06,11:03
DAL1161,KSLC,KLAX,7,2026-10-06,23:25
DAL1162,KATL,KMCO,7,2026-10-06,03:08
DAL1163,KDTW,KBOS,7,2026-10-06,11:11
DAL1164,KLGA,KMCO,7,2026-10-06,11:21
DAL1164,KMCO,KLGA,7,2026-10-06,14:59
DAL1165,KSEA,KSLC,7,2026-10-06,01:25
DAL1166,KJFK,KSAT,7,2026-10-06,13:12
DAL1166,KSAT,KJFK,7,2026-10-06,18:28
DAL1167,KATL,KTPA,1,2026-10-06,18:18
DAL1167,KSLC,KLGB,7,2026-10-06,02:48
DAL1167,KTPA,KATL,1,2026-10-06,20:51
DAL1168,KFLL,KATL,7,2026-10-06,09:34
DAL1169,KBOS,KDCA,1,2026-10-06,13:49
DAL1169,KLGB,KSLC,6,2026-10-05,14:12
DAL117,EKCH,KMSP,2,2026-10-05,12:21
DAL1170,KATL,KAUS,7,2026-10-06,23:44
DAL1171,KDTW,KBOS,7,2026-10-06,18:57
DAL1172,KSLC,KSJC,1,2026-10-04,23:33
DAL1173,KATL,KLEX,1,2026-10-06,17:46
DAL1173,KLEX,KATL,1,2026-10-06,19:32
DAL1173,KONT,KSLC,6,2026-10-05,20:14
DAL1173,KSLC,KONT,6,2026-10-05,17:36
DAL1174,KATL,KPHL,4,2026-10-06,00:57
DAL1175,KATL,KRIC,7,2026-10-06,03:28
DAL1176,KBWI,KSLC,7,2026-10-06,11:51
DAL1177,KSAN,KSLC,7,2026-10-06,17:17
DAL1177,KSLC,KSAN,7,2026-10-06,13:58
DAL1178,KATL,KORD,4,2026-10-05,11:34
DAL1178,KORD,KATL,4,2026-10-05,15:03
DAL1179,KSAN,KATL,7,2026-10-06,15:26
DAL1180,KPHL,KATL,6,2026-10-06,12:21
DAL1181,KFLL,KLGA,7,2026-10-06,19:34
DAL1181,KLGA,KFLL,7,2026-10-06,15:11
DAL1182,KATL,KAVL,7,2026-10-06,16:26
DAL1182,KAVL,KATL,7,2026-10-06,18:12
DAL1183,KBTR,KATL,7,2026-10-06,11:27
DAL1184,KOKC,KATL,7,2026-10-06,10:39
DAL1185,KSNA,KSLC,7,2026-10-06,14:20
DAL1186,KATL,KTUL,4,2026-10-05,19:33
DAL1186,KTUL,KATL,3,2026-10-05,22:32
DAL1187,KDTW,KBOS,7,2026-10-06,02:09
DAL1188,KPIT,KSLC,7,2026-10-06,21:39
DAL1188,KSLC,KPIT,7,2026-10-06,17:08
DAL1189,KATL,KABE,1,2026-10-06,20:22
DAL1189,KMSP,KPSP,1,2026-10-03,19:06
DAL1189,KPSP,KMSP,1,2026-10-04,23:19
DAL1190,KATL,KDJT,7,2026-10-06,15:18
DAL1190,KDJT,KATL,7,2026-10-06,18:19
DAL1192,KRDU,KATL,6,2026-10-06,10:33
DAL1193,KDCA,KMSP,7,2026-10-06,10:08
DAL1194,KLAX,KSLC,7,2026-10-06,18:42
DAL1195,KATL,KHOU,6,2026-10-06,16:27
DAL1195,KHOU,KATL,6,2026-10-06,19:45
DAL1196,KATL,KRSW,6,2026-10-06,17:07
DAL1196,KRSW,KATL,6,2026-10-06,19:45
DAL1197,KSLC,KLAX,6,2026-10-06,05:09
DAL1198,KSLC,KSNA,6,2026-10-06,14:16
DAL1198,KSNA,KSLC,6,2026-10-06,17:09
DAL1199,KATL,KORD,7,2026-10-06,02:55
DAL12,YMML,KLAX,2,2026-10-04,08:13
DAL120,RJTT,KMSP,7,2026-10-06,07:38
DAL1200,KROC,KATL,7,2026-10-06,10:17
DAL1201,KMCO,KDTW,7,2026-10-06,10:22
DAL1202,KSLC,KSAN,7,2026-10-06,05:06
DAL1203,KPDX,KSLC,7,2026-10-06,17:01
DAL1203,KSLC,KPDX,7,2026-10-06,13:50
DAL1204,KMCI,KATL,7,2026-10-06,10:52
DAL1205,KORD,KSEA,7,2026-10-06,22:54
DAL1206,KATL,KMKE,7,2026-10-06,20:43
DAL1206,KMKE,KATL,7,2026-10-06,23:38
DAL1207,KDTW,KDFW,7,2026-10-06,00:17
DAL1208,KMCO,KMSP,6,2026-10-05,19:14
DAL1208,KMSP,KMCO,6,2026-10-05,14:33
DAL1209,KPDX,KSLC,7,2026-10-06,20:33
DAL1209,KSLC,KPDX,7,2026-10-06,17:39
DAL1210,KSAN,KSLC,6,2026-10-06,00:18
DAL1210,KSLC,KSAN,7,2026-10-06,21:18
DAL1211,KMIA,KATL,7,2026-10-06,11:29
DAL1212,KMCI,KATL,7,2026-10-06,12:14
DAL1213,KATL,KMCO,7,2026-10-06,12:40
DAL1213,KMCO,KATL,7,2026-10-06,15:12
DAL1214,KATL,KRIC,7,2026-10-06,18:40
DAL1214,KRIC,KATL,7,2026-10-06,21:41
DAL1215,KFLL,KATL,7,2026-10-06,10:39
DAL1216,KIAH,KLAX,7,2026-10-06,12:12
DAL1217,KATL,KRSW,7,2026-10-06,03:10
DAL1218,KAUS,KDTW,7,2026-10-06,17:19
DAL1218,KDTW,KAUS,7,2026-10-06,13:11
DAL1219,KGEG,KSLC,4,2026-10-06,02:08
DAL1219,KMSP,KPIT,1,2026-10-06,12:41
DAL1219,KPIT,KMSP,1,2026-10-06,16:31
DAL1219,KSLC,KGEG,4,2026-10-06,23:39
DAL122,KBOS,EGPH,7,2026-10-06,00:07
DAL1220,KDEN,KMSP,5,2026-10-06,23:54
DAL1221,KMKE,KATL,7,2026-10-06,10:33
DAL1222,KATL,KSAT,6,2026-10-06,00:07
DAL1223,KATL,KIAH,6,2026-10-05,19:05
DAL1223,KIAH,KATL,3,2026-10-05,22:33
DAL1223,KMEM,KATL,1,2026-10-06,14:59
DAL1224,KCHS,KLGA,1,2026-10-06,16:56
DAL1224,KLGA,KCHS,1,2026-10-06,12:56
DAL1224,KMSP,KSTL,5,2026-10-05,20:31
DAL1224,KSTL,KMSP,5,2026-10-06,22:54
DAL1225,KDTW,KRSW,7,2026-10-06,18:46
DAL1226,KCLE,KMSP,1,2026-10-06,20:41
DAL1226,KMSP,KCLE,1,2026-10-06,17:53
DAL1227,KATL,KTPA,7,2026-10-06,12:44
DAL1227,KTPA,KATL,7,2026-10-06,15:10
DAL1229,KATL,KFLL,7,2026-10-06,02:59
DAL123,EGPH,KBOS,7,2026-10-06,10:55
DAL1230,KDTW,KMEM,6,2026-10-06,00:16
DAL1231,KLGA,KDTW,7,2026-10-06,10:11
DAL1232,KATL,KDTW,6,2026-10-06,00:43
DAL1233,KJFK,KAUS,7,2026-10-06,00:33
DAL1234,KATL,KMIA,3,2026-10-05,01:35
DAL1235,KATL,KLEX,6,2026-10-06,22:32
DAL1236,KMKE,KATL,7,2026-10-06,12:13
DAL1237,KFSD,KATL,7,2026-10-06,10:30
DAL1238,KPDX,KSLC,3,2026-10-06,02:26
DAL1238,KSLC,KPDX,3,2026-10-06,23:30
DAL1239,KSEA,KSLC,4,2026-10-06,03:44
DAL124,KBOS,LPPT,6,2026-10-06,03:55
DAL1240,KATL,KDTW,7,2026-10-06,15:17
DAL1241,KALB,KATL,6,2026-10-06,22:40
DAL1241,KATL,KALB,6,2026-10-06,19:35
DAL1242,KAUS,KMSP,7,2026-10-06,11:10
DAL1243,KDTW,KTPA,4,2026-10-05,18:36
DAL1243,KTPA,KDTW,4,2026-10-06,22:40
DAL1244,KPDX,KSLC,6,2026-10-06,00:18
DAL1244,KSLC,KPDX,7,2026-10-06,21:24
DAL1245,KGRR,KMSP,6,2026-10-05,20:15
DAL1245,KIND,KATL,1,2026-10-06,22:48
DAL1245,KMSP,KGRR,6,2026-10-05,18:05
DAL1246,KATL,KMKE,6,2026-10-06,16:58
DAL1246,KMKE,KATL,6,2026-10-06,20:05
DAL1247,KORD,KATL,7,2026-10-06,11:49
DAL1248,KATL,KMDT,7,2026-10-06,13:21
DAL1248,KMDT,KATL,7,2026-10-06,16:01
DAL1249,KMIA,KATL,6,2026-10-05,10:14
DAL125,LPPT,KBOS,6,2026-10-06,12:28
DAL1250,KMCO,KMSP,7,2026-10-06,11:12
DAL1251,KATL,KTUS,7,2026-10-06,00:47
DAL1252,KSAN,KSLC,6,2026-10-06,02:46
DAL1252,KSLC,KSAN,6,2026-10-06,23:41
DAL1253,KJFK,KDTW,6,2026-10-06,23:33
DAL1254,KSJC,KSLC,6,2026-10-06,20:51
DAL1254,KSLC,KSJC,6,2026-10-06,18:03
DAL1255,KMDT,KATL,7,2026-10-06,10:10
DAL1256,KMCI,KDTW,7,2026-10-06,11:34
DAL1257,KATL,KBWI,7,2026-10-06,23:45
DAL1258,KAUS,KATL,7,2026-10-06,11:35
DAL1259,KTUL,KATL,7,2026-10-06,11:04
DAL126,KJFK,LEMD,7,2026-10-06,01:03
DAL1260,KSJC,KSLC,6,2026-10-05,00:32
DAL1260,KSLC,KSJC,7,2026-10-06,21:45
DAL1261,KMIA,KATL,7,2026-10-06,12:36
DAL1262,KATL,KDTW,3,2026-10-06,23:51
DAL1263,KATL,KRIC,4,2026-10-06,23:01
DAL1264,KORD,KATL,7,2026-10-06,10:37
DAL1265,KSEA,KSLC,7,2026-10-06,18:46
DAL1266,KATL,KDJT,5,2026-10-06,16:33
DAL1266,KDJT,KATL,5,2026-10-05,19:41
DAL1267,KATL,KBWI,7,2026-10-06,19:49
DAL1267,KBWI,KATL,4,2026-10-06,23:23
DAL1268,KATL,KMKE,7,2026-10-06,02:53
DAL1269,KPHL,KATL,7,2026-10-06,09:35
DAL127,LEMD,KJFK,7,2026-10-06,11:12
DAL1270,KPDX,KSLC,6,2026-10-06,12:48
DAL1271,KATL,KFLL,7,2026-10-06,13:19
DAL1271,KFLL,KATL,7,2026-10-06,16:32
DAL1272,KSLC,KSJC,4,2026-10-06,05:02
DAL1273,KATL,KGSP,3,2026-10-04,18:39
DAL1273,KGSP,KATL,3,2026-10-04,20:17
DAL1273,KSAN,KMSP,1,2026-10-06,13:46
DAL1274,KDTW,KMCO,7,2026-10-06,23:09
DAL1275,KRDU,KTPA,5,2026-10-06,22:15
DAL1275,KTPA,KRDU,6,2026-10-06,01:08
DAL1276,KDFW,KMSP,7,2026-10-06,12:19
DAL1277,KSLC,KSNA,7,2026-10-06,21:25
DAL1277,KSNA,KSLC,6,2026-10-06,00:20
DAL1278,KATL,KJAN,5,2026-10-05,20:48
DAL1278,KJAN,KATL,5,2026-10-05,22:50
DAL1279,KRDU,KTPA,7,2026-10-06,10:42
DAL1279,KTPA,KRDU,7,2026-10-06,13:17
DAL128,KJFK,LEBL,5,2026-10-06,23:37
DAL1280,KATL,KMSP,4,2026-10-06,01:09
DAL1281,KATL,KEYW,3,2026-10-02,13:00
DAL1281,KEYW,KATL,3,2026-10-02,15:47
DAL1282,KLAS,KMSP,7,2026-10-06,13:33
DAL1283,KATL,KMDT,7,2026-10-06,01:56
DAL1284,KATL,KIAH,6,2026-10-06,00:46
DAL1285,KMDW,KATL,7,2026-10-06,11:12
DAL1286,KATL,KJAN,6,2026-10-06,14:16
DAL1286,KJAN,KATL,6,2026-10-06,16:24
DAL1287,KLAX,KIAH,6,2026-10-06,01:45
DAL1289,KMSP,KSTL,5,2026-10-05,14:11
DAL1289,KSTL,KMSP,5,2026-10-05,16:21
DAL129,LEBL,KJFK,7,2026-10-06,09:48
DAL1290,KBUR,KSLC,5,2026-10-05,16:59
DAL1290,KPDX,KMSP,1,2026-10-06,19:04
DAL1290,KSLC,KBUR,5,2026-10-05,13:58
DAL1291,KDFW,KSLC,6,2026-10-06,13:39
DAL1292,KATL,KILM,6,2026-10-05,19:37
DAL1292,KILM,KATL,7,2026-10-06,21:48
DAL1293,KATL,KBOS,7,2026-10-06,17:04
DAL1294,KDTW,KFLL,6,2026-10-06,16:49
DAL1294,KFLL,KDTW,7,2026-10-06,20:53
DAL1295,KATL,KFLL,7,2026-10-06,21:12
DAL1295,KFLL,KATL,4,2026-10-06,00:24
DAL1296,KSAN,KSLC,7,2026-10-06,21:31
DAL1296,KSLC,KSAN,7,2026-10-06,17:53
DAL1297,KAUS,KBOS,6,2026-10-06,00:24
DAL1297,KBOS,KAUS,5,2026-10-06,17:55
DAL1297,KBOS,KCLE,1,2026-09-30,17:37
DAL1297,KCLE,KAUS,1,2026-09-30,20:03
DAL1298,KATL,KDTW,7,2026-10-06,13:36
DAL1299,KIAH,KSLC,6,2026-10-06,00:15
DAL1299,KSLC,KIAH,5,2026-10-05,20:11
DAL130,KATL,EDDM,7,2026-10-06,21:33
DAL1301,KDJT,KATL,7,2026-10-06,12:07
DAL1302,KATL,KMCO,7,2026-10-06,01:55
DAL1303,KDTW,KMSP,5,2026-10-05,00:18
DAL1304,KSLC,KSNA,7,2026-10-06,03:22
DAL1305,KXNA,KATL,6,2026-10-06,00:32
DAL1306,KMSP,KORD,7,2026-10-06,20:56
DAL1306,KORD,KMSP,7,2026-10-06,23:30
DAL1307,KDTW,KIAH,7,2026-10-06,16:57
DAL1307,KIAH,KDTW,5,2026-10-05,21:17
DAL1308,KBOS,KMSP,6,2026-10-05,12:31
DAL1309,KATL,KIAD,5,2026-10-06,00:14
DAL131,EDDM,KATL,7,2026-10-06,08:33
DAL1310,KATL,KMSP,7,2026-10-06,03:20
DAL1311,KATL,KDJT,7,2026-10-06,12:23
DAL1311,KDJT,KATL,7,2026-10-06,15:09
DAL1312,KMCO,KRDU,7,2026-10-06,18:54
DAL1314,KSJC,KSLC,7,2026-10-06,13:09
DAL1315,KIAH,KATL,6,2026-10-06,12:08
DAL1316,KDTW,KJFK,6,2026-10-05,22:10
DAL1317,KDEN,KSLC,7,2026-10-06,16:54
DAL1317,KSLC,KDEN,7,2026-10-06,14:25
DAL1318,KLAX,KSLC,7,2026-10-06,14:24
DAL1319,KRDU,KMCO,4,2026-10-05,21:21
DAL1320,KATL,KCLE,7,2026-10-06,02:58
DAL1321,KDTW,KMCI,7,2026-10-06,00:02
DAL1322,KATL,KMSY,1,2026-10-06,11:51
DAL1322,KJFK,KMSY,4,2026-10-05,12:09
DAL1322,KMSY,KJFK,4,2026-10-05,18:34
DAL1322,KMSY,KATL,1,2026-10-06,14:30
DAL1323,KATL,KMIA,7,2026-10-06,17:45
DAL1323,KMIA,KATL,6,2026-10-06,20:53
DAL1324,KATL,KIAD,7,2026-10-06,11:37
DAL1324,KIAD,KATL,7,2026-10-06,14:23
DAL1325,KPDX,KDTW,4,2026-10-06,06:30
DAL1326,KFLL,KATL,7,2026-10-06,12:40
DAL1327,KPDX,KDTW,5,2026-10-05,19:22
DAL1328,KATL,KMIA,1,2026-10-06,21:53
DAL1328,KSNA,KDTW,3,2026-10-05,21:03
DAL1329,KATL,KPHL,7,2026-10-06,20:38
DAL1329,KPHL,KATL,4,2026-10-06,00:07
DAL133,EHAM,KDTW,7,2026-10-06,07:49
DAL1330,KBDL,KMSP,7,2026-10-06,11:15
DAL1331,KSFO,KSLC,7,2026-10-06,12:54
DAL1332,KATL,KMIA,7,2026-10-06,15:21
DAL1332,KMIA,KATL,7,2026-10-06,18:28
DAL1333,KDTW,KSNA,1,2026-10-06,12:40
DAL1333,KPHX,KATL,4,2026-10-06,22:20
DAL1334,KATL,KFLL,6,2026-10-06,11:16
DAL1334,KFLL,KATL,6,2026-10-06,14:20
DAL1335,KATL,KAUS,4,2026-10-06,03:01
DAL1336,KATL,KORF,6,2026-10-06,12:21
DAL1336,KORF,KATL,6,2026-10-06,15:11
DAL1337,KMCO,KRDU,7,2026-10-06,13:06
DAL1337,KRDU,KMCO,7,2026-10-06,10:28
DAL1338,KORF,KATL,6,2026-10-06,12:18
DAL1339,KATL,KCLE,7,2026-10-06,00:55
DAL134,KDTW,EHAM,7,2026-10-06,22:51
DAL1340,KSLC,KBIL,6,2026-10-05,03:23
DAL1341,KATL,KFLL,7,2026-10-06,17:04
DAL1341,KFLL,KATL,7,2026-10-06,20:01
DAL1342,KSLC,KSMF,7,2026-10-06,21:27
DAL1342,KSMF,KSLC,7,2026-10-06,00:12
DAL1343,KDTW,KMKE,6,2026-10-06,20:07
DAL1343,KMKE,KDTW,6,2026-10-06,22:07
DAL1344,KAUS,KATL,7,2026-10-06,10:28
DAL1345,KATL,KPIT,6,2026-10-05,15:14
DAL1345,KPIT,KATL,7,2026-10-06,17:49
DAL1346,KATL,KORF,6,2026-10-06,20:48
DAL1346,KORF,KATL,6,2026-10-06,23:23
DAL1347,KBIS,KMSP,1,2026-10-03,14:54
DAL1348,KATL,KRIC,7,2026-10-06,20:54
DAL1348,KRIC,KATL,4,2026-10-06,23:52
DAL1349,KDCA,KMSP,1,2026-10-06,19:03
DAL1349,KMCI,KMSP,5,2026-10-05,17:26
DAL1349,KMSP,KMCI,5,2026-10-05,15:06
DAL135,EHAM,KDTW,7,2026-10-06,09:20
DAL1350,KATL,KCLE,6,2026-10-06,20:42
DAL1350,KCLE,KATL,6,2026-10-06,23:28
DAL1351,KATL,KPIT,7,2026-10-06,02:59
DAL1352,KDJT,KATL,6,2026-10-06,11:11
DAL1353,KATL,KPIT,6,2026-10-06,17:33
DAL1353,KPIT,KATL,6,2026-10-06,20:06
DAL1354,KATL,KMDT,5,2026-10-05,16:33
DAL1354,KMDT,KATL,5,2026-10-05,19:08
DAL1355,KDTW,KTPA,7,2026-10-06,22:56
DAL1356,KMSP,KCMH,7,2026-10-06,01:40
DAL1357,KCLE,KMSP,6,2026-10-05,10:20
DAL1358,KDEN,KSEA,7,2026-10-06,20:03
DAL1358,KSEA,KDEN,7,2026-10-06,16:24
DAL1359,KDTW,KORF,1,2026-10-06,14:03
DAL1359,KLAX,KSJC,7,2026-10-06,23:15
DAL1359,KORF,KDTW,1,2026-10-06,16:59
DAL1359,KSJC,KLAX,7,2026-10-06,01:24
DAL136,KDTW,EHAM,7,2026-10-06,02:41
DAL1360,KBIL,KSLC,6,2026-10-05,11:26
DAL1361,KRSW,KATL,7,2026-10-06,11:04
DAL1362,KLGA,KMCO,1,2026-10-06,19:14
DAL1362,KSJC,KLAX,6,2026-10-05,14:11
DAL1363,KATL,KPIT,7,2026-10-06,12:45
DAL1363,KPIT,KATL,7,2026-10-06,15:24
DAL1364,KORF,KATL,7,2026-10-06,11:02
DAL1365,KDTW,KSAT,7,2026-10-06,00:55
DAL1366,KATL,KCHA,4,2026-10-06,01:54
DAL1367,KSLC,KSMF,7,2026-10-06,14:06
DAL1367,KSMF,KSLC,7,2026-10-06,16:47
DAL1368,KIAH,KLGA,4,2026-10-05,19:14
DAL1368,KJFK,KMSY,1,2026-10-06,11:09
DAL1368,KMSY,KJFK,1,2026-10-06,15:33
DAL1369,KBHM,KATL,6,2026-10-06,13:04
DAL137,EHAM,KDTW,7,2026-10-06,12:57
DAL1370,KMCO,KRDU,4,2026-10-06,00:55
DAL1371,KDTW,KSTL,7,2026-10-06,16:35
DAL1371,KSTL,KDTW,7,2026-10-06,18:59
DAL1372,KATL,KMCO,6,2026-10-06,18:27
DAL1372,KATL,KTPA,1,2026-10-03,18:22
DAL1372,KMCO,KATL,6,2026-10-06,20:59
DAL1372,KTPA,KMCO,1,2026-10-03,22:17
DAL1373,KPDX,KSLC,1,2026-10-01,12:55
DAL1373,KSLC,KPDX,7,2026-10-06,04:55
DAL1374,KATL,KSDF,7,2026-10-06,13:10
DAL1374,KSDF,KATL,7,2026-10-06,15:26
DAL1375,KATL,KSYR,7,2026-10-06,13:26
DAL1375,KSYR,KATL,7,2026-10-06,16:48
DAL1376,KDJT,KATL,7,2026-10-06,10:14
DAL1377,KRDU,KMCO,7,2026-10-06,15:53
DAL1378,KBNA,KSLC,3,2026-10-05,00:53
DAL1378,KDTW,KFLL,1,2026-10-06,14:07
DAL1378,KFLL,KDTW,1,2026-10-06,18:10
DAL1379,KATL,KRSW,7,2026-10-06,19:14
DAL1380,KDCA,KMSP,1,2026-10-06,16:27
DAL1380,KLAX,KSJC,6,2026-10-05,16:34
DAL1380,KSJC,KLAX,6,2026-10-05,18:44
DAL1381,KATL,KCHS,7,2026-10-06,18:05
DAL1381,KCHS,KATL,7,2026-10-06,20:35
DAL1382,KBTV,KATL,7,2026-10-06,09:41
DAL1383,KCHA,KATL,1,2026-09-30,15:12
DAL1383,KPIT,KATL,6,2026-10-06,12:08
DAL1383,KPIT,KCHA,1,2026-09-30,12:07
DAL1384,KATL,KBUF,7,2026-10-06,13:18
DAL1384,KBUF,KATL,7,2026-10-06,16:37
DAL1385,KRSW,KATL,7,2026-10-06,09:35
DAL1386,KATL,KMIA,7,2026-10-06,19:26
DAL1386,KMIA,KATL,5,2026-10-05,22:15
DAL1387,KJFK,KMSY,6,2026-10-06,19:51
DAL1387,KMSY,KJFK,6,2026-10-06,00:09
DAL1388,KRDU,KDTW,6,2026-10-06,09:39
DAL1389,KIAH,KDTW,7,2026-10-06,10:35
DAL1390,KLGA,KORD,5,2026-10-06,21:13
DAL1390,KORD,KLGA,6,2026-10-06,00:48
DAL1391,KDTW,KPHL,7,2026-10-06,19:02
DAL1391,KPHL,KDTW,6,2026-10-06,21:37
DAL1392,KIND,KATL,1,2026-10-06,09:57
DAL1392,KMSP,KCLE,6,2026-10-05,02:01
DAL1393,KATL,KSTL,6,2026-10-06,21:51
DAL1393,KSTL,KATL,6,2026-10-06,00:01
DAL1394,KDJT,KATL,6,2026-10-06,13:27
DAL1395,KRSW,KATL,7,2026-10-06,12:37
DAL1396,KLIT,KATL,7,2026-10-06,12:12
DAL1397,KATL,KAUS,7,2026-10-06,19:07
DAL1397,KAUS,KATL,7,2026-10-06,22:41
DAL1398,KBOS,KMSY,7,2026-10-06,15:25
DAL1399,KBOS,KMIA,6,2026-10-06,11:27
DAL1399,KBOS,KPHL,1,2026-09-30,11:25
DAL1399,KMIA,KBOS,6,2026-10-05,16:59
DAL1399,KPHL,KMIA,1,2026-09-30,13:25
DAL14,KATL,EDDF,7,2026-10-06,22:18
DAL140,KATL,EBBR,6,2026-10-06,21:35
DAL1400,KATL,KSTL,7,2026-10-06,14:38
DAL1400,KSTL,KATL,7,2026-10-06,17:11
DAL1401,KBOS,KFLL,5,2026-10-05,11:14
DAL1401,KBOS,KORF,1,2026-09-30,11:14
DAL1401,KFLL,KBOS,6,2026-10-05,15:50
DAL1401,KORF,KFLL,1,2026-09-30,13:26
DAL1402,KRIC,KATL,6,2026-10-06,11:16
DAL1403,KATL,KSTL,6,2026-10-06,03:12
DAL1404,KCHS,KLGA,5,2026-10-06,20:01
DAL1404,KLGA,KCHS,6,2026-10-06,15:56
DAL1405,KCLT,KDTW,7,2026-10-06,10:14
DAL1406,KAUS,KJFK,7,2026-10-06,16:36
DAL1406,KJFK,KAUS,7,2026-10-06,11:26
DAL1407,KDTW,KRDU,7,2026-10-06,20:27
DAL1407,KRDU,KDTW,6,2026-10-06,23:02
DAL1408,KATL,KSAT,6,2026-10-06,15:36
DAL1408,KSAT,KATL,6,2026-10-06,19:13
DAL1409,KLGA,KATL,1,2026-10-06,14:29
DAL1409,KROC,KDTW,6,2026-10-05,10:06
DAL141,EBBR,KATL,6,2026-10-06,08:06
DAL1410,KBOS,KAUS,6,2026-10-06,10:32
DAL1410,KBOS,KCLE,1,2026-09-30,10:20
DAL1410,KCLE,KAUS,1,2026-09-30,13:11
DAL1411,KAUS,KJFK,7,2026-10-06,12:47
DAL1412,KSEA,KSFO,7,2026-10-06,18:21
DAL1412,KSFO,KSEA,6,2026-10-06,21:30
DAL1413,KATL,KFLL,7,2026-10-06,18:12
DAL1413,KFLL,KATL,7,2026-10-06,21:17
DAL1414,KJFK,KFLL,6,2026-10-06,00:23
DAL1415,KRIC,KATL,7,2026-10-06,12:29
DAL1416,KONT,KSLC,1,2026-10-06,17:12
DAL1416,KSLC,KONT,1,2026-10-06,14:11
DAL1416,KXNA,KATL,1,2026-10-04,00:00
DAL1417,KIAH,KLGA,7,2026-10-06,12:17
DAL1418,KATL,KICT,1,2026-10-06,21:28
DAL1418,KDTW,KROC,7,2026-10-06,01:49
DAL1419,KFLL,KJFK,6,2026-10-06,00:18
DAL1419,KJFK,KFLL,7,2026-10-06,19:57
DAL142,KSEA,EHAM,1,2026-10-04,22:15
DAL1420,KATL,KCHO,1,2026-10-06,19:25
DAL1420,KCHO,KATL,1,2026-10-06,21:32
DAL1420,KLAX,KSJC,7,2026-10-06,03:57
DAL1421,KLAX,KSFO,7,2026-10-06,14:10
DAL1421,KSFO,KLAX,7,2026-10-06,16:43
DAL1422,KFLL,KJFK,7,2026-10-06,15:35
DAL1422,KJFK,KFLL,7,2026-10-06,11:09
DAL1423,KSLC,KSMF,7,2026-10-06,17:36
DAL1423,KSMF,KSLC,1,2026-10-06,20:36
DAL1424,KATL,KMSY,7,2026-10-06,13:17
DAL1424,KMSY,KATL,7,2026-10-06,15:58
DAL1425,KATL,KTPA,7,2026-10-06,20:55
DAL1425,KTPA,KATL,7,2026-10-06,23:41
DAL1426,KATL,KRIC,4,2026-10-06,01:29
DAL1427,KDTW,KRDU,6,2026-10-06,11:08
DAL1427,KRDU,KDTW,6,2026-10-06,14:03
DAL1428,KJFK,KMIA,6,2026-10-06,00:03
DAL1429,KDTW,KCLT,7,2026-10-06,18:21
DAL143,EHAM,KSEA,7,2026-10-06,08:43
DAL1430,KFSD,KMSP,1,2026-10-03,15:59
DAL1431,KPHX,KSLC,7,2026-10-06,20:29
DAL1431,KSLC,KPHX,7,2026-10-06,17:50
DAL1432,KBOS,KDTW,5,2026-10-05,21:49
DAL1433,KMSP,KDTW,7,2026-10-06,14:18
DAL1434,KLAX,KSLC,7,2026-10-06,17:00
DAL1435,KFSD,KMSP,5,2026-10-05,13:32
DAL1435,KIAH,KATL,1,2026-10-06,13:18
DAL1436,KATW,KATL,7,2026-10-06,10:58
DAL1437,KATL,KCHS,1,2026-10-06,14:27
DAL1437,KATL,KTYS,1,2026-10-04,01:35
DAL1437,KCHS,KATL,1,2026-10-06,17:20
DAL1438,KIAH,KLGA,6,2026-10-06,23:59
DAL1439,KBOS,KTPA,5,2026-10-06,20:44
DAL1439,KTPA,KBOS,6,2026-10-06,01:38
DAL144,KSEA,EHAM,7,2026-10-06,01:14
DAL1440,KGEG,KSLC,6,2026-10-06,12:32
DAL1441,KDFW,KDTW,6,2026-10-06,00:37
DAL1441,KDTW,KDFW,5,2026-10-06,21:00
DAL1442,KMSP,KLAS,7,2026-10-06,03:04
DAL1443,KATL,KMCI,6,2026-10-06,18:06
DAL1443,KMCI,KATL,6,2026-10-06,21:31
DAL1444,KATL,KIAD,6,2026-10-06,14:04
DAL1444,KIAD,KATL,6,2026-10-06,16:50
DAL1445,KSRQ,KATL,6,2026-10-06,11:20
DAL1446,KATL,KGNV,1,2026-10-06,18:01
DAL1446,KGNV,KATL,1,2026-10-06,19:57
DAL1446,KORD,KSLC,6,2026-10-05,19:32
DAL1447,KPHX,KSLC,7,2026-10-06,16:56
DAL1447,KSLC,KPHX,7,2026-10-06,14:02
DAL1448,KORD,KSLC,6,2026-10-06,01:26
DAL1449,KIAH,KLGA,5,2026-10-05,16:09
DAL145,EHAM,KSEA,7,2026-10-06,13:32
DAL1450,KATL,KMSY,7,2026-10-06,23:49
DAL1451,KPHX,KSLC,4,2026-10-06,02:49
DAL1451,KSLC,KPHX,4,2026-10-06,23:49
DAL1452,KGEG,KSLC,7,2026-10-06,20:28
DAL1452,KSLC,KGEG,7,2026-10-06,17:33
DAL1453,KLGA,KRDU,1,2026-10-06,20:06
DAL1453,KMSY,KBOS,5,2026-10-05,21:38
DAL1453,KRDU,KLGA,1,2026-10-06,22:35
DAL1454,KDCA,KDTW,7,2026-10-06,21:49
DAL1454,KDTW,KDCA,7,2026-10-06,19:28
DAL1455,KDTW,KMCO,7,2026-10-06,13:02
DAL1455,KMCO,KDTW,7,2026-10-06,17:04
DAL1456,KIND,KMSP,6,2026-10-06,23:31
DAL1456,KMSP,KIND,6,2026-10-06,20:54
DAL1457,KATL,KTPA,5,2026-10-05,23:08
DAL1458,KATL,KDJT,7,2026-10-06,20:00
DAL1459,KATL,KCMH,7,2026-10-06,02:47
DAL1460,KRIC,KATL,7,2026-10-06,09:55
DAL1461,KMSP,KDTW,7,2026-10-06,11:14
DAL1462,KATL,KRIC,6,2026-10-06,12:29
DAL1462,KRIC,KATL,6,2026-10-06,15:14
DAL1463,KMCO,KATL,7,2026-10-06,12:19
DAL1465,KATL,KSAT,7,2026-10-06,19:58
DAL1465,KSAT,KATL,6,2026-10-06,23:26
DAL1466,KSLC,KGEG,6,2026-10-06,04:59
DAL1467,KDTW,KATL,7,2026-10-06,20:24
DAL1468,KDTW,KMIA,6,2026-10-06,13:20
DAL1468,KMIA,KDTW,6,2026-10-06,17:29
DAL1469,KMSP,KCVG,7,2026-10-06,02:14
DAL1470,KATL,KMCI,4,2026-10-05,20:49
DAL1470,KMCI,KATL,4,2026-10-06,23:47
DAL1471,KSAT,KLAX,6,2026-10-06,22:06
DAL1472,KATL,KEYW,2,2026-10-01,15:43
DAL1472,KEYW,KATL,2,2026-10-01,18:30
DAL1473,KMIA,KJFK,6,2026-10-05,15:47
DAL1474,KBOS,KATL,1,2026-10-06,14:23
DAL1474,KMCO,KBOS,7,2026-10-06,00:52
DAL1475,KSAT,KDTW,4,2026-10-05,21:09
DAL1476,KMSP,KDTW,5,2026-10-05,21:09
DAL1477,KATL,KORD,7,2026-10-06,17:29
DAL1477,KORD,KATL,7,2026-10-06,20:58
DAL1478,KATL,KDTW,5,2026-10-06,22:37
DAL1479,KATL,KCMH,7,2026-10-06,12:42
DAL1479,KCMH,KATL,7,2026-10-06,15:15
DAL148,KJFK,LMML,1,2026-10-01,21:55
DAL1480,KJFK,KATL,6,2026-10-06,20:05
DAL1481,KATL,KSDF,7,2026-10-06,15:11
DAL1481,KSDF,KATL,7,2026-10-06,17:36
DAL1482,KATL,KIND,6,2026-10-05,00:46
DAL1483,KLAX,KSLC,6,2026-10-06,02:22
DAL1484,KMSP,KDTW,7,2026-10-06,01:15
DAL1485,KMIA,KLGA,1,2026-10-03,18:11
DAL1485,KRSW,KCVG,1,2026-10-06,15:46
DAL1486,KTPA,KATL,7,2026-10-06,11:59
DAL1487,KDTW,KLGA,7,2026-10-06,11:13
DAL1488,KATL,KRDU,6,2026-10-06,15:14
DAL1488,KRDU,KATL,7,2026-10-06,17:53
DAL1489,KATL,KFLL,7,2026-10-06,00:02
DAL149,LMML,KJFK,3,2026-10-05,08:29
DAL1490,KATL,KBNA,5,2026-10-06,22:57
DAL1491,KATL,KAUS,6,2026-10-06,20:41
DAL1491,KAUS,KATL,4,2026-10-06,01:13
DAL1492,KSLC,KSTL,6,2026-10-06,20:09
DAL1492,KSTL,KSLC,6,2026-10-05,23:58
DAL1493,KDCA,KMSP,5,2026-10-06,11:55
DAL1494,KMCO,KATL,6,2026-10-06,10:25
DAL1495,KATL,KDJT,2,2026-10-01,03:39
DAL1496,KSLC,KPHX,7,2026-10-06,05:18
DAL1497,KATL,KMCO,7,2026-10-06,21:18
DAL1497,KMCO,KATL,7,2026-10-06,00:04
DAL1498,KBNA,KMSP,1,2026-10-06,15:53
DAL1498,KMIA,KLGA,5,2026-10-05,15:43
DAL1499,KSRQ,KATL,7,2026-10-06,10:12
DAL15,EDDF,KATL,7,2026-10-06,08:57
DAL150,SPJC,KATL,6,2026-10-06,05:41
DAL1500,KATL,KCLE,7,2026-10-06,12:48
DAL1500,KCLE,KATL,7,2026-10-06,15:27
DAL1501,KATL,KCMH,5,2026-10-06,00:43
DAL1502,KMSP,KBOS,6,2026-10-06,23:59
DAL1503,KGEG,KSLC,7,2026-10-06,00:40
DAL1503,KSLC,KGEG,5,2026-10-06,22:25
DAL1504,KPIT,KATL,7,2026-10-06,09:59
DAL1505,KMCO,KATL,7,2026-10-06,13:19
DAL1506,KBNA,KLGA,1,2026-10-03,16:12
DAL1507,KATL,KTRI,1,2026-10-06,15:46
DAL1507,KSAT,KSLC,6,2026-10-06,23:21
DAL1507,KTRI,KATL,1,2026-10-06,17:31
DAL1508,KATL,KSAT,7,2026-10-06,02:58
DAL1509,KATL,KHOU,7,2026-10-06,13:04
DAL1509,KHOU,KATL,7,2026-10-06,16:17
DAL150A,SPJC,KATL,1,2026-09-30,09:04
DAL151,KATL,SPJC,1,2026-10-03,22:43
DAL1510,KATL,KMIA,7,2026-10-06,13:15
DAL1510,KMIA,KATL,7,2026-10-06,16:15
DAL1511,KLGA,KMCO,1,2026-10-06,12:44
DAL1511,KMCO,KLGA,7,2026-10-06,18:06
DAL1512,KATL,KFLL,7,2026-10-06,14:45
DAL1512,KFLL,KATL,7,2026-10-06,17:44
DAL1513,KBOS,KMCO,6,2026-10-06,01:41
DAL1513,KBOS,KIAD,1,2026-09-30,00:59
DAL1513,KIAD,KMCO,1,2026-09-30,03:20
DAL1514,KJFK,KMIA,7,2026-10-06,15:22
DAL1514,KMIA,KJFK,7,2026-10-06,19:40
DAL1515,KPWM,KATL,7,2026-10-06,10:12
DAL1516,KIAH,KMSP,4,2026-10-05,20:21
DAL1517,KLAX,KMCI,5,2026-10-06,16:39
DAL1517,KMCI,KLAX,4,2026-10-05,21:23
DAL1518,KATL,KRDU,6,2026-10-06,23:34
DAL1519,KMSP,KDTW,7,2026-10-06,18:08
DAL152,KMSP,LFPG,1,2026-10-05,21:57
DAL1520,KTPA,KJFK,5,2026-10-06,00:13
DAL1521,KLAX,KATL,1,2026-10-05,20:39
DAL1521,KSNA,KATL,6,2026-10-06,19:38
DAL1521,KSNA,KLAX,1,2026-10-04,19:01
DAL1522,KATL,KCMH,6,2026-10-06,14:39
DAL1522,KCMH,KATL,6,2026-10-06,17:23
DAL1523,KDCA,KMSP,5,2026-10-05,19:23
DAL1523,KDCA,KBOS,1,2026-10-06,16:00
DAL1524,KSTL,KATL,7,2026-10-06,11:08
DAL1525,KATL,KTPA,7,2026-10-06,16:58
DAL1525,KTPA,KATL,7,2026-10-06,19:27
DAL1526,KSMF,KSLC,7,2026-10-06,12:37
DAL1527,KATL,KDJT,7,2026-10-06,14:09
DAL1527,KDJT,KATL,7,2026-10-06,17:12
DAL1528,KJFK,KMIA,7,2026-10-06,11:20
DAL1529,KIAH,KDTW,5,2026-10-06,00:02
DAL153,LFPG,KMSP,6,2026-10-06,09:50
DAL1530,KRDU,KATL,7,2026-10-06,13:03
DAL1531,KATL,KABQ,6,2026-10-06,01:13
DAL1532,KIAH,KSLC,7,2026-10-06,19:32
DAL1532,KSLC,KIAH,7,2026-10-06,15:40
DAL1533,KMSP,KORD,5,2026-10-06,18:37
DAL1533,KORD,KMSP,5,2026-10-06,21:19
DAL1534,KMSY,KATL,6,2026-10-06,11:47
DAL1535,KPHX,KSLC,7,2026-10-06,12:49
DAL1536,KSTL,KATL,7,2026-10-06,12:09
DAL1537,KTRI,KATL,7,2026-10-06,10:10
DAL1538,KLGA,KMIA,7,2026-10-06,15:25
DAL1538,KMIA,KLGA,7,2026-10-06,19:58
DAL1539,KDFW,KSLC,6,2026-10-06,23:49
DAL1539,KPNS,KATL,1,2026-10-06,14:32
DAL154,KBOS,EIDW,7,2026-10-06,04:07
DAL1540,KPHL,KDTW,7,2026-10-06,10:27
DAL1541,KDTW,KSTL,7,2026-10-06,00:08
DAL1542,KLAS,KMSP,4,2026-10-06,00:04
DAL1542,KMSP,KLAS,5,2026-10-06,19:35
DAL1543,KBNA,KDTW,1,2026-10-06,15:31
DAL1543,KJFK,KMCO,4,2026-10-05,19:29
DAL1544,KATL,KCHO,1,2026-10-06,14:14
DAL1544,KCHO,KATL,1,2026-10-06,16:21
DAL1544,KMSP,KORD,6,2026-10-05,12:07
DAL1545,KATL,KCMH,4,2026-10-05,22:52
DAL1546,KBWI,KDTW,7,2026-10-06,16:40
DAL1546,KDTW,KBWI,7,2026-10-06,14:30
DAL1547,KMSY,KATL,7,2026-10-06,10:29
DAL1548,KMCO,KATL,6,2026-10-06,09:37
DAL1549,KATL,KTLH,7,2026-10-06,17:50
DAL1549,KTLH,KATL,6,2026-10-06,19:40
DAL155,EIDW,KBOS,7,2026-10-06,14:20
DAL1550,KATL,KRDU,7,2026-10-06,18:25
DAL1550,KRDU,KATL,7,2026-10-06,21:11
DAL1551,KLAX,KSEA,5,2026-10-05,02:29
DAL1552,KRDU,KATL,7,2026-10-06,09:19
DAL1553,KDEN,KSLC,7,2026-10-06,19:09
DAL1553,KSLC,KDEN,7,2026-10-06,16:50
DAL1554,KATL,KIAD,1,2026-10-06,19:33
DAL1554,KIAH,KMSP,6,2026-10-05,16:05
DAL1555,KGRR,KMSP,6,2026-10-06,22:36
DAL1555,KMSP,KGRR,6,2026-10-06,20:23
DAL1556,KORD,KLAX,7,2026-10-06,12:33
DAL1557,KBNA,KDTW,7,2026-10-06,19:38
DAL1557,KDTW,KBNA,7,2026-10-06,16:59
DAL1558,KDCA,KDTW,7,2026-10-06,13:45
DAL1558,KDTW,KDCA,7,2026-10-06,11:11
DAL1559,KSFO,KLAX,7,2026-10-06,01:42
DAL1560,KATL,KTPA,7,2026-10-06,03:25
DAL1561,KDTW,KGSP,6,2026-10-06,00:01
DAL1562,KATL,KMCO,4,2026-10-06,04:59
DAL1562,KMCO,KATL,1,2026-10-06,18:52
DAL1563,KMSP,KORD,7,2026-10-06,01:12
DAL1564,KORD,KSEA,7,2026-10-06,18:14
DAL1565,KLIT,KATL,7,2026-10-06,10:37
DAL1566,KPHX,KDTW,7,2026-10-06,06:19
DAL1567,KMSP,KORD,7,2026-10-06,15:19
DAL1567,KORD,KMSP,7,2026-10-06,17:42
DAL1568,KATL,KPIT,5,2026-10-05,19:01
DAL1568,KBOS,KRSW,1,2026-10-06,11:23
DAL1568,KPIT,KATL,6,2026-10-05,21:57
DAL1569,KATL,KTLH,7,2026-10-06,01:49
DAL1570,KPHX,KSEA,6,2026-10-05,13:58
DAL1571,KATL,KSTL,6,2026-10-06,12:32
DAL1571,KSTL,KATL,6,2026-10-06,15:14
DAL1572,KATL,KIAH,6,2026-10-05,16:43
DAL1572,KATL,KBHM,1,2026-10-06,17:43
DAL1572,KIAH,KATL,6,2026-10-05,20:13
DAL1573,KMCO,KLGA,7,2026-10-06,11:13
DAL1574,KJFK,KPDX,7,2026-10-06,12:55
DAL1575,KATL,KJFK,7,2026-10-06,18:11
DAL1576,KATL,KMCO,7,2026-10-06,17:05
DAL1576,KMCO,KATL,7,2026-10-06,19:53
DAL1577,KATL,KMEM,4,2026-10-06,02:05
DAL1578,KMSP,KORD,1,2026-10-06,12:12
DAL1578,KORD,KMSP,1,2026-10-06,15:25
DAL1579,KDCA,KMCO,1,2026-10-06,18:57
DAL1579,KMCO,KLGA,5,2026-10-06,00:46
DAL158,RKSI,KDTW,7,2026-10-06,01:29
DAL1580,KBOS,KMCO,6,2026-10-06,11:29
DAL1580,KBOS,KIAD,1,2026-09-30,11:21
DAL1580,KIAD,KMCO,1,2026-09-30,13:21
DAL1580,KMCO,KBOS,7,2026-10-06,16:05
DAL1581,KDEN,KSLC,4,2026-10-05,14:12
DAL1581,KDTW,KIAH,1,2026-10-06,12:36
DAL1582,KSLC,KSMF,7,2026-10-06,05:11
DAL1583,KIAH,KSLC,6,2026-10-06,12:35
DAL1584,KAUS,KLAX,7,2026-10-06,00:46
DAL1585,KATL,KIAH,7,2026-10-06,11:49
DAL1585,KIAH,KATL,7,2026-10-06,15:17
DAL1586,KSLC,KDEN,5,2026-10-06,00:16
DAL1587,KATL,KTPA,7,2026-10-06,14:20
DAL1587,KTPA,KATL,7,2026-10-06,16:46
DAL1588,KATL,KMIA,7,2026-10-06,23:37
DAL1589,KATL,KMIA,7,2026-10-06,03:09
DAL159,KDTW,RKSI,1,2026-10-05,17:42
DAL1590,KATL,KCAE,6,2026-10-05,14:24
DAL1590,KCAE,KATL,6,2026-10-05,16:08
DAL1591,KATL,KTPA,3,2026-10-06,01:44
DAL1592,KATL,KBWI,7,2026-10-06,11:41
DAL1592,KBWI,KATL,7,2026-10-06,14:32
DAL1593,KBNA,KSLC,4,2026-10-05,19:12
DAL1594,KATL,KTPA,7,2026-10-06,21:58
DAL1594,KTPA,KATL,4,2026-10-06,00:42
DAL1595,KRNO,KSLC,7,2026-10-06,20:26
DAL1595,KSLC,KRNO,7,2026-10-06,17:45
DAL1596,KATL,KTRI,7,2026-10-06,01:26
DAL1597,KSTL,KMSP,6,2026-10-05,11:19
DAL1598,KSFO,KLAX,7,2026-10-06,14:33
DAL1599,KMSP,KMSN,7,2026-10-06,03:24
DAL16,KDTW,EGLL,6,2026-10-06,23:12
DAL160,KMSP,EHAM,2,2026-10-06,00:51
DAL1600,KCVG,KRSW,7,2026-10-06,11:30
DAL1601,KATL,KIAH,7,2026-10-06,03:18
DAL1603,KFLL,KATL,7,2026-10-06,11:43
DAL1604,KEWR,KATL,1,2026-10-04,23:06
DAL1604,KRDU,KLGA,1,2026-10-06,10:12
DAL1605,KDTW,KIAD,1,2026-10-06,12:48
DAL1605,KIAD,KDTW,1,2026-10-06,15:03
DAL1605,PAJN,KSEA,6,2026-10-05,15:27
DAL1606,KATL,KDJT,7,2026-10-06,00:26
DAL1607,KSLC,KRNO,7,2026-10-06,05:09
DAL1608,KBOS,KMCO,1,2026-10-06,15:46
DAL1608,KMCO,KBOS,1,2026-10-06,20:36
DAL1608,KORD,KBOS,1,2026-10-03,17:03
DAL1609,KGRR,KMSP,1,2026-10-06,20:13
DAL1609,KMSP,KSTL,6,2026-10-05,03:04
DAL1609,KMSP,KGRR,1,2026-10-06,17:58
DAL161,EHAM,KMSP,7,2026-10-06,08:03
DAL1610,KSDF,KATL,7,2026-10-06,11:12
DAL1611,KDTW,KATL,7,2026-10-06,10:31
DAL1612,KDTW,KAUS,6,2026-10-06,20:54
DAL1613,KMCI,KMSP,5,2026-10-06,21:24
DAL1613,KMSP,KMCI,7,2026-10-06,19:02
DAL1614,KSLC,KONT,7,2026-10-06,05:06
DAL1615,KGEG,KMSP,7,2026-10-06,13:55
DAL1616,KATL,KHPN,6,2026-10-05,00:30
DAL1617,KATL,KGSO,7,2026-10-06,01:05
DAL1618,KBHM,KATL,7,2026-10-06,12:07
DAL1619,KGSP,KATL,7,2026-10-06,12:15
DAL162,KMSP,EHAM,6,2026-10-06,01:18
DAL1620,KLGA,KMIA,7,2026-10-06,22:11
DAL1621,KATL,KBTR,1,2026-10-06,13:04
DAL1621,KBTR,KATL,1,2026-10-06,15:30
DAL1621,KDCA,KMCO,6,2026-10-05,19:03
DAL1622,KAGS,KATL,5,2026-10-05,16:15
DAL1622,KATL,KAGS,5,2026-10-05,14:27
DAL1622,KDTW,KORD,1,2026-10-06,11:25
DAL1622,KORD,KDTW,1,2026-10-06,13:27
DAL1623,KDEN,KSLC,7,2026-10-06,00:21
DAL1623,KSLC,KDEN,6,2026-10-06,21:49
DAL1624,KMEM,KATL,7,2026-10-06,12:21
DAL1625,KCHS,KATL,1,2026-10-06,10:37
DAL1625,KDFW,KMSP,6,2026-10-06,00:02
DAL1626,KSTL,KDTW,7,2026-10-06,11:44
DAL1627,KDTW,KMEM,7,2026-10-06,13:02
DAL1627,KMEM,KDTW,7,2026-10-06,15:39
DAL1628,KSEA,KLAX,7,2026-10-06,14:39
DAL1629,KATL,KJAN,1,2026-10-06,20:20
DAL1629,KDFW,KMSP,5,2026-10-05,20:39
DAL1629,KJAN,KATL,1,2026-10-06,22:09
DAL163,EHAM,KMSP,6,2026-10-06,11:00
DAL1630,KROC,KDTW,1,2026-10-06,10:23
DAL1630,KRSW,KCVG,6,2026-10-05,15:49
DAL1631,KMSY,KLAX,1,2026-10-06,20:02
DAL1631,KORD,KLGA,5,2026-10-05,19:59
DAL1632,KATL,KJFK,7,2026-10-06,02:53
DAL1632,KDEN,KSLC,1,2026-10-06,14:24
DAL1633,KDTW,KIAH,7,2026-10-06,00:27
DAL1634,KLAX,KORD,7,2026-10-06,00:43
DAL1635,KATL,KTLH,1,2026-10-06,22:41
DAL1635,KMCI,KMSP,6,2026-10-05,11:32
DAL1636,KJFK,KTPA,7,2026-10-06,00:18
DAL1637,KATL,KICT,7,2026-10-06,13:24
DAL1637,KICT,KATL,7,2026-10-06,16:20
DAL1638,KDJT,KJFK,5,2026-10-06,00:07
DAL1638,KJFK,KDJT,5,2026-10-06,20:03
DAL1639,KCLT,KDTW,5,2026-10-05,14:00
DAL164,KMSP,EHAM,7,2026-10-06,02:57
DAL1640,KATL,KPNS,5,2026-10-06,16:41
DAL1640,KNPA,KATL,1,2026-10-02,18:59
DAL1640,KPNS,KATL,3,2026-10-06,18:43
DAL1641,KEWR,KMSP,6,2026-10-06,10:27
DAL1642,KBNA,KSEA,1,2026-10-06,12:28
DAL1642,KORD,KLGA,4,2026-10-05,14:53
DAL1643,KAUS,KJFK,7,2026-10-06,23:12
DAL1643,KJFK,KAUS,7,2026-10-06,17:58
DAL1644,KDTW,KDEN,4,2026-10-05,00:43
DAL1645,KPSC,KSLC,7,2026-10-06,13:21
DAL1646,KATL,KDTW,7,2026-10-06,11:37
DAL1647,KLAX,KSLC,6,2026-10-06,20:18
DAL1648,KDEN,KDTW,5,2026-10-05,21:34
DAL1648,KDTW,KDEN,7,2026-10-06,17:10
DAL1649,KBNA,KLGA,4,2026-10-05,22:02
DAL165,EHAM,KMSP,7,2026-10-06,12:58
DAL1650,KRNO,KSLC,7,2026-10-06,13:12
DAL1651,KIAH,KATL,6,2026-10-06,00:26
DAL1652,KDTW,KMSY,1,2026-10-06,18:38
DAL1652,KORD,KATL,4,2026-10-06,23:35
DAL1653,KDTW,KATL,7,2026-10-06,11:31
DAL1654,KJFK,KDTW,6,2026-10-05,17:10
DAL1654,KMCO,KMSP,1,2026-10-06,13:14
DAL1655,KBOS,KSFO,6,2026-10-06,21:50
DAL1655,KCMH,KSFO,1,2026-09-30,00:32
DAL1655,KSFO,KBOS,3,2026-10-05,05:09
DAL1656,KCLT,KATL,6,2026-10-05,11:10
DAL1657,KIAD,KATL,1,2026-10-06,22:19
DAL1657,KMSP,KMCI,7,2026-10-06,03:17
DAL1658,KATL,KMCO,7,2026-10-06,13:36
DAL1658,KMCO,KATL,7,2026-10-06,16:17
DAL1659,KLAS,KSLC,7,2026-10-06,20:47
DAL1659,KSLC,KLAS,7,2026-10-06,17:49
DAL166,RJTT,KSEA,6,2026-10-06,07:45
DAL1660,KATL,KMCI,7,2026-10-06,19:29
DAL1660,KMCI,KATL,7,2026-10-06,22:35
DAL1661,KBOS,KDCA,1,2026-10-06,19:04
DAL1661,KDCA,KBOS,1,2026-10-06,22:16
DAL1661,KMSP,KPDX,6,2026-10-05,16:09
DAL1661,KPDX,KMSP,4,2026-10-06,22:11
DAL1662,KSLC,KLAS,7,2026-10-06,05:14
DAL1663,KATL,KCHS,4,2026-10-06,01:14
DAL1664,KDJT,KATL,5,2026-10-06,23:15
DAL1664,KGEG,KSEA,1,2026-10-06,12:09
DAL1665,KDTW,KORD,5,2026-10-06,00:25
DAL1666,KMEM,KATL,7,2026-10-06,11:06
DAL1667,KSLC,KDEN,6,2026-10-06,03:28
DAL1668,KBOI,KATL,1,2026-10-06,19:50
DAL1668,KRSW,KATL,4,2026-10-05,22:31
DAL1669,KDTW,KLGA,7,2026-10-06,16:31
DAL167,KSEA,RJTT,1,2026-10-04,19:46
DAL1670,KATL,KFLL,6,2026-10-06,22:18
DAL1671,KATL,KJAN,1,2026-10-06,18:33
DAL1671,KJAN,KATL,1,2026-10-06,20:34
DAL1671,KSNA,KSLC,6,2026-10-05,20:55
DAL1672,KLAS,KSLC,7,2026-10-06,00:20
DAL1672,KSLC,KLAS,7,2026-10-06,21:57
DAL1673,KEWR,KATL,6,2026-10-06,11:27
DAL1674,KECP,KATL,7,2026-10-06,12:43
DAL1675,KCLT,KDTW,6,2026-10-05,21:45
DAL1676,KATL,KSAT,6,2026-10-06,12:43
DAL1676,KSAT,KATL,7,2026-10-06,16:09
DAL1677,KBOS,KAUS,5,2026-10-06,23:33
DAL1677,KBOS,KCLE,1,2026-09-30,23:34
DAL1677,KCLE,KAUS,1,2026-09-30,01:58
DAL1678,KBZN,KMSP,7,2026-10-06,12:24
DAL1679,KCVG,KTPA,7,2026-10-06,19:10
DAL1679,KTPA,KCVG,6,2026-10-06,22:41
DAL1680,KSGF,KATL,7,2026-10-06,11:26
DAL1681,KATL,KMEM,6,2026-10-05,21:04
DAL1681,KBHM,KATL,1,2026-10-06,19:19
DAL1681,KMEM,KATL,7,2026-10-06,23:29
DAL1682,KATL,KIAH,7,2026-10-06,14:21
DAL1682,KIAH,KATL,7,2026-10-06,17:37
DAL1683,KDCA,KDTW,6,2026-10-06,23:57
DAL1683,KMSP,KSAN,1,2026-10-06,15:21
DAL1684,KATL,KCHA,1,2026-10-06,18:28
DAL1684,KAUS,KSEA,6,2026-10-05,16:02
DAL1684,KCHA,KATL,1,2026-10-06,20:06
DAL1685,KJFK,KMCO,2,2026-10-03,19:20
DAL1685,KMCO,KJFK,7,2026-10-06,00:11
DAL1686,KDTW,KPHL,6,2026-10-06,22:05
DAL1686,KPHL,KDTW,5,2026-10-06,00:20
DAL1687,KORD,KATL,7,2026-10-06,13:21
DAL1688,KABQ,KATL,7,2026-10-06,13:15
DAL1689,KDTW,KSYR,6,2026-10-06,01:57
DAL1690,KSLC,KLAS,4,2026-10-06,23:52
DAL1691,KMCO,KSLC,7,2026-10-06,23:36
DAL1691,KSLC,KMCO,2,2026-10-03,17:39
DAL1692,KATL,KPHL,7,2026-10-06,18:57
DAL1692,KPHL,KATL,5,2026-10-06,22:04
DAL1693,KATL,KBNA,1,2026-10-06,20:51
DAL1693,KBNA,KATL,1,2026-10-06,23:04
DAL1693,KLAX,KSFO,7,2026-10-06,04:04
DAL1694,KMSP,KFSD,7,2026-10-06,02:59
DAL1695,KATL,KIAD,6,2026-10-05,19:10
DAL1695,KIAD,KATL,5,2026-10-05,22:20
DAL1696,KLAS,KLAX,7,2026-10-06,20:14
DAL1696,KLAX,KLAS,7,2026-10-06,18:06
DAL1697,KPHX,KBOS,4,2026-10-06,05:46
DAL1698,KLAS,KSLC,6,2026-10-05,17:31
DAL1698,KSLC,KLAS,7,2026-10-06,14:25
DAL1699,KATL,KRDU,7,2026-10-06,12:54
DAL1699,KRDU,KATL,7,2026-10-06,15:19
DAL17,EGLL,KDTW,6,2026-10-06,10:05
DAL170,RKSI,KMSP,6,2026-10-06,11:28
DAL1700,KATL,KMEM,7,2026-10-06,19:40
DAL1700,KMEM,KATL,6,2026-10-06,22:06
DAL1701,KMSP,KSMF,7,2026-10-06,15:45
DAL1702,KSAV,KATL,7,2026-10-06,11:00
DAL1703,KLAS,KLAX,7,2026-10-06,00:58
DAL1704,KATL,KDSM,7,2026-10-06,13:52
DAL1704,KDSM,KATL,7,2026-10-06,17:10
DAL1705,KCVG,KATL,1,2026-10-06,17:55
DAL1705,KMSP,KDEN,6,2026-10-06,03:35
DAL1706,KSEA,KDTW,7,2026-10-06,19:24
DAL1707,KDTW,KBOS,3,2026-10-05,22:30
DAL1708,KATL,KHSV,6,2026-10-06,14:24
DAL1708,KHSV,KATL,6,2026-10-06,16:04
DAL1709,KCLT,KATL,5,2026-10-05,13:57
DAL171,KMSP,RKSI,6,2026-10-06,18:47
DAL1710,KATL,KXNA,4,2026-10-06,00:05
DAL1710,KBOS,KATL,1,2026-10-06,19:10
DAL1711,KMSP,KGRR,7,2026-10-06,02:49
DAL1712,KSLC,KPSC,7,2026-10-06,04:54
DAL1714,KLAX,KSEA,1,2026-10-06,17:39
DAL1715,KLAX,KSFO,6,2026-10-05,17:08
DAL1715,KSFO,KLAX,1,2026-10-06,21:52
DAL1716,KDTW,KORD,5,2026-10-05,16:38
DAL1716,KORD,KDTW,5,2026-10-05,19:13
DAL1717,KBOS,KLGA,1,2026-09-30,23:33
DAL1717,KORD,KMSP,1,2026-10-06,11:20
DAL1718,KDTW,KIAH,6,2026-10-06,20:28
DAL1719,KJFK,KSEA,7,2026-10-06,16:14
DAL172,RKSI,KSLC,7,2026-10-06,10:36
DAL1720,KATL,KTPA,6,2026-10-05,18:23
DAL1720,KTPA,KATL,6,2026-10-05,21:00
DAL1721,KMOB,KATL,7,2026-10-06,11:09
DAL1722,KATL,KCHA,5,2026-10-05,23:45
DAL1723,KMSO,KSLC,1,2026-09-30,19:38
DAL1723,KSLC,KMSO,1,2026-09-30,17:13
DAL1724,KBOS,KORD,1,2026-10-06,20:36
DAL1724,KCLT,KATL,6,2026-10-05,21:23
DAL1725,KATL,KGSP,6,2026-10-06,16:09
DAL1725,KGSP,KATL,6,2026-10-06,18:08
DAL1726,KTPA,KATL,7,2026-10-06,10:27
DAL1727,KTLH,KATL,7,2026-10-06,10:15
DAL1728,KATL,KMDW,7,2026-10-06,19:27
DAL1728,KMDW,KATL,6,2026-10-06,22:13
DAL1729,KCLT,KATL,4,2026-10-06,23:48
DAL1729,KDTW,KMKE,1,2026-10-06,12:29
DAL1729,KMKE,KDTW,1,2026-10-06,14:34
DAL1730,KMCO,KMSP,7,2026-10-06,16:24
DAL1730,KMSP,KMCO,7,2026-10-06,12:09
DAL1731,KDEN,KSEA,7,2026-10-06,12:04
DAL1732,KJFK,KSFO,4,2026-10-06,01:54
DAL1733,KDTW,KMIA,1,2026-10-06,18:50
DAL1733,KMEM,KATL,1,2026-10-03,14:32
DAL1734,KATL,CYYZ,7,2026-10-06,19:07
DAL1735,KATL,KMCO,7,2026-10-06,00:49
DAL1736,KATL,KRSW,7,2026-10-06,00:14
DAL1737,KATL,KCHA,6,2026-10-06,14:55
DAL1737,KCHA,KATL,6,2026-10-06,16:40
DAL1738,KPHX,KSLC,7,2026-10-06,00:28
DAL1738,KSLC,KPHX,7,2026-10-06,21:33
DAL1739,KLGA,KBOS,6,2026-10-06,01:40
DAL174,KATL,LIMC,7,2026-10-06,22:32
DAL1740,KJFK,KMCO,6,2026-10-06,00:29
DAL1741,KELP,KATL,1,2026-10-06,12:15
DAL1742,KATL,KMCO,7,2026-10-06,20:17
DAL1742,KMCO,KATL,5,2026-10-06,22:58
DAL1743,KATL,KTYS,6,2026-10-06,14:37
DAL1743,KTYS,KATL,6,2026-10-06,16:32
DAL1744,KBOI,KSLC,7,2026-10-06,17:08
DAL1744,KSLC,KBOI,7,2026-10-06,14:45
DAL1745,KDEN,KDTW,7,2026-10-06,12:39
DAL1746,KDTW,KMSP,7,2026-10-06,11:18
DAL1747,KDTW,KMCO,7,2026-10-06,14:24
DAL1748,KBOS,KDTW,6,2026-10-06,13:26
DAL1749,KBUF,KMSP,6,2026-10-06,23:31
DAL1749,KCVG,KATL,1,2026-10-06,19:00
DAL1749,KMSP,KBUF,5,2026-10-05,20:36
DAL175,LIMC,KATL,7,2026-10-06,10:36
DAL1750,KATL,KCMH,7,2026-10-06,16:40
DAL1750,KCMH,KATL,7,2026-10-06,19:14
DAL1751,KAGS,KATL,1,2026-10-06,22:09
DAL1751,KATL,KAGS,1,2026-10-06,20:35
DAL1751,KLGA,KBOS,1,2026-10-03,22:16
DAL1752,KSEA,KGEG,1,2026-10-04,05:14
DAL1753,KMIA,KBOS,1,2026-10-04,22:44
DAL1756,MROC,KATL,1,2026-10-05,19:24
DAL176,KATL,EIDW,7,2026-10-06,00:11
DAL1761,KFSD,KMSP,1,2026-10-06,13:30
DAL1762,KATL,KCHA,1,2026-10-06,20:57
DAL1762,KCHA,KATL,1,2026-10-06,22:55
DAL1762,KTPA,KLGA,6,2026-10-06,22:54
DAL1763,TJSJ,KATL,5,2026-10-06,11:14
DAL1766,KMSP,KPWM,7,2026-10-06,12:05
DAL1766,KPWM,KMSP,7,2026-10-06,15:57
DAL1767,KATL,KDJT,4,2026-10-06,01:01
DAL1769,KATL,KCHA,1,2026-10-06,22:53
DAL177,EIDW,KATL,7,2026-10-06,10:17
DAL1771,KMSP,KPVD,1,2026-10-03,15:09
DAL1771,KPVD,KMSP,1,2026-10-03,19:19
DAL1774,KMCI,KMSP,1,2026-10-03,22:48
DAL1774,KMSP,KMCI,1,2026-10-03,20:27
DAL1775,KORD,KLAX,7,2026-10-06,00:32
DAL1776,KCVG,KMSP,2,2026-10-04,20:26
DAL1776,KDTW,KMCO,1,2026-10-06,16:45
DAL1776,KMCO,KDTW,1,2026-10-06,20:09
DAL1776,KMSP,KCVG,2,2026-10-04,17:58
DAL1777,KIAH,KLGA,1,2026-10-06,19:13
DAL1779,MMPR,KLAX,1,2026-10-06,22:22
DAL1780,KBOS,TJSJ,6,2026-10-06,13:19
DAL1780,TJSJ,KBOS,3,2026-10-06,18:13
DAL1781,KMKE,KMSP,3,2026-10-04,15:59
DAL1781,KMSP,KMKE,3,2026-10-04,13:58
DAL1783,KBUR,KSLC,1,2026-10-06,20:09
DAL1783,KSLC,KBUR,1,2026-10-06,17:27
DAL1784,KMIA,KBOS,6,2026-10-06,00:45
DAL1787,KDTW,KIAD,7,2026-10-06,19:17
DAL1787,KIAD,KDTW,6,2026-10-06,21:32
DAL1788,KSMF,KMSP,5,2026-10-06,20:42
DAL1791,KDTW,KLGA,6,2026-10-06,13:03
DAL1792,KSLC,KJFK,7,2026-10-06,16:16
DAL1793,KLAX,MMPR,1,2026-10-05,18:02
DAL1794,KMIA,KJFK,5,2026-10-06,00:04
DAL1795,KPHL,KATL,5,2026-10-05,14:46
DAL1797,KSMF,KSLC,5,2026-10-05,20:44
DAL1798,KATL,KDCA,6,2026-10-05,15:15
DAL1798,KATL,KMEM,1,2026-10-06,11:38
DAL1799,KIND,KLAX,2,2026-10-01,21:06
DAL1799,KTPA,KBOS,1,2026-10-06,15:46
DAL1804,MMGL,KATL,2,2026-10-03,19:32
DAL1806,KDFW,KSEA,7,2026-10-06,22:56
DAL1809,KDFW,KBOS,7,2026-10-06,00:10
DAL1809,KSAT,KDTW,1,2026-10-06,21:08
DAL1810,KDFW,KLGA,1,2026-10-03,18:10
DAL1810,KMIA,KJFK,1,2026-10-06,15:50
DAL1811,KTPA,KBOS,1,2026-10-04,21:26
DAL1812,KAVL,KLGA,1,2026-10-03,18:48
DAL1812,KLGA,KAVL,1,2026-10-03,15:56
DAL1813,KPVD,KATL,6,2026-10-06,12:51
DAL1814,KIND,KATL,1,2026-09-30,21:25
DAL1814,KSLC,KSNA,1,2026-10-06,17:31
DAL1816,MMPR,KATL,2,2026-10-06,20:09
DAL1817,KATL,KTYS,7,2026-10-06,12:49
DAL1817,KTYS,KATL,7,2026-10-06,14:37
DAL1819,KFLL,KLGA,1,2026-10-06,15:34
DAL182,KJFK,LIRF,1,2026-10-04,22:41
DAL1821,KDTW,KPWM,7,2026-10-06,18:05
DAL1821,KPWM,KDTW,7,2026-10-06,20:52
DAL1823,KLGA,KDTW,6,2026-10-06,11:56
DAL1824,KSLC,KMSO,7,2026-10-06,04:59
DAL1826,KMSO,KSLC,6,2026-10-05,11:39
DAL1827,KATL,KDFW,5,2026-10-06,22:19
DAL1827,KDFW,KATL,6,2026-10-06,01:46
DAL183,LIRF,KJFK,7,2026-10-06,08:36
DAL1835,KSLC,KSNA,6,2026-10-05,17:23
DAL1838,MMPR,KSLC,1,2026-10-06,21:37
DAL1839,KBOI,KMSP,1,2026-10-06,21:17
DAL184,KJFK,LIMC,6,2026-10-06,02:21
DAL1841,MKJP,KATL,7,2026-10-06,14:25
DAL1842,KEWR,KMSP,1,2026-10-06,15:59
DAL1843,KATL,KGEG,4,2026-10-06,01:06
DAL1843,KGEG,KATL,4,2026-10-06,06:24
DAL1844,KTPA,KJFK,1,2026-10-06,15:57
DAL1846,KEWR,KATL,1,2026-10-06,16:18
DAL185,LIMC,KJFK,6,2026-10-06,13:17
DAL1852,KMCO,KDTW,1,2026-10-06,18:08
DAL1854,TJSJ,KJFK,4,2026-10-06,11:46
DAL1857,KDTW,KSNA,5,2026-10-05,12:54
DAL1857,KSNA,KDTW,1,2026-10-06,19:31
DAL1858,KATL,KCVG,4,2026-10-06,01:40
DAL1859,KJFK,TJSJ,4,2026-10-06,00:54
DAL1861,KATL,TJSJ,3,2026-10-05,23:02
DAL1862,KSFO,KLAX,1,2026-10-06,19:35
DAL1864,KATL,KXNA,1,2026-10-06,01:20
DAL1865,KORD,KLGA,1,2026-10-06,19:44
DAL1866,MMMY,KATL,7,2026-10-06,18:22
DAL1868,KATL,KTLH,7,2026-10-06,20:28
DAL1868,KTLH,KATL,7,2026-10-06,22:15
DAL1870,MWCR,KATL,4,2026-10-05,17:58
DAL1874,KATL,KIAH,1,2026-10-06,18:56
DAL1877,KJFK,TJSJ,3,2026-10-03,12:10
DAL1877,TJSJ,KJFK,1,2026-10-06,17:28
DAL1878,MMUN,KMSP,1,2026-10-01,19:30
DAL188,RKSI,KATL,7,2026-10-06,07:39
DAL1881,KMSP,MMUN,2,2026-10-03,14:32
DAL1882,KATL,TJSJ,5,2026-10-06,14:29
DAL1882,TJSJ,KATL,1,2026-10-05,19:11
DAL1883,KMEM,KATL,1,2026-10-06,13:38
DAL1883,TIST,KATL,2,2026-10-04,19:11
DAL1885,KJFK,KDTW,1,2026-10-06,17:10
DAL1886,KSNA,KSLC,1,2026-10-06,20:54
DAL1887,KRSW,KATL,1,2026-10-06,22:29
DAL1889,KCLT,KDTW,1,2026-10-06,21:54
DAL1891,KIAH,KDTW,1,2026-10-06,20:37
DAL1893,KLAS,KSLC,1,2026-10-06,17:22
DAL1896,KCLT,KATL,1,2026-10-06,21:13
DAL1897,KMSP,KDCA,1,2026-10-06,00:58
DAL1899,KATL,TJCP,3,2026-10-05,14:18
DAL1900,KSAN,KDTW,6,2026-10-06,22:19
DAL1901,KIND,KATL,6,2026-10-05,12:27
DAL1902,KDTW,KIAD,1,2026-10-06,01:53
DAL1903,KTPA,KATL,1,2026-10-06,09:11
DAL1904,KATL,KCHA,1,2026-10-06,02:59
DAL1905,KJFK,KLAX,6,2026-10-06,15:10
DAL1906,KATL,MKJP,4,2026-10-06,22:38
DAL1909,KSLC,KJFK,7,2026-10-06,06:09
DAL1912,KCLT,KMSP,6,2026-10-06,15:46
DAL1912,KMSP,KCLT,6,2026-10-06,12:26
DAL1913,KDTW,TJSJ,1,2026-10-03,12:55
DAL1914,KIAH,KDTW,1,2026-10-06,16:50
DAL1915,KJFK,KLAX,5,2026-10-06,23:36
DAL192,KATL,LIPZ,7,2026-10-06,21:48
DAL1920,KLAX,KSFO,1,2026-10-06,17:18
DAL1922,KATL,KIAD,1,2026-10-06,17:49
DAL1923,KXNA,KATL,1,2026-10-06,13:50
DAL1926,KLAX,KLAS,1,2026-10-06,22:34
DAL1927,KMEM,KATL,1,2026-10-06,20:46
DAL1929,KATL,MMMY,7,2026-10-06,14:23
DAL193,LIPZ,KATL,6,2026-10-06,09:16
DAL1930,KATL,KMEM,1,2026-10-06,20:54
DAL1930,KATL,TJSJ,1,2026-10-03,12:26
DAL1930,TJSJ,KATL,4,2026-10-05,17:08
DAL1931,KSEA,KPHX,1,2026-10-06,19:18
DAL1937,KATL,MROC,3,2026-10-04,14:14
DAL1939,KATL,MMUN,1,2026-09-30,22:34
DAL194,KATL,LEBL,7,2026-10-06,02:22
DAL1940,KORD,KSLC,1,2026-10-06,19:31
DAL1941,KATL,MMPR,2,2026-10-06,14:54
DAL1942,KATL,KMEM,1,2026-10-06,18:37
DAL1943,KMIA,KDCA,1,2026-10-06,15:39
DAL1946,KATL,TJSJ,4,2026-10-06,17:36
DAL1946,TJSJ,KATL,2,2026-10-05,22:15
DAL1948,KSLC,MMPR,1,2026-10-05,17:20
DAL195,LEBL,KATL,6,2026-10-06,09:32
DAL1953,KFLL,KBOS,1,2026-10-06,15:46
DAL1959,KATL,KMOB,6,2026-10-06,21:51
DAL1959,KMOB,KATL,5,2026-10-06,23:48
DAL196,RKSI,KSEA,6,2026-10-06,10:18
DAL1960,KBNA,KLGA,1,2026-10-06,11:26
DAL1961,KATL,KDCA,1,2026-10-06,15:14
DAL1961,KDCA,KATL,1,2026-10-06,18:09
DAL1962,MMUN,KATL,1,2026-10-01,20:29
DAL1963,MMUN,KATL,1,2026-10-03,16:15
DAL1964,KATL,MMUN,1,2026-10-03,12:36
DAL1965,KMIA,KBOS,1,2026-10-06,15:28
DAL1966,KBOS,KMCI,1,2026-10-06,20:20
DAL1966,TJSJ,KJFK,3,2026-10-04,17:31
DAL197,KSEA,RKSI,6,2026-10-06,20:41
DAL1971,KBZN,KSLC,7,2026-10-06,19:17
DAL1971,KSLC,KBZN,7,2026-10-06,17:04
DAL1972,KMCI,KLAX,1,2026-10-06,12:23
DAL1974,KPIT,KATL,1,2026-10-06,19:19
DAL198,RJTT,PHNL,6,2026-10-06,13:09
DAL1983,KDTW,KATL,7,2026-10-06,19:25
DAL199,PHNL,RJTT,6,2026-10-06,03:03
DAL1992,KATL,MMGL,5,2026-10-06,14:24
DAL1993,KIAD,KATL,1,2026-10-06,20:10
DAL1995,KIAH,KATL,1,2026-10-06,22:28
DAL1996,KJFK,KMCO,1,2026-10-06,19:40
DAL2,EGLL,KJFK,7,2026-10-06,11:02
DAL20,KSEA,EGLL,6,2026-10-06,05:27
DAL200,KATL,FAOR,6,2026-10-06,02:33
DAL2001,KDTW,KRSW,7,2026-10-06,12:49
DAL2001,KRSW,KDTW,7,2026-10-06,16:41
DAL2002,KDEN,KLAX,7,2026-10-06,14:14
DAL2003,KDCA,KATL,6,2026-10-05,18:12
DAL2004,KBOS,KLAX,6,2026-10-06,15:06
DAL2004,KBOS,KPIT,1,2026-09-30,15:12
DAL2004,KPIT,KLAX,1,2026-09-30,17:13
DAL2005,KIND,KMSP,1,2026-10-06,11:10
DAL2006,KMKE,KMSP,6,2026-10-06,21:00
DAL2006,KMSP,KMKE,6,2026-10-06,18:59
DAL2007,KBDL,KMSP,7,2026-10-06,16:01
DAL2007,KMSP,KBDL,7,2026-10-06,12:25
DAL2008,KMSP,KPDX,3,2026-10-03,21:01
DAL2009,KATL,KSAT,7,2026-10-06,18:01
DAL2009,KSAT,KATL,7,2026-10-06,21:47
DAL2010,KATL,KOMA,7,2026-10-06,02:47
DAL2011,KATL,KAUS,7,2026-10-06,15:15
DAL2011,KAUS,KATL,7,2026-10-06,18:48
DAL2012,KATL,KSNA,7,2026-10-06,21:11
DAL2012,KSLC,KEWR,1,2026-10-06,16:44
DAL2013,KCHS,KLGA,5,2026-10-05,15:48
DAL2013,KLGA,KCHS,5,2026-10-05,12:44
DAL2014,KLGA,KRDU,6,2026-10-06,23:30
DAL2015,KLGA,KRDU,1,2026-10-03,16:02
DAL2016,KSLC,KSEA,7,2026-10-06,03:24
DAL2017,KLGA,KRDU,5,2026-10-05,18:58
DAL2017,KRDU,KLGA,5,2026-10-05,21:43
DAL2018,KDJT,KJFK,6,2026-10-05,15:46
DAL2018,KDJT,KFLL,1,2026-10-06,17:31
DAL2018,KJFK,KDJT,7,2026-10-06,11:45
DAL2019,KJFK,KMCO,6,2026-10-05,14:02
DAL2019,KMCO,KJFK,1,2026-10-03,18:17
DAL2020,KATL,KOKC,6,2026-10-06,15:22
DAL2020,KOKC,KATL,6,2026-10-06,18:37
DAL2021,KMSP,KATL,5,2026-10-05,21:58
DAL2022,KPHL,KSLC,4,2026-10-06,23:11
DAL2022,KSLC,KPHL,7,2026-10-06,17:40
DAL2023,KPHL,KSLC,7,2026-10-06,11:33
DAL2024,KSLC,KMCO,5,2026-10-06,17:40
DAL2025,KMCO,KSLC,7,2026-10-06,11:27
DAL2026,KATL,KRDU,7,2026-10-06,16:49
DAL2026,KRDU,KATL,7,2026-10-06,19:27
DAL2027,KRDU,KLAS,7,2026-10-06,11:17
DAL2028,KLAX,KSJC,1,2026-10-06,16:51
DAL2028,KORD,KMSP,6,2026-10-05,11:23
DAL2029,KATL,KMOB,7,2026-10-06,03:13
DAL203,LGAV,KJFK,7,2026-10-06,07:32
DAL2030,KDTW,KDCA,6,2026-10-06,21:19
DAL2031,KMCO,KSLC,7,2026-10-06,15:03
DAL2032,KSLC,KMCO,7,2026-10-06,16:06
DAL2033,KEWR,KSLC,6,2026-10-06,22:14
DAL2033,KSLC,KEWR,6,2026-10-05,16:39
DAL2034,KATL,KBHM,7,2026-10-06,03:21
DAL2035,KATL,KMCO,6,2026-10-06,22:27
DAL2035,KMCO,KATL,4,2026-10-06,01:23
DAL2036,KRDU,KLGA,6,2026-10-05,10:23
DAL2037,KATL,KAVL,1,2026-10-04,23:59
DAL2037,KCLE,KMSP,1,2026-10-06,15:12
DAL2037,KMSP,KCLE,1,2026-10-06,12:19
DAL2038,KSLC,KEWR,7,2026-10-06,05:56
DAL2039,KORD,KDTW,6,2026-10-06,12:28
DAL204,KJFK,ESSA,5,2026-10-05,23:17
DAL2040,KSLC,KMIA,7,2026-10-06,05:28
DAL2041,KORD,KSEA,7,2026-10-06,12:16
DAL2042,KJFK,KTPA,7,2026-10-06,11:20
DAL2042,KTPA,KJFK,6,2026-10-05,15:24
DAL2043,KATL,KTUL,7,2026-10-06,03:02
DAL2045,KTPA,KSLC,7,2026-10-06,10:43
DAL2046,KSLC,KBZN,7,2026-10-06,05:06
DAL2047,KATL,KROC,7,2026-10-06,19:24
DAL2047,KROC,KATL,6,2026-10-06,22:37
DAL2048,KATL,KVPS,7,2026-10-06,14:59
DAL2048,KVPS,KATL,7,2026-10-06,17:10
DAL2049,KJFK,KMCO,7,2026-10-06,11:29
DAL2049,KMCO,KJFK,7,2026-10-06,15:30
DAL205,ESSA,KJFK,7,2026-10-06,08:35
DAL2050,KATL,KBUF,6,2026-10-06,20:08
DAL2050,KBUF,KATL,6,2026-10-06,23:20
DAL2051,KATL,KHOU,6,2026-10-06,01:52
DAL2052,KATL,KRDU,7,2026-10-06,14:13
DAL2052,KRDU,KATL,7,2026-10-06,16:39
DAL2053,KDTW,KATL,6,2026-10-06,22:22
DAL2054,KSJC,KLAX,1,2026-10-06,18:47
DAL2055,KSEA,KORD,7,2026-10-06,14:37
DAL2056,KSLC,KMCO,7,2026-10-06,23:56
DAL2057,KBOS,KDFW,1,2026-10-06,18:28
DAL2057,KSFO,KDTW,5,2026-10-05,18:52
DAL2058,KATL,KGRR,7,2026-10-06,19:29
DAL2058,KGRR,KATL,5,2026-10-05,22:24
DAL206,KDTW,LIRF,7,2026-10-06,00:15
DAL2060,KATL,KLIT,1,2026-10-06,20:30
DAL2060,KLIT,KATL,1,2026-10-06,22:47
DAL2060,KPDX,KATL,7,2026-10-06,06:13
DAL2061,KATL,KLIT,4,2026-10-05,22:25
DAL2061,KLIT,KATL,6,2026-10-06,00:36
DAL2061,KMSP,KSAN,1,2026-10-06,14:12
DAL2061,KSAN,KMSP,1,2026-10-06,19:20
DAL2062,KAUS,KMSP,7,2026-10-06,19:27
DAL2062,KMSP,KAUS,7,2026-10-06,15:38
DAL2063,KATL,KFLL,7,2026-10-06,15:41
DAL2063,KFLL,KATL,7,2026-10-06,18:48
DAL2064,KATL,KPVD,7,2026-10-06,01:38
DAL2065,KATL,KPHL,5,2026-10-06,22:52
DAL2066,KBOS,KRDU,6,2026-10-06,10:41
DAL2067,KATL,KDTW,7,2026-10-06,21:20
DAL2068,KLGA,KMCI,6,2026-10-06,19:43
DAL2068,KMCI,KLGA,6,2026-10-06,23:26
DAL2069,KSLC,KMCO,7,2026-10-06,05:55
DAL207,LIRF,KDTW,7,2026-10-06,07:19
DAL2070,KCLT,KSLC,7,2026-10-06,22:03
DAL2070,KSLC,KCLT,7,2026-10-06,16:59
DAL2071,KATL,KMEM,6,2026-10-06,13:14
DAL2071,KMEM,KATL,6,2026-10-06,15:43
DAL2072,KATL,KMSY,4,2026-10-06,01:57
DAL2073,KDTW,KDCA,6,2026-10-06,01:48
DAL2074,KMSP,KSFO,7,2026-10-06,16:16
DAL2075,KSLC,KPHL,4,2026-10-06,05:57
DAL2076,KDTW,KPHX,4,2026-10-06,00:37
DAL2077,KSLC,KTPA,7,2026-10-06,05:58
DAL2078,KMSP,KSFO,7,2026-10-06,14:03
DAL2078,KSFO,KMSP,7,2026-10-06,19:22
DAL2079,KSLC,KBWI,4,2026-10-06,06:02
DAL208,KJFK,EGPH,7,2026-10-06,02:23
DAL2080,KDTW,KMKE,1,2026-10-06,22:15
DAL2080,KMCO,KATL,6,2026-10-05,11:25
DAL2081,KMSP,KSNA,4,2026-10-05,16:13
DAL2082,KMEM,KLAX,3,2026-10-06,23:27
DAL2083,KATL,KLIT,7,2026-10-06,03:08
DAL2084,KATL,KDTW,1,2026-10-06,12:38
DAL2084,KMCO,KDTW,6,2026-10-05,18:17
DAL2085,KMSY,KLAX,6,2026-10-05,13:13
DAL2086,KATL,KDSM,5,2026-10-06,21:34
DAL2086,KDSM,KATL,6,2026-10-06,00:07
DAL2087,KMSP,KSJC,7,2026-10-06,23:50
DAL2089,KMSP,KSFO,4,2026-10-05,03:21
DAL209,EGPH,KJFK,7,2026-10-06,13:14
DAL2090,KATL,KMSP,7,2026-10-06,14:18
DAL2091,KSYR,KDTW,6,2026-10-06,10:34
DAL2092,KPHL,KSEA,7,2026-10-06,11:24
DAL2093,KJFK,KTPA,7,2026-10-06,18:55
DAL2093,KTPA,KJFK,1,2026-10-04,22:53
DAL2094,KATL,KDSM,7,2026-10-06,17:14
DAL2094,KDSM,KATL,6,2026-10-06,20:08
DAL2095,KBOI,KSLC,7,2026-10-06,19:20
DAL2095,KSLC,KBOI,7,2026-10-06,17:19
DAL2096,KLAX,KMSY,4,2026-10-05,18:44
DAL2096,KMSY,KLAX,3,2026-10-06,23:04
DAL2098,KAUS,KBOS,7,2026-10-06,12:32
DAL2099,KIAH,KLGA,1,2026-10-03,18:17
DAL2099,KLGA,KIAH,7,2026-10-06,15:04
DAL210,KATL,FACT,3,2026-10-06,01:18
DAL2100,KSLC,KMSY,6,2026-10-06,15:43
DAL2101,KLGB,KSLC,1,2026-10-06,14:19
DAL2101,KMSP,KBNA,1,2026-10-03,18:04
DAL2102,KMSP,KLAX,7,2026-10-06,14:39
DAL2103,KMSP,KLAX,6,2026-10-06,03:13
DAL2104,KATL,KAUS,5,2026-10-06,17:03
DAL2104,KATL,KIAH,1,2026-10-01,16:42
DAL2104,KAUS,KATL,6,2026-10-06,21:03
DAL2104,KIAH,KAUS,1,2026-10-02,22:53
DAL2105,KMCI,KSEA,7,2026-10-06,12:27
DAL2106,KLGA,KTPA,6,2026-10-05,17:13
DAL2106,KMCI,KMSP,1,2026-10-06,11:33
DAL2106,KTPA,KLGA,5,2026-10-05,21:06
DAL2107,KMSP,KSNA,7,2026-10-06,23:47
DAL2108,KSEA,KORD,7,2026-10-06,01:58
DAL2109,KLGA,KIAH,5,2026-10-05,23:31
DAL211,KMIA,KATL,1,2026-10-05,10:59
DAL2110,KMSP,KLAX,7,2026-10-06,12:32
DAL2111,KSLC,KBOI,6,2026-10-05,04:54
DAL2112,KSFO,KLAX,6,2026-10-05,19:24
DAL2113,KCMH,KMSP,4,2026-10-05,23:21
DAL2113,KMSP,KCMH,4,2026-10-05,20:42
DAL2113,KVPS,KATL,1,2026-10-06,11:00
DAL2114,KSFO,KLAX,7,2026-10-06,00:33
DAL2115,KBNA,KATL,1,2026-10-03,23:15
DAL2116,KTLH,KATL,6,2026-10-05,12:52
DAL2117,KATL,KSDF,1,2026-10-06,11:46
DAL2117,KDTW,KSLC,7,2026-10-06,00:42
DAL2117,KSDF,KATL,1,2026-10-06,13:59
DAL2118,KBOS,KRDU,4,2026-10-05,14:12
DAL2119,KMSP,KLAX,6,2026-10-05,16:37
DAL212,KJFK,LGAV,7,2026-10-06,01:10
DAL2120,KLAX,KLAS,6,2026-10-05,22:27
DAL2121,KMSP,KSAN,6,2026-10-05,14:15
DAL2121,KSAN,KMSP,5,2026-10-05,19:42
DAL2122,KMSP,KLAX,7,2026-10-06,00:14
DAL2123,KATL,KSYR,7,2026-10-06,02:01
DAL2124,KCHS,KATL,5,2026-10-05,10:51
DAL2125,KMSP,KSAN,6,2026-10-05,17:08
DAL2126,KDTW,KBNA,7,2026-10-06,01:51
DAL2127,KIAD,KATL,6,2026-10-05,10:08
DAL2128,KATL,KICT,5,2026-10-05,21:26
DAL2128,KICT,KATL,6,2026-10-06,00:03
DAL2129,KBNA,KATL,5,2026-10-05,21:01
DAL213,LGAV,KJFK,6,2026-10-06,13:22
DAL2130,KMSP,KORD,3,2026-10-06,23:30
DAL2130,KORD,KMSP,4,2026-10-06,02:02
DAL2131,KATL,KPHL,6,2026-10-05,16:54
DAL2131,KPHL,KATL,6,2026-10-05,20:18
DAL2132,KATL,KCLT,4,2026-10-05,23:09
DAL2133,KFLL,KLGA,5,2026-10-05,11:12
DAL2134,KSAN,KMSP,6,2026-10-05,13:50
DAL2135,KATL,KIAD,6,2026-10-05,16:38
DAL2135,KIAD,KATL,6,2026-10-05,19:35
DAL2136,KATL,KSJC,4,2026-10-06,22:01
DAL2137,KIND,KSLC,7,2026-10-06,12:06
DAL2138,KATL,KPWM,7,2026-10-06,01:04
DAL2139,KPDX,KJFK,7,2026-10-06,05:04
DAL214,KATL,LIRF,2,2026-10-05,20:40
DAL2140,KIAH,KLGA,1,2026-10-06,16:09
DAL2140,KLGA,KIAH,6,2026-10-06,11:14
DAL2141,KBNA,KBOS,6,2026-10-06,17:43
DAL2141,KBOS,KBNA,6,2026-10-06,12:45
DAL2142,KCMH,KSLC,7,2026-10-06,11:51
DAL2144,KATL,KMSN,7,2026-10-06,01:43
DAL2145,KMSP,KSAN,7,2026-10-06,00:02
DAL2146,KMSP,KSAN,4,2026-10-06,03:43
DAL2147,KATL,KPVD,7,2026-10-06,13:58
DAL2147,KPVD,KATL,7,2026-10-06,17:17
DAL2148,KDEN,KLAX,7,2026-10-06,18:39
DAL2148,KLAX,KDEN,6,2026-10-05,15:52
DAL2149,KCVG,KSLC,7,2026-10-06,23:35
DAL215,LIRF,KATL,7,2026-10-06,08:20
DAL2150,KATL,KCLE,6,2026-10-06,23:30
DAL2151,KMSP,KPDX,7,2026-10-06,23:46
DAL2152,KATL,KMKE,4,2026-10-05,18:53
DAL2152,KMKE,KATL,4,2026-10-05,21:59
DAL2154,KLAX,KMSY,7,2026-10-06,01:32
DAL2156,KSJC,KMSP,7,2026-10-06,13:20
DAL2157,KATL,KCLT,6,2026-10-06,16:30
DAL2157,KCLT,KATL,6,2026-10-06,18:38
DAL2158,KATL,KGSP,6,2026-10-06,14:22
DAL2158,KGSP,KATL,6,2026-10-06,16:05
DAL2159,KSFO,KMSP,7,2026-10-06,22:38
DAL2160,KBOS,KDJT,7,2026-10-06,13:36
DAL2160,KDJT,KBOS,6,2026-10-05,18:25
DAL2161,KGRR,KATL,7,2026-10-06,12:16
DAL2162,KBHM,KATL,7,2026-10-06,10:28
DAL2163,KBDL,KDTW,7,2026-10-06,16:41
DAL2163,KDTW,KBDL,7,2026-10-06,14:08
DAL2164,KDTW,KRDU,7,2026-10-06,14:29
DAL2164,KRDU,KDTW,7,2026-10-06,17:09
DAL2165,KFLL,KJFK,7,2026-10-06,11:16
DAL2166,KLAX,KBOS,5,2026-10-05,23:25
DAL2167,KMSP,KPDX,1,2026-10-06,16:09
DAL2167,KPDX,KMSP,6,2026-10-05,21:00
DAL2168,KATL,KEYW,2,2026-10-01,22:24
DAL2168,KEYW,KATL,3,2026-10-02,22:33
DAL2169,KSEA,PAJN,6,2026-10-05,00:02
DAL217,TXKF,KJFK,1,2026-10-02,16:56
DAL2170,KATL,KVPS,7,2026-10-06,19:57
DAL2170,KVPS,KATL,7,2026-10-06,22:21
DAL2171,KDTW,KPDX,6,2026-10-06,13:02
DAL2173,KBOI,KSLC,6,2026-10-05,12:08
DAL2174,KATL,KCHS,7,2026-10-06,19:29
DAL2174,KCHS,KATL,7,2026-10-06,21:54
DAL2175,KDCA,KATL,1,2026-10-06,10:56
DAL2176,KDEN,KLAX,7,2026-10-06,02:09
DAL2176,KLAX,KDEN,5,2026-10-06,21:59
DAL2178,KSFO,KMSP,7,2026-10-06,13:42
DAL2179,KATL,KCHS,7,2026-10-06,16:00
DAL2179,KCHS,KATL,7,2026-10-06,18:19
DAL218,KJFK,EKCH,2,2026-10-03,23:30
DAL2180,KATL,KMSY,1,2026-10-06,20:49
DAL2181,KAVL,KMSP,1,2026-10-03,17:17
DAL2181,KLGA,KBOS,2,2026-10-01,01:47
DAL2181,KMSP,KAVL,1,2026-10-03,14:06
DAL2182,KATL,KHSV,6,2026-10-06,16:00
DAL2182,KHSV,KATL,6,2026-10-06,18:03
DAL2183,KDFW,KDTW,7,2026-10-06,10:26
DAL2184,KLEX,KATL,7,2026-10-06,10:06
DAL2185,KSNA,KMSP,7,2026-10-06,15:19
DAL2186,KSEA,PAFA,5,2026-10-06,05:06
DAL2187,KMSP,KMIA,7,2026-10-06,00:00
DAL2188,KDTW,KATL,7,2026-10-06,16:41
DAL2189,KATL,KJAX,5,2026-10-05,00:36
DAL2189,KJAX,KATL,4,2026-10-06,00:28
DAL219,EKCH,KJFK,7,2026-10-06,07:14
DAL2191,KSAN,KMSP,6,2026-10-06,23:05
DAL2193,KATL,KCAE,3,2026-10-05,21:54
DAL2193,KCAE,KATL,4,2026-10-06,00:27
DAL2194,KIAD,KDTW,1,2026-10-06,10:11
DAL2195,KLGA,KTPA,6,2026-10-06,15:11
DAL2195,KTPA,KLGA,7,2026-10-06,19:00
DAL2196,KBOS,KFLL,7,2026-10-06,19:13
DAL2196,KFLL,KBOS,7,2026-10-06,00:10
DAL2196,KIAD,KFLL,1,2026-09-30,22:26
DAL2197,KLAX,KSFO,6,2026-10-06,02:24
DAL2197,KSFO,KLAX,4,2026-10-06,05:04
DAL2198,KLAX,KMSP,7,2026-10-06,22:30
DAL2199,KSLC,KSAT,6,2026-10-06,19:38
DAL220,KSLC,LFPG,5,2026-10-06,21:47
DAL2202,KLAX,KLAS,7,2026-10-06,02:49
DAL2203,KDTW,KMSP,7,2026-10-06,20:47
DAL2204,KATL,KMCO,6,2026-10-06,11:31
DAL2204,KMCO,KATL,7,2026-10-06,14:17
DAL2205,KBNA,KSLC,3,2026-10-04,22:25
DAL2205,KSLC,KBNA,4,2026-10-05,20:05
DAL2206,KATL,KPDX,7,2026-10-06,15:11
DAL2206,KPDX,KATL,6,2026-10-06,21:24
DAL2207,KCLE,KSLC,7,2026-10-06,11:32
DAL2208,KMSP,KPHX,7,2026-10-06,14:23
DAL2208,KPHX,KMSP,7,2026-10-06,19:03
DAL221,LFPG,KSLC,7,2026-10-06,09:10
DAL2210,KATL,KGRR,6,2026-10-06,00:10
DAL2211,KATL,KPNS,5,2026-10-04,21:27
DAL2211,KATL,KNPA,1,2026-10-05,20:53
DAL2211,KPNS,KATL,1,2026-10-05,23:13
DAL2213,KATL,KLEX,7,2026-10-06,02:50
DAL2214,KSLC,KBNA,7,2026-10-06,16:15
DAL2216,KICT,KATL,7,2026-10-06,10:53
DAL2218,KGEG,KSEA,5,2026-10-05,12:17
DAL2219,KMSP,KRSW,6,2026-10-05,18:08
DAL2219,KRSW,KMSP,7,2026-10-06,22:19
DAL222,KATL,LGAV,6,2026-10-06,21:33
DAL2220,KATL,KGNV,6,2026-10-06,21:13
DAL2220,KGNV,KATL,5,2026-10-06,23:05
DAL2221,KBNA,KMSP,7,2026-10-06,11:09
DAL2222,KBOS,KDTW,7,2026-10-06,17:27
DAL2224,KATL,KMSY,7,2026-10-06,03:19
DAL2225,KMCO,KMSP,6,2026-10-06,22:29
DAL2225,KMSP,KMCO,7,2026-10-06,18:05
DAL2226,KLGA,KORD,7,2026-10-06,19:19
DAL2226,KORD,KLGA,7,2026-10-06,23:04
DAL2227,KJFK,KATL,7,2026-10-06,12:58
DAL2228,KSLC,KIND,6,2026-10-06,00:00
DAL2229,KSMF,KMSP,7,2026-10-06,13:17
DAL223,LGAV,KATL,7,2026-10-06,07:06
DAL2230,KSLC,KCMH,7,2026-10-06,23:53
DAL2231,KORD,KSLC,7,2026-10-06,13:03
DAL2232,KATL,KLEX,7,2026-10-06,12:24
DAL2232,KLEX,KATL,7,2026-10-06,14:13
DAL2233,KBDL,KATL,7,2026-10-06,12:35
DAL2234,KBOS,KTPA,6,2026-10-06,22:54
DAL2234,KBOS,KIAD,1,2026-09-30,22:57
DAL2234,KIAD,KTPA,1,2026-09-30,01:12
DAL2236,KSLC,KDTW,7,2026-10-06,16:01
DAL2237,KFAR,KMSP,7,2026-10-06,10:07
DAL2238,KLAS,KMSP,6,2026-10-06,21:03
DAL2238,KMSP,KLAS,7,2026-10-06,16:27
DAL224,KBOS,LFPG,7,2026-10-06,23:25
DAL2240,KLGA,KORD,7,2026-10-06,15:39
DAL2241,KATL,KTLH,2,2026-10-03,22:40
DAL2242,KBOS,KATL,7,2026-10-06,09:41
DAL2243,KLAX,KMCI,5,2026-10-06,01:22
DAL2244,KSLC,KDTW,7,2026-10-06,20:03
DAL2245,KJFK,KMSP,7,2026-10-06,22:16
DAL2246,KMSP,KLAS,6,2026-10-06,23:52
DAL2247,KSLC,KORD,7,2026-10-06,13:53
DAL2248,KATL,KCVG,7,2026-10-06,23:57
DAL225,LFPG,KBOS,7,2026-10-06,10:10
DAL2251,KLGA,KORD,5,2026-10-06,10:12
DAL2251,KORD,KLGA,2,2026-10-06,14:51
DAL2253,KLAS,KLAX,7,2026-10-06,17:09
DAL2253,KLAX,KLAS,7,2026-10-06,14:41
DAL2254,KBIL,KMSP,5,2026-10-06,12:27
DAL2255,KSLC,KDTW,6,2026-10-05,00:53
DAL2256,KSEA,KMCI,7,2026-10-06,00:54
DAL2257,KATL,KBHM,6,2026-10-06,01:43
DAL2258,KDTW,KMSP,6,2026-10-06,13:15
DAL2259,KAUS,KMCO,7,2026-10-06,13:28
DAL2259,KMCO,KAUS,7,2026-10-06,17:49
DAL226,SBGR,KJFK,6,2026-10-06,23:46
DAL2260,KAUS,KLAS,5,2026-10-06,21:56
DAL2261,KLAS,KMSP,7,2026-10-06,16:43
DAL2261,KMSP,KLAS,7,2026-10-06,12:18
DAL2262,KLAS,KMSP,7,2026-10-06,19:07
DAL2262,KMSP,KLAS,7,2026-10-06,14:29
DAL2263,KTPA,KMSP,7,2026-10-06,11:52
DAL2264,KMSP,KTPA,6,2026-10-05,17:56
DAL2264,KTPA,KMSP,5,2026-10-06,22:21
DAL2265,KATL,KJAX,3,2026-10-06,00:13
DAL2266,KATL,KBUF,7,2026-10-06,17:20
DAL2266,KBUF,KATL,7,2026-10-06,20:35
DAL2267,KLAX,KSFO,7,2026-10-06,21:58
DAL227,KJFK,SBGR,6,2026-10-06,02:41
DAL2270,KATL,KPHL,6,2026-10-06,13:16
DAL2270,KPHL,KATL,7,2026-10-06,16:17
DAL2271,KDEN,KMSP,6,2026-10-05,22:12
DAL2273,KSLC,KCVG,7,2026-10-06,15:55
DAL2274,KMSP,KPHX,7,2026-10-06,16:46
DAL2274,KPHX,KMSP,7,2026-10-06,21:06
DAL2275,KATL,KPIT,1,2026-10-06,17:01
DAL2276,KATL,KJAX,5,2026-10-06,03:08
DAL2278,KMSP,KFAR,7,2026-10-06,23:28
DAL2279,KATL,KPHL,7,2026-10-06,15:27
DAL2279,KPHL,KATL,7,2026-10-06,18:39
DAL228,KDTW,LFPG,7,2026-10-06,22:50
DAL2281,KATL,KGSP,7,2026-10-06,02:13
DAL2282,KJAC,KSLC,7,2026-10-06,19:30
DAL2283,KBOS,KRDU,7,2026-10-06,17:22
DAL2284,KMSP,KPHX,7,2026-10-06,19:52
DAL2284,KPHX,KMSP,7,2026-10-06,00:07
DAL2285,KBDL,KMSP,6,2026-10-06,23:04
DAL2285,KMSP,KBDL,6,2026-10-06,19:45
DAL2286,KJFK,KATL,7,2026-10-06,10:17
DAL2289,KSLC,KDTW,7,2026-10-06,12:08
DAL229,LFPG,KDTW,7,2026-10-06,09:39
DAL2290,KMEM,KSLC,7,2026-10-06,12:13
DAL2291,KSLC,KCVG,6,2026-10-06,23:52
DAL2292,KTVC,KDTW,3,2026-10-06,10:23
DAL2293,KJFK,KATL,5,2026-10-05,22:01
DAL2294,KDTW,KATL,7,2026-10-06,23:31
DAL2295,KMSP,KFAR,7,2026-10-06,03:46
DAL2296,KDTW,KFLL,6,2026-10-06,00:36
DAL2297,KMSP,KPHX,6,2026-10-06,00:07
DAL2299,KSDF,KATL,7,2026-10-06,12:18
DAL23,EDDM,KDTW,7,2026-10-06,07:06
DAL230,KJFK,LIRF,6,2026-10-06,23:52
DAL2300,KLGA,KMIA,7,2026-10-06,19:24
DAL2300,KMIA,KLGA,6,2026-10-06,23:54
DAL2301,KMSP,KTPA,5,2026-10-06,12:19
DAL2301,KTPA,KMSP,5,2026-10-06,16:23
DAL2302,KCVG,KATL,7,2026-10-06,11:10
DAL2303,KBOS,KMSP,7,2026-10-06,10:04
DAL2304,KFLL,KLGA,1,2026-10-06,11:04
DAL2304,KIAH,KATL,5,2026-10-05,13:18
DAL2305,KBOS,KDFW,5,2026-10-06,00:26
DAL2305,KBOS,KCMH,1,2026-09-30,00:10
DAL2305,KBOS,KCVG,1,2026-10-01,00:11
DAL2305,KCMH,KDFW,1,2026-09-30,02:32
DAL2305,KCVG,KDFW,1,2026-10-01,03:02
DAL2306,KATL,KDSM,7,2026-10-06,01:24
DAL2307,KMSP,KBIS,5,2026-10-06,23:32
DAL2308,KLGA,KFLL,5,2026-10-05,23:46
DAL2309,KMSP,KMCO,7,2026-10-06,00:12
DAL231,LIRF,KJFK,7,2026-10-06,10:41
DAL2310,KLGA,KRSW,1,2026-10-06,20:38
DAL2311,KLAX,KSLC,7,2026-10-06,00:17
DAL2312,KATL,KEWR,7,2026-10-06,16:07
DAL2312,KEWR,KATL,7,2026-10-06,19:42
DAL2313,KLGA,KMSP,7,2026-10-06,22:16
DAL2314,KATL,KPVD,7,2026-10-06,17:55
DAL2314,KPVD,KATL,4,2026-10-05,21:21
DAL2315,KATL,KJAX,3,2026-10-06,01:49
DAL2316,KBNA,KDTW,4,2026-10-06,22:55
DAL2316,KDTW,KBNA,7,2026-10-06,20:15
DAL2317,KSLC,KBNA,7,2026-10-06,01:19
DAL232,KJFK,LIRN,1,2026-10-05,22:55
DAL2320,KJFK,KRSW,6,2026-10-06,12:39
DAL2320,KRSW,KJFK,7,2026-10-06,17:05
DAL2321,KFLL,KLGA,6,2026-10-06,23:55
DAL2321,KLGA,KFLL,7,2026-10-06,20:16
DAL2322,KATL,KEWR,6,2026-10-05,17:25
DAL2322,KEWR,KATL,5,2026-10-05,21:00
DAL2323,KAUS,KJFK,6,2026-10-06,21:25
DAL2323,KJFK,KAUS,6,2026-10-06,15:28
DAL2324,KSEA,KDTW,5,2026-10-05,17:04
DAL2325,KATL,KEWR,6,2026-10-06,11:19
DAL2325,KEWR,KATL,6,2026-10-06,14:58
DAL2326,KATL,KJAX,4,2026-10-06,13:14
DAL2326,KJAX,KATL,4,2026-10-06,15:23
DAL2327,KATL,KIAH,5,2026-10-06,23:35
DAL2327,KIAD,KATL,1,2026-10-06,10:04
DAL2328,KATL,KJAX,4,2026-10-06,11:39
DAL2328,KJAX,KATL,6,2026-10-06,14:00
DAL2329,KATL,KORF,1,2026-10-06,19:15
DAL2329,KORF,KATL,1,2026-10-06,22:03
DAL233,LIRN,KJFK,6,2026-10-06,08:37
DAL2330,KBOS,KATL,1,2026-10-06,21:35
DAL2331,KDTW,KPHL,7,2026-10-06,14:31
DAL2331,KPHL,KDTW,7,2026-10-06,16:43
DAL2333,KDTW,KJAX,3,2026-10-06,12:56
DAL2333,KJAX,KDTW,7,2026-10-06,16:09
DAL2334,KATL,KBUF,6,2026-10-05,02:13
DAL2335,KIDA,KSLC,7,2026-10-06,12:09
DAL2337,KMCI,KLAX,5,2026-10-05,12:33
DAL2338,KATL,KORF,7,2026-10-06,03:32
DAL2339,KMIA,KLGA,7,2026-10-06,13:05
DAL234,KJFK,LLBG,1,2026-10-01,23:46
DAL2340,KATL,KEWR,7,2026-10-06,19:53
DAL2340,KEWR,KATL,4,2026-10-06,23:37
DAL2341,KBWI,KDTW,6,2026-10-06,13:56
DAL2341,KDTW,KBWI,6,2026-10-06,11:30
DAL2342,KJFK,KATL,7,2026-10-06,17:19
DAL2344,KMIA,KAUS,7,2026-10-06,23:41
DAL2345,KATL,KFLL,7,2026-10-06,19:40
DAL2345,KFLL,KATL,6,2026-10-06,22:46
DAL2346,KDEN,KLGA,1,2026-10-06,13:22
DAL2347,KLGA,KMIA,7,2026-10-06,11:33
DAL2347,KMIA,KLGA,1,2026-10-06,15:46
DAL2349,KLGA,KMSP,7,2026-10-06,19:32
DAL235,LLBG,KJFK,6,2026-10-06,08:59
DAL2350,KATL,KBGR,2,2026-10-04,14:57
DAL2350,KBGR,KATL,2,2026-10-04,19:30
DAL2351,KDFW,KBOS,7,2026-10-06,12:29
DAL2352,KDTW,KCLT,7,2026-10-06,00:25
DAL2353,KEWR,KATL,7,2026-10-06,10:16
DAL2354,KSEA,KGEG,5,2026-10-06,06:11
DAL2357,KBWI,KMSP,7,2026-10-06,16:00
DAL2357,KMSP,KBWI,7,2026-10-06,12:26
DAL2358,KDTW,KORD,6,2026-10-06,20:04
DAL2358,KORD,KDTW,6,2026-10-06,22:45
DAL2359,KPDX,KMSP,6,2026-10-05,07:30
DAL236,KTPA,EHAM,4,2026-10-06,01:46
DAL2363,KSTL,KSLC,7,2026-10-06,13:03
DAL2364,KATL,KOMA,7,2026-10-06,19:25
DAL2364,KOMA,KATL,5,2026-10-06,22:37
DAL2365,KEWR,KATL,6,2026-10-06,12:43
DAL2367,KSEA,PANC,5,2026-10-06,00:44
DAL2368,KLAX,KORD,7,2026-10-06,18:29
DAL2369,KPDX,KMSP,5,2026-10-06,13:09
DAL237,EHAM,KTPA,4,2026-10-05,13:00
DAL2370,KMEM,KDTW,7,2026-10-06,11:14
DAL2372,KATL,KROA,7,2026-10-06,02:46
DAL2374,KPHX,KSEA,7,2026-10-06,16:38
DAL2375,KDTW,KATL,6,2026-10-06,09:32
DAL2377,KSLC,KORD,5,2026-10-06,20:14
DAL2378,KATL,KJFK,5,2026-10-06,00:10
DAL2379,KHPN,KATL,6,2026-10-05,10:07
DAL2380,KATL,KJFK,7,2026-10-06,15:26
DAL2381,KATL,KHOU,7,2026-10-06,19:36
DAL2381,KHOU,KATL,7,2026-10-06,22:33
DAL2382,KLGA,KMIA,6,2026-10-06,01:13
DAL2383,KMSP,KSJC,6,2026-10-06,15:36
DAL2383,KSJC,KMSP,5,2026-10-05,20:29
DAL2385,KMSP,KTPA,6,2026-10-06,23:51
DAL2387,KMIA,KLGA,7,2026-10-06,11:13
DAL2388,KATL,KMKE,7,2026-10-06,00:59
DAL2389,KATL,KJAN,1,2026-10-06,12:23
DAL2389,KJAN,KATL,1,2026-10-06,14:23
DAL2390,KJFK,KMSP,7,2026-10-06,11:28
DAL2391,KBOS,KATL,1,2026-10-06,18:10
DAL2391,KMSP,KPDX,4,2026-10-06,02:45
DAL2392,KJAX,KMSP,5,2026-10-06,21:50
DAL2392,KMSP,KJAX,2,2026-10-05,18:16
DAL2392,KMSP,KDAB,1,2026-10-04,18:06
DAL2393,KRDU,KBOS,6,2026-10-06,00:45
DAL2395,KATL,KCVG,7,2026-10-06,03:06
DAL2396,KDJT,KLGA,7,2026-10-06,19:42
DAL2396,KLGA,KDJT,7,2026-10-06,15:35
DAL2397,KATL,KEWR,7,2026-10-06,12:35
DAL2397,KEWR,KATL,6,2026-10-05,16:17
DAL2398,KATL,KJFK,4,2026-10-05,22:20
DAL2399,KLAX,KDTW,7,2026-10-06,13:17
DAL24,KATL,LFMN,7,2026-10-06,01:14
DAL240,KBOS,LGAV,1,2026-10-03,19:30
DAL2400,KMSP,KRSW,7,2026-10-06,14:27
DAL2400,KRSW,KMSP,7,2026-10-06,18:41
DAL2401,KATL,KEWR,7,2026-10-06,14:34
DAL2401,KEWR,KATL,7,2026-10-06,17:42
DAL2402,KDTW,KPHL,7,2026-10-06,01:53
DAL2404,KLGA,KTPA,6,2026-10-06,20:19
DAL2405,KLGA,KMSY,7,2026-10-06,12:03
DAL2405,KMSY,KLGA,6,2026-10-05,16:15
DAL2406,KTPA,KBOS,7,2026-10-06,11:05
DAL2407,KSDF,KATL,7,2026-10-06,10:09
DAL2408,PAFA,KSEA,5,2026-10-06,09:41
DAL2409,KLGA,KMSP,6,2026-10-06,15:16
DAL241,LGAV,KBOS,7,2026-10-06,10:46
DAL2410,KLGA,KDJT,6,2026-10-06,00:16
DAL2411,KLGA,KMSY,1,2026-10-06,11:41
DAL2411,KMSY,KLGA,1,2026-10-06,16:10
DAL2412,KLGA,KSRQ,7,2026-10-06,14:43
DAL2412,KSRQ,KLGA,7,2026-10-06,18:47
DAL2413,KSLC,KORD,7,2026-10-06,00:06
DAL2414,KJFK,KMSP,7,2026-10-06,16:04
DAL2415,KMSP,KPDX,7,2026-10-06,14:25
DAL2416,KATL,CYUL,7,2026-10-06,01:37
DAL2417,KATL,KMDW,7,2026-10-06,15:11
DAL2417,KMDW,KATL,7,2026-10-06,18:07
DAL2418,KMSP,KGEG,7,2026-10-06,03:00
DAL2419,KPHX,KSEA,7,2026-10-06,19:21
DAL2419,KSEA,KPHX,7,2026-10-06,15:17
DAL242,KBOS,EHAM,7,2026-10-06,23:32
DAL2420,KATL,KJFK,7,2026-10-06,12:16
DAL2422,KATL,CYYZ,7,2026-10-06,01:49
DAL2423,KATL,KOKC,7,2026-10-06,02:55
DAL2424,KDTW,KTVC,6,2026-10-06,03:06
DAL2425,KATL,KSAV,7,2026-10-06,00:16
DAL2427,KATL,KCOS,7,2026-10-06,15:24
DAL2427,KCOS,KATL,7,2026-10-06,19:41
DAL2428,KMIA,KJFK,7,2026-10-06,11:15
DAL2429,KALB,KATL,7,2026-10-06,10:27
DAL243,EHAM,KBOS,7,2026-10-06,09:39
DAL2431,KDTW,KDEN,6,2026-10-06,20:40
DAL2432,KATL,KBOS,7,2026-10-06,12:45
DAL2433,KLGA,KTPA,6,2026-10-06,22:56
DAL2435,KATL,KMLB,7,2026-10-06,01:52
DAL2436,KMCO,KBOS,7,2026-10-06,11:13
DAL2437,KGEG,KMSP,6,2026-10-06,21:32
DAL2437,KMSP,KGEG,7,2026-10-06,17:21
DAL2438,KAUS,KLAX,1,2026-10-06,12:54
DAL2439,KBNA,KDTW,7,2026-10-06,11:19
DAL2440,KATL,KJAX,5,2026-10-04,20:59
DAL2440,KJAX,KATL,5,2026-10-06,23:18
DAL2441,KCVG,KATL,7,2026-10-06,10:13
DAL2442,KPHX,KSEA,7,2026-10-06,00:51
DAL2442,KSEA,KPHX,5,2026-10-05,21:02
DAL2443,KJFK,KDTW,7,2026-10-06,21:02
DAL2444,KLAS,KAUS,7,2026-10-06,00:54
DAL2444,KPHX,KSEA,1,2026-10-06,13:38
DAL2446,KBIS,KMSP,4,2026-10-06,13:18
DAL2447,KSEA,KPHX,7,2026-10-06,04:07
DAL2449,KPHX,KSEA,7,2026-10-06,23:29
DAL2449,KSEA,KPHX,5,2026-10-05,19:32
DAL245,LICC,KJFK,7,2026-10-06,08:14
DAL2450,KJAX,KATL,7,2026-10-06,11:33
DAL2451,KVPS,KATL,7,2026-10-06,12:17
DAL2452,KFAR,KMSP,7,2026-10-06,12:27
DAL2453,KGRR,KATL,7,2026-10-06,10:23
DAL2454,KLGA,KTPA,1,2026-10-06,17:14
DAL2454,KTPA,KLGA,1,2026-10-06,20:59
DAL2455,KSLC,KSTL,7,2026-10-06,15:54
DAL2455,KSTL,KSLC,6,2026-10-06,19:34
DAL2456,KIND,KMSP,6,2026-10-05,16:30
DAL2456,KMSP,KIND,6,2026-10-05,14:06
DAL2457,KLAX,KPDX,7,2026-10-06,03:26
DAL2458,KDTW,KSAT,7,2026-10-06,17:48
DAL2458,KSAT,KDTW,1,2026-10-03,20:23
DAL2459,KLAX,KPDX,3,2026-10-05,00:27
DAL2459,KPDX,KLAX,4,2026-10-06,03:42
DAL246,KJFK,BIKF,6,2026-10-06,04:12
DAL2460,KDJT,KLGA,6,2026-10-06,00:07
DAL2460,KLGA,KDJT,7,2026-10-06,20:23
DAL2461,KATL,KDAY,1,2026-10-06,20:33
DAL2461,KDAY,KATL,1,2026-10-06,22:42
DAL2462,KMSP,KVPS,2,2026-10-06,15:36
DAL2462,KVPS,KMSP,2,2026-10-06,19:21
DAL2463,KCHS,KMSP,6,2026-10-06,21:45
DAL2463,KMSP,KCHS,6,2026-10-06,17:55
DAL2464,KBOS,KATL,6,2026-10-06,22:18
DAL2465,KFLL,KLGA,6,2026-10-05,15:56
DAL2465,KLGA,KFLL,7,2026-10-06,11:30
DAL2468,CYYZ,KSLC,5,2026-10-06,22:10
DAL2469,KCMH,KATL,7,2026-10-06,10:04
DAL247,BIKF,KJFK,6,2026-10-06,11:46
DAL2471,KATL,KMCI,6,2026-10-06,12:26
DAL2471,KMCI,KATL,6,2026-10-06,15:37
DAL2472,KATL,KROC,7,2026-10-06,01:54
DAL2473,KLGA,KMSP,6,2026-10-06,12:02
DAL2474,KBOS,KRSW,5,2026-10-05,11:32
DAL2474,KBOS,KRIC,1,2026-09-30,11:57
DAL2474,KRIC,KRSW,1,2026-09-30,14:06
DAL2474,KRSW,KBOS,1,2026-10-06,14:50
DAL2475,KTPA,KJFK,7,2026-10-06,11:34
DAL2476,KDCA,KDTW,7,2026-10-06,16:37
DAL2476,KDTW,KDCA,7,2026-10-06,14:13
DAL2477,KSLC,CYYZ,6,2026-10-06,17:10
DAL2478,KRDU,KATL,7,2026-10-06,11:40
DAL2479,KATL,KPWM,7,2026-10-06,14:43
DAL2479,KPWM,KATL,7,2026-10-06,18:30
DAL248,KSEA,LEBL,3,2026-10-04,22:46
DAL2480,KBWI,KDTW,7,2026-10-06,22:08
DAL2480,KDTW,KBWI,7,2026-10-06,19:32
DAL2481,KDTW,KCLT,6,2026-10-06,11:16
DAL2482,KMSP,CYVR,7,2026-10-06,14:12
DAL2483,CYVR,KMSP,7,2026-10-06,19:11
DAL2484,KATL,KBHM,5,2026-10-06,20:16
DAL2484,KBHM,KATL,5,2026-10-06,22:18
DAL2485,KMSP,CYYC,5,2026-10-06,00:02
DAL2487,KMSP,CYYC,5,2026-10-06,16:15
DAL2488,KMSP,KBOI,7,2026-10-06,03:09
DAL2489,CYYC,KMSP,6,2026-10-06,20:33
DAL249,LEBL,KSEA,3,2026-10-04,11:57
DAL2490,KATL,KOKC,7,2026-10-06,13:30
DAL2490,KOKC,KATL,7,2026-10-06,16:39
DAL2491,KCLT,KMSP,7,2026-10-06,10:35
DAL2492,CYYC,KMSP,6,2026-10-06,13:05
DAL2493,KATL,KCHS,5,2026-10-06,23:28
DAL2494,KATL,KECP,3,2026-10-06,01:06
DAL2497,KSAT,KDTW,7,2026-10-06,10:24
DAL2498,KATL,KEWR,7,2026-10-06,23:02
DAL25,LFMN,KATL,6,2026-10-06,08:25
DAL250,KBOS,LEBL,6,2026-10-06,00:05
DAL2500,KJFK,KMIA,7,2026-10-06,19:40
DAL2501,KATL,KMEM,7,2026-10-06,03:19
DAL2503,KLGA,KORD,4,2026-10-06,21:56
DAL2503,KORD,KLGA,6,2026-10-06,01:48
DAL2504,KATL,KBDL,5,2026-10-06,22:55
DAL2507,KAUS,KMIA,7,2026-10-06,13:42
DAL2508,KSAN,KSEA,7,2026-10-06,18:34
DAL2508,KSEA,KSAN,7,2026-10-06,14:35
DAL2509,KBNA,KBOS,7,2026-10-06,12:22
DAL251,LEBL,KBOS,7,2026-10-06,13:35
DAL2510,KLGA,KMSP,7,2026-10-06,10:08
DAL2511,KATL,KROC,7,2026-10-06,13:31
DAL2511,KROC,KATL,7,2026-10-06,16:54
DAL2512,KSEA,KLAX,7,2026-10-06,04:55
DAL2513,KLGA,KORD,6,2026-10-06,23:28
DAL2514,KSLC,KIAH,7,2026-10-06,00:00
DAL2515,KSLC,KMEM,7,2026-10-06,19:33
DAL2518,KCID,KATL,7,2026-10-06,11:00
DAL2519,KMSP,KRDU,2,2026-10-06,12:16
DAL2519,KRDU,KMSP,6,2026-10-06,15:58
DAL2520,KLGA,KMCO,7,2026-10-06,20:23
DAL2521,KMSP,KRDU,7,2026-10-06,15:43
DAL2521,KRDU,KMSP,7,2026-10-06,19:16
DAL2522,KMSY,KATL,7,2026-10-06,12:49
DAL2524,KBOS,KLGA,7,2026-10-06,11:15
DAL2525,KSYR,KMSP,7,2026-10-06,11:27
DAL2527,KATL,KEWR,6,2026-10-06,01:06
DAL2528,KSAT,KMSP,6,2026-10-06,19:38
DAL2530,KSAN,KSEA,7,2026-10-06,14:15
DAL2531,KLGA,KTPA,7,2026-10-06,11:26
DAL2531,KTPA,KLGA,7,2026-10-06,15:18
DAL2532,KDJT,KLGA,7,2026-10-06,11:21
DAL2533,KSAN,KSEA,6,2026-10-06,21:48
DAL2533,KSEA,KSAN,7,2026-10-06,17:27
DAL2534,KSAT,KLAX,7,2026-10-06,12:28
DAL2535,KDJT,KDTW,7,2026-10-06,16:41
DAL2535,KDTW,KDJT,7,2026-10-06,12:36
DAL2536,KDJT,KLGA,7,2026-10-06,15:19
DAL2536,KLGA,KDJT,7,2026-10-06,11:33
DAL2538,KRDU,KMSP,7,2026-10-06,10:12
DAL2539,KATL,KGSO,7,2026-10-06,18:09
DAL2539,KGSO,KATL,7,2026-10-06,20:53
DAL2540,KLGA,KMCO,6,2026-10-06,00:09
DAL2541,KMCO,KAUS,1,2026-10-06,11:04
DAL2542,KATL,KMSY,7,2026-10-06,15:19
DAL2542,KMSY,KATL,7,2026-10-06,18:13
DAL2543,KDEN,KSEA,6,2026-10-06,01:01
DAL2543,KSEA,KDEN,6,2026-10-06,21:24
DAL2544,KDEN,KSLC,7,2026-10-06,11:37
DAL2545,KATL,KCLE,7,2026-10-06,18:25
DAL2545,KCLE,KATL,1,2026-10-06,21:29
DAL2546,KMSP,KSYR,6,2026-10-06,01:45
DAL2547,KATL,KGRR,7,2026-10-06,14:22
DAL2547,KGRR,KATL,7,2026-10-06,17:10
DAL2548,KDTW,KMIA,6,2026-10-05,18:43
DAL2548,KMIA,KDTW,7,2026-10-06,22:54
DAL2549,KATL,KIAD,7,2026-10-06,03:04
DAL2550,KCMH,KMSP,6,2026-10-05,17:50
DAL2550,KMSP,KCMH,6,2026-10-05,15:14
DAL2551,KLAX,KPDX,6,2026-10-06,21:37
DAL2551,KPDX,KLAX,7,2026-10-06,00:55
DAL2552,KATL,KEWR,4,2026-10-06,03:33
DAL2553,KPHX,KMSP,6,2026-10-06,14:10
DAL2554,KBDL,KATL,6,2026-10-06,11:19
DAL2555,KDTW,KMCO,7,2026-10-06,11:19
DAL2556,KHSV,KATL,7,2026-10-06,10:31
DAL2557,KHOU,KATL,6,2026-10-06,11:16
DAL2558,KMSP,KBOS,7,2026-10-06,19:18
DAL2559,KRSW,KDTW,7,2026-10-06,21:50
DAL256,KBGR,EHAM,1,2026-09-30,23:09
DAL2561,KLGA,KMCO,7,2026-10-06,22:09
DAL2562,KBWI,KATL,7,2026-10-06,12:32
DAL2564,KLGA,KMCO,7,2026-10-06,16:04
DAL2564,KMCO,KLGA,7,2026-10-06,20:08
DAL2565,KBWI,KMSP,6,2026-10-06,23:29
DAL2565,KMSP,KBWI,6,2026-10-06,19:52
DAL2566,KDTW,KEWR,7,2026-10-06,11:11
DAL2566,KEWR,KDTW,7,2026-10-06,13:58
DAL2567,KDTW,KEWR,6,2026-10-06,22:12
DAL2567,KEWR,KDTW,5,2026-10-06,00:38
DAL2568,KLAX,KSAT,7,2026-10-06,17:19
DAL2569,KJAX,KATL,6,2026-10-06,12:40
DAL257,EHAM,KBOS,7,2026-10-06,13:03
DAL2570,KBOS,KORD,7,2026-10-06,11:37
DAL2570,KORD,KBOS,6,2026-10-06,15:59
DAL2571,KATL,KTYS,7,2026-10-06,20:43
DAL2571,KTYS,KATL,6,2026-10-06,22:24
DAL2572,KSAN,KSEA,7,2026-10-06,23:51
DAL2572,KSEA,KSAN,7,2026-10-06,20:09
DAL2573,KDTW,KEWR,6,2026-10-06,18:26
DAL2573,KEWR,KDTW,7,2026-10-06,21:10
DAL2574,KMSP,KSAV,7,2026-10-06,18:00
DAL2574,KSAV,KMSP,4,2026-10-06,21:31
DAL2576,KDCA,KMIA,7,2026-10-06,17:40
DAL2577,KDTW,KEWR,6,2026-10-06,14:38
DAL2577,KEWR,KDTW,7,2026-10-06,17:05
DAL2578,KDTW,KAUS,7,2026-10-06,00:18
DAL2579,KBWI,KATL,7,2026-10-06,11:22
DAL258,KMSP,EIDW,7,2026-10-06,23:34
DAL2580,KMSP,KSAT,6,2026-10-06,19:41
DAL2581,KAUS,KSLC,7,2026-10-06,23:47
DAL2581,KSLC,KAUS,1,2026-10-06,19:30
DAL2582,KBUR,KSLC,7,2026-10-06,14:12
DAL2583,KATL,KPIT,7,2026-10-06,00:11
DAL2584,KATL,KALB,7,2026-10-06,01:58
DAL2585,KSLC,KSMF,4,2026-10-06,23:45
DAL2585,KSMF,KSLC,4,2026-10-06,02:25
DAL2586,KBOS,KBNA,6,2026-10-06,00:49
DAL2587,KDTW,KTPA,7,2026-10-06,14:31
DAL2587,KTPA,KDTW,7,2026-10-06,18:10
DAL2588,KDTW,KLAS,1,2026-10-06,11:23
DAL2589,KDTW,KLGA,7,2026-10-06,14:16
DAL259,EIDW,KMSP,7,2026-10-06,11:09
DAL2591,KMSP,KBOS,5,2026-10-06,21:36
DAL2592,KSAT,KSLC,7,2026-10-06,11:51
DAL2593,KMSP,KMCO,1,2026-10-06,20:38
DAL2594,KMSP,KPHL,5,2026-10-06,19:32
DAL2594,KPHL,KMSP,7,2026-10-06,23:25
DAL2595,KATL,KBOS,7,2026-10-06,20:04
DAL2596,KEWR,KDTW,6,2026-10-06,10:18
DAL2597,KATL,CYUL,7,2026-10-06,13:11
DAL2599,KATL,KMSN,6,2026-10-06,19:42
DAL2599,KMSN,KATL,3,2026-10-05,22:17
DAL26,RKSI,KATL,7,2026-10-06,10:09
DAL260,KMSP,BIKF,6,2026-10-05,01:22
DAL2600,KATL,KRDU,7,2026-10-06,19:58
DAL2600,KRDU,KATL,5,2026-10-06,22:40
DAL2601,KBWI,KDTW,7,2026-10-06,10:14
DAL2602,KDTW,KLGA,7,2026-10-06,18:27
DAL2603,KDTW,KLGA,7,2026-10-06,02:05
DAL2604,KDTW,KLGA,5,2026-10-06,22:30
DAL2605,KATL,KTPA,7,2026-10-06,11:38
DAL2605,KTPA,KATL,7,2026-10-06,14:10
DAL2606,KLAX,KSEA,6,2026-10-06,21:06
DAL2607,KMSP,KSLC,7,2026-10-06,23:25
DAL2608,KSLC,KIDA,7,2026-10-06,03:36
DAL2609,KDTW,KEWR,7,2026-10-06,01:43
DAL261,BIKF,KMSP,6,2026-10-05,09:43
DAL2610,KMSP,KMSO,7,2026-10-06,03:02
DAL2611,KBOS,KJFK,7,2026-10-06,10:17
DAL2612,KBNA,KMSP,5,2026-10-06,23:42
DAL2612,KMSP,KBNA,6,2026-10-06,20:28
DAL2613,KSAN,KSEA,6,2026-10-06,02:28
DAL2613,KSEA,KSAN,6,2026-10-06,22:41
DAL2614,KMSP,KBOS,7,2026-10-06,01:35
DAL2615,KATL,KFSD,7,2026-10-06,22:23
DAL2616,KLAX,KSEA,3,2026-10-06,04:08
DAL2617,KIAH,KMSP,6,2026-10-05,23:06
DAL2618,KAUS,KSLC,7,2026-10-06,13:14
DAL2619,KSLC,KMKE,5,2026-10-06,23:23
DAL262,KJFK,LFPG,7,2026-10-06,23:49
DAL2620,KATL,KTUL,6,2026-10-06,15:12
DAL2620,KTUL,KATL,7,2026-10-06,17:50
DAL2622,KPSC,KMSP,7,2026-10-06,14:06
DAL2624,KATL,KSDF,7,2026-10-06,02:46
DAL2625,CYUL,KATL,5,2026-10-06,23:09
DAL2626,KATL,KCID,7,2026-10-06,01:05
DAL2628,KMSP,KSLC,7,2026-10-06,13:15
DAL2629,CYUL,KATL,7,2026-10-06,16:59
DAL263,LFPG,KJFK,7,2026-10-06,09:57
DAL2631,KFLL,KDTW,7,2026-10-06,10:17
DAL2632,KATL,KOMA,5,2026-10-05,12:35
DAL2632,KOMA,KATL,5,2026-10-05,15:42
DAL2633,KORD,KLGA,7,2026-10-06,12:18
DAL2634,KATL,KRDU,6,2026-10-06,11:46
DAL2634,KRDU,KATL,6,2026-10-06,14:11
DAL2635,KSEA,KSFO,7,2026-10-06,04:51
DAL2636,KDTW,KRIC,1,2026-10-06,18:29
DAL2636,KRIC,KDTW,1,2026-10-06,21:09
DAL2637,KBNA,KATL,7,2026-10-06,10:22
DAL2639,KJFK,KBOS,7,2026-10-06,02:57
DAL264,KJFK,LFPG,7,2026-10-06,03:08
DAL2640,KLAX,KSEA,7,2026-10-06,01:24
DAL2641,KFLL,KJFK,1,2026-10-06,19:55
DAL2641,KJFK,KFLL,1,2026-10-06,15:27
DAL2642,KATL,KPHL,7,2026-10-06,02:57
DAL2643,CYUL,KATL,7,2026-10-06,11:14
DAL2644,KMSP,KIAH,6,2026-10-06,19:58
DAL2646,KBOS,KORD,5,2026-10-06,21:08
DAL2646,KORD,KBOS,6,2026-10-06,01:12
DAL2647,KSAN,KMSP,4,2026-10-06,01:36
DAL2648,KDTW,KBOS,7,2026-10-06,14:08
DAL2649,KMSP,KBOS,7,2026-10-06,12:02
DAL265,LFPG,KJFK,7,2026-10-06,12:57
DAL2650,KATL,KRIC,7,2026-10-06,14:24
DAL2650,KRIC,KATL,7,2026-10-06,17:23
DAL2651,KMSP,KSLC,7,2026-10-06,17:34
DAL2653,KLAX,KLAS,4,2026-10-06,05:42
DAL2654,KATL,KMSP,6,2026-10-06,21:43
DAL2655,KMSP,KBOS,7,2026-10-06,15:39
DAL2656,KIAH,KMSP,1,2026-10-06,16:02
DAL2656,KMSP,KIAH,7,2026-10-06,12:17
DAL2657,KATL,KIND,7,2026-10-06,03:13
DAL2658,KMSP,KSLC,7,2026-10-06,19:45
DAL2659,KATL,KPVD,4,2026-10-06,22:01
DAL266,KJFK,LFPG,7,2026-10-06,00:50
DAL2660,KDTW,KALB,7,2026-10-06,01:58
DAL2661,KMSP,KJFK,7,2026-10-06,18:08
DAL2662,CYYZ,KATL,7,2026-10-06,10:29
DAL2664,KBUF,KATL,7,2026-10-06,10:29
DAL2665,KATL,CYUL,6,2026-10-06,19:13
DAL2666,KSLC,KSTL,7,2026-10-06,03:07
DAL2667,KMSP,KSAT,7,2026-10-06,13:59
DAL2668,KATL,KMSP,7,2026-10-06,11:38
DAL2669,KATL,CYYZ,5,2026-10-06,23:49
DAL267,LFPG,KJFK,7,2026-10-06,08:18
DAL2670,KATL,KBWI,4,2026-10-06,01:57
DAL2671,KAUS,KSLC,6,2026-10-06,17:44
DAL2671,KSLC,KAUS,6,2026-10-06,13:58
DAL2672,KSEA,KSAN,7,2026-10-06,03:22
DAL2673,KMSP,KIAH,7,2026-10-06,15:22
DAL2674,KLAS,KSLC,7,2026-10-06,13:18
DAL2675,KSAT,KMSP,5,2026-10-06,23:12
DAL2677,KBNA,KBOS,5,2026-10-06,23:16
DAL2677,KBOS,KBNA,6,2026-10-06,18:59
DAL2679,KMSP,KPHL,7,2026-10-06,16:13
DAL2679,KPHL,KMSP,6,2026-10-06,19:49
DAL2681,KATL,KMSN,7,2026-10-06,13:48
DAL2681,KMSN,KATL,7,2026-10-06,16:51
DAL2682,KBNA,KDTW,6,2026-10-05,15:24
DAL2682,KDTW,KBNA,7,2026-10-06,12:43
DAL2683,KMSP,KIAH,5,2026-10-06,23:52
DAL2684,KCLT,KDTW,7,2026-10-06,17:21
DAL2684,KDTW,KCLT,7,2026-10-06,14:29
DAL2686,KLAX,KSAT,6,2026-10-06,02:35
DAL2687,KMSP,KAUS,5,2026-10-05,19:57
DAL2688,KMSP,KPHL,6,2026-10-06,12:23
DAL2688,KPHL,KMSP,6,2026-10-06,15:52
DAL2689,KSLC,KAUS,6,2026-10-05,20:01
DAL2690,KATL,KSYR,6,2026-10-06,20:05
DAL2690,KSYR,KATL,6,2026-10-06,23:07
DAL2691,KGRB,KATL,7,2026-10-06,10:35
DAL2692,KMSP,KJFK,7,2026-10-06,01:47
DAL2693,KMCO,KJFK,7,2026-10-06,12:08
DAL2695,KMSP,KMSY,7,2026-10-06,17:53
DAL2695,KMSY,KMSP,5,2026-10-06,21:38
DAL2697,KDTW,KMSP,7,2026-10-06,16:53
DAL2698,KSEA,KPHX,7,2026-10-06,01:36
DAL2699,KMSP,KRDU,7,2026-10-06,19:29
DAL2699,KRDU,KMSP,6,2026-10-05,23:25
DAL27,KATL,RKSI,6,2026-10-06,03:49
DAL2700,KATL,KSTL,1,2026-10-03,18:14
DAL2700,KSTL,KATL,1,2026-10-03,20:48
DAL2701,KATL,KLIT,7,2026-10-06,23:58
DAL2702,KMCO,KJFK,6,2026-10-06,10:08
DAL2703,KMSP,KPHL,7,2026-10-06,01:33
DAL2706,KBOS,KTPA,6,2026-10-06,11:31
DAL2706,KBOS,KBWI,1,2026-09-30,11:39
DAL2706,KBWI,KTPA,1,2026-09-30,13:22
DAL2706,KTPA,KBOS,6,2026-10-05,16:29
DAL2707,KATL,KOMA,4,2026-10-05,23:12
DAL2708,KONT,KSLC,7,2026-10-06,13:02
DAL2709,KATL,KIAH,1,2026-10-06,16:45
DAL2709,KIAH,KATL,1,2026-10-06,19:35
DAL2710,CYYZ,KATL,7,2026-10-06,17:50
DAL2711,KATL,KBWI,7,2026-10-06,15:27
DAL2711,KBWI,KATL,7,2026-10-06,18:16
DAL2712,KAVL,KATL,7,2026-10-06,09:53
DAL2713,KIND,KATL,1,2026-10-06,11:17
DAL2714,CYYZ,KATL,5,2026-10-06,22:54
DAL2715,KDTW,KBWI,7,2026-10-06,01:35
DAL2716,KMKE,KSLC,6,2026-10-06,12:38
DAL2717,KSAT,KMSP,7,2026-10-06,11:05
DAL2718,KATL,KBIX,1,2026-10-05,16:58
DAL2718,KATL,KGPT,1,2026-10-04,17:03
DAL2718,KGPT,KATL,3,2026-10-06,19:08
DAL2719,KMSP,KLGA,7,2026-10-06,12:12
DAL272,KJFK,LPPT,7,2026-10-06,00:25
DAL2720,KATL,KJAX,6,2026-10-06,19:34
DAL2720,KJAX,KATL,7,2026-10-06,21:46
DAL2721,KSFO,KSEA,7,2026-10-06,13:29
DAL2722,KJAX,KATL,6,2026-10-05,10:17
DAL2723,KTPA,KLGA,7,2026-10-06,11:19
DAL2724,KBNA,KMSP,6,2026-10-05,15:24
DAL2724,KMSP,KBNA,7,2026-10-06,12:13
DAL2727,KDSM,KATL,7,2026-10-06,10:45
DAL2728,KSLC,KAUS,7,2026-10-06,00:15
DAL2729,KMCO,KDCA,7,2026-10-06,00:25
DAL273,LPPT,KJFK,7,2026-10-06,09:46
DAL2730,KATL,KBTR,7,2026-10-06,18:38
DAL2730,KBTR,KATL,7,2026-10-06,21:09
DAL2731,KATL,KORF,6,2026-10-06,01:12
DAL2732,KMSP,KLGA,7,2026-10-06,20:33
DAL2733,KMSP,KLGA,7,2026-10-06,01:14
DAL2734,KCLE,KATL,7,2026-10-06,10:13
DAL2735,KATL,KBDL,7,2026-10-06,19:55
DAL2735,KBDL,KATL,4,2026-10-06,23:27
DAL2736,KAUS,KDTW,7,2026-10-06,22:10
DAL2738,KATL,KORD,7,2026-10-06,19:36
DAL2739,KATL,KBDL,7,2026-10-06,17:57
DAL2739,KBDL,KATL,7,2026-10-06,21:35
DAL274,RJTT,KDTW,7,2026-10-06,09:43
DAL2741,KDTW,KMCI,7,2026-10-06,16:27
DAL2741,KMCI,KDTW,7,2026-10-06,19:13
DAL2743,KONT,KSLC,1,2026-10-06,20:36
DAL2743,KSLC,KONT,1,2026-10-06,18:07
DAL2743,KTPA,KATL,6,2026-10-05,09:22
DAL2746,KDFW,KDTW,7,2026-10-06,17:00
DAL2746,KDTW,KDFW,7,2026-10-06,12:47
DAL2747,KATL,KMCI,7,2026-10-06,16:22
DAL2747,KMCI,KATL,7,2026-10-06,19:32
DAL2748,KBNA,KLGA,1,2026-10-06,21:41
DAL2748,KLGA,KBNA,6,2026-10-06,18:00
DAL2749,KMSP,KAUS,7,2026-10-06,00:55
DAL275,KDTW,RJTT,6,2026-10-05,17:54
DAL2750,KATL,KCLE,1,2026-10-03,21:01
DAL2751,KDTW,KJFK,7,2026-10-06,14:23
DAL2752,KCVG,KMSP,7,2026-10-06,10:05
DAL2754,KATL,KTUL,7,2026-10-06,12:31
DAL2754,KTUL,KATL,7,2026-10-06,15:12
DAL2755,KATL,KORF,6,2026-10-05,14:37
DAL2755,KORF,KATL,6,2026-10-05,17:33
DAL2756,KMSP,KLGA,7,2026-10-06,18:13
DAL2757,KIND,KMSP,6,2026-10-05,11:08
DAL276,KBOS,LIMC,4,2026-10-06,00:16
DAL276,KBOS,LFMN,3,2026-10-04,00:26
DAL2761,KDTW,KMCI,6,2026-10-06,20:14
DAL2761,KMCI,KDTW,6,2026-10-06,22:56
DAL2762,KSLC,KSFO,6,2026-10-06,03:29
DAL2763,KATL,KDAY,7,2026-10-06,17:52
DAL2763,KDAY,KATL,7,2026-10-06,19:59
DAL2764,KMSP,KLGA,6,2026-10-06,15:30
DAL2765,KATL,KBDL,4,2026-10-06,00:33
DAL2766,KLAX,KPDX,6,2026-10-06,17:34
DAL2766,KPDX,KLAX,6,2026-10-06,20:53
DAL2767,KORD,KLGA,5,2026-10-06,11:11
DAL2768,KSEA,PANC,6,2026-10-06,14:55
DAL2768,PANC,KSEA,6,2026-10-06,19:56
DAL2769,KSEA,KLAX,7,2026-10-06,17:21
DAL277,LFMN,KBOS,2,2026-10-04,12:48
DAL277,LIMC,KBOS,4,2026-10-06,10:19
DAL2771,KATL,KXNA,6,2026-10-06,21:38
DAL2772,KCMH,KMSP,6,2026-10-05,14:52
DAL2772,KMSP,KCMH,6,2026-10-05,12:15
DAL2773,KMSP,KSAT,7,2026-10-06,23:37
DAL2775,KJFK,KMCO,6,2026-10-06,15:46
DAL2775,KMCO,KJFK,6,2026-10-06,20:04
DAL2776,KCVG,KFLL,7,2026-10-06,16:25
DAL2776,KFLL,KCVG,7,2026-10-06,20:05
DAL2778,KATL,KMEM,5,2026-10-06,16:40
DAL2778,KMEM,KATL,5,2026-10-06,18:59
DAL2779,KBOS,KATL,7,2026-10-06,16:35
DAL2780,KATL,KDAL,5,2026-10-06,21:13
DAL2780,KDAL,KATL,7,2026-10-06,00:14
DAL2782,KBOS,KRDU,6,2026-10-06,21:47
DAL2783,KMSP,KRDU,4,2026-10-05,12:26
DAL2784,KATL,KOKC,4,2026-10-05,23:22
DAL2785,KBOS,KCHS,7,2026-10-06,16:07
DAL2785,KCHS,KBOS,7,2026-10-06,20:06
DAL2786,KATL,KCMH,7,2026-10-06,20:45
DAL2786,KCMH,KATL,6,2026-10-06,23:22
DAL2789,KSFO,KMSP,4,2026-10-05,07:18
DAL279,LIRN,KATL,4,2026-10-05,07:25
DAL2790,KDTW,KMSY,7,2026-10-06,12:59
DAL2790,KMSY,KDTW,7,2026-10-06,16:36
DAL2791,KPHL,KMSP,6,2026-10-06,09:49
DAL2793,KATL,KGNV,7,2026-10-06,12:29
DAL2793,KGNV,KATL,7,2026-10-06,14:22
DAL2794,KLAS,KCVG,7,2026-10-06,05:31
DAL2795,KMSO,KSLC,1,2026-10-06,12:14
DAL2796,KSLC,KDFW,6,2026-10-06,00:23
DAL2797,KSLC,KSAT,7,2026-10-06,02:58
DAL2798,KDFW,KSLC,7,2026-10-06,17:47
DAL2798,KSLC,KDFW,7,2026-10-06,14:07
DAL2799,KATL,KBWI,7,2026-10-06,18:01
DAL2799,KBWI,KATL,7,2026-10-06,21:17
DAL28,KJFK,LFMN,3,2026-10-05,22:45
DAL2800,KDFW,KSLC,7,2026-10-06,20:01
DAL2800,KSLC,KDFW,7,2026-10-06,16:05
DAL2802,KBNA,KATL,7,2026-10-06,13:12
DAL2803,KATL,KVPS,6,2026-10-05,22:34
DAL2803,KVPS,KATL,4,2026-10-06,00:22
DAL2804,KBOS,KORD,7,2026-10-06,03:08
DAL2806,KLGA,KORD,6,2026-10-06,01:23
DAL2807,KATL,KPNS,4,2026-10-03,03:22
DAL2808,KBOI,KMSP,7,2026-10-06,11:39
DAL2809,KMSP,KSFO,7,2026-10-06,23:45
DAL2810,KATL,KDAB,7,2026-10-06,01:43
DAL2811,KDFW,KSLC,1,2026-10-04,23:35
DAL2811,KSLC,KDFW,6,2026-10-06,20:08
DAL2812,KMCO,KLGA,1,2026-10-06,19:11
DAL2813,KATL,KCLT,1,2026-10-06,23:11
DAL2814,KBDL,KDTW,6,2026-10-06,21:24
DAL2814,KDTW,KBDL,7,2026-10-06,18:53
DAL2815,KATL,KEYW,2,2026-10-01,22:20
DAL2816,KBOS,KORD,6,2026-10-06,16:34
DAL2816,KORD,KBOS,4,2026-10-06,21:38
DAL2817,KSLC,KSEA,6,2026-10-06,22:00
DAL2818,KROA,KATL,7,2026-10-06,10:08
DAL2819,KCLT,KMSP,6,2026-10-05,19:27
DAL2819,KMSP,KCLT,6,2026-10-05,15:36
DAL2820,KCLT,KMSP,4,2026-10-05,23:52
DAL2820,KMSP,KCLT,2,2026-10-06,20:19
DAL2821,KMSP,KCLT,4,2026-10-05,20:21
DAL2822,KDTW,KSTL,5,2026-10-06,20:46
DAL2822,KSTL,KDTW,6,2026-10-06,23:11
DAL2823,KATL,KECP,7,2026-10-06,16:40
DAL2823,KECP,KATL,7,2026-10-06,18:56
DAL2824,KCVG,KMCO,6,2026-10-06,20:18
DAL2824,KMCO,KCVG,6,2026-10-06,23:40
DAL2825,KATL,KMSP,7,2026-10-06,18:53
DAL2826,KDTW,KMCI,7,2026-10-06,12:58
DAL2826,KMCI,KDTW,7,2026-10-06,15:43
DAL2827,KATL,KDAB,7,2026-10-06,16:46
DAL2827,KDAB,KATL,7,2026-10-06,19:19
DAL2828,KORD,KBOS,7,2026-10-06,13:03
DAL2830,KSEA,KLAX,7,2026-10-06,22:01
DAL2831,KATL,KSDF,6,2026-10-06,22:22
DAL2831,KSDF,KATL,4,2026-10-06,00:58
DAL2832,KATL,KVPS,7,2026-10-06,18:10
DAL2832,KVPS,KATL,7,2026-10-06,20:12
DAL2833,KATL,KSTL,7,2026-10-06,23:50
DAL2834,KLAS,KMSP,7,2026-10-06,08:00
DAL2835,CYYZ,KATL,7,2026-10-06,15:47
DAL2836,KATL,KMIA,7,2026-10-06,11:41
DAL2836,KMIA,KATL,7,2026-10-06,14:46
DAL2837,KATL,KTUL,6,2026-10-06,21:17
DAL2837,KTUL,KATL,6,2026-10-06,00:08
DAL2838,KCLE,KATL,7,2026-10-06,11:24
DAL2839,KDTW,KRDU,7,2026-10-06,01:40
DAL2840,KDTW,KORD,6,2026-10-05,11:46
DAL2840,KORD,KDTW,6,2026-10-05,14:03
DAL2842,KATL,KSDF,6,2026-10-06,00:57
DAL2843,KBNA,KMSP,7,2026-10-06,21:14
DAL2843,KMSP,KBNA,6,2026-10-06,17:56
DAL2844,KLAS,KSEA,7,2026-10-06,13:08
DAL2845,KMCO,KDTW,7,2026-10-06,13:16
DAL2846,KMSP,KEWR,6,2026-10-06,01:34
DAL2848,KMSP,KMCO,1,2026-10-06,14:10
DAL2849,KDEN,KMSP,7,2026-10-06,17:21
DAL2849,KMSP,KDEN,7,2026-10-06,14:13
DAL2850,KATL,KCHS,7,2026-10-06,02:51
DAL2851,KSEA,KDEN,7,2026-10-06,03:44
DAL2852,KDTW,KTPA,7,2026-10-06,11:15
DAL2852,KTPA,KDTW,7,2026-10-06,14:52
DAL2853,KAVL,KATL,7,2026-10-06,12:00
DAL2854,KSEA,KLAX,4,2026-10-06,03:31
DAL2855,KSLC,KCLE,7,2026-10-06,23:46
DAL2856,KDTW,KATL,7,2026-10-06,14:44
DAL2857,KATL,KMDT,7,2026-10-06,19:34
DAL2857,KMDT,KATL,5,2026-10-06,22:11
DAL2858,KSEA,KSLC,7,2026-10-06,14:47
DAL2859,KBDL,KDTW,6,2026-10-06,13:48
DAL2859,KDTW,KBDL,6,2026-10-06,11:25
DAL2860,KATL,KSAV,7,2026-10-06,03:04
DAL2861,KSEA,KLAX,7,2026-10-06,01:10
DAL2862,KATL,KOKC,7,2026-10-06,19:21
DAL2862,KOKC,KATL,5,2026-10-06,22:27
DAL2864,KEWR,KMSP,6,2026-10-05,16:00
DAL2864,KMSP,KEWR,7,2026-10-06,12:16
DAL2865,KATL,KGRR,7,2026-10-06,01:48
DAL2866,KEWR,KMSP,7,2026-10-06,22:59
DAL2866,KMSP,KEWR,7,2026-10-06,19:12
DAL2867,KATL,KBNA,7,2026-10-06,15:33
DAL2867,KBNA,KATL,7,2026-10-06,17:59
DAL2868,KDTW,KSTL,7,2026-10-06,13:04
DAL2868,KSTL,KDTW,7,2026-10-06,15:28
DAL2869,KDCA,KDTW,6,2026-10-06,10:17
DAL287,LIMC,KJFK,4,2026-10-06,07:30
DAL2871,KMSP,KBDL,7,2026-10-06,01:14
DAL2872,KBWI,KMSP,7,2026-10-06,10:27
DAL2874,KSLC,KSEA,7,2026-10-06,13:54
DAL2875,CYVR,KMSP,5,2026-10-06,13:12
DAL2876,KCVG,KSLC,7,2026-10-06,11:34
DAL2877,KDEN,KMSP,7,2026-10-06,14:57
DAL2877,KMSP,KDEN,1,2026-10-06,15:58
DAL2878,KATL,KTLH,4,2026-10-05,22:32
DAL2878,KTLH,KATL,4,2026-10-06,00:09
DAL2879,KATL,KORD,5,2026-10-06,22:05
DAL288,KJFK,LIPZ,7,2026-10-06,01:21
DAL2880,KLAS,KSEA,6,2026-10-06,22:47
DAL2880,KSEA,KLAS,6,2026-10-06,19:32
DAL2881,KATL,KMCO,5,2026-10-06,23:11
DAL2882,KMCI,KSLC,7,2026-10-06,20:14
DAL2882,KSLC,KMCI,6,2026-10-06,17:02
DAL2883,KATL,CYYZ,7,2026-10-06,14:15
DAL2884,KDTW,KIAD,4,2026-10-05,12:59
DAL2884,KIAD,KDTW,4,2026-10-05,15:19
DAL2884,KTPA,KDTW,1,2026-10-06,10:13
DAL2886,KATL,KAUS,6,2026-10-06,14:00
DAL2886,KAUS,KATL,6,2026-10-06,17:47
DAL2887,KBOS,KMCO,6,2026-10-06,20:09
DAL2887,KBOS,KIAD,1,2026-09-30,22:09
DAL2888,KMIA,KDCA,5,2026-10-05,15:23
DAL2889,KBOS,KSEA,3,2026-10-06,20:58
DAL2889,KCVG,KSEA,1,2026-09-30,22:53
DAL289,LIPZ,KJFK,7,2026-10-06,11:34
DAL2891,KATL,KONT,7,2026-10-06,21:28
DAL2891,KONT,KATL,4,2026-10-06,05:09
DAL2892,KATL,KCMH,7,2026-10-06,18:29
DAL2892,KCMH,KATL,7,2026-10-06,21:14
DAL2893,KATL,KSAT,5,2026-10-06,22:05
DAL2894,KATL,KORD,6,2026-10-06,15:41
DAL2894,KORD,KATL,7,2026-10-06,19:13
DAL2895,KEWR,KMSP,6,2026-10-06,19:18
DAL2895,KMSP,KEWR,6,2026-10-06,14:18
DAL2896,KBOS,KDTW,5,2026-10-06,00:40
DAL2897,KMCI,KSLC,6,2026-10-05,12:11
DAL2898,KBUF,KDTW,6,2026-10-06,10:35
DAL2899,KAUS,KATL,7,2026-10-06,13:31
DAL29,LFMN,KJFK,7,2026-10-06,12:09
DAL290,KLAX,LFPG,6,2026-10-06,01:12
DAL2900,KATL,KBHM,1,2026-10-06,23:04
DAL2900,KBHM,KATL,6,2026-10-06,00:52
DAL2901,KATL,KMSP,7,2026-10-06,16:25
DAL2902,KATL,KIAD,4,2026-10-05,20:55
DAL2902,KIAD,KATL,4,2026-10-06,23:34
DAL2903,KMCI,KSLC,5,2026-10-06,23:12
DAL2903,KSLC,KMCI,6,2026-10-06,19:47
DAL2904,KSJC,KATL,4,2026-10-06,05:56
DAL2905,KLAS,KSEA,7,2026-10-06,20:17
DAL2905,KSEA,KLAS,7,2026-10-06,16:42
DAL2906,KLAX,KSLC,7,2026-10-06,13:11
DAL2907,KMSO,KMSP,7,2026-10-06,12:10
DAL2908,KATL,KMCI,7,2026-10-06,14:19
DAL2908,KMCI,KATL,6,2026-10-06,17:28
DAL2909,KCMH,KATL,6,2026-10-06,11:10
DAL291,LFPG,KLAX,6,2026-10-06,14:23
DAL2910,KIND,KMSP,7,2026-10-06,20:37
DAL2910,KMSP,KIND,7,2026-10-06,18:11
DAL2911,KATL,KMCI,7,2026-10-06,02:51
DAL2913,KGRR,KMSP,7,2026-10-06,11:08
DAL2914,KSEA,KLAX,7,2026-10-06,20:12
DAL2915,KCVG,KLAS,7,2026-10-06,11:57
DAL2916,KSLC,KMSP,7,2026-10-06,14:31
DAL2917,KLGA,KORD,7,2026-10-06,11:37
DAL2917,KORD,KLGA,7,2026-10-06,15:44
DAL2918,KMSP,KBWI,5,2026-10-05,23:11
DAL2919,KBOS,KSFO,4,2026-10-06,02:09
DAL292,KDTW,EIDW,7,2026-10-06,01:57
DAL2920,KBOI,KSLC,6,2026-10-05,01:00
DAL2920,KSLC,KBOI,6,2026-10-06,22:54
DAL2921,KSLC,KSEA,7,2026-10-06,19:51
DAL2922,KLAS,KSEA,7,2026-10-06,18:11
DAL2922,KSEA,KLAS,7,2026-10-06,14:49
DAL2923,KATL,KJAX,2,2026-10-04,15:04
DAL2923,KJAX,KATL,7,2026-10-06,17:17
DAL2924,KSLC,KMSP,7,2026-10-06,17:21
DAL2925,KATL,KORF,7,2026-10-06,16:41
DAL2925,KORF,KATL,7,2026-10-06,19:24
DAL2927,KMSP,KDEN,6,2026-10-05,16:14
DAL2928,KATL,KBWI,4,2026-10-05,22:23
DAL2929,KMSP,KCLT,7,2026-10-06,01:19
DAL293,EIDW,KDTW,7,2026-10-06,09:13
DAL2930,KLGA,KIAH,6,2026-10-06,18:20
DAL2931,KMSP,KDEN,7,2026-10-06,00:11
DAL2932,KMSP,KRDU,7,2026-10-06,01:32
DAL2933,KBDL,KATL,7,2026-10-06,10:09
DAL2934,KDTW,KJFK,7,2026-10-06,19:39
DAL2935,KSLC,KMSP,6,2026-10-06,23:38
DAL2936,KSLC,KMSP,7,2026-10-06,20:21
DAL2937,KATL,KMEM,7,2026-10-06,14:46
DAL2938,KATL,KRDU,6,2026-10-06,03:38
DAL2939,KATL,KMEM,6,2026-10-06,22:36
DAL2939,KMEM,KATL,4,2026-10-06,00:54
DAL294,RJTT,KATL,7,2026-10-06,06:54
DAL2940,KATL,KDTW,7,2026-10-06,03:08
DAL2941,KMSP,KBIL,5,2026-10-06,03:27
DAL2944,KATL,KCAE,7,2026-10-06,16:39
DAL2944,KCAE,KATL,7,2026-10-06,18:24
DAL2945,KATL,KATW,7,2026-10-06,01:51
DAL2946,KBZN,KMSP,7,2026-10-06,20:06
DAL2946,KMSP,KBZN,7,2026-10-06,16:03
DAL2947,KPDX,KLAX,7,2026-10-06,13:26
DAL2948,KATL,KGRB,7,2026-10-06,01:21
DAL2949,KSEA,KLAS,7,2026-10-06,03:35
DAL2950,KBWI,KATL,7,2026-10-06,10:09
DAL2951,KATL,KBDL,6,2026-10-06,12:33
DAL2951,KBDL,KATL,7,2026-10-06,15:55
DAL2952,KATL,KIND,6,2026-10-06,14:28
DAL2952,KIND,KATL,6,2026-10-06,16:59
DAL2953,KMLB,KATL,7,2026-10-06,10:11
DAL2954,KMSP,KBZN,7,2026-10-06,02:54
DAL2955,KSEA,KLAS,7,2026-10-06,00:25
DAL2956,KATL,KPHL,1,2026-10-06,17:01
DAL2956,KLAS,KSEA,7,2026-10-06,02:20
DAL2956,KPHL,KATL,1,2026-10-06,19:57
DAL2957,KATL,CYYZ,7,2026-10-06,12:19
DAL2958,KDCA,KMSP,6,2026-10-05,16:06
DAL2958,KMSP,KDCA,7,2026-10-06,12:46
DAL2959,KATL,KICT,7,2026-10-06,01:35
DAL2960,KATL,KMSP,7,2026-10-06,13:03
DAL2961,KMSP,KDCA,7,2026-10-06,01:41
DAL2962,KMSP,KDCA,5,2026-10-06,23:42
DAL2963,KDCA,KMSP,7,2026-10-06,23:25
DAL2963,KMSP,KDCA,7,2026-10-06,19:50
DAL2964,KBDL,KDTW,7,2026-10-06,09:36
DAL2966,KORF,KATL,7,2026-10-06,09:44
DAL2967,KMSP,KDFW,7,2026-10-06,01:08
DAL2968,KDTW,KPHL,7,2026-10-06,11:20
DAL2968,KPHL,KDTW,7,2026-10-06,13:52
DAL2969,KMSP,KJFK,7,2026-10-06,12:14
DAL297,LGAV,KATL,3,2026-10-06,09:20
DAL2970,KMSP,KDFW,7,2026-10-06,15:07
DAL2971,KMSP,KDFW,6,2026-10-06,20:15
DAL2972,KDFW,KMSP,7,2026-10-06,16:56
DAL2972,KMSP,KDFW,7,2026-10-06,13:12
DAL2973,KATL,KHPN,6,2026-10-05,14:12
DAL2973,KHPN,KATL,6,2026-10-05,17:34
DAL2974,KMSP,KLAX,7,2026-10-06,18:25
DAL2975,KLAX,KPDX,7,2026-10-06,14:39
DAL2975,KPDX,KLAX,7,2026-10-06,18:19
DAL2976,KATL,KAUS,7,2026-10-06,12:23
DAL2976,KAUS,KATL,7,2026-10-06,15:40
DAL2977,KMSP,CYVR,5,2026-10-06,23:51
DAL2978,KATL,KCLE,6,2026-10-06,14:26
DAL2978,KCLE,KATL,6,2026-10-06,17:07
DAL2979,KATL,KIND,6,2026-10-05,20:33
DAL2979,KIND,KATL,3,2026-10-05,22:58
DAL298,KATL,LIRF,3,2026-10-05,01:40
DAL298,KMSP,LIRF,4,2026-10-06,01:42
DAL2980,KLAX,KSEA,7,2026-10-06,14:20
DAL2981,KATL,KMSP,7,2026-10-06,20:04
DAL2982,KBOI,KMSP,6,2026-10-05,21:03
DAL2982,KMSP,KBOI,7,2026-10-06,16:49
DAL2983,KDCA,KMSP,1,2026-10-03,19:15
DAL2983,KMSP,KDCA,7,2026-10-06,15:42
DAL2984,KATL,KORF,3,2026-10-06,23:03
DAL2985,KLGA,KORD,6,2026-10-06,13:14
DAL2985,KORD,KLGA,6,2026-10-06,17:02
DAL2986,KLAX,KSFO,4,2026-10-06,05:49
DAL2988,CYYZ,KATL,5,2026-10-06,11:57
DAL2989,KDTW,KBDL,7,2026-10-06,01:35
DAL299,LIRF,KMSP,4,2026-10-06,13:27
DAL299,LIRF,KATL,3,2026-10-05,13:40
DAL2990,KATL,KJAX,2,2026-10-05,18:09
DAL2990,KJAX,KATL,7,2026-10-06,20:08
DAL2991,KATL,KSYR,6,2026-10-05,16:48
DAL2991,KSYR,KATL,6,2026-10-05,19:56
DAL2992,KMIA,KRDU,7,2026-10-06,21:35
DAL2993,KSLC,KMCI,5,2026-10-05,03:03
DAL2994,KDTW,KJAX,4,2026-10-06,19:32
DAL2994,KJAX,KDTW,5,2026-10-06,22:26
DAL2995,KSLC,KSEA,7,2026-10-06,17:57
DAL2996,KALB,KDTW,7,2026-10-06,10:03
DAL2997,KATL,KSRQ,7,2026-10-06,03:24
DAL2998,KSLC,KSEA,4,2026-10-06,04:58
DAL2999,KATL,KMKE,7,2026-10-06,12:12
DAL2999,KMKE,KATL,7,2026-10-06,15:17
DAL3,KJFK,EGLL,6,2026-10-06,02:53
DAL30,KATL,EGLL,5,2026-10-06,21:28
DAL300,KATL,KBOS,5,2026-10-05,01:11
DAL3001,KBNA,KATL,7,2026-10-06,11:25
DAL3002,KATL,KBNA,7,2026-10-06,00:35
DAL3003,KBGR,KDTW,1,2026-10-03,20:50
DAL3003,KDTW,KBGR,1,2026-10-03,18:01
DAL3004,KGSO,KATL,7,2026-10-06,11:11
DAL3005,KATL,KGSO,7,2026-10-06,02:49
DAL3006,KBHM,KDTW,7,2026-10-06,11:32
DAL3007,KABE,KATL,4,2026-10-06,22:22
DAL3007,KATL,KABE,5,2026-10-05,19:36
DAL3008,KATL,KCAE,4,2026-10-06,00:30
DAL3009,KHSV,KATL,7,2026-10-06,12:38
DAL301,KATL,KLAX,5,2026-10-06,19:57
DAL3010,KATL,KGSP,2,2026-10-03,18:44
DAL3010,KGSP,KATL,2,2026-10-03,21:13
DAL3011,KATL,KSAV,7,2026-10-06,12:22
DAL3011,KSAV,KATL,7,2026-10-06,14:30
DAL3012,KATL,KBHM,6,2026-10-05,17:54
DAL3012,KBHM,KATL,6,2026-10-05,19:30
DAL3013,KATL,KIND,7,2026-10-06,16:03
DAL3013,KIND,KATL,7,2026-10-06,18:48
DAL3014,KATL,KSAV,7,2026-10-06,18:40
DAL3014,KSAV,KATL,7,2026-10-06,20:47
DAL3015,KTYS,KATL,6,2026-10-06,09:51
DAL3016,KCHS,KDTW,4,2026-10-06,22:58
DAL3016,KDTW,KCHS,4,2026-10-05,19:59
DAL3017,KATL,KGSO,4,2026-10-06,22:54
DAL3018,KGSO,KATL,7,2026-10-06,09:39
DAL3019,KPNS,KATL,5,2026-10-06,11:10
DAL302,KDEN,KATL,3,2026-10-05,07:13
DAL3020,KATL,KMEM,7,2026-10-06,00:32
DAL3021,KATL,KPNS,3,2026-10-04,00:27
DAL3022,KATL,KHSV,7,2026-10-06,03:11
DAL3023,KATL,KMCI,7,2026-10-06,00:48
DAL3024,KATL,KJAX,1,2026-09-30,16:55
DAL3024,KATL,KSAV,1,2026-10-02,16:23
DAL3024,KJAX,KATL,5,2026-10-06,18:52
DAL3024,KSAV,KJAX,1,2026-10-02,19:24
DAL3025,KATL,KLIT,7,2026-10-06,20:53
DAL3025,KLIT,KATL,5,2026-10-06,23:20
DAL3026,KATL,KHSV,7,2026-10-06,20:20
DAL3026,KHSV,KATL,7,2026-10-06,21:59
DAL3027,KATL,KLIT,7,2026-10-06,18:03
DAL3027,KLIT,KATL,7,2026-10-06,20:14
DAL3028,KGSP,KATL,7,2026-10-06,09:58
DAL3029,KATL,KCAE,6,2026-10-06,02:59
DAL303,KBOS,KDFW,5,2026-10-05,17:10
DAL3030,KATL,KGNV,7,2026-10-06,15:38
DAL3030,KGNV,KATL,7,2026-10-06,17:33
DAL3031,KATL,KCLT,7,2026-10-06,19:22
DAL3032,KATL,KCAE,6,2026-10-06,20:52
DAL3032,KCAE,KATL,6,2026-10-06,22:30
DAL3033,KATL,KLIT,6,2026-10-06,12:20
DAL3033,KLIT,KATL,6,2026-10-06,14:44
DAL3035,KATL,KDAB,7,2026-10-06,13:13
DAL3035,KDAB,KATL,7,2026-10-06,15:36
DAL3036,KATL,KHSV,5,2026-10-06,12:13
DAL3036,KHSV,KATL,5,2026-10-06,13:54
DAL3038,KCAE,KATL,6,2026-10-06,09:46
DAL3039,KCHA,KATL,6,2026-10-05,12:34
DAL304,KLAX,KSEA,6,2026-10-05,16:44
DAL3040,KATL,KLIT,7,2026-10-06,14:18
DAL3040,KLIT,KATL,7,2026-10-06,16:52
DAL3041,KJAN,KATL,7,2026-10-06,10:40
DAL3042,KATL,KTYS,4,2026-10-05,22:10
DAL3042,KTYS,KATL,4,2026-10-06,23:45
DAL3043,KATL,KMLB,7,2026-10-06,20:38
DAL3043,KMLB,KATL,5,2026-10-05,23:07
DAL3044,KATL,KBHM,3,2026-10-05,23:33
DAL3045,KATL,KECP,6,2026-10-05,14:45
DAL3045,KECP,KATL,7,2026-10-06,16:40
DAL3047,KATL,KMYR,3,2026-10-05,13:02
DAL3047,KMYR,KATL,3,2026-10-06,15:03
DAL3048,KATL,KECP,7,2026-10-06,12:18
DAL3048,KECP,KATL,7,2026-10-06,14:37
DAL3049,KDTW,KMEM,1,2026-10-03,21:55
DAL305,KFLL,KJFK,6,2026-10-05,19:51
DAL305,KJFK,KFLL,6,2026-10-05,15:22
DAL3050,KATL,KGSO,7,2026-10-06,20:57
DAL3050,KGSO,KATL,3,2026-10-05,23:48
DAL3051,KATL,KVPS,7,2026-10-06,12:34
DAL3051,KVPS,KATL,7,2026-10-06,14:37
DAL3052,KATL,KGSO,6,2026-10-06,14:31
DAL3052,KGSO,KATL,6,2026-10-06,16:32
DAL3053,KATL,KECP,4,2026-10-05,22:26
DAL3053,KECP,KATL,4,2026-10-06,00:22
DAL3054,KATL,KSAV,7,2026-10-06,14:38
DAL3054,KSAV,KATL,6,2026-10-06,16:53
DAL3055,KCHS,KATL,7,2026-10-06,09:33
DAL3056,KATL,KDAB,7,2026-10-06,20:42
DAL3056,KDAB,KATL,6,2026-10-06,23:05
DAL3057,KCHA,KATL,6,2026-10-06,10:58
DAL3058,KLEX,KATL,7,2026-10-06,11:05
DAL3059,KATL,KAVL,7,2026-10-06,14:19
DAL3059,KAVL,KATL,7,2026-10-06,15:55
DAL306,KAUS,KLAX,6,2026-10-05,12:28
DAL3060,KATL,KGSO,7,2026-10-06,17:01
DAL3060,KGSO,KATL,7,2026-10-06,18:56
DAL3061,KCAE,KATL,7,2026-10-06,11:04
DAL3062,KDTW,KBHM,1,2026-10-03,20:50
DAL3063,KATL,KGPT,1,2026-10-02,21:41
DAL3063,KGPT,KATL,3,2026-10-06,23:14
DAL3064,KATL,KTLH,6,2026-10-05,14:19
DAL3064,KTLH,KATL,6,2026-10-05,16:06
DAL3065,KATL,KHSV,5,2026-10-05,22:41
DAL3065,KHSV,KATL,5,2026-10-06,00:12
DAL3066,KDTW,KORF,6,2026-10-05,14:13
DAL3066,KORF,KDTW,6,2026-10-05,16:59
DAL3067,KPNS,KATL,4,2026-10-06,13:21
DAL3068,KXNA,KATL,4,2026-10-05,14:01
DAL3069,KATL,KBNA,7,2026-10-06,12:29
DAL3069,KBNA,KATL,7,2026-10-06,14:47
DAL307,KDTW,PHNL,5,2026-10-05,14:47
DAL3070,KATL,KILM,7,2026-10-06,01:51
DAL3071,KATL,KAVL,4,2026-10-06,00:30
DAL3072,KATL,KTYS,5,2026-10-06,03:10
DAL3073,KDTW,KRIC,5,2026-10-05,18:37
DAL3073,KRIC,KDTW,5,2026-10-05,21:19
DAL3074,KATL,KMYR,2,2026-10-06,02:32
DAL3075,KATL,KBTR,5,2026-10-05,13:12
DAL3075,KBTR,KATL,5,2026-10-05,15:55
DAL3076,KCVG,KATL,7,2026-10-06,12:15
DAL3077,KATL,KAVL,5,2026-10-06,12:20
DAL3077,KATL,KGSP,1,2026-09-30,12:16
DAL3077,KAVL,KATL,6,2026-10-06,14:06
DAL3077,KGSP,KAVL,1,2026-09-30,15:35
DAL3078,KATL,KLEX,6,2026-10-05,17:51
DAL3078,KLEX,KATL,6,2026-10-05,19:54
DAL3079,KATL,KGNV,7,2026-10-06,01:24
DAL308,KLGA,KDTW,6,2026-10-05,19:17
DAL3080,KATL,KMDT,1,2026-10-06,16:54
DAL3080,KIAD,KATL,6,2026-10-05,12:32
DAL3080,KMDT,KATL,1,2026-10-06,19:12
DAL3081,KATL,KJAN,5,2026-10-05,18:12
DAL3081,KJAN,KATL,6,2026-10-05,20:14
DAL3082,KDTW,KIAD,1,2026-10-03,14:38
DAL3082,KIAD,KDTW,1,2026-10-03,16:35
DAL3084,KATL,KJAN,4,2026-10-06,00:23
DAL3085,KVPS,KATL,6,2026-10-05,11:19
DAL3086,KATL,KPNS,5,2026-10-06,01:15
DAL3088,KATL,KDAY,5,2026-10-05,20:33
DAL3088,KDAY,KATL,5,2026-10-06,22:49
DAL3089,KATL,KGSP,6,2026-10-06,12:49
DAL3089,KGSP,KATL,6,2026-10-06,14:21
DAL309,PHNL,KATL,2,2026-10-04,02:39
DAL3090,KATL,KJAN,5,2026-10-05,12:22
DAL3090,KJAN,KATL,5,2026-10-05,14:25
DAL3091,KATL,KCHS,6,2026-10-06,13:06
DAL3091,KCHS,KATL,7,2026-10-06,15:20
DAL3092,KATL,KSDF,5,2026-10-05,11:40
DAL3092,KSDF,KATL,5,2026-10-05,13:50
DAL3093,KATL,KSDF,4,2026-10-06,00:07
DAL3094,KATL,KECP,7,2026-10-06,19:39
DAL3094,KECP,KATL,7,2026-10-06,21:49
DAL3095,KATL,KGSP,4,2026-10-05,21:02
DAL3095,KGSP,KATL,4,2026-10-05,22:51
DAL3096,KATL,KLEX,7,2026-10-06,14:51
DAL3096,KLEX,KATL,7,2026-10-06,16:55
DAL3097,KATL,KVPS,7,2026-10-06,03:25
DAL3098,KSAV,KATL,7,2026-10-06,09:46
DAL3099,KATL,KAVL,6,2026-10-06,18:08
DAL3099,KAVL,KATL,6,2026-10-06,19:49
DAL31,EGLL,KATL,7,2026-10-06,12:43
DAL310,PHNL,KDTW,7,2026-10-06,01:06
DAL3100,KATL,KBHM,7,2026-10-06,12:33
DAL3100,KBHM,KATL,7,2026-10-06,14:20
DAL3101,KATL,KAVL,5,2026-10-05,20:39
DAL3101,KAVL,KATL,3,2026-10-05,22:37
DAL3102,KDTW,KMKE,4,2026-10-05,12:43
DAL3102,KMKE,KDTW,4,2026-10-05,14:41
DAL3103,KATL,KPNS,3,2026-10-04,12:17
DAL3103,KPNS,KATL,5,2026-10-05,14:38
DAL3104,KATL,KSRQ,7,2026-10-06,15:03
DAL3104,KSRQ,KATL,7,2026-10-06,17:50
DAL3105,KIND,KATL,6,2026-10-05,10:05
DAL3106,KIND,KATL,6,2026-10-05,11:14
DAL3107,KATL,KCHS,5,2026-10-05,14:39
DAL3107,KCHS,KATL,5,2026-10-05,16:53
DAL3108,KATL,KDAY,7,2026-10-06,13:17
DAL3108,KDAY,KATL,7,2026-10-06,15:28
DAL3109,KATL,KSRQ,4,2026-10-05,20:19
DAL3109,KSRQ,KATL,4,2026-10-06,23:03
DAL3110,KMCI,KATL,7,2026-10-06,13:18
DAL3111,KATL,KBTR,7,2026-10-06,01:29
DAL3112,KATL,KSAV,6,2026-10-06,20:38
DAL3112,KSAV,KATL,5,2026-10-06,22:52
DAL3113,KATL,KTRI,6,2026-10-05,18:31
DAL3113,KCVG,KMSP,1,2026-10-06,20:48
DAL3113,KMSP,KCVG,1,2026-10-06,18:04
DAL3113,KTRI,KATL,6,2026-10-05,20:15
DAL3114,KECP,KATL,5,2026-10-06,11:06
DAL3115,KATL,KSRQ,7,2026-10-06,17:54
DAL3115,KSRQ,KATL,7,2026-10-06,20:41
DAL3116,KATL,KAVL,7,2026-10-06,02:54
DAL3117,KATL,KJAN,6,2026-10-06,03:42
DAL3118,KATL,KMLB,7,2026-10-06,13:11
DAL3118,KMLB,KATL,6,2026-10-05,15:28
DAL3119,KATL,KCVG,6,2026-10-06,21:41
DAL3119,KCVG,KATL,4,2026-10-06,00:01
DAL312,KMSP,PHNL,5,2026-10-05,15:17
DAL3120,KATL,KIND,5,2026-10-05,22:09
DAL3120,KIND,KATL,4,2026-10-06,00:14
DAL3121,KATL,KBNA,7,2026-10-06,03:11
DAL3122,KATL,KPIT,7,2026-10-06,21:13
DAL3122,KPIT,KATL,7,2026-10-06,23:58
DAL3123,KLRD,KSAT,1,2026-10-01,21:24
DAL3123,KSLC,KSAT,6,2026-10-06,16:13
DAL3123,KSLC,KLRD,1,2026-10-01,16:18
DAL3124,KATL,KCHA,5,2026-10-05,20:51
DAL3124,KCHA,KATL,5,2026-10-05,22:37
DAL3125,KATL,KIND,6,2026-10-06,12:10
DAL3125,KIND,KATL,5,2026-10-05,14:52
DAL3126,KATL,KIND,1,2026-10-06,20:18
DAL3127,KATL,KMLB,7,2026-10-06,16:38
DAL3127,KMLB,KATL,7,2026-10-06,18:49
DAL3128,KATL,KMSY,5,2026-10-05,11:41
DAL3128,KAUS,KSJC,1,2026-10-06,15:05
DAL3128,KMSY,KATL,5,2026-10-05,14:19
DAL3128,KSJC,KAUS,1,2026-10-06,20:00
DAL3129,KNPA,KATL,1,2026-10-03,12:19
DAL3129,KPNS,KATL,5,2026-10-06,12:17
DAL313,PHNL,KMSP,7,2026-10-06,02:33
DAL3131,KATL,KECP,7,2026-10-06,03:30
DAL3133,KATL,KGNV,6,2026-10-05,18:27
DAL3133,KGNV,KATL,6,2026-10-05,20:41
DAL3134,KATL,KIND,7,2026-10-06,18:20
DAL3134,KIND,KATL,5,2026-10-05,20:51
DAL3135,KATL,KTPA,5,2026-10-06,00:13
DAL3136,KATL,KGSP,7,2026-10-06,01:03
DAL3139,KATL,KCLT,4,2026-10-06,00:40
DAL314,KBOS,KMCI,4,2026-10-05,21:50
DAL314,KMCI,KBOS,6,2026-10-06,02:13
DAL3140,KDAY,KATL,7,2026-10-06,10:08
DAL3141,KATL,KCHA,6,2026-10-05,17:28
DAL3141,KCHA,KATL,6,2026-10-05,19:03
DAL3142,KATL,KBNA,7,2026-10-06,19:55
DAL3142,KBNA,KATL,4,2026-10-05,22:18
DAL3143,KATL,KLEX,6,2026-10-06,20:10
DAL3143,KLEX,KATL,5,2026-10-06,22:08
DAL3144,KATL,KCLT,5,2026-10-05,11:49
DAL3145,KDTW,KBHM,6,2026-10-06,00:04
DAL3146,KATL,KMSY,6,2026-10-05,19:43
DAL3146,KMSY,KATL,6,2026-10-05,22:26
DAL3149,KATL,KCVG,7,2026-10-06,15:14
DAL3149,KCVG,KATL,6,2026-10-05,17:47
DAL315,KATL,KJAC,1,2026-09-30,22:40
DAL3151,KATL,KJAN,6,2026-10-06,16:27
DAL3151,KJAN,KATL,7,2026-10-06,18:19
DAL3152,KATL,KRIC,6,2026-10-06,16:56
DAL3152,KRIC,KATL,5,2026-10-06,19:30
DAL3153,KATL,KIND,4,2026-10-06,02:05
DAL3154,KDAB,KATL,7,2026-10-06,10:11
DAL3155,KBHM,KATL,1,2026-10-01,14:54
DAL3155,KGPT,KATL,4,2026-10-05,11:56
DAL3155,KGPT,KBHM,1,2026-10-01,12:10
DAL3156,KCLT,KATL,7,2026-10-06,12:20
DAL3157,KATL,KMSY,7,2026-10-06,17:56
DAL3157,KMSY,KATL,7,2026-10-06,20:42
DAL3158,KATL,KCLT,7,2026-10-06,21:18
DAL3159,KATL,KBNA,7,2026-10-06,17:41
DAL3159,KBNA,KATL,7,2026-10-06,19:38
DAL316,KSLC,PHNL,5,2026-10-06,18:06
DAL3160,KATL,KCVG,7,2026-10-06,14:02
DAL3161,KATL,KDFW,7,2026-10-06,00:32
DAL3162,KMYR,KATL,5,2026-10-06,10:10
DAL3163,KATL,KBHM,7,2026-10-06,19:14
DAL3163,KBHM,KATL,7,2026-10-06,21:07
DAL3164,KATL,KBHM,6,2026-10-06,13:36
DAL3164,KBHM,KATL,6,2026-10-06,15:20
DAL3165,KCMH,KATL,7,2026-10-06,12:35
DAL3166,KMSN,KMSP,7,2026-10-06,11:12
DAL3167,KATL,KDAY,7,2026-10-06,01:48
DAL3168,KATL,KSAV,4,2026-10-06,01:45
DAL3169,KATL,KCVG,7,2026-10-06,18:13
DAL3169,KCVG,KATL,7,2026-10-06,21:12
DAL317,KJAC,KATL,4,2026-10-04,16:08
DAL3171,KATL,KHSV,5,2026-10-06,23:13
DAL3173,KATL,KGSO,7,2026-10-06,12:28
DAL3173,KGSO,KATL,7,2026-10-06,14:27
DAL3175,KDTW,KATL,7,2026-10-06,13:34
DAL3176,KATL,KMOB,7,2026-10-06,15:15
DAL3176,KMOB,KATL,7,2026-10-06,17:25
DAL3177,KATL,KCLT,7,2026-10-06,02:57
DAL3178,KATL,KGPT,5,2026-10-05,01:51
DAL3179,KATL,KCHS,6,2026-10-06,22:04
DAL3179,KCHS,KATL,3,2026-10-05,23:26
DAL318,KBOS,KLAX,6,2026-10-06,21:31
DAL318,KPIT,KLAX,1,2026-09-30,23:45
DAL3180,KATL,KJAN,5,2026-10-05,22:44
DAL3180,KJAN,KATL,3,2026-10-05,00:51
DAL3181,KGNV,KATL,7,2026-10-06,10:09
DAL3182,KATL,KMYR,2,2026-10-05,16:56
DAL3182,KMYR,KATL,5,2026-10-06,18:39
DAL3183,KJAN,KATL,7,2026-10-06,12:56
DAL3186,KCLT,KATL,7,2026-10-06,09:50
DAL3187,KILM,KATL,7,2026-10-06,10:33
DAL319,KSFO,KJFK,7,2026-10-06,05:43
DAL3190,KATL,KCLT,6,2026-10-06,14:11
DAL3190,KCLT,KATL,7,2026-10-06,16:17
DAL3193,KATL,KCAE,6,2026-10-06,18:42
DAL3193,KCAE,KATL,6,2026-10-06,20:20
DAL3195,KATL,KSDF,7,2026-10-06,17:47
DAL3195,KSDF,KATL,7,2026-10-06,19:50
DAL3196,KATL,KSRQ,7,2026-10-06,12:43
DAL3196,KSRQ,KATL,7,2026-10-06,15:16
DAL3198,KATL,KPNS,3,2026-10-04,15:15
DAL3198,KNPA,KATL,2,2026-10-04,17:20
DAL3198,KPNS,KATL,2,2026-10-06,17:11
DAL3199,KATL,KGPT,1,2026-09-30,13:05
DAL3199,KGPT,KATL,5,2026-10-06,15:09
DAL32,KATL,EGLL,7,2026-10-06,02:09
DAL3202,KATL,KBHM,6,2026-10-06,00:36
DAL322,KBOS,KATL,6,2026-10-05,18:19
DAL323,KATL,KLGA,6,2026-10-05,11:48
DAL324,KBOS,KSEA,6,2026-10-06,00:35
DAL324,KBOS,KCVG,1,2026-09-30,01:22
DAL324,KCVG,KSEA,1,2026-09-30,04:22
DAL3244,KATL,KRDU,7,2026-10-06,01:04
DAL325,KATL,KDCA,7,2026-10-06,23:04
DAL326,KATL,KLAX,1,2026-10-06,19:57
DAL327,KLAX,KATL,6,2026-10-06,17:12
DAL328,KMCO,KSEA,6,2026-10-06,23:20
DAL328,KSEA,KMCO,6,2026-10-06,16:23
DAL329,KATL,KSNA,7,2026-10-06,15:10
DAL329,KLAX,KATL,1,2026-10-05,23:15
DAL329,KSNA,KATL,6,2026-10-06,21:14
DAL329,KSNA,KLAX,1,2026-10-04,21:41
DAL33,EGLL,KATL,7,2026-10-06,08:31
DAL331,KATL,KLAX,4,2026-10-06,01:18
DAL332,KBOS,KSEA,7,2026-10-06,16:10
DAL333,KLAS,KJFK,7,2026-10-06,17:38
DAL334,KDTW,KLAS,7,2026-10-06,13:13
DAL334,KLAS,KDTW,7,2026-10-06,18:46
DAL335,KDTW,KSFO,7,2026-10-06,00:06
DAL335,KSFO,KDTW,7,2026-10-06,06:11
DAL336,KDEN,KJFK,7,2026-10-06,12:46
DAL337,KDTW,KMCO,6,2026-10-05,18:51
DAL337,KMCO,KDTW,6,2026-10-06,22:41
DAL338,KSEA,KFLL,7,2026-10-06,20:34
DAL339,KSLC,KBUR,6,2026-10-06,03:14
DAL34,KATL,EGPH,7,2026-10-06,03:12
DAL341,KDEN,KATL,7,2026-10-06,12:14
DAL342,KLGA,KATL,6,2026-10-06,11:15
DAL343,KDCA,KATL,7,2026-10-06,12:05
DAL345,KSEA,PHLI,1,2026-09-30,23:43
DAL346,KATL,KDEN,7,2026-10-06,12:28
DAL346,KDEN,KATL,7,2026-10-06,16:43
DAL347,KMCO,KSEA,6,2026-10-05,13:28
DAL347,KMCO,KBOI,1,2026-10-06,13:07
DAL348,KATL,KPHX,7,2026-10-06,12:26
DAL348,KPHX,KATL,7,2026-10-06,17:30
DAL349,KCLE,KATL,7,2026-10-06,12:21
DAL35,EGPH,KATL,7,2026-10-06,08:35
DAL351,KSEA,PHNL,6,2026-10-06,16:00
DAL352,KLGA,KDFW,6,2026-10-06,23:36
DAL354,KRDU,KSEA,7,2026-10-06,10:34
DAL355,KBNA,KLAX,5,2026-10-05,20:44
DAL356,KFLL,KSEA,7,2026-10-06,12:12
DAL357,PHNL,KSLC,7,2026-10-06,06:06
DAL358,KMCI,KTPA,1,2026-10-02,00:08
DAL358,KSEA,KTPA,6,2026-10-06,19:46
DAL358,KSEA,KMCI,1,2026-10-01,19:44
DAL359,PHNL,KSEA,1,2026-10-04,23:44
DAL36,KATL,EGLL,7,2026-10-06,04:24
DAL360,KATL,KDCA,7,2026-10-06,17:24
DAL360,KDCA,KATL,7,2026-10-06,20:21
DAL361,KDTW,KSFO,6,2026-10-06,12:45
DAL361,KSFO,KDTW,2,2026-10-06,19:02
DAL362,KATL,KMSY,1,2026-10-06,19:17
DAL362,KMSO,KMSP,5,2026-10-06,21:50
DAL362,KMSP,KMSO,6,2026-10-05,18:03
DAL362,KMSY,KATL,1,2026-10-06,22:12
DAL363,KJFK,KSFO,7,2026-10-06,15:46
DAL363,KSFO,KJFK,5,2026-10-05,23:29
DAL364,KLGA,KATL,6,2026-10-06,12:19
DAL365,KJFK,KSFO,7,2026-10-06,21:00
DAL366,KATL,KPHX,7,2026-10-06,17:55
DAL367,KSAN,KJFK,7,2026-10-06,14:48
DAL369,KDTW,KSAN,7,2026-10-06,21:14
DAL37,EGLL,KATL,6,2026-10-06,14:35
DAL370,KMCI,KLGA,7,2026-10-06,11:03
DAL371,KATL,KLGA,7,2026-10-06,14:42
DAL372,KBNA,KSEA,6,2026-10-05,12:09
DAL372,KMSP,PHNL,1,2026-10-06,15:38
DAL374,KATL,KDFW,6,2026-10-06,20:21
DAL374,KDFW,KATL,5,2026-10-06,00:02
DAL375,PHLI,KSEA,6,2026-10-06,07:55
DAL376,KATL,KILM,7,2026-10-06,12:34
DAL376,KILM,KATL,7,2026-10-06,14:34
DAL377,KMSP,PANC,7,2026-10-06,23:20
DAL377,PANC,KMSP,7,2026-10-06,06:23
DAL378,KATL,KDCA,6,2026-10-06,01:15
DAL379,KLGA,KRSW,7,2026-10-06,14:28
DAL379,KRSW,KLGA,7,2026-10-06,18:29
DAL380,KATL,KDCA,7,2026-10-06,13:51
DAL380,KDCA,KATL,7,2026-10-06,16:35
DAL381,KAUS,KSFO,7,2026-10-06,12:12
DAL381,KSFO,KAUS,7,2026-10-06,17:04
DAL384,KBOS,KSEA,6,2026-10-06,12:17
DAL384,KBOS,KCVG,1,2026-09-30,13:18
DAL384,KCVG,KSEA,1,2026-09-30,16:00
DAL385,KBOS,KATL,6,2026-10-05,14:33
DAL387,KATL,KSLC,7,2026-10-06,14:15
DAL390,KLAX,KATL,7,2026-10-06,13:18
DAL391,KATL,KRNO,5,2026-10-06,00:49
DAL391,KRNO,KATL,5,2026-10-06,06:31
DAL392,KDCA,KLAX,7,2026-10-06,20:56
DAL392,KLAX,KDCA,7,2026-10-06,14:57
DAL393,KCVG,KLAX,6,2026-10-06,11:15
DAL395,KLAX,KATL,7,2026-10-06,19:23
DAL396,KAUS,KSEA,1,2026-10-06,15:57
DAL398,KDEN,KLGA,6,2026-10-05,13:11
DAL399,KBOS,KATL,5,2026-10-05,20:47
DAL4,EGLL,KJFK,5,2026-10-06,15:36
DAL40,YSSY,KLAX,7,2026-10-06,23:42
DAL400,KSFO,KBOS,7,2026-10-06,14:52
DAL401,KDFW,KATL,7,2026-10-06,10:39
DAL402,KSLC,KRDU,7,2026-10-06,00:21
DAL403,KJFK,KSNA,7,2026-10-06,12:35
DAL404,KATL,KLGA,5,2026-10-06,10:15
DAL405,KSFO,KJFK,7,2026-10-06,14:13
DAL406,KATL,KBZN,6,2026-10-06,15:44
DAL406,KBZN,KATL,7,2026-10-06,21:05
DAL407,KLAX,KDTW,7,2026-10-06,06:06
DAL409,KONT,KATL,7,2026-10-06,14:17
DAL41,KLAX,YSSY,7,2026-10-06,06:18
DAL410,KDCA,KATL,7,2026-10-06,10:06
DAL411,KMSP,PANC,3,2026-10-05,03:59
DAL412,KDTW,KORF,7,2026-10-06,01:49
DAL413,KLAX,KMSP,6,2026-10-06,18:46
DAL414,KATL,KDFW,7,2026-10-06,16:00
DAL414,KDFW,KATL,7,2026-10-06,19:24
DAL415,KSEA,KJFK,5,2026-10-06,19:29
DAL416,KATL,PANC,1,2026-10-04,19:44
DAL416,PANC,KATL,1,2026-10-04,05:54
DAL417,KLAS,KATL,7,2026-10-06,05:12
DAL418,KAVL,KLGA,1,2026-10-04,16:21
DAL418,KCLT,KATL,1,2026-10-06,13:55
DAL418,KLGA,KAVL,1,2026-10-04,13:12
DAL419,KSEA,PHNL,4,2026-10-06,23:47
DAL420,KLAX,KDFW,7,2026-10-06,01:56
DAL421,KDTW,KLAS,7,2026-10-06,16:36
DAL422,PHNL,KLAX,3,2026-10-05,17:21
DAL423,KATL,KSLC,7,2026-10-06,18:01
DAL424,KJFK,KDEN,7,2026-10-06,21:51
DAL426,KDTW,KPWM,7,2026-10-06,14:18
DAL426,KPWM,KDTW,7,2026-10-06,17:04
DAL429,KSEA,KJFK,7,2026-10-06,14:42
DAL43,LIRF,KSEA,4,2026-10-06,10:52
DAL430,KLAX,KMSP,6,2026-10-06,07:29
DAL431,KDEN,KATL,7,2026-10-06,13:26
DAL432,KIAD,KSLC,7,2026-10-06,11:09
DAL433,KATL,KLGA,7,2026-10-06,19:45
DAL434,KATL,KLGA,4,2026-10-06,22:50
DAL435,PHLI,KLAX,7,2026-10-06,06:46
DAL437,KLAX,KBOS,5,2026-10-06,19:16
DAL438,KSEA,KBOS,5,2026-10-06,19:28
DAL439,KDFW,KLAX,7,2026-10-06,13:03
DAL44,KJFK,EIDW,7,2026-10-06,02:21
DAL440,PHNL,KSEA,6,2026-10-06,08:48
DAL441,KATL,KDAL,7,2026-10-06,12:41
DAL441,KDAL,KATL,6,2026-10-05,16:06
DAL442,KDTW,KSFO,7,2026-10-06,20:33
DAL443,KLAX,PHNL,6,2026-10-06,01:41
DAL444,KATL,KSEA,7,2026-10-06,11:44
DAL445,KBOS,KSLC,6,2026-10-06,23:14
DAL445,KBOS,KCVG,1,2026-09-30,23:47
DAL445,KCVG,KSLC,1,2026-09-30,02:49
DAL447,PANC,KMSP,4,2026-10-05,14:31
DAL448,KSEA,KMCO,7,2026-10-06,06:39
DAL449,KLAX,KBNA,3,2026-10-05,19:33
DAL45,EIDW,KJFK,7,2026-10-06,12:30
DAL450,KMIA,KLAX,6,2026-10-06,23:14
DAL451,KPDX,KJFK,6,2026-10-06,14:27
DAL452,KSEA,KJFK,7,2026-10-06,05:54
DAL453,KATL,KSLC,7,2026-10-06,02:12
DAL454,KDFW,KJFK,7,2026-10-06,13:19
DAL455,KDCA,KATL,7,2026-10-06,13:27
DAL456,KBOS,KATL,6,2026-10-06,13:25
DAL457,KATL,KBOS,5,2026-10-06,00:28
DAL458,KLAX,KCVG,6,2026-10-06,06:40
DAL459,KSEA,KBOS,7,2026-10-06,14:59
DAL46,KJFK,EHAM,7,2026-10-06,22:57
DAL460,KATL,KLGA,7,2026-10-06,17:41
DAL462,KLAX,KRDU,7,2026-10-06,17:10
DAL462,KRDU,KLAX,7,2026-10-06,23:12
DAL464,KBOS,KSLC,5,2026-10-05,15:33
DAL464,KBOS,KCVG,1,2026-09-30,15:45
DAL464,KCVG,KSLC,1,2026-09-30,18:10
DAL466,KATL,KLAS,7,2026-10-06,15:19
DAL466,KLAS,KATL,6,2026-10-06,20:56
DAL467,KATL,KLGA,6,2026-10-06,15:47
DAL468,KATL,KLGA,6,2026-10-05,23:55
DAL469,KDTW,KSFO,7,2026-10-06,16:29
DAL47,EHAM,KJFK,7,2026-10-06,08:26
DAL470,KLAS,KDTW,7,2026-10-06,17:15
DAL471,KLAX,KATL,4,2026-10-05,00:33
DAL472,KATL,KSEA,6,2026-10-06,21:05
DAL473,KSEA,KBOS,7,2026-10-06,06:28
DAL474,KSEA,KBOS,6,2026-10-06,23:42
DAL476,KMSP,KPSP,1,2026-10-06,16:09
DAL476,KPSP,KMSP,1,2026-10-06,20:57
DAL477,KLAX,KFLL,4,2026-10-06,05:33
DAL478,KMSP,KSRQ,1,2026-10-06,14:39
DAL478,KSRQ,KMSP,1,2026-10-06,19:21
DAL479,KBOS,KLAX,6,2026-10-06,10:39
DAL479,KBOS,KPIT,1,2026-09-30,10:33
DAL479,KPIT,KLAX,1,2026-09-30,12:56
DAL48,KJFK,EHAM,3,2026-10-04,03:00
DAL480,KLAX,PHNL,6,2026-10-05,16:08
DAL481,KATL,KSEA,7,2026-10-06,18:02
DAL482,KLAX,KMCO,7,2026-10-06,14:52
DAL483,KATL,KBUR,7,2026-10-06,15:33
DAL483,KBUR,KATL,5,2026-10-04,21:19
DAL483,KBUR,KDFW,1,2026-10-06,22:38
DAL483,KBUR,KLAX,1,2026-10-04,22:51
DAL483,KDFW,KATL,1,2026-10-06,02:43
DAL483,KLAX,KATL,1,2026-10-05,01:27
DAL484,KMCO,KLAX,7,2026-10-06,10:26
DAL487,KAUS,KTPA,7,2026-10-06,13:20
DAL487,KTPA,KAUS,7,2026-10-06,17:45
DAL488,KBOS,KATL,4,2026-10-06,02:57
DAL489,KSEA,KRDU,7,2026-10-06,23:14
DAL49,EHAM,KJFK,3,2026-10-06,13:15
DAL490,KATL,KLGA,6,2026-10-06,00:44
DAL491,KBZN,KSLC,7,2026-10-06,12:06
DAL492,KDTW,KSAN,7,2026-10-06,12:47
DAL492,KSAN,KDTW,6,2026-10-06,19:07
DAL493,KATL,KDEN,6,2026-10-05,19:16
DAL494,KLAX,KDTW,7,2026-10-06,17:22
DAL495,KATL,KSFO,7,2026-10-06,22:16
DAL495,KSFO,KATL,7,2026-10-06,05:16
DAL496,KJFK,KDFW,7,2026-10-06,22:35
DAL497,KBOS,KLAS,5,2026-10-05,12:12
DAL497,KBOS,KPIT,1,2026-09-30,12:35
DAL497,KPIT,KLAS,1,2026-09-30,14:57
DAL499,KBOS,KDEN,6,2026-10-06,11:59
DAL499,KBOS,KCLE,1,2026-09-30,11:56
DAL499,KCLE,KDEN,1,2026-09-30,14:19
DAL499,KDEN,KBOS,7,2026-10-06,18:09
DAL50,KSLC,EGLL,5,2026-10-06,23:49
DAL500,KATL,KLAX,7,2026-10-06,22:28
DAL501,KATL,KLAX,7,2026-10-06,14:46
DAL502,KLAS,KDTW,5,2026-10-06,06:38
DAL503,KATL,KPDX,7,2026-10-06,21:10
DAL504,KMCO,KLAX,7,2026-10-06,13:54
DAL505,KMSP,KSEA,6,2026-10-06,03:10
DAL506,KMIA,KSEA,5,2026-10-05,22:32
DAL506,KSEA,KMIA,7,2026-10-06,15:19
DAL506A,KMIA,KSEA,1,2026-10-04,12:05
DAL507,KLAX,KBOS,6,2026-10-06,04:35
DAL509,KJAC,KSLC,7,2026-10-06,00:01
DAL51,EGLL,KSLC,5,2026-10-06,10:11
DAL510,KLAS,KJFK,7,2026-10-06,14:19
DAL511,KCVG,KMCO,7,2026-10-06,12:38
DAL511,KMCO,KCVG,7,2026-10-06,15:43
DAL512,KATL,KDAL,7,2026-10-06,18:03
DAL512,KDAL,KATL,6,2026-10-06,21:09
DAL513,KATL,KLGA,7,2026-10-06,12:44
DAL514,KBOS,KPHX,6,2026-10-06,22:47
DAL514,KPHX,KBOS,2,2026-10-01,05:28
DAL515,KLAX,KATL,7,2026-10-06,14:24
DAL516,KDAL,KATL,6,2026-10-06,11:36
DAL518,KATL,KBOS,4,2026-10-06,21:31
DAL519,KATL,KDEN,6,2026-10-06,22:07
DAL52,KJFK,LSZH,7,2026-10-06,01:11
DAL520,KATL,KLGA,7,2026-10-06,01:40
DAL521,KDFW,KLAX,6,2026-10-05,20:33
DAL521,KLAX,KDFW,7,2026-10-06,15:56
DAL523,KDTW,KLAX,7,2026-10-06,12:59
DAL524,KATL,KLGA,5,2026-10-06,18:46
DAL525,KATL,KLGA,7,2026-10-06,16:40
DAL526,KATL,KSLC,6,2026-10-06,19:32
DAL527,KATL,KSAV,7,2026-10-06,22:03
DAL527,KSAV,KATL,4,2026-10-06,00:14
DAL528,KLAX,KATL,7,2026-10-06,18:22
DAL53,LSZH,KJFK,7,2026-10-06,12:11
DAL530,KATL,KDEN,7,2026-10-06,17:55
DAL531,KSFO,KATL,7,2026-10-06,21:26
DAL532,KDEN,KJFK,7,2026-10-06,18:27
DAL532,KJFK,KDEN,7,2026-10-06,12:33
DAL533,KSEA,KDTW,6,2026-10-06,22:22
DAL535,KABQ,KMSP,7,2026-10-06,14:32
DAL536,KSEA,KMSP,7,2026-10-06,19:38
DAL537,KATL,KDCA,7,2026-10-06,02:04
DAL538,KTPA,KLAX,7,2026-10-06,11:52
DAL539,KATL,KPDX,7,2026-10-06,12:51
DAL539,KPDX,KATL,6,2026-10-06,19:09
DAL540,KATL,KSAN,7,2026-10-06,15:47
DAL540,KOKC,KATL,1,2026-10-05,01:17
DAL540,KSAN,KATL,6,2026-10-06,21:53
DAL540,KSAN,KOKC,1,2026-10-05,21:59
DAL541,KSEA,KIAD,7,2026-10-06,22:18
DAL542,KSEA,KATL,6,2026-10-06,21:52
DAL543,KATL,KSTL,7,2026-10-06,19:24
DAL543,KSTL,KATL,7,2026-10-06,22:08
DAL544,KDTW,KLAS,4,2026-10-06,23:07
DAL546,KPHX,KJFK,7,2026-10-06,13:16
DAL547,KLAX,KMCO,4,2026-10-06,06:30
DAL548,KPHX,KJFK,4,2026-10-06,05:51
DAL549,KATL,KLAS,6,2026-10-06,17:37
DAL550,KLGA,KATL,5,2026-10-06,10:11
DAL551,KDFW,KLGA,5,2026-10-06,12:21
DAL552,KMSP,KRSW,1,2026-10-06,17:59
DAL553,KLAS,KLAX,6,2026-10-06,13:32
DAL554,KSEA,KATL,7,2026-10-06,19:00
DAL555,KDTW,KTPA,1,2026-10-06,13:01
DAL555,KTPA,KDTW,1,2026-10-06,16:59
DAL556,KSNA,KJFK,7,2026-10-06,04:22
DAL557,KATL,KLGA,6,2026-10-06,13:42
DAL558,KSEA,KCVG,7,2026-10-06,19:20
DAL559,KAUS,KDTW,7,2026-10-06,13:07
DAL56,KSLC,EHAM,6,2026-10-06,23:02
DAL560,KSEA,KATL,6,2026-10-05,16:39
DAL561,KGRR,KMKE,1,2026-10-01,17:45
DAL561,KMKE,KMSP,5,2026-10-05,17:19
DAL561,KMSP,KMKE,4,2026-10-05,15:38
DAL561,KMSP,KGRR,1,2026-10-01,15:22
DAL562,KSEA,KATL,7,2026-10-06,14:54
DAL563,KLGA,KMCI,6,2026-10-06,00:03
DAL564,KBNA,KATL,1,2026-10-06,21:24
DAL565,KDTW,KSEA,7,2026-10-06,00:43
DAL566,KATL,KSTL,6,2026-10-05,16:51
DAL566,KATL,KGEG,1,2026-10-06,14:10
DAL566,KGEG,KATL,1,2026-10-06,20:04
DAL566,KSTL,KATL,6,2026-10-05,19:32
DAL567,KSEA,KATL,7,2026-10-06,06:25
DAL568,KJFK,KLAS,7,2026-10-06,00:18
DAL569,KSEA,KATL,7,2026-10-06,13:09
DAL57,EHAM,KSLC,7,2026-10-06,09:07
DAL570,KSFO,KATL,7,2026-10-06,13:09
DAL571,KBOS,KSAN,7,2026-10-06,21:45
DAL571,KSAN,KBOS,7,2026-10-06,05:19
DAL572,KLGA,KMCI,6,2026-10-06,11:51
DAL572,KMCI,KLGA,6,2026-10-06,15:45
DAL573,KFLL,KLAX,7,2026-10-06,21:47
DAL573,KLAX,KFLL,7,2026-10-06,15:36
DAL574,KMSP,KSMF,7,2026-10-06,00:02
DAL575,KATL,KLAX,7,2026-10-06,03:18
DAL576,MMMX,KATL,7,2026-10-06,17:44
DAL577,KATL,MMMX,7,2026-10-06,12:45
DAL578,KDTW,MMUN,1,2026-10-03,14:23
DAL579,KLAX,KATL,7,2026-10-06,07:25
DAL58,KBOS,EGLL,7,2026-10-06,23:31
DAL580,KRDU,KSLC,7,2026-10-06,11:33
DAL583,TXKF,KATL,3,2026-10-05,18:54
DAL584,KATL,TXKF,3,2026-10-05,14:51
DAL585,KATL,MMMX,4,2026-10-06,22:15
DAL586,KATL,MMUN,4,2026-10-06,14:08
DAL587,MMMX,KATL,6,2026-10-06,19:39
DAL588,KATL,MMMX,7,2026-10-06,14:44
DAL589,KATL,MMMX,6,2026-10-06,00:30
DAL59,EGLL,KBOS,7,2026-10-06,09:02
DAL590,MMMX,KATL,7,2026-10-06,13:27
DAL591,KLAS,KATL,7,2026-10-06,21:59
DAL592,KATL,MMUN,4,2026-10-06,16:45
DAL593,MMMX,KATL,7,2026-10-06,14:50
DAL597,MMUN,KATL,2,2026-10-03,19:57
DAL598,KATL,MMUN,3,2026-10-06,15:41
DAL599,MMMX,KATL,7,2026-10-06,21:53
DAL60,SBGL,KATL,2,2026-10-06,01:01
DAL600,KATL,MWCR,4,2026-10-05,14:24
DAL602,KATL,MMMX,7,2026-10-06,16:51
DAL605,MMMX,KMSP,5,2026-10-06,20:15
DAL606,KSFO,KJFK,6,2026-10-06,16:23
DAL607,KJFK,KLAS,7,2026-10-06,11:46
DAL610,KBOS,KLAX,4,2026-10-05,02:34
DAL611,KMSP,MMMX,7,2026-10-06,14:31
DAL615,KLAX,MMUN,3,2026-10-06,17:36
DAL616,TXKF,KJFK,4,2026-10-05,16:13
DAL616,TXKF,KLGA,1,2026-10-06,19:30
DAL617,KJFK,TXKF,4,2026-10-05,12:34
DAL617,KLGA,TXKF,1,2026-10-06,15:59
DAL618,MMUN,KDTW,1,2026-10-01,17:53
DAL619,KDTW,MMUN,3,2026-10-03,13:01
DAL62,KBOS,LEMD,4,2026-10-06,23:37
DAL620,MMUN,KJFK,1,2026-10-01,18:23
DAL621,KJFK,MMUN,4,2026-10-06,12:52
DAL622,KLAX,KAUS,5,2026-10-05,23:10
DAL623,KSLC,PHOG,1,2026-10-03,17:58
DAL624,KATL,KJFK,1,2026-10-06,04:03
DAL624,MMMX,KJFK,5,2026-10-05,20:39
DAL624,MMMX,KATL,1,2026-10-06,23:50
DAL625,KJFK,MMMX,7,2026-10-06,14:08
DAL626,KSNA,KMSP,3,2026-10-05,21:23
DAL627,KLAS,KSLC,4,2026-10-06,02:54
DAL628,KSLC,MMMX,6,2026-10-06,16:06
DAL629,KATL,KSEA,7,2026-10-06,15:36
DAL63,LEMD,KBOS,7,2026-10-06,12:54
DAL630,KDTW,KATL,4,2026-10-06,01:06
DAL631,KSFO,KJFK,5,2026-10-06,20:39
DAL634,KDTW,KLAX,7,2026-10-06,17:06
DAL636,KJFK,PHNL,4,2026-10-06,14:16
DAL637,KSEA,KORD,6,2026-10-06,19:44
DAL638,KBOS,KATL,6,2026-10-05,19:35
DAL638,KDEN,KATL,1,2026-10-06,06:48
DAL639,KLAX,KBOS,7,2026-10-06,14:15
DAL640,KSFO,KATL,6,2026-10-06,15:11
DAL641,MMUN,KATL,3,2026-10-06,17:51
DAL642,KAUS,KSLC,1,2026-10-02,05:43
DAL642,MMMX,KSLC,4,2026-10-05,21:37
DAL642,MMMX,KAUS,1,2026-10-01,21:30
DAL643,KATL,KDTW,5,2026-10-05,12:42
DAL644,KATL,KBZN,1,2026-10-03,13:07
DAL644,KMCO,KLAX,4,2026-10-06,23:30
DAL645,MMMX,KDTW,7,2026-10-06,18:59
DAL646,KDTW,MMMX,5,2026-10-06,13:18
DAL647,MMUN,KSLC,1,2026-10-02,21:13
DAL648,KAUS,KMCO,4,2026-10-05,20:57
DAL649,KSLC,MMUN,2,2026-10-05,16:10
DAL650,PHNL,KJFK,7,2026-10-06,02:09
DAL651,KATL,KDTW,6,2026-10-06,02:25
DAL651,KATL,KCLE,1,2026-10-04,02:18
DAL651,KCLE,KDTW,1,2026-10-04,06:27
DAL652,KSEA,KATL,7,2026-10-06,07:16
DAL653,KATL,KSLC,6,2026-10-06,22:13
DAL654,KSJC,KATL,7,2026-10-06,13:55
DAL655,KDTW,KFLL,7,2026-10-06,11:13
DAL655,KFLL,KDTW,6,2026-10-05,15:36
DAL656,KATL,KSFO,7,2026-10-06,02:10
DAL657,KSLC,KBOS,7,2026-10-06,16:48
DAL658,PHNL,KLAX,7,2026-10-06,07:46
DAL659,KATL,KLAS,6,2026-10-06,19:57
DAL66,KATL,LIRF,7,2026-10-06,23:40
DAL660,KATL,KSLC,6,2026-10-06,23:18
DAL661,KPDX,KMSP,6,2026-10-05,18:50
DAL661,KSEA,KSNA,1,2026-10-06,17:19
DAL661,KSNA,KSEA,1,2026-10-06,21:08
DAL662,KPDX,KATL,7,2026-10-06,13:55
DAL663,KATL,KSLC,7,2026-10-06,15:59
DAL664,KATL,KMCO,7,2026-10-06,14:48
DAL664,KMCO,KATL,7,2026-10-06,17:20
DAL665,KATL,KONT,7,2026-10-06,13:53
DAL665,KONT,KATL,6,2026-10-06,19:42
DAL667,KJFK,KSFO,7,2026-10-06,23:40
DAL667,KSFO,KJFK,4,2026-10-06,07:21
DAL668,KJFK,KSFO,7,2026-10-06,11:15
DAL668,KSFO,KJFK,5,2026-10-05,19:01
DAL669,KJFK,KSFO,7,2026-10-06,13:18
DAL669,KSFO,KJFK,1,2026-10-04,21:34
DAL67,LIRF,KATL,7,2026-10-06,11:41
DAL670,KSFO,KSLC,6,2026-10-06,02:38
DAL671,KSLC,KJFK,7,2026-10-06,20:46
DAL672,KATL,KSFO,7,2026-10-06,14:29
DAL673,KFLL,KMSP,7,2026-10-06,18:55
DAL673,KMSP,KFLL,7,2026-10-06,14:04
DAL674,KMSP,KIND,7,2026-10-06,01:31
DAL675,KBOS,KMCI,7,2026-10-06,10:30
DAL675,KMCI,KBOS,7,2026-10-06,15:05
DAL676,KLAX,KJFK,4,2026-10-06,06:51
DAL677,KLAS,KATL,7,2026-10-06,14:19
DAL678,KATL,KMSY,6,2026-10-05,22:16
DAL678,KMSY,KATL,4,2026-10-06,00:49
DAL679,KEWR,KSLC,1,2026-10-04,20:38
DAL679,KJFK,KSFO,6,2026-10-06,19:16
DAL68,RCTP,KSEA,7,2026-10-06,02:18
DAL680,KSAN,KATL,7,2026-10-06,05:13
DAL681,KATL,KSFO,7,2026-10-06,23:57
DAL681,KSFO,KATL,7,2026-10-06,06:45
DAL682,KATL,KSMF,6,2026-10-06,00:01
DAL683,KJFK,KSAN,7,2026-10-06,13:00
DAL683,KSAN,KJFK,7,2026-10-06,20:43
DAL684,KJFK,KPDX,7,2026-10-06,22:28
DAL685,KJFK,KSAN,7,2026-10-06,01:03
DAL686,KSAV,KATL,7,2026-10-06,12:12
DAL687,KATL,KPHX,1,2026-10-06,15:11
DAL687,KBNA,KLAX,4,2026-10-06,00:50
DAL687,KPHX,KATL,1,2026-10-06,20:40
DAL688,KJFK,KSEA,7,2026-10-06,00:13
DAL689,KLAX,KSFO,6,2026-10-05,19:20
DAL689,KSFO,KLAX,6,2026-10-05,22:00
DAL69,KSEA,RCTP,4,2026-10-06,23:09
DAL690,KRSW,KBOS,6,2026-10-05,14:59
DAL691,KATL,KPDX,7,2026-10-06,00:00
DAL692,KLAX,KAUS,6,2026-10-06,02:03
DAL693,KATL,KSFO,7,2026-10-06,12:32
DAL693,KSFO,KATL,7,2026-10-06,18:47
DAL694,KDTW,KLAX,7,2026-10-06,00:40
DAL695,KBOS,KATL,6,2026-10-06,11:11
DAL696,KSLC,KBOS,7,2026-10-06,05:57
DAL697,KSLC,KJFK,7,2026-10-06,23:24
DAL698,KDTW,KSLC,7,2026-10-06,12:37
DAL699,KJFK,KSEA,7,2026-10-06,11:21
DAL700,KDTW,KSAN,4,2026-10-06,01:14
DAL701,KJFK,KLAX,3,2026-10-05,18:05
DAL702,KSLC,KBOS,7,2026-10-06,01:23
DAL703,KCVG,KMSP,6,2026-10-06,23:55
DAL703,KMSP,KCVG,5,2026-10-05,21:03
DAL704,KATL,KBOI,4,2026-10-06,23:54
DAL704,KBOI,KATL,4,2026-10-06,05:24
DAL706,KATL,KDEN,1,2026-10-06,14:38
DAL706,KDEN,KATL,7,2026-10-06,19:30
DAL707,KJFK,KLAX,7,2026-10-06,20:19
DAL708,KLAX,KDTW,7,2026-10-06,23:26
DAL709,KJFK,KSAN,6,2026-10-06,21:49
DAL709,KSAN,KJFK,6,2026-10-06,05:20
DAL71,EHAM,KATL,7,2026-10-06,07:33
DAL710,KLGA,KDEN,6,2026-10-06,22:51
DAL711,KATL,KLAS,6,2026-10-06,21:16
DAL712,KATL,KSAN,4,2026-10-06,23:01
DAL713,KJFK,KLAX,6,2026-10-06,12:20
DAL714,KATL,KSEA,6,2026-10-05,23:13
DAL715,KLAX,KATL,7,2026-10-06,21:18
DAL716,KDEN,KLGA,5,2026-10-06,23:26
DAL716,KDEN,KJFK,1,2026-09-30,02:21
DAL716,KLGA,KDEN,6,2026-10-06,18:19
DAL718,KLAX,KMCO,7,2026-10-06,22:53
DAL719,KATL,KMIA,6,2026-10-05,21:36
DAL719,KMIA,KATL,4,2026-10-06,00:26
DAL72,KATL,EHAM,7,2026-10-06,21:35
DAL720,KCVG,KATL,6,2026-10-05,19:14
DAL721,KSNA,KATL,7,2026-10-06,14:06
DAL722,KATL,KLAS,7,2026-10-06,23:56
DAL724,KATL,KTYS,1,2026-10-06,17:22
DAL724,KORD,KMSP,6,2026-10-05,13:37
DAL724,KTYS,KATL,1,2026-10-06,19:07
DAL725,KATL,KSAN,7,2026-10-06,12:44
DAL725,KSAN,KATL,7,2026-10-06,18:28
DAL726,KATL,KBOS,7,2026-10-06,18:36
DAL727,KATL,KDCA,6,2026-10-06,00:15
DAL728,KDTW,KSEA,7,2026-10-06,17:05
DAL729,KSAN,KATL,7,2026-10-06,13:50
DAL73,EHAM,KATL,7,2026-10-06,08:48
DAL730,KMSP,KABQ,6,2026-10-06,00:17
DAL731,KATL,KILM,6,2026-10-06,16:33
DAL731,KILM,KATL,6,2026-10-06,18:40
DAL732,KDTW,KSEA,5,2026-10-05,10:03
DAL732,KMCO,KATL,1,2026-10-06,18:31
DAL733,KATL,KMEM,6,2026-10-05,18:01
DAL733,KMEM,KATL,6,2026-10-05,20:18
DAL733,KMSP,KLAX,1,2026-10-06,15:59
DAL734,KDTW,KSEA,7,2026-10-06,12:55
DAL735,KDFW,KDTW,6,2026-10-06,18:35
DAL736,KMSY,KSLC,7,2026-10-06,19:08
DAL738,KJFK,KLAX,7,2026-10-06,22:10
DAL739,KSEA,KAUS,6,2026-10-06,14:49
DAL74,KATL,EHAM,7,2026-10-06,00:06
DAL740,KJFK,KSEA,7,2026-10-06,21:16
DAL741,KSMF,KATL,7,2026-10-06,14:14
DAL742,KJFK,KLAX,6,2026-10-06,11:20
DAL743,KATL,KSMF,4,2026-10-06,21:13
DAL744,KTPA,KATL,7,2026-10-06,12:52
DAL745,KFLL,KSLC,7,2026-10-06,22:58
DAL745,KSLC,KFLL,7,2026-10-06,17:12
DAL746,KATL,KDEN,6,2026-10-06,00:18
DAL747,KJFK,KLAX,5,2026-10-06,21:08
DAL748,KATL,KLAS,1,2026-10-06,14:07
DAL748,KLAS,KATL,7,2026-10-06,19:32
DAL749,KLAX,KTPA,7,2026-10-06,17:46
DAL749,KTPA,KLAX,6,2026-10-06,23:57
DAL75,EHAM,KATL,7,2026-10-06,11:36
DAL750,KATL,KSFO,4,2026-10-05,17:03
DAL750,KSFO,KATL,4,2026-10-06,23:25
DAL751,KDEN,KLGA,7,2026-10-06,17:57
DAL751,KLGA,KDEN,7,2026-10-06,12:09
DAL752,KJFK,KLAX,7,2026-10-06,01:08
DAL753,KATL,KLAX,7,2026-10-06,18:38
DAL754,KSAN,KDTW,6,2026-10-06,13:44
DAL755,KLAS,KATL,7,2026-10-06,13:22
DAL756,KMSP,KSFO,5,2026-10-06,20:34
DAL756,KSFO,KMSP,7,2026-10-06,01:36
DAL758,KATL,KBNA,3,2026-10-05,22:25
DAL758,KBNA,KATL,3,2026-10-06,00:17
DAL759,KATL,KTPA,7,2026-10-06,19:30
DAL759,KTPA,KATL,6,2026-10-06,22:04
DAL760,KBOS,KDFW,6,2026-10-06,11:38
DAL760,KDFW,KBOS,6,2026-10-06,17:59
DAL761,KDTW,KSAN,7,2026-10-06,16:55
DAL762,KMSP,KPSC,7,2026-10-06,23:39
DAL763,KATL,KLAX,7,2026-10-06,11:15
DAL764,KSAN,KDTW,4,2026-10-06,05:44
DAL765,KDTW,KSLC,6,2026-10-06,21:56
DAL766,KDTW,KLAS,7,2026-10-06,21:18
DAL767,KJFK,KLAX,1,2026-09-30,15:17
DAL768,KLAX,KBNA,6,2026-10-06,13:53
DAL769,KSMF,KATL,4,2026-10-06,06:08
DAL770,KMIA,KMSP,7,2026-10-06,10:49
DAL771,KJFK,KLAX,5,2026-10-06,19:11
DAL772,KSFO,KDTW,7,2026-10-06,13:14
DAL773,KJFK,KLAX,7,2026-10-06,13:32
DAL774,KATL,KSEA,7,2026-10-06,13:52
DAL775,KATL,KCLE,7,2026-10-06,16:56
DAL775,KCLE,KATL,7,2026-10-06,19:43
DAL776,KBOS,KMIA,6,2026-10-06,19:39
DAL776,KBOS,KPHL,1,2026-09-30,19:08
DAL776,KPHL,KMIA,1,2026-09-30,21:02
DAL777,KATL,KLAS,7,2026-10-06,12:21
DAL777,KLAS,KATL,7,2026-10-06,18:09
DAL778,KLAS,KDTW,6,2026-10-06,22:37
DAL779,KATL,KONT,4,2026-10-06,01:20
DAL78,KJFK,LKPR,7,2026-10-06,23:20
DAL780,KAUS,KSEA,7,2026-10-06,11:20
DAL780B,TXKF,KBOS,1,2026-10-06,16:12
DAL781,KJFK,KLAS,4,2026-10-06,02:28
DAL782,KLAX,KATL,7,2026-10-06,15:25
DAL783,KLAX,KATL,7,2026-10-06,05:00
DAL784,KJFK,KPHX,3,2026-10-05,01:11
DAL785,KPHX,KDTW,4,2026-10-06,23:05
DAL786,KDCA,KSEA,6,2026-10-06,21:02
DAL786,KSEA,KDCA,7,2026-10-06,14:56
DAL787,KLAS,KATL,7,2026-10-06,06:19
DAL788,KDTW,KSAT,6,2026-10-06,12:40
DAL788,KSAT,KDTW,6,2026-10-06,16:43
DAL789,KCHS,KATL,7,2026-10-06,11:57
DAL79,LKPR,KJFK,7,2026-10-06,09:10
DAL790,KATL,KBNA,5,2026-10-05,18:39
DAL791,KJFK,KPHX,7,2026-10-06,12:16
DAL791,KPHX,KJFK,7,2026-10-06,18:48
DAL792,KLAX,KMSP,7,2026-10-06,13:37
DAL793,KMIA,KMSP,7,2026-10-06,18:54
DAL793,KMSP,KMIA,7,2026-10-06,14:15
DAL794,KMCO,KAUS,5,2026-10-06,22:20
DAL795,KLAS,KJFK,6,2026-10-06,19:41
DAL796,KATL,KPHX,6,2026-10-05,15:55
DAL796,KPHX,KATL,5,2026-10-06,21:09
DAL797,KLAS,KLAX,3,2026-10-06,03:49
DAL798,KJFK,KPHX,7,2026-10-06,22:24
DAL799,KLAX,KMSP,6,2026-10-05,15:46
DAL8,RJTT,KLAX,7,2026-10-06,07:55
DAL80,KSEA,LFPG,7,2026-10-06,02:02
DAL800,KFLL,KLAX,4,2026-10-06,12:11
DAL801,KATL,KBWI,6,2026-10-06,13:13
DAL801,KBWI,KATL,6,2026-10-06,16:16
DAL802,KLAX,KDTW,6,2026-10-06,19:02
DAL803,KSEA,KDFW,7,2026-10-06,17:04
DAL804,KDFW,KSEA,7,2026-10-06,11:59
DAL805,KSFO,KDTW,5,2026-10-06,21:38
DAL806,KJFK,KLAS,6,2026-10-06,21:08
DAL807,KJFK,KLAS,7,2026-10-06,15:51
DAL808,KSJC,KLAX,1,2026-10-06,14:05
DAL808,KTPA,KDTW,6,2026-10-05,12:31
DAL809,KATL,KSJC,7,2026-10-06,13:49
DAL809,KSJC,KATL,5,2026-10-04,19:58
DAL81,LFPG,KSEA,5,2026-10-05,14:34
DAL810,KSEA,KDTW,7,2026-10-06,06:39
DAL811,KLAX,KMIA,7,2026-10-06,16:49
DAL812,KSEA,KDTW,7,2026-10-06,13:10
DAL813,KDTW,KPHX,7,2026-10-06,17:03
DAL814,KATL,KGEG,6,2026-10-05,14:03
DAL814,KATL,KLGA,1,2026-10-06,11:52
DAL814,KGEG,KATL,6,2026-10-05,19:46
DAL815,KSEA,KBNA,7,2026-10-06,00:46
DAL816,KBOS,KSAT,6,2026-10-06,13:35
DAL816,KBOS,KCLE,1,2026-09-30,13:32
DAL816,KCLE,KSAT,1,2026-09-30,16:09
DAL816,KSAT,KBOS,7,2026-10-06,20:00
DAL817,KBOS,KRDU,5,2026-10-06,01:38
DAL818,KATL,KDFW,7,2026-10-06,03:07
DAL819,KATL,KSAN,7,2026-10-06,00:04
DAL819,KSAN,KATL,4,2026-10-06,06:18
DAL82,KMEM,KATL,7,2026-10-06,17:04
DAL820,KDCA,KSLC,4,2026-10-06,22:15
DAL820,KSLC,KDCA,7,2026-10-06,16:47
DAL820A,KDCA,KSLC,1,2026-10-01,15:40
DAL821,KATL,KBOS,6,2026-10-06,00:01
DAL822,KLAS,KRDU,7,2026-10-06,05:36
DAL823,KATL,KSFO,5,2026-10-06,19:36
DAL824,KDCA,KATL,6,2026-10-05,11:16
DAL825,KATL,KLAS,7,2026-10-06,02:49
DAL826,KATL,KSNA,6,2026-10-06,00:49
DAL827,KATL,KLAX,7,2026-10-06,13:28
DAL828,KATL,KICT,7,2026-10-06,15:43
DAL828,KICT,KATL,7,2026-10-06,18:33
DAL829,KSLC,KLAX,7,2026-10-06,17:48
DAL83,LFPG,KATL,7,2026-10-06,08:16
DAL830,KATL,KSLC,7,2026-10-06,12:17
DAL831,KAUS,KSEA,6,2026-10-06,00:47
DAL831,KSEA,KAUS,6,2026-10-06,19:20
DAL832,KATL,KDCA,7,2026-10-06,21:58
DAL832,KDCA,KATL,5,2026-10-06,01:02
DAL833,PANC,KSEA,6,2026-10-05,16:12
DAL834,KATL,KLAS,4,2026-10-05,01:34
DAL835,KSLC,KATL,7,2026-10-06,16:13
DAL836,KATL,KPHX,7,2026-10-06,21:24
DAL837,KATL,PHNL,7,2026-10-06,14:08
DAL838,KATL,KDJT,7,2026-10-06,18:22
DAL838,KDJT,KATL,6,2026-10-06,21:42
DAL839,KATL,KDFW,6,2026-10-06,11:49
DAL839,KDFW,KATL,6,2026-10-06,15:14
DAL84,KATL,LFPG,7,2026-10-06,02:21
DAL840,KDEN,KATL,7,2026-10-06,22:44
DAL841,KSLC,KLAX,7,2026-10-06,22:03
DAL842,KATL,KPHX,4,2026-10-06,02:14
DAL843,KATL,KSAN,7,2026-10-06,14:33
DAL843,KLAX,KATL,1,2026-10-04,01:45
DAL843,KSAN,KATL,4,2026-10-06,20:33
DAL843,KSAN,KLAX,1,2026-10-03,23:04
DAL843,KSAN,KOKC,1,2026-10-05,22:04
DAL843A,KOKC,KATL,1,2026-10-05,14:28
DAL844,KDTW,KMSN,3,2026-10-06,16:28
DAL844,KMSN,KDTW,3,2026-10-06,18:35
DAL845,KIND,KATL,1,2026-10-06,14:30
DAL845,KMSP,KPIT,6,2026-10-05,12:51
DAL845,KPIT,KMSP,6,2026-10-05,15:48
DAL846,KDFW,KLGA,5,2026-10-06,00:23
DAL846,KDFW,KJFK,1,2026-09-30,03:32
DAL846,KLGA,KDFW,5,2026-10-06,19:42
DAL847,KSLC,KIAD,5,2026-10-06,23:51
DAL848,KSEA,KAUS,7,2026-10-06,01:16
DAL849,KPHX,KATL,7,2026-10-06,07:12
DAL85,LFPG,KATL,6,2026-10-06,14:04
DAL850,KATL,KDCA,7,2026-10-06,19:56
DAL850,KDCA,KATL,6,2026-10-06,22:56
DAL851,KLAS,KDTW,1,2026-10-06,05:38
DAL852,KDTW,KLAX,6,2026-10-06,23:13
DAL853,PANC,KSEA,6,2026-10-06,14:17
DAL854,KATL,KSGF,7,2026-10-06,17:53
DAL854,KSGF,KATL,6,2026-10-06,20:47
DAL855,KATL,KBOS,7,2026-10-06,14:30
DAL856,KDFW,KLGA,5,2026-10-06,19:10
DAL856,KLGA,KDFW,6,2026-10-06,14:00
DAL857,KLAS,KATL,4,2026-10-05,08:01
DAL858,KLAX,KBNA,6,2026-10-06,00:59
DAL859,KBOS,KSLC,7,2026-10-06,10:24
DAL86,KDTW,EDDF,7,2026-10-06,23:56
DAL860,KBOS,KSFO,6,2026-10-06,14:28
DAL860,KBOS,KCVG,1,2026-09-30,14:36
DAL860,KCVG,KSFO,1,2026-09-30,17:07
DAL860,KSFO,KBOS,7,2026-10-06,22:44
DAL861,KIND,KLAX,4,2026-10-06,21:24
DAL861,KLAX,KIND,5,2026-10-05,16:15
DAL862,KATL,KBOS,7,2026-10-06,15:29
DAL863,KJFK,KSLC,7,2026-10-06,23:04
DAL864,KLAS,KDTW,7,2026-10-06,13:19
DAL865,KATL,KBOS,7,2026-10-06,03:02
DAL867,KLAX,KMCO,7,2026-10-06,18:07
DAL868,KMSP,KSEA,7,2026-10-06,14:03
DAL869,KDFW,KLGA,5,2026-10-05,22:35
DAL869,KLGA,KDFW,7,2026-10-06,16:49
DAL87,EDDF,KDTW,7,2026-10-06,09:21
DAL870,KSEA,KDFW,7,2026-10-06,00:58
DAL871,KSLC,KSEA,7,2026-10-06,23:32
DAL872,KMSY,KLAX,6,2026-10-06,19:52
DAL873,KDFW,KLGA,6,2026-10-06,16:19
DAL873,KLGA,KDFW,6,2026-10-06,11:37
DAL874,KATL,KBOI,7,2026-10-06,14:53
DAL874,KBOI,KATL,5,2026-10-05,20:22
DAL875,KSLC,KATL,6,2026-10-06,22:01
DAL876,KGSP,KDTW,7,2026-10-06,11:21
DAL877,KMSP,KSEA,6,2026-10-06,20:10
DAL8770,KATL,KDTW,1,2026-10-02,01:28
DAL8770,KSLC,KATL,1,2026-10-04,07:37
DAL8771,KATL,KSLC,1,2026-10-02,10:11
DAL8771,KDTW,KATL,1,2026-10-04,01:21
DAL8771,KDTW,KSLC,1,2026-10-05,23:12
DAL8771,KMSP,KATL,1,2026-10-05,16:50
DAL8773,KMSP,KATL,1,2026-10-02,02:10
DAL8774,KATL,KMSP,1,2026-10-03,02:14
DAL8775,KATL,KLAX,1,2026-10-02,10:08
DAL8778,KLAS,KATL,1,2026-10-04,23:14
DAL8783,KATL,KLAX,1,2026-10-06,03:16
DAL8783,KBOS,KLGA,1,2026-10-06,10:40
DAL8785,KATL,KMSP,1,2026-10-06,10:39
DAL8785,KLAX,KSLC,1,2026-10-06,05:02
DAL8786,KSEA,KDTW,1,2026-10-06,05:30
DAL8790,KATL,KABQ,4,2026-10-05,22:12
DAL8794,KATL,KGRB,2,2026-10-05,15:26
DAL8794,KGRB,KATL,2,2026-10-05,18:21
DAL8795,KABQ,KATL,4,2026-10-05,06:55
DAL88,VHHH,KLAX,6,2026-10-06,02:04
DAL880,KCLE,KATL,5,2026-10-05,21:13
DAL8800,KJFK,KATL,1,2026-10-06,03:28
DAL8800,KLAX,KATL,1,2026-10-06,08:12
DAL8801,KJFK,KMCO,1,2026-10-06,01:25
DAL8801,KMSP,KSLC,1,2026-10-06,14:21
DAL8802,KATL,KABQ,2,2026-10-04,19:26
DAL8802,KSEA,KATL,1,2026-10-06,16:32
DAL8802,KSLC,KDTW,1,2026-10-06,05:44
DAL8803,KSLC,KMSP,1,2026-10-06,03:47
DAL8805,KMSP,KDTW,1,2026-10-06,02:01
DAL8806,KSLC,KATL,1,2026-10-06,04:38
DAL881,KMSP,KSEA,7,2026-10-06,00:04
DAL8810,KABQ,KJFK,1,2026-10-02,18:28
DAL8810,KJFK,KABQ,2,2026-10-04,15:46
DAL8813,KABQ,KATL,2,2026-10-05,23:46
DAL8815,KDTW,KMSP,1,2026-10-06,01:01
DAL8817,KABQ,KDTW,2,2026-10-04,17:44
DAL8817,KDTW,KABQ,2,2026-10-04,12:49
DAL882,KATL,KVPS,4,2026-10-06,01:05
DAL883,KDTW,KLAX,7,2026-10-06,20:10
DAL8830,KPVU,KLAS,1,2026-10-04,08:51
DAL8836,KLAX,KLAS,1,2026-10-05,01:38
DAL8838,KLAX,KDFW,1,2026-10-04,17:27
DAL8838,KONT,KSLC,1,2026-10-03,07:59
DAL8838,KPHX,KDEN,1,2026-10-01,00:55
DAL8838,KSFO,KDAL,1,2026-10-01,14:00
DAL8838,KTPA,KMIA,1,2026-10-02,15:16
DAL8838,VMMC,RKSI,1,2026-10-05,18:39
DAL8839,KATL,KIAH,1,2026-10-04,11:54
DAL8839,KCHS,KCMH,1,2026-10-03,17:41
DAL8839,KHPN,KMKE,1,2026-10-06,12:25
DAL8839,KMKE,KBNA,1,2026-10-02,14:54
DAL8839,KOAK,KSLC,1,2026-09-30,18:58
DAL8839,KPHX,KSNA,1,2026-10-01,17:02
DAL8839,VMMC,VHHH,1,2026-10-05,18:11
DAL884,KCMH,KMSP,7,2026-10-06,11:08
DAL8840,KATL,KEWR,1,2026-10-05,13:57
DAL8840,KHPN,CYQB,1,2026-10-04,23:28
DAL8840,KLAS,KMSP,1,2026-09-30,07:37
DAL8840,KMEM,KMKE,1,2026-10-06,15:27
DAL8840,KRDU,KCHS,1,2026-10-02,15:33
DAL8840,KSFO,KSJC,1,2026-10-02,02:34
DAL8841,KCMH,KBNA,1,2026-10-02,21:21
DAL8841,KMIA,KMCO,1,2026-10-04,10:51
DAL8841,KTUL,KIND,1,2026-10-05,21:34
DAL8842,CYYZ,KPHL,1,2026-10-04,12:30
DAL8842,KATL,KIND,1,2026-09-30,14:28
DAL8842,KIND,KSLC,1,2026-10-03,22:11
DAL8842,KLAS,KSAN,1,2026-10-01,15:36
DAL8842,KMIA,KPIE,1,2026-10-06,02:50
DAL8842,KOKC,KTUL,1,2026-10-06,23:20
DAL8842,KSAN,KSFO,1,2026-10-03,15:03
DAL8843,KATL,KRDU,1,2026-10-02,22:53
DAL8843,KDAL,KPHX,1,2026-10-04,11:34
DAL8843,KEWR,KHPN,1,2026-10-01,16:36
DAL8843,KIAD,KHPN,1,2026-10-04,13:58
DAL8843,KSAN,KSFO,1,2026-10-05,20:30
DAL8844,KATL,KTPA,1,2026-10-06,01:17
DAL8844,KPHL,KRDU,1,2026-10-02,08:14
DAL8844,KSBA,KLAX,1,2026-10-04,20:41
DAL8844,KSJC,KLAS,1,2026-10-03,18:18
DAL8844,KTPA,KATL,1,2026-10-02,05:26
DAL8845,KCLT,KPHL,1,2026-10-05,21:48
DAL8845,KLAX,KLAS,1,2026-10-03,00:20
DAL8845,KRDU,KEWR,1,2026-10-01,21:07
DAL8845,KSMF,KLAX,1,2026-10-05,23:57
DAL8846,KDEN,KSJC,1,2026-10-04,22:58
DAL8846,KSLC,KLAS,1,2026-10-02,14:05
DAL8846,KTPA,KMSY,1,2026-10-04,22:09
DAL8847,KHPN,KJFK,1,2026-10-02,14:07
DAL8847,KLAS,KSAN,1,2026-10-01,22:57
DAL8847,KSLC,KMSP,1,2026-10-05,05:41
DAL8848,KCLT,KMIA,1,2026-10-02,22:29
DAL8848,KSFO,KDEN,1,2026-10-05,05:22
DAL8849,KJFK,KBOS,1,2026-10-03,03:57
DAL885,KSLC,KATL,7,2026-10-06,17:32
DAL8853,KATL,KCLT,1,2026-10-05,01:51
DAL8853,KATL,KMSY,1,2026-10-06,01:09
DAL8858,KATL,KMSY,1,2026-10-04,19:53
DAL8858,KMSY,KATL,2,2026-10-06,05:36
DAL886,KTUS,KATL,7,2026-10-06,13:11
DAL8861,KATL,KDTW,1,2026-10-03,14:10
DAL8861,KCLT,KATL,1,2026-10-03,21:32
DAL8861,KCLT,KDTW,1,2026-10-05,05:51
DAL8861,KDTW,KCLT,1,2026-10-03,18:30
DAL8862,KATL,KGRB,1,2026-10-03,14:14
DAL8862,KATL,KTPA,1,2026-10-04,18:59
DAL8862,KGRB,KATL,1,2026-10-05,02:40
DAL8862,KGRB,KTPA,1,2026-10-03,18:53
DAL8862,KTPA,KATL,1,2026-10-03,22:50
DAL8862,KTPA,KGRB,1,2026-10-05,22:23
DAL8863,KGRB,KMSP,1,2026-10-05,02:19
DAL8863,KTPA,KGRB,1,2026-10-05,22:32
DAL8865,KLAX,KPHL,1,2026-10-03,17:14
DAL8865,KPHL,KLAX,1,2026-10-05,22:46
DAL887,KJFK,KSLC,7,2026-10-06,20:45
DAL8875,KATL,KMSY,1,2026-10-05,17:59
DAL8875,KLAS,RJTT,1,2026-10-05,06:17
DAL8875,KMSY,KATL,1,2026-10-06,17:17
DAL8877,KATL,KLAX,1,2026-10-02,18:36
DAL8877,KLAX,KATL,1,2026-10-05,18:21
DAL8878,KATL,KLAX,2,2026-10-05,18:48
DAL8878,KLAX,KATL,2,2026-10-05,00:43
DAL8879,KBOS,KLGA,1,2026-10-01,21:57
DAL8880,KBOS,KATL,1,2026-10-01,21:12
DAL8880,KJFK,KBOS,1,2026-10-01,18:56
DAL8883,KATL,KEWR,1,2026-10-01,15:04
DAL8883,KEWR,KATL,1,2026-10-06,08:52
DAL8883,KEWR,KTPA,1,2026-10-01,20:24
DAL8883,KTPA,KATL,1,2026-10-02,00:05
DAL8883,KTPA,KEWR,1,2026-10-06,05:26
DAL8884,KEWR,KATL,1,2026-10-06,09:04
DAL8884,KLGA,KTPA,1,2026-10-02,01:35
DAL8885,KATL,KPHL,1,2026-10-02,05:28
DAL8887,KMKE,KSAN,1,2026-10-05,01:49
DAL8887,KSAN,KMKE,1,2026-10-02,00:49
DAL8888,KATL,KMKE,1,2026-10-04,21:01
DAL8888,KATL,KSAN,1,2026-10-02,12:24
DAL8888,KMKE,KATL,1,2026-10-03,00:15
DAL8888,KMKE,KSAN,1,2026-10-05,01:55
DAL8888,KSAN,KMKE,1,2026-10-02,19:57
DAL8888,KSAN,KTPA,1,2026-10-05,14:57
DAL8889,KATL,KPIE,1,2026-10-06,18:12
DAL8889,KPIE,KEWR,1,2026-10-06,20:47
DAL889,KMSP,KSEA,7,2026-10-06,16:10
DAL8890,KPIE,KEWR,1,2026-10-06,05:27
DAL8891,KLAX,KATL,1,2026-10-05,05:43
DAL8894,KFTW,KPVU,1,2026-10-04,04:50
DAL8894,KPVU,KFTW,1,2026-10-02,20:02
DAL8894,KSLC,KPVU,1,2026-10-02,17:08
DAL8895,KLAS,KOAK,1,2026-10-04,01:49
DAL8895,KLAX,KOAK,1,2026-10-02,17:24
DAL8895,KOAK,KLAS,1,2026-10-02,21:51
DAL8895,KOAK,KSLC,1,2026-10-04,03:57
DAL8898,KATL,KGNV,1,2026-10-02,15:37
DAL8898,KCOU,KGNV,1,2026-10-04,01:12
DAL8898,KGNV,KATL,1,2026-10-04,03:59
DAL8898,KGNV,KCOU,1,2026-10-02,19:01
DAL89,KLAX,VHHH,6,2026-10-06,06:01
DAL890,KRDU,KMIA,6,2026-10-06,12:13
DAL8904,KATL,KCAE,1,2026-10-03,21:34
DAL8904,KATL,KLEX,1,2026-10-02,15:34
DAL8904,KCAE,KATL,1,2026-10-02,21:56
DAL8904,KCAE,KLEX,1,2026-10-04,02:30
DAL8904,KLEX,KATL,1,2026-10-04,04:08
DAL8904,KLEX,KCAE,1,2026-10-02,19:11
DAL8906,KDTW,KMSP,1,2026-10-02,19:23
DAL8906,KMSP,KDTW,1,2026-10-03,21:57
DAL8907,KATL,KLAN,1,2026-10-02,15:07
DAL8907,KLAN,KATL,1,2026-10-04,23:41
DAL8907,KLAN,KMSN,1,2026-10-02,19:06
DAL8907,KMSN,KLAN,1,2026-10-03,22:01
DAL8909,KATL,KRDU,1,2026-10-03,17:11
DAL8909,KATL,KSBN,1,2026-10-02,15:05
DAL8909,KRDU,KATL,1,2026-10-02,22:32
DAL8909,KSBN,KATL,1,2026-10-04,01:05
DAL8909,KSBN,KRDU,1,2026-10-02,20:04
DAL891,KBNA,KLAX,7,2026-10-06,11:37
DAL8913,KATL,KBNA,2,2026-10-04,23:43
DAL8913,KBNA,KATL,2,2026-10-04,01:10
DAL8914,KATL,KCHO,1,2026-10-02,14:42
DAL8914,KCHO,KATL,1,2026-10-04,04:08
DAL8914,KCHO,KTLH,1,2026-10-02,18:56
DAL8914,KTLH,KCHO,1,2026-10-04,01:28
DAL8916,KATL,KCSG,1,2026-10-02,17:22
DAL8916,KCSG,KATL,1,2026-10-04,03:36
DAL8916,KCSG,KTYS,1,2026-10-02,20:58
DAL8916,KTYS,KCSG,1,2026-10-04,01:27
DAL8918,KBNA,KATL,1,2026-10-02,19:20
DAL8919,KBOS,KCHS,1,2026-10-03,14:28
DAL892,KJFK,KSLC,7,2026-10-06,10:09
DAL8920,KEWR,KCLT,1,2026-10-05,19:21
DAL8921,KCHS,KCLT,1,2026-10-02,20:32
DAL8924,KDEN,KSLC,1,2026-10-05,20:28
DAL8927,KIND,KDSM,1,2026-10-06,19:19
DAL8929,KLAX,KSMF,1,2026-10-04,21:40
DAL893,KDFW,KATL,7,2026-10-06,11:56
DAL8930,KATL,KMEM,1,2026-10-06,03:29
DAL8930,KBNA,KMEM,1,2026-10-03,16:25
DAL8930,KMEM,KATL,1,2026-10-04,20:51
DAL8931,CYQB,KMIA,1,2026-10-04,04:09
DAL8931,KMIA,CYQB,1,2026-10-03,01:37
DAL8932,KMKE,KOKC,1,2026-10-06,20:27
DAL8933,KMKE,KDSM,1,2026-10-06,17:22
DAL8933,KMSP,KMKE,1,2026-10-04,19:53
DAL8934,KMSY,KTUL,1,2026-10-05,19:29
DAL8935,KHPN,KPHL,1,2026-10-04,18:59
DAL8935,KPHL,KHPN,1,2026-10-06,03:10
DAL8937,KMCO,KMEM,1,2026-10-06,18:28
DAL8939,KPHX,KPTK,1,2026-10-04,17:17
DAL8939,KPTK,KMDW,1,2026-10-06,16:03
DAL8943,CYQB,CYYZ,1,2026-10-04,03:43
DAL8944,KDEN,KSLC,1,2026-10-05,03:39
DAL8944,KSLC,KDEN,1,2026-10-03,20:10
DAL8946,KLAS,KONT,1,2026-10-03,06:18
DAL8946,KSNA,KLAS,1,2026-10-01,20:40
DAL8947,KRDU,KOAK,1,2026-09-30,01:46
DAL8947,KSJC,KLAX,1,2026-10-02,06:28
DAL8948,KDEN,KLAX,1,2026-10-01,06:49
DAL8948,KLAX,KPHX,1,2026-10-01,09:44
DAL8948,KLAX,KSJC,1,2026-10-02,20:53
DAL8948,KSJC,KLAX,1,2026-10-04,06:20
DAL8949,KBNA,KMSP,1,2026-10-02,04:13
DAL8949,KMSP,KBNA,1,2026-09-30,19:21
DAL8949,KMSP,KBUF,1,2026-10-05,18:11
DAL895,KATL,KLAX,7,2026-10-06,16:55
DAL8950,KBOS,KEWR,1,2026-09-30,04:30
DAL8950,KDTW,KHPN,1,2026-10-03,03:09
DAL8950,KEWR,KDTW,1,2026-10-02,04:02
DAL8951,KPHL,KTPA,1,2026-10-04,18:29
DAL8952,KEWR,KTPA,1,2026-10-02,05:33
DAL8952,KTPA,KEWR,1,2026-09-30,17:10
DAL8953,KCMH,KEWR,1,2026-10-04,03:33
DAL8953,KSLC,KCMH,1,2026-10-02,17:16
DAL8954,KIAD,KRDU,1,2026-10-01,18:16
DAL8954,KRDU,KTPA,1,2026-10-03,03:30
DAL8954,KTPA,KIAD,1,2026-10-04,03:22
DAL8958,KDAL,KSFO,1,2026-10-01,19:11
DAL8958,KSFO,KDAL,1,2026-10-04,00:35
DAL8959,KEWR,KSBA,1,2026-10-04,13:57
DAL8959,KIND,KLAS,1,2026-09-30,02:44
DAL896,KATL,KSAN,4,2026-10-06,02:11
DAL8960,KIAD,KATL,1,2026-10-01,04:08
DAL8960,KIAH,PANC,1,2026-10-05,17:24
DAL8960,PANC,VMMC,1,2026-10-05,02:13
DAL8961,KATL,KJFK,1,2026-10-02,13:28
DAL8961,KDFW,VMMC,1,2026-10-05,23:25
DAL8961,KJFK,KATL,1,2026-10-02,19:02
DAL8962,KIND,KLAS,1,2026-09-30,18:15
DAL8962,KLAS,KIND,1,2026-10-02,17:55
DAL8963,KJFK,KMSP,1,2026-09-30,15:42
DAL8963,KLAS,KSFO,1,2026-10-03,21:27
DAL8964,KDAL,KSFO,1,2026-10-01,06:10
DAL897,KSLC,KATL,7,2026-10-06,14:17
DAL898,KATL,KLAX,7,2026-10-06,12:35
DAL899,KLAX,KATL,7,2026-10-06,06:07
DAL9,EGLL,KMSP,7,2026-10-06,11:52
DAL90,KATL,LSZH,5,2026-10-06,21:37
DAL901,KPHX,KATL,7,2026-10-06,14:26
DAL902,KSFO,KSLC,7,2026-10-06,20:57
DAL902,KSLC,KSFO,7,2026-10-06,17:32
DAL903,KATL,KSEA,6,2026-10-06,02:02
DAL904,KATL,KSMF,7,2026-10-06,13:15
DAL904,KSMF,KATL,7,2026-10-06,19:19
DAL905,KSLC,KATL,6,2026-10-05,00:37
DAL906,KSLC,KATL,7,2026-10-06,20:06
DAL907,KSLC,KATL,7,2026-10-06,12:51
DAL909,KLAX,KIND,1,2026-10-06,16:35
DAL91,LSZH,KATL,7,2026-10-06,08:24
DAL910,KLAX,KTPA,6,2026-10-06,05:53
DAL912,KSLC,KATL,7,2026-10-06,05:49
DAL913,KDTW,KPDX,4,2026-10-06,00:46
DAL914,KLAX,KMSP,6,2026-10-06,20:30
DAL915,KLAX,KJFK,7,2026-10-06,07:17
DAL916,KDTW,KLAS,7,2026-10-06,00:11
DAL917,KJFK,KSLC,6,2026-10-06,15:24
DAL918,KPHX,KATL,7,2026-10-06,13:12
DAL919,KATL,KLAS,7,2026-10-06,22:55
DAL92,KJFK,EDDB,2,2026-10-05,23:06
DAL920,KSFO,KSLC,6,2026-10-06,17:10
DAL920,KSLC,KSFO,5,2026-10-05,14:14
DAL921,KATL,KDFW,6,2026-10-06,18:16
DAL921,KDFW,KATL,6,2026-10-06,21:49
DAL922,KSEA,PANC,7,2026-10-06,18:07
DAL922,PANC,KSEA,7,2026-10-06,22:48
DAL923,KBOS,KATL,7,2026-10-06,12:19
DAL924,KATL,KSAN,5,2026-10-06,19:53
DAL924,KSAN,KATL,1,2026-10-06,20:08
DAL925,PANC,KSEA,7,2026-10-06,09:40
DAL926,KATL,KDCA,7,2026-10-06,11:38
DAL926,KDCA,KATL,7,2026-10-06,14:33
DAL927,KLAS,KATL,7,2026-10-06,15:55
DAL928,KSEA,PANC,7,2026-10-06,21:26
DAL928,PANC,KSEA,1,2026-10-06,01:51
DAL929,KATL,KPHX,6,2026-10-06,01:02
DAL93,EDDB,KJFK,7,2026-10-06,08:00
DAL930,KSAT,KSLC,7,2026-10-06,17:52
DAL933,KATL,KSJC,7,2026-10-06,23:33
DAL934,KLAX,KJFK,7,2026-10-06,16:01
DAL935,KDTW,KSLC,7,2026-10-06,16:25
DAL936,KSEA,PANC,6,2026-10-06,05:11
DAL937,KATL,KTUS,7,2026-10-06,16:01
DAL937,KTUS,KATL,6,2026-10-06,20:57
DAL938,KLAX,KJFK,6,2026-10-05,14:55
DAL939,KLAX,KJFK,4,2026-10-06,19:35
DAL941,KIND,KATL,1,2026-10-06,21:27
DAL942,KSEA,KMSP,7,2026-10-06,22:21
DAL943,KSEA,KMSP,7,2026-10-06,13:09
DAL944,KDTW,KSEA,6,2026-10-06,21:10
DAL945,KATL,KLAS,6,2026-10-05,14:11
DAL946,KAUS,KLAX,5,2026-10-06,18:56
DAL946,KLAX,KAUS,6,2026-10-06,14:56
DAL946A,KAUS,KLAX,1,2026-10-03,18:34
DAL947,KPHX,KDTW,7,2026-10-06,13:29
DAL948,KDFW,KLAX,4,2026-10-06,01:56
DAL948,KLAX,KDFW,4,2026-10-05,21:29
DAL949,KSEA,KMSP,6,2026-10-06,01:30
DAL950,KATL,KDCA,6,2026-10-06,20:56
DAL951,KLAX,KJFK,6,2026-10-06,20:24
DAL952,KLGA,KDTW,1,2026-10-06,19:31
DAL953,KSEA,KMSP,6,2026-10-06,07:11
DAL954,KCVG,KMSP,6,2026-10-05,15:05
DAL954,KMSP,KCVG,6,2026-10-05,12:14
DAL956,KATL,KDEN,4,2026-10-06,02:18
DAL957,KATL,KDEN,7,2026-10-06,16:25
DAL957,KDEN,KATL,7,2026-10-06,21:09
DAL958,KLAX,KJFK,7,2026-10-06,17:08
DAL959,KATL,KDJT,7,2026-10-06,21:16
DAL960,KLAX,KJFK,7,2026-10-06,04:19
DAL961,KATL,KDFW,7,2026-10-06,14:12
DAL961,KDFW,KATL,7,2026-10-06,17:42
DAL962,KJFK,KATL,6,2026-10-06,00:12
DAL963,KATL,KCVG,6,2026-10-06,11:44
DAL963,KCVG,KATL,6,2026-10-06,14:10
DAL964,KLGA,KATL,7,2026-10-06,22:38
DAL965,KDTW,KATL,7,2026-10-06,12:36
DAL966,KCVG,KSEA,7,2026-10-06,10:45
DAL967,KLAX,KORD,6,2026-10-06,14:47
DAL967,KORD,KLAX,5,2026-10-06,20:13
DAL968,KLGA,KATL,6,2026-10-06,21:27
DAL969,KLGA,KATL,7,2026-10-06,20:37
DAL97,LFPG,KCVG,3,2026-10-06,11:09
DAL970,KLGA,KATL,5,2026-10-06,23:44
DAL971,KATL,KCOS,6,2026-10-06,23:10
DAL972,KLAX,KJFK,6,2026-10-06,18:38
DAL973,KBOS,KATL,7,2026-10-06,23:44
DAL974,KLGA,KATL,6,2026-10-06,19:29
DAL975,KLGA,KATL,5,2026-10-06,00:56
DAL976,KMIA,KSLC,7,2026-10-06,11:26
DAL977,KBOS,KSFO,6,2026-10-06,11:56
DAL977,KBOS,KCVG,1,2026-09-30,11:49
DAL977,KCVG,KSFO,1,2026-09-30,14:33
DAL977,KSFO,KBOS,7,2026-10-06,20:34
DAL978,KDTW,KBUF,6,2026-10-06,02:58
DAL979,KLAX,KJFK,7,2026-10-06,13:31
DAL98,KCVG,LFPG,3,2026-10-05,22:54
DAL980,KMIA,KATL,1,2026-09-30,05:45
DAL980,SKBO,KATL,4,2026-10-06,14:37
DAL982,KATL,SKBO,3,2026-10-06,14:20
DAL983,SKBO,KATL,4,2026-10-03,20:24
DAL986,KAUS,KLAX,6,2026-10-06,21:54
DAL986,KLAX,KAUS,6,2026-10-06,17:37
DAL986A,KLAX,KAUS,1,2026-10-04,18:39
DAL987,KATL,KBOS,7,2026-10-06,11:14
DAL9874,KCLE,KMSP,1,2026-10-03,04:12
DAL9875,KPHX,KBOS,1,2026-10-04,17:43
DAL988,KLGA,KATL,7,2026-10-06,18:17
DAL9887,PHNL,KSEA,1,2026-10-05,17:37
DAL9887,YMML,KLAX,1,2026-10-03,09:29
DAL9889,KIAH,KMSP,1,2026-10-03,17:31
DAL989,KLGA,KATL,6,2026-10-05,14:23
DAL9892,MMMX,KSLC,1,2026-10-04,17:08
DAL9894,MMMX,KJFK,1,2026-10-04,17:17
DAL9895,LEBL,KATL,1,2026-10-06,12:01
DAL9897,BIKF,KJFK,1,2026-10-03,14:04
DAL99,LFPG,KATL,4,2026-10-05,11:30
DAL990,KLGA,KATL,7,2026-10-06,16:13
DAL991,KLAX,KJFK,6,2026-10-06,22:39
DAL992,KLGA,KATL,7,2026-10-06,13:28
DAL9925,LFMN,KATL,1,2026-10-06,09:44
DAL993,KLGA,KATL,7,2026-10-06,15:12
DAL9930,KJFK,KLGA,1,2026-09-30,04:13
DAL9936,KATL,KILN,1,2026-10-05,11:05
DAL9936,KBFM,KATL,2,2026-10-02,19:21
DAL9937,CYYZ,KDTW,1,2026-10-02,16:46
DAL9937,KBFM,KMSP,1,2026-09-30,15:58
DAL994,KLGA,KATL,6,2026-10-06,17:32
DAL995,KATL,KDEN,5,2026-10-05,14:08
DAL995,KDEN,KATL,6,2026-10-06,18:24
DAL9950,KLCH,KATL,1,2026-10-01,14:26
DAL996,KATL,KLAX,6,2026-10-06,23:38
DAL9960,KATL,KLGA,1,2026-10-06,09:20
DAL9960,KATL,KMSP,1,2026-10-04,10:37
DAL9960,KDEN,KSLC,1,2026-09-30,16:46
DAL9960,KJFK,KATL,1,2026-10-02,14:51
DAL9960,KLAX,KMSP,1,2026-10-05,18:20
DAL9960,KMSP,KSEA,1,2026-10-03,15:17
DAL9961,KATL,KLGA,1,2026-10-06,01:49
DAL9961,KDTW,KMSP,1,2026-10-04,20:02
DAL9961,KMSP,KATL,1,2026-10-04,04:56
DAL9961,KMSP,KLAX,1,2026-10-06,06:52
DAL9961,KMSP,KSLC,1,2026-09-30,03:11
DAL9962,KLGA,KSLC,1,2026-10-06,02:13
DAL9962,KPAE,KSEA,1,2026-10-01,00:18
DAL9962,KSEA,KPDX,1,2026-10-02,13:29
DAL9963,KATL,KBOS,1,2026-10-04,13:39
DAL9963,KDTW,KATL,2,2026-10-06,04:14
DAL9963,KMSP,KDTW,1,2026-10-03,01:21
DAL9963,LEBL,KATL,1,2026-10-01,09:09
DAL9964,KBOS,KATL,1,2026-10-05,10:04
DAL9964,KSEA,KLAX,1,2026-10-04,17:34
DAL9965,KLGA,KJFK,1,2026-10-06,21:29
DAL9965,KMSP,KDTW,1,2026-10-01,15:24
DAL9967,KSLC,KMCI,1,2026-10-02,20:42
DAL9967,KSNA,KATL,1,2026-09-30,21:40
DAL9968,KMCI,KSLC,1,2026-10-03,12:35
DAL9969,KATL,KMCO,1,2026-10-06,17:12
DAL997,KATL,KLGA,6,2026-10-06,21:33
DAL9970,KATL,KLGA,1,2026-09-30,10:10
DAL9970,KSEA,KBOI,1,2026-10-06,20:57
DAL9977,KATL,KMSP,1,2026-09-30,11:36
DAL9979,KATL,KMSP,1,2026-09-30,00:26
DAL998,KSAT,KATL,7,2026-10-06,13:06
DAL999,KLGA,KDTW,7,2026-10-06,21:23
