callsign,origin,destination,days_seen,last_seen,takeoff_utc
AAL1,KJFK,KLAX,6,2026-10-06,12:47
AAL10,KLAX,KJFK,7,2026-10-06,04:39
AAL100,KJFK,EGLL,4,2026-10-05,22:49
AAL1002,KMSN,KCLT,7,2026-10-06,13:23
AAL1003,KDFW,KMIA,2,2026-10-06,12:23
AAL1003,KMCI,KCLT,5,2026-10-05,12:51
AAL1004,KBOS,KDCA,7,2026-10-06,01:08
AAL1005,KCLT,KDFW,7,2026-10-06,11:46
AAL1007,KORD,KCVG,6,2026-10-05,03:03
AAL1007,KRSW,KORD,2,2026-10-06,12:26
AAL1008,KATL,KDFW,5,2026-10-06,21:21
AAL1008,KDFW,KATL,6,2026-10-06,17:44
AAL1008,KLGA,KBNA,1,2026-10-03,21:13
AAL1009,KORD,KLAX,7,2026-10-06,12:09
AAL101,EGLL,KJFK,7,2026-10-06,10:03
AAL1010,KDFW,KSTL,3,2026-10-06,02:09
AAL1010,KJFK,KDFW,3,2026-10-03,13:41
AAL1011,KMSP,KORD,5,2026-10-04,11:23
AAL1011,KTUS,KDFW,2,2026-10-06,15:16
AAL1012,KFSD,KDFW,6,2026-10-06,11:30
AAL1012,KFSD,KTUL,1,2026-10-01,11:11
AAL1012,KTUL,KDFW,1,2026-10-01,16:33
AAL1014,KDFW,KTUS,7,2026-10-06,13:56
AAL1014,KTUS,KDFW,7,2026-10-06,16:51
AAL1015,KDCA,KBOS,7,2026-10-06,14:59
AAL1017,KMIA,KSLC,5,2026-10-06,23:51
AAL1017,KORF,KCLT,1,2026-10-06,14:31
AAL1018,KPHX,KDFW,7,2026-10-06,13:18
AAL1019,KSJC,KDFW,7,2026-10-06,13:17
AAL102,PHNL,KDFW,1,2026-10-06,04:58
AAL1020,KDTW,KMIA,7,2026-10-06,10:06
AAL1021,KSMF,KDFW,7,2026-10-06,14:17
AAL1022,KORD,KDFW,2,2026-10-06,12:12
AAL1022,KSFO,KLAX,5,2026-10-04,20:50
AAL1023,KLAX,KDFW,1,2026-10-06,00:50
AAL1023,KSFO,KCLT,5,2026-10-05,19:24
AAL1024,KLAX,KMCO,6,2026-10-06,18:44
AAL1025,KPHX,KTPA,7,2026-10-06,16:16
AAL1029,KDFW,KMCI,1,2026-10-06,01:37
AAL1029,KDJT,KORD,5,2026-10-04,18:40
AAL1031,KBNA,KBWI,1,2026-10-03,15:39
AAL1031,KCLT,KLAS,2,2026-10-06,21:15
AAL1032,KAUS,KCLT,7,2026-10-06,11:22
AAL1033,KCLT,KIND,7,2026-10-06,02:32
AAL1034,MMGL,KDFW,5,2026-10-06,15:00
AAL1035,KPHL,KLAX,6,2026-10-06,11:30
AAL1036,KDFW,KMCI,6,2026-10-06,03:05
AAL1037,KCLT,KTPA,2,2026-10-06,18:09
AAL1037,KPHL,KSEA,3,2026-10-05,22:20
AAL1038,KCLT,KORD,7,2026-10-06,13:53
AAL1039,KCID,KCLT,7,2026-10-06,13:13
AAL1040,KCHS,KDCA,1,2026-10-03,20:17
AAL1040,KDCA,KCHS,1,2026-10-03,17:42
AAL1040,KDFW,KJFK,2,2026-10-06,19:08
AAL1041,KATL,KORD,7,2026-10-06,15:00
AAL1042,KOMA,KCLT,7,2026-10-06,11:30
AAL1043,KDFW,KLAX,2,2026-10-06,15:45
AAL1043,KLGA,KDFW,5,2026-10-05,22:34
AAL1044,KCLT,KPHX,7,2026-10-06,17:28
AAL1045,KMIA,KATL,5,2026-10-06,23:37
AAL1046,KATL,KMIA,6,2026-10-06,15:14
AAL1046,KMIA,KATL,7,2026-10-06,12:34
AAL1047,KLAX,KDFW,5,2026-10-04,16:11
AAL1047,KPHL,KORD,2,2026-10-06,15:59
AAL1048,KORD,KMSP,5,2026-10-05,04:30
AAL1049,KJAC,KCLT,5,2026-10-04,17:23
AAL1049,KLAX,KRDU,1,2026-10-06,23:07
AAL105,EGLL,KJFK,7,2026-10-06,13:34
AAL1050,KLGA,KBOS,6,2026-10-06,14:11
AAL1051,KATL,KCLT,1,2026-10-06,17:32
AAL1051,KCLT,KATL,2,2026-10-06,15:42
AAL1051,KORD,KPIT,6,2026-10-05,01:38
AAL1052,KAUS,KCLT,5,2026-10-06,20:56
AAL1052,KCLT,KAUS,6,2026-10-06,16:25
AAL1052,KCLT,KIAH,1,2026-10-01,16:25
AAL1054,KMIA,KBOS,7,2026-10-06,02:10
AAL1055,KSAN,KDFW,7,2026-10-06,15:18
AAL1056,KCVG,KDFW,2,2026-10-06,10:21
AAL1056,KDFW,KLGA,4,2026-10-04,13:49
AAL1056,KLGA,KDFW,5,2026-10-04,18:53
AAL1057,KBOS,KPHX,7,2026-10-06,17:28
AAL1058,KDFW,KJFK,5,2026-10-04,18:45
AAL1058,KDFW,KSAN,2,2026-10-06,15:03
AAL1059,KAUS,KPHX,7,2026-10-06,19:47
AAL1059,KPHX,KAUS,7,2026-10-06,16:27
AAL106,KJFK,EGLL,7,2026-10-06,23:49
AAL1060,KCLT,KLGA,4,2026-10-05,22:36
AAL1061,KDFW,KJAX,3,2026-10-06,13:58
AAL1061,KJAX,KDFW,4,2026-10-06,16:40
AAL1062,KAUS,KORD,4,2026-10-04,21:12
AAL1062,KCLT,KMCO,1,2026-10-06,17:43
AAL1063,KRIC,KCLT,7,2026-10-06,10:09
AAL1064,KAUS,KORD,7,2026-10-06,11:24
AAL1065,KBNA,KCLT,2,2026-10-05,11:19
AAL1065,KPHL,KSRQ,1,2026-10-06,12:18
AAL1065,KSRQ,KPHL,1,2026-10-06,15:55
AAL1066,KOKC,KDFW,1,2026-10-01,16:31
AAL1066,MMMX,KDFW,5,2026-10-06,11:18
AAL1066,MMMX,KOKC,1,2026-10-01,11:24
AAL1067,KAUS,KDFW,5,2026-10-06,13:09
AAL1068,MMUN,KDFW,3,2026-10-06,17:39
AAL1069,KAUS,KPHL,2,2026-10-05,23:16
AAL1069,KIAH,KAUS,1,2026-10-02,03:58
AAL1069,KLGA,KORD,2,2026-10-06,18:04
AAL1069,KPHL,KAUS,2,2026-10-04,17:29
AAL1069,KPHL,KIAH,1,2026-10-01,17:26
AAL1070,KAUS,KDFW,6,2026-10-06,18:33
AAL1070,KDFW,KAUS,6,2026-10-06,16:24
AAL1071,KMCO,KDCA,5,2026-10-04,18:41
AAL1071,KMDT,KCLT,1,2026-10-05,14:40
AAL1072,KCLT,KMKE,6,2026-10-06,23:34
AAL1073,KAUS,KDFW,2,2026-10-06,20:38
AAL1073,KDFW,KAUS,6,2026-10-06,18:43
AAL1074,KMIA,KBOS,7,2026-10-06,22:56
AAL1075,KALB,KCLT,1,2026-10-04,21:15
AAL1075,KCLT,KALB,4,2026-10-04,18:39
AAL1075,KSAT,KDFW,1,2026-10-06,01:15
AAL1076,KDFW,KBNA,6,2026-10-06,23:23
AAL1078,KGSO,KCLT,5,2026-10-04,10:26
AAL1079,KCLT,KMCI,1,2026-10-04,20:04
AAL1079,KLAS,KDFW,1,2026-10-06,03:55
AAL1079,KOMA,KCLT,4,2026-10-03,20:22
AAL108,KBOS,EGLL,7,2026-10-06,00:24
AAL1080,KORD,KBZN,5,2026-10-04,15:40
AAL1081,KDFW,KTYS,7,2026-10-06,01:44
AAL1082,KMIA,MKJP,6,2026-10-05,19:42
AAL1082,MKJP,KMIA,6,2026-10-05,22:37
AAL1083,KBDL,KDFW,6,2026-10-06,18:10
AAL1083,KDFW,KBDL,6,2026-10-06,13:45
AAL1083,KDFW,KBNA,1,2026-10-04,12:51
AAL1084,KBNA,KDFW,4,2026-10-06,21:33
AAL1084,KDFW,KBNA,5,2026-10-06,18:41
AAL1085,KCLT,KMYR,1,2026-10-06,01:12
AAL1086,KMEM,KDFW,5,2026-10-04,17:26
AAL1086,KORD,KSMF,1,2026-10-06,03:35
AAL1087,KBFL,KDFW,7,2026-10-06,13:11
AAL1088,KIAH,KDFW,1,2026-10-01,15:36
AAL1088,KPHL,KAUS,1,2026-09-30,15:00
AAL1088,KRDU,KDFW,5,2026-10-06,10:15
AAL1088,KRDU,KIAH,1,2026-10-01,10:27
AAL109,EGLL,KBOS,7,2026-10-06,09:24
AAL1090,KTUL,KDFW,5,2026-10-06,11:13
AAL1091,KDFW,KCLT,7,2026-10-06,10:09
AAL1092,KDFW,KSAV,7,2026-10-06,02:18
AAL1093,CYYC,KLGA,1,2026-10-04,21:00
AAL1093,KLGA,CYYC,1,2026-10-03,14:52
AAL1094,KCLT,KBOS,2,2026-10-06,13:28
AAL1094,KPDX,KORD,5,2026-10-04,06:09
AAL1095,KMFE,KDFW,2,2026-10-06,10:47
AAL1097,KLGA,KRDU,1,2026-10-06,01:13
AAL1097,KSFO,KLAX,5,2026-10-04,14:18
AAL1098,KMCI,KDFW,7,2026-10-06,10:34
AAL1099,CYVR,KDFW,7,2026-10-06,13:16
AAL110,KORD,LIRF,7,2026-10-06,22:42
AAL1100,KBNA,KLAX,4,2026-10-06,23:39
AAL1100,KLAX,KBNA,5,2026-10-06,17:35
AAL1101,KORD,KTPA,6,2026-10-06,20:12
AAL1101,KTPA,KORD,7,2026-10-06,23:34
AAL1102,MMUN,KMIA,4,2026-10-06,18:16
AAL1103,KBNA,KDFW,6,2026-10-06,15:27
AAL1103,KDFW,KBNA,7,2026-10-06,12:39
AAL1104,KDFW,KBOI,7,2026-10-06,01:47
AAL1105,KBNA,KORD,5,2026-10-05,12:05
AAL1105,KLBB,KDFW,1,2026-10-06,10:06
AAL1106,KDFW,KORD,2,2026-10-06,12:40
AAL1106,KORD,KDFW,5,2026-10-04,17:09
AAL1107,KBOI,KDFW,7,2026-10-06,13:18
AAL1108,KBNA,KCLT,7,2026-10-06,18:57
AAL1109,KBNA,KDFW,5,2026-10-05,23:53
AAL1109,KDFW,KPHL,2,2026-10-06,17:44
AAL111,LIRF,KORD,7,2026-10-06,09:32
AAL1110,KLAX,KSFO,5,2026-10-04,18:22
AAL1110,KLAX,KMIA,2,2026-10-06,13:47
AAL1111,CYYZ,KDFW,6,2026-10-06,23:26
AAL1111,KDFW,CYYZ,6,2026-10-06,18:49
AAL1112,KONT,KDFW,1,2026-10-05,07:05
AAL1113,KEWR,KCLT,6,2026-10-06,09:11
AAL1114,KORD,KLAX,7,2026-10-06,02:37
AAL1115,KMIA,KLAX,2,2026-10-06,17:58
AAL1115,KPHL,KDFW,6,2026-10-05,01:08
AAL1117,TXKF,KPHL,5,2026-10-05,15:47
AAL1118,KLAX,KMCO,1,2026-10-06,05:35
AAL1119,KSAT,KCLT,6,2026-10-06,12:14
AAL112,KMIA,LEBL,1,2026-10-06,03:46
AAL1120,KCLT,KCMH,4,2026-10-05,21:04
AAL1120,KCMH,KCLT,3,2026-10-05,23:03
AAL1120,KPIT,KPHL,1,2026-10-06,21:27
AAL1121,KORD,KAUS,7,2026-10-06,13:41
AAL1122,SKBO,KDFW,6,2026-10-06,06:22
AAL113,LEBL,KMIA,7,2026-10-06,10:56
AAL1130,SKBO,KMIA,5,2026-10-06,11:50
AAL1132,KDFW,KLAS,2,2026-10-06,15:09
AAL1132,KPDX,KDFW,5,2026-10-04,15:05
AAL1133,KDFW,KLBB,1,2026-10-02,17:56
AAL1133,KDFW,KMEM,1,2026-09-30,00:21
AAL1133,KORF,KCLT,1,2026-10-05,13:18
AAL1134,KCLT,KDTW,5,2026-10-04,19:56
AAL1134,KMIA,KDFW,2,2026-10-06,20:44
AAL1135,KDCA,KORD,1,2026-10-06,22:41
AAL1135,KFLL,KLGA,5,2026-10-04,16:26
AAL1136,KBNA,KCLT,5,2026-10-04,21:00
AAL1136,KDJT,KLGA,2,2026-10-06,20:18
AAL1136,KLGA,KDJT,2,2026-10-06,16:29
AAL1137,KDFW,SKBO,1,2026-10-03,23:01
AAL1138,KATL,KORD,1,2026-10-06,22:50
AAL1138,KMIA,KPHX,5,2026-10-04,18:06
AAL1138,KORD,KATL,2,2026-10-06,21:13
AAL1139,KCLT,KSNA,1,2026-10-06,22:40
AAL1139,KPHX,KDFW,5,2026-10-04,14:43
AAL1140,KBOS,KCLT,2,2026-10-06,21:39
AAL1140,KCLT,KBOS,5,2026-10-04,17:17
AAL1141,KATL,KLAX,1,2026-10-06,22:09
AAL1141,KDFW,KMSN,5,2026-10-04,13:51
AAL1141,KLAX,KATL,2,2026-10-06,16:59
AAL1141,KMSN,KDFW,5,2026-10-04,16:39
AAL1143,KCLT,KBOS,2,2026-10-06,18:37
AAL1146,KAUS,KDFW,4,2026-10-06,23:26
AAL1146,KDFW,KAUS,6,2026-10-06,21:33
AAL1147,KMIA,KBOS,2,2026-10-06,18:46
AAL1147,KPHL,KBOS,3,2026-10-05,23:29
AAL1148,KPHX,KORD,7,2026-10-06,07:47
AAL115,KDFW,PHNL,2,2026-10-06,14:52
AAL1150,KCLT,KLGA,7,2026-10-06,13:29
AAL1150,KLGA,KCLT,5,2026-10-04,16:19
AAL1151,KCLT,KBOS,5,2026-10-04,12:36
AAL1151,KDFW,KDCA,2,2026-10-06,13:57
AAL1152,KEWR,KMIA,6,2026-10-06,12:14
AAL1153,KATL,KORD,2,2026-10-06,17:01
AAL1153,KDCA,KMCO,5,2026-10-04,15:14
AAL1153,KORD,KATL,2,2026-10-06,14:42
AAL1154,KLAX,KDFW,5,2026-10-04,18:12
AAL1154,KTPA,KCLT,1,2026-10-05,19:08
AAL1155,KCLT,KBOS,6,2026-10-06,21:14
AAL1156,KDFW,KOKC,1,2026-10-06,17:58
AAL1156,KOKC,KDFW,1,2026-10-06,20:17
AAL1156,KPHX,KCMH,3,2026-10-06,23:39
AAL1157,KMIA,MMUN,4,2026-10-06,15:28
AAL1158,KDCA,KDFW,7,2026-10-06,23:04
AAL1159,KORD,KMIA,6,2026-10-06,00:29
AAL1160,KBOS,KDCA,2,2026-10-04,12:32
AAL1160,KDFW,KSAN,1,2026-10-06,02:08
AAL1161,KAUS,KCLT,4,2026-10-05,00:14
AAL1161,KORD,KDFW,2,2026-10-06,21:52
AAL1162,KORD,KBOS,5,2026-10-06,23:22
AAL1163,KBNA,KDCA,5,2026-10-06,01:12
AAL1163,KDCA,KBNA,5,2026-10-06,22:44
AAL1164,KBOS,KDCA,5,2026-10-04,14:59
AAL1164,KDCA,KBOS,6,2026-10-06,12:31
AAL1165,KCLT,KMIA,6,2026-10-06,09:47
AAL1166,KORD,KLGA,7,2026-10-06,01:53
AAL1167,KAUS,KDFW,2,2026-10-06,14:50
AAL1167,KDFW,KMIA,4,2026-10-04,19:39
AAL1167,KDFW,KAUS,2,2026-10-06,12:51
AAL1168,KBOS,KDCA,2,2026-10-06,14:39
AAL1169,CYYZ,KDFW,6,2026-10-06,10:57
AAL117,KJFK,KLAX,7,2026-10-06,00:47
AAL1170,KCOS,KDFW,4,2026-10-06,22:49
AAL1170,KDFW,KCOS,6,2026-10-06,19:25
AAL1171,KJAX,KDFW,5,2026-10-06,11:04
AAL1171,KJAX,KLIT,1,2026-10-01,11:13
AAL1171,KLIT,KDFW,1,2026-10-01,15:16
AAL1172,KCLE,KDFW,7,2026-10-06,16:11
AAL1172,KDFW,KCLE,7,2026-10-06,12:38
AAL1173,KLAS,KMIA,4,2026-10-05,20:46
AAL1173,KMIA,KLAS,5,2026-10-04,14:11
AAL1173,KORD,KPIT,1,2026-10-06,23:53
AAL1174,KJFK,KMIA,7,2026-10-06,23:08
AAL1175,KLAS,KJFK,1,2026-10-06,21:18
AAL1176,KCLT,KRSW,7,2026-10-06,00:15
AAL1177,KDCA,KDFW,4,2026-10-04,18:12
AAL1177,KDFW,KDCA,4,2026-10-04,14:18
AAL1177,KDFW,KMKE,1,2026-10-06,03:13
AAL1178,KDCA,KMIA,7,2026-10-06,10:14
AAL1179,KORD,KSNA,6,2026-10-05,23:20
AAL118,KLAX,KJFK,7,2026-10-06,13:16
AAL1180,KAUS,KORD,1,2026-10-06,23:01
AAL1180,KLAS,KLAX,4,2026-10-04,21:41
AAL1180,KORD,KAUS,2,2026-10-06,19:37
AAL1181,KBNA,KDFW,5,2026-10-06,23:31
AAL1181,KDFW,KBNA,4,2026-10-04,19:30
AAL1182,KCHS,KPHL,5,2026-10-04,11:37
AAL1182,KORD,KABQ,1,2026-10-06,02:38
AAL1183,KBWI,KMIA,4,2026-10-06,10:16
AAL1184,KBOS,KMIA,7,2026-10-06,22:51
AAL1186,KJFK,KPHX,6,2026-10-06,13:13
AAL1187,KORD,KDCA,6,2026-10-06,00:40
AAL1187,KORD,KCLT,1,2026-10-05,00:52
AAL1188,KPHX,KPHL,1,2026-10-06,05:08
AAL1188,KSFO,KDFW,5,2026-10-04,16:36
AAL1189,KDCA,KORD,6,2026-10-06,21:27
AAL1190,KDFW,MMUN,3,2026-10-03,13:49
AAL1191,KLAS,KPHL,4,2026-10-06,07:23
AAL1192,MMUN,KCLT,2,2026-10-05,21:00
AAL1193,KABQ,KORD,2,2026-10-06,13:19
AAL1193,KPHL,KCHS,6,2026-10-05,02:07
AAL1194,KONT,KPHX,7,2026-10-06,13:24
AAL1195,KBUF,KORD,7,2026-10-06,12:16
AAL1196,KEWR,KMIA,5,2026-10-05,09:39
AAL1197,KDFW,KXNA,6,2026-10-06,01:38
AAL1198,KCLT,KMIA,5,2026-10-04,17:49
AAL1198,KLAS,KDFW,2,2026-10-06,18:45
AAL1199,KBNA,KDFW,2,2026-10-06,01:47
AAL1199,KDFW,KBNA,3,2026-10-06,23:12
AAL12,KLAX,KBOS,7,2026-10-06,14:48
AAL1200,KDCA,KORD,2,2026-10-06,14:43
AAL1200,KORD,KDCA,5,2026-10-04,16:01
AAL1201,KDFW,KVPS,3,2026-10-06,00:39
AAL1201,KONT,KDFW,2,2026-10-02,14:29
AAL1203,KBUF,KCLT,6,2026-10-06,17:03
AAL1203,KCLT,KBUF,7,2026-10-06,14:26
AAL1204,KBUF,KCLT,7,2026-10-06,10:38
AAL1205,KMCO,KLAX,2,2026-10-06,00:55
AAL1206,KDFW,KBOS,7,2026-10-06,14:03
AAL1207,KDFW,KTUS,6,2026-10-06,01:59
AAL1208,KBUR,KDFW,5,2026-10-06,19:50
AAL1208,KDFW,KBUR,7,2026-10-06,15:38
AAL1209,KBOS,KDFW,5,2026-10-04,12:43
AAL1209,KPHL,KCLE,2,2026-10-06,19:39
AAL120Q,KCMH,KCLT,1,2026-10-03,00:51
AAL1211,KDFW,KSDF,1,2026-10-06,23:59
AAL1211,KORF,KCLT,4,2026-10-04,19:05
AAL1212,KSAN,KPHX,7,2026-10-06,13:39
AAL1213,KBWI,KDFW,2,2026-10-06,00:50
AAL1214,KSLC,KDFW,7,2026-10-06,11:10
AAL1215,KDFW,MMPR,2,2026-10-06,15:54
AAL1215,MMPR,KDFW,2,2026-10-06,19:29
AAL1216,KBWI,KCLT,7,2026-10-06,14:45
AAL1216,KCLT,KBWI,7,2026-10-06,12:31
AAL1217,KRDU,KDFW,6,2026-10-06,12:12
AAL1218,KDCA,KPHX,7,2026-10-06,14:23
AAL1219,KABQ,KORD,2,2026-10-06,20:35
AAL1219,KDFW,KMIA,4,2026-10-04,14:32
AAL1219,KORD,KABQ,2,2026-10-06,17:01
AAL121G,KIAD,KBWI,1,2026-10-03,02:50
AAL121L,KBWI,KCLT,1,2026-10-03,03:26
AAL1220,KDJT,KDFW,6,2026-10-06,11:04
AAL1220,KDJT,KIAH,1,2026-10-01,11:17
AAL1220,KIAH,KDFW,1,2026-10-02,04:25
AAL1221,KCLT,KJFK,2,2026-10-06,17:47
AAL1221,KDCA,KORD,5,2026-10-04,19:07
AAL1222,KAUS,KJFK,1,2026-10-06,22:33
AAL1222,KFLL,KPHX,2,2026-10-05,22:11
AAL1222,KJFK,KAUS,2,2026-10-06,16:35
AAL1222,KPHX,KMIA,4,2026-10-04,23:12
AAL1223,KDFW,KFAT,6,2026-10-06,22:16
AAL1224,KORD,KBNA,6,2026-10-05,04:47
AAL1225,KORD,KDEN,5,2026-10-04,13:29
AAL1225,KTPA,KCLT,1,2026-10-06,10:11
AAL1226,KMIA,KDFW,6,2026-10-06,09:35
AAL1227,KMIA,KDFW,5,2026-10-04,12:41
AAL1227,KMIA,KAUS,2,2026-10-06,18:21
AAL1228,KMCO,KPHL,5,2026-10-04,11:16
AAL1229,KDEN,KORD,5,2026-10-04,14:26
AAL1229,KJFK,KCLT,2,2026-10-06,10:11
AAL1230,KCLE,KDFW,3,2026-10-06,00:33
AAL1230,KDFW,KCLE,6,2026-10-06,21:05
AAL1231,KABQ,KDFW,6,2026-10-06,11:47
AAL1232,KDFW,KPHX,5,2026-10-06,21:47
AAL1233,KMCO,KORD,1,2026-10-06,01:29
AAL1233,KORD,KMCO,1,2026-10-06,22:08
AAL1233,KSAT,KPHL,5,2026-10-04,12:24
AAL1234,KDFW,KMKE,6,2026-10-05,01:57
AAL1234,KPIT,KCLT,2,2026-10-06,10:58
AAL1235,KSYR,KCLT,6,2026-10-06,11:30
AAL1236,KCLT,KSYR,2,2026-10-06,01:03
AAL1238,KCLT,KRIC,1,2026-10-06,13:04
AAL1238,KEWR,KPHX,1,2026-10-03,23:41
AAL1238,KPHX,KONT,3,2026-10-06,04:58
AAL1238,KRIC,KCLT,1,2026-10-06,14:55
AAL1239,KBOS,KORD,6,2026-10-06,12:53
AAL1240,KDTW,KDFW,6,2026-10-06,10:09
AAL1240,KDTW,KIAH,1,2026-10-01,10:11
AAL1240,KIAH,KDFW,1,2026-10-01,15:55
AAL1241,KLAX,KDFW,3,2026-10-06,23:48
AAL1242,KORD,KPHX,1,2026-10-05,11:00
AAL1242,KPHX,KPHL,1,2026-10-06,07:15
AAL1242,KRIC,KORD,5,2026-10-04,12:38
AAL1243,KDFW,KSAN,7,2026-10-06,00:29
AAL1244,KCLE,KCLT,2,2026-10-06,23:45
AAL1244,KCLT,KCLE,6,2026-10-06,21:24
AAL1245,KPHX,KBOS,7,2026-10-06,16:40
AAL1246,KMIA,CYYZ,7,2026-10-06,00:35
AAL1247,KALB,KCLT,2,2026-10-06,10:34
AAL1247,KORD,KMCO,3,2026-10-05,20:45
AAL1248,KDFW,KJFK,7,2026-10-06,00:26
AAL1249,KLGA,KMIA,6,2026-10-05,10:09
AAL125,LEMD,KORD,7,2026-10-06,11:45
AAL1250,KORD,KMIA,7,2026-10-06,13:54
AAL1251,KDFW,KORD,5,2026-10-04,16:23
AAL1251,TJSJ,KMIA,1,2026-10-06,10:33
AAL1252,KORD,KMIA,1,2026-10-05,11:20
AAL1252,KPHL,KMIA,5,2026-10-06,10:12
AAL1253,KORD,KSFO,6,2026-10-06,20:53
AAL1254,KGSP,KDFW,7,2026-10-06,14:00
AAL1255,KORF,KCLT,1,2026-10-06,19:38
AAL1255,KPHX,KIND,3,2026-10-06,23:20
AAL1256,KCLT,KDFW,6,2026-10-05,02:20
AAL1258,KCLT,KSAT,6,2026-10-06,00:22
AAL1259,KBOS,KMIA,7,2026-10-06,11:55
AAL126,KORD,LEMD,7,2026-10-06,03:36
AAL1260,KBDL,KCLT,1,2026-10-05,21:33
AAL1260,KCLT,KBDL,1,2026-10-05,18:53
AAL1260,KRNO,KDFW,4,2026-10-04,17:10
AAL1261,KMCI,KDFW,6,2026-10-06,11:59
AAL1261,KMCI,KOKC,1,2026-10-01,11:56
AAL1261,KOKC,KDFW,1,2026-10-01,20:47
AAL1262,KPHL,MMUN,4,2026-10-06,12:48
AAL1263,KLGA,KORD,5,2026-10-04,11:09
AAL1263,KPHL,KLAS,1,2026-10-06,11:11
AAL1264,KORD,KLGA,4,2026-10-04,11:08
AAL1264,KORD,KDFW,2,2026-10-06,18:22
AAL1266,KDFW,KCVG,5,2026-10-06,02:14
AAL1267,KDFW,KRSW,7,2026-10-06,01:03
AAL1268,KDFW,KBOS,6,2026-10-05,00:29
AAL1268,KMCI,KPHL,1,2026-10-06,23:03
AAL1268,KPHL,KMCI,2,2026-10-06,17:40
AAL1269,KCLT,KDCA,7,2026-10-06,02:39
AAL1270,KBOS,KCLT,6,2026-10-05,17:50
AAL1271,KDFW,KCHA,7,2026-10-06,02:49
AAL1272,KMIA,KBDL,7,2026-10-06,00:53
AAL1273,KDFW,KRNO,7,2026-10-06,03:18
AAL1274,KCLT,KPHX,7,2026-10-06,22:49
AAL1275,KDFW,KLAX,6,2026-10-06,18:27
AAL1276,KATL,KDFW,7,2026-10-06,17:50
AAL1276,KDFW,KATL,7,2026-10-06,14:37
AAL1277,KDEN,KORD,7,2026-10-06,20:53
AAL1277,KORD,KDEN,7,2026-10-06,17:16
AAL1278,KBOS,KCLT,1,2026-10-06,19:52
AAL1278,KBWI,KCLT,1,2026-10-04,22:01
AAL1278,KCLT,KBWI,2,2026-10-05,22:08
AAL1279,KCMH,KDFW,7,2026-10-06,17:02
AAL1279,KDFW,KCMH,6,2026-10-06,12:51
AAL1280,KPHL,KBNA,7,2026-10-06,19:54
AAL1281,KIAH,KDFW,1,2026-10-01,18:01
AAL1281,KRSW,KDFW,6,2026-10-06,10:31
AAL1281,KRSW,KIAH,1,2026-10-01,11:50
AAL1282,KEWR,KPHX,7,2026-10-06,11:34
AAL1283,KBNA,KPHL,2,2026-10-06,16:31
AAL1283,KDEN,KCLT,5,2026-10-05,21:43
AAL1283,KPHL,KBNA,2,2026-10-06,14:02
AAL1284,KCLT,KDEN,1,2026-10-06,22:56
AAL1284,KMIA,KCLT,1,2026-10-02,05:37
AAL1285,KDFW,KORD,7,2026-10-06,18:30
AAL1286,KMIA,KRDU,7,2026-10-06,01:55
AAL1287,KDFW,KMIA,1,2026-10-05,21:18
AAL1287,KMIA,KDFW,4,2026-10-04,16:32
AAL1288,KDFW,MMPR,1,2026-10-05,18:30
AAL1288,KORD,KRIC,6,2026-10-05,01:24
AAL1288,MMPR,KDFW,1,2026-10-06,21:58
AAL1289,TXKF,KJFK,7,2026-10-06,14:25
AAL1290,KDFW,KORD,4,2026-10-06,22:13
AAL1291,KAUS,KLAX,4,2026-10-06,02:32
AAL1292,KDEN,KMIA,7,2026-10-06,06:09
AAL1292,KMIA,KDEN,7,2026-10-06,00:54
AAL1293,KORD,KPVD,7,2026-10-06,01:34
AAL1294,KCLT,KCLE,1,2026-10-04,14:15
AAL1294,KORD,KRDU,1,2026-10-06,23:28
AAL1294,KRDU,KORD,1,2026-10-06,01:52
AAL1295,KCLT,KBNA,6,2026-10-06,15:07
AAL1296,KIND,KDFW,5,2026-10-06,12:32
AAL1297,KMCI,KCLT,7,2026-10-06,11:34
AAL1299,KDCA,KMIA,7,2026-10-06,19:40
AAL1300,KMIA,MWCR,7,2026-10-06,14:43
AAL1301,MWCR,KMIA,7,2026-10-06,17:06
AAL1302,KCLT,KJAX,1,2026-10-06,03:31
AAL1303,KEWR,KDFW,7,2026-10-06,12:26
AAL1308,KPIT,KDFW,2,2026-10-06,12:07
AAL1308,KSTL,KPHL,3,2026-10-04,11:35
AAL1310,KDEN,KMIA,7,2026-10-06,18:49
AAL1310,KMIA,KDEN,2,2026-10-06,13:09
AAL1311,KCLT,KSAV,5,2026-10-04,19:51
AAL1311,KPHL,KPHX,1,2026-10-06,01:01
AAL1313,KBNA,KDFW,1,2026-10-06,23:37
AAL1313,KDFW,KBNA,2,2026-10-06,21:00
AAL1313,KPHL,KDEN,5,2026-10-04,13:38
AAL1314,KPHL,KAUS,6,2026-10-06,22:49
AAL1315,KDFW,KMCI,1,2026-10-03,17:09
AAL1315,KMCI,KDFW,1,2026-10-03,19:29
AAL1315,KORD,KJFK,1,2026-10-06,21:52
AAL1316,KDFW,KGSO,3,2026-10-06,00:26
AAL1317,KDEN,KORD,6,2026-10-06,00:26
AAL1317,KORD,KDEN,6,2026-10-06,21:05
AAL1318,KCLT,KBWI,5,2026-10-06,00:57
AAL1318,KCLT,KIAD,1,2026-10-03,00:17
AAL1318,KIAD,KBWI,1,2026-10-03,03:28
AAL132,KDFW,EIDW,4,2026-10-06,01:11
AAL1320,KBOI,KDFW,2,2026-10-06,20:05
AAL1320,KDFW,KBOI,2,2026-10-06,15:36
AAL1320,KPHL,KBNA,5,2026-10-04,13:41
AAL1321,KDFW,KABQ,6,2026-10-06,02:47
AAL1322,KDEN,KDFW,2,2026-10-06,00:59
AAL1322,KDFW,KDEN,4,2026-10-05,22:51
AAL1323,KCLT,KORF,7,2026-10-06,17:57
AAL1323,KORF,KCLT,1,2026-10-05,17:42
AAL1325,KLAX,KCLT,1,2026-10-06,05:06
AAL1325,KPHL,KATL,3,2026-10-04,15:09
AAL1327,KBWI,KMIA,1,2026-10-06,00:13
AAL1327,KEWR,KPHX,2,2026-10-05,21:56
AAL1327,KMIA,KBWI,2,2026-10-06,21:08
AAL1327,KPHX,KEWR,5,2026-10-04,15:38
AAL1328,KCHS,KPHL,2,2026-10-06,17:22
AAL1328,KCLT,KDEN,5,2026-10-04,12:53
AAL1328,KPHL,KCHS,2,2026-10-06,14:45
AAL1329,KDFW,KFAT,6,2026-10-06,18:18
AAL1329,KFAT,KDFW,6,2026-10-06,22:42
AAL133,EIDW,KDFW,5,2026-10-06,12:05
AAL1330,KCLT,KEWR,7,2026-10-06,20:57
AAL1330,KEWR,KCLT,2,2026-10-06,00:49
AAL1331,KPHX,KLAX,7,2026-10-06,00:17
AAL1332,KDEN,KPHX,2,2026-10-06,19:16
AAL1332,KPHX,KDEN,2,2026-10-06,15:58
AAL1333,KFLL,KPHL,7,2026-10-06,15:10
AAL1333,KPHL,KFLL,7,2026-10-06,11:24
AAL1334,KLGA,KDFW,1,2026-10-06,23:36
AAL1336,KDFW,KMCO,7,2026-10-06,02:04
AAL1337,KMIA,KCLT,2,2026-10-06,14:06
AAL1339,KORD,KGPI,1,2026-10-04,16:29
AAL1339,KPHL,KMSY,1,2026-10-06,02:04
AAL134,KLAX,EGLL,7,2026-10-06,23:44
AAL1340,KMEM,KMIA,7,2026-10-06,10:42
AAL1341,KMIA,TJSJ,2,2026-10-04,12:38
AAL1341,TJSJ,KMIA,7,2026-10-06,16:15
AAL1342,KBNA,KMIA,6,2026-10-06,10:32
AAL1347,KIAH,KMIA,5,2026-10-06,16:16
AAL1347,KMIA,KIAH,4,2026-10-04,15:34
AAL1348,KBOS,KCLT,2,2026-10-06,13:15
AAL1348,KDFW,KCMH,2,2026-10-05,03:45
AAL1349,KORD,KLAX,1,2026-10-06,20:37
AAL1349,KSDF,KCLT,5,2026-10-04,10:28
AAL135,EGLL,KLAX,7,2026-10-06,07:44
AAL1351,KCLE,KDFW,2,2026-10-06,19:34
AAL1351,KDFW,KCLE,2,2026-10-06,16:02
AAL1351,KMSN,KPHX,4,2026-10-04,20:02
AAL1352,KABQ,KPHX,5,2026-10-04,18:02
AAL1352,KCLE,KLAX,1,2026-10-06,22:42
AAL1352,KLAX,KCLE,2,2026-10-06,17:34
AAL1352,KPHX,KABQ,5,2026-10-04,16:10
AAL1353,KMIA,MROC,5,2026-10-05,23:25
AAL1353,KORD,KLAS,1,2026-10-06,23:25
AAL1354,KCLT,KMEM,2,2026-10-06,14:42
AAL1354,KDFW,KLAX,1,2026-10-02,03:07
AAL1354,KMEM,KCLT,2,2026-10-06,20:04
AAL1354,KPHX,KDFW,1,2026-10-03,19:21
AAL1355,KDFW,KOKC,1,2026-10-06,02:17
AAL1355,KPHL,KMCI,2,2026-10-03,23:18
AAL1356,KLAS,KJFK,7,2026-10-06,06:10
AAL1357,KMIA,KJFK,6,2026-10-05,00:23
AAL1358,KSJC,KPHX,7,2026-10-06,13:05
AAL1359,KCLE,KCLT,1,2026-10-04,08:58
AAL1359,KCLT,KSDF,4,2026-10-03,20:25
AAL136,KLAX,EGLL,7,2026-10-06,01:24
AAL1360,KCMH,KLAX,1,2026-10-06,23:16
AAL1360,KLAX,KCMH,2,2026-10-06,18:06
AAL1360,KLAX,KORD,1,2026-10-06,06:04
AAL1360,KORD,KDFW,5,2026-10-04,12:37
AAL1360,KORD,KMIA,1,2026-10-06,11:22
AAL1361,KRNO,KDFW,7,2026-10-06,13:12
AAL1362,KLAX,KPHX,1,2026-10-06,02:06
AAL1362,KPHX,KLAX,5,2026-10-04,21:26
AAL1363,KDFW,KSTL,5,2026-10-05,18:22
AAL1363,KSTL,KDFW,4,2026-10-05,21:27
AAL1364,KCLT,KFLL,1,2026-10-05,22:36
AAL1364,KDFW,KMIA,2,2026-10-06,20:05
AAL1364,KFLL,KCLT,1,2026-10-05,01:15
AAL1366,KDFW,KBOS,2,2026-10-06,02:10
AAL1367,KBDL,KDFW,3,2026-10-06,23:07
AAL1367,KDFW,KBDL,6,2026-10-05,18:40
AAL1367,KDFW,KSTL,1,2026-10-06,20:33
AAL1368,KATL,KMIA,5,2026-10-05,23:24
AAL1368,KMIA,KATL,7,2026-10-06,20:29
AAL1369,KMSY,KDFW,1,2026-10-01,16:10
AAL1369,KTPA,KDFW,5,2026-10-06,11:06
AAL1369,KTPA,KMSY,1,2026-10-01,11:19
AAL137,EGLL,KLAX,6,2026-10-06,16:23
AAL1370,KPHX,KBNA,6,2026-10-06,16:23
AAL1371,KDFW,KDSM,7,2026-10-06,02:39
AAL1372,KCLT,KMEM,6,2026-10-06,02:30
AAL1373,KDFW,KFLL,7,2026-10-06,18:15
AAL1373,KFLL,KDFW,7,2026-10-06,22:02
AAL1374,MMMX,KDFW,7,2026-10-06,13:38
AAL1375,KDFW,KLGA,7,2026-10-06,00:47
AAL1376,KDFW,KMCI,4,2026-10-04,16:36
AAL1376,KMCI,KDFW,5,2026-10-06,18:24
AAL1378,KLAS,KDFW,2,2026-10-05,07:08
AAL1379,KDFW,KORF,6,2026-10-06,01:18
AAL1380,KLAS,KDFW,2,2026-10-06,00:24
AAL1381,KDFW,KGEG,7,2026-10-06,15:45
AAL1381,KGEG,KDFW,6,2026-10-06,20:20
AAL1382,KSNA,KDFW,5,2026-10-06,14:03
AAL1384,KCLT,KGRR,7,2026-10-06,16:31
AAL1384,KGRR,KCLT,7,2026-10-06,19:08
AAL1386,KDFW,KIAH,4,2026-10-04,01:02
AAL1386,KJFK,KMIA,1,2026-10-06,21:33
AAL1387,KORD,KDEN,7,2026-10-06,00:03
AAL1389,KMIA,KLGA,6,2026-10-06,01:19
AAL1390,KDFW,KFLL,7,2026-10-06,16:09
AAL1390,KFLL,KDFW,6,2026-10-06,19:45
AAL1391,KDFW,KSAT,1,2026-10-01,22:45
AAL1391,KPHX,KSAT,3,2026-10-04,15:53
AAL1391,KPHX,KDFW,1,2026-10-01,16:14
AAL1392,KDFW,KIAH,7,2026-10-06,00:46
AAL1393,KCLT,KDSM,1,2026-10-06,03:04
AAL1393,KORD,KPHL,3,2026-10-03,21:54
AAL1394,KDCA,KDJT,7,2026-10-06,12:50
AAL1394,KDJT,KDCA,7,2026-10-06,15:55
AAL1395,KMSP,KDFW,6,2026-10-06,11:13
AAL1395,KMSP,KOKC,1,2026-10-01,11:20
AAL1395,KOKC,KDFW,1,2026-10-01,15:47
AAL1396,KBNA,KDFW,6,2026-10-06,18:34
AAL1396,KDFW,KBNA,6,2026-10-06,15:41
AAL1397,KDFW,KIAH,5,2026-10-05,17:36
AAL1397,KIAH,KDFW,4,2026-10-05,19:23
AAL1398,KMIA,KCLT,5,2026-10-04,14:13
AAL1398,KPHL,KSEA,1,2026-10-06,22:17
AAL1399,KCLT,KIND,3,2026-10-04,21:46
AAL1399,KCMH,KPHX,1,2026-10-06,02:23
AAL1399,KPHX,KCMH,2,2026-10-06,16:45
AAL1400,KMIA,KATL,6,2026-10-05,02:36
AAL1400,KSFO,KMIA,1,2026-10-06,05:04
AAL1401,KBOS,KDFW,3,2026-10-06,23:12
AAL1401,KDFW,KBOS,5,2026-10-04,18:48
AAL1402,KCLT,KPIT,1,2026-10-06,14:51
AAL1402,KPIT,KCLT,1,2026-10-06,17:05
AAL1402,KTPA,KPHX,4,2026-10-06,22:17
AAL1403,KBWI,KDFW,6,2026-10-06,11:46
AAL1404,KDEN,KPHX,7,2026-10-06,13:38
AAL1405,KAUS,KJFK,5,2026-10-05,22:23
AAL1405,KCMH,KPHL,1,2026-10-06,23:17
AAL1405,KPHL,KCMH,2,2026-10-06,21:41
AAL1406,KDFW,KSAT,5,2026-10-06,02:15
AAL1407,KDFW,KIAH,5,2026-10-04,14:43
AAL1407,KIAH,KDFW,5,2026-10-04,17:52
AAL1407,KLAX,KPHL,2,2026-10-06,17:42
AAL1408,KBDL,KORD,5,2026-10-04,17:17
AAL1408,KDFW,KLBB,1,2026-10-06,05:28
AAL1408,KORD,KBDL,5,2026-10-04,13:54
AAL1409,KORD,KCLT,7,2026-10-06,18:39
AAL141,EGLL,KJFK,6,2026-10-06,17:31
AAL1410,KCLT,KIND,5,2026-10-04,12:27
AAL1410,KCLT,KDEN,2,2026-10-06,13:22
AAL1410,KDEN,KCLT,2,2026-10-06,19:50
AAL1411,KBGR,KCLT,2,2026-10-06,19:39
AAL1411,KCLT,KBGR,7,2026-10-06,18:13
AAL1412,KONT,KDFW,7,2026-10-06,13:13
AAL1413,KDFW,KIND,5,2026-10-06,22:05
AAL1413,KIND,KDFW,2,2026-10-06,02:17
AAL1414,KDCA,KDFW,5,2026-10-05,21:23
AAL1414,KDFW,KDCA,6,2026-10-06,17:19
AAL1415,CYVR,KDFW,5,2026-10-06,19:26
AAL1415,KDFW,CYVR,6,2026-10-06,14:10
AAL1416,KPHL,KBOS,7,2026-10-06,14:58
AAL1417,KCLT,KMYR,1,2026-10-06,00:18
AAL1417,KMYR,KCLT,1,2026-10-03,23:56
AAL1418,KBOS,KMIA,7,2026-10-06,10:08
AAL1419,KCLT,KFLL,5,2026-10-04,12:30
AAL1419,KDFW,KDJT,2,2026-10-06,15:22
AAL1419,KDJT,KDFW,2,2026-10-06,18:52
AAL142,KJFK,EGLL,7,2026-10-06,13:53
AAL1421,KBOS,KDCA,4,2026-10-05,22:44
AAL1421,KDJT,KPHL,2,2026-10-06,17:53
AAL1421,KPHL,KDJT,2,2026-10-06,14:34
AAL1422,KDFW,KCHS,7,2026-10-06,01:20
AAL1423,KDCA,KPWM,5,2026-10-04,18:48
AAL1423,KPWM,KDCA,6,2026-10-06,21:20
AAL1424,KDTW,KPHX,1,2026-10-06,21:51
AAL1424,KORD,KFLL,5,2026-10-04,12:01
AAL1424,KPHX,KDTW,2,2026-10-06,16:58
AAL1425,KDFW,KBDL,2,2026-10-06,00:08
AAL1426,KCLT,KMSN,7,2026-10-06,00:45
AAL1427,KLGA,KORD,5,2026-10-04,10:14
AAL1427,KMIA,KAUS,1,2026-10-06,01:04
AAL1428,KATL,KPHL,7,2026-10-06,11:49
AAL1429,KDFW,KFLL,2,2026-10-06,12:16
AAL1429,KFLL,KDFW,7,2026-10-06,16:19
AAL143,KLAX,PHNL,1,2026-10-06,23:39
AAL1430,KDFW,KSFO,7,2026-10-06,00:29
AAL1431,KMIA,KORD,2,2026-10-06,12:51
AAL1431,KORD,KMIA,4,2026-10-04,20:12
AAL1433,KLAX,KORD,7,2026-10-06,01:31
AAL1434,KDFW,KDCA,2,2026-10-06,10:12
AAL1435,KCHS,KDFW,7,2026-10-06,11:12
AAL1436,KIND,KPHL,1,2026-09-30,15:25
AAL1436,KPHL,KIND,1,2026-09-30,13:07
AAL1436,KPHL,KPWM,1,2026-10-05,15:03
AAL1436,KTPA,KPHX,1,2026-10-06,10:12
AAL1437,KPHX,KRNO,7,2026-10-06,17:26
AAL1437,KRNO,KPHX,7,2026-10-06,20:11
AAL1438,KBOS,KDFW,5,2026-10-04,17:29
AAL1438,KDFW,KBOS,5,2026-10-06,12:32
AAL1439,KDTW,KCLT,7,2026-10-06,11:32
AAL144,PHNL,KLAX,4,2026-10-04,06:55
AAL1441,KPHL,KRDU,4,2026-10-04,19:43
AAL1441,KRDU,KPHL,6,2026-10-06,21:56
AAL1442,KBOS,KDFW,7,2026-10-06,18:48
AAL1443,KCLT,KDTW,1,2026-10-05,22:31
AAL1443,KDTW,KCLT,1,2026-10-06,00:35
AAL1443,KFLL,KORD,5,2026-10-04,17:34
AAL1444,KJFK,KCLT,7,2026-10-06,12:09
AAL1445,KDFW,KSTL,6,2026-10-06,04:40
AAL1446,KCLE,KCLT,4,2026-10-03,13:51
AAL1446,KCLT,KBDL,1,2026-10-04,18:54
AAL1446,KEWR,KMIA,1,2026-10-06,23:24
AAL1446,KMIA,KEWR,2,2026-10-06,19:34
AAL1448,KJAC,KORD,3,2026-10-05,22:41
AAL1448,KORD,KMDT,1,2026-10-06,01:46
AAL1449,KJAC,KORD,4,2026-10-06,22:33
AAL1450,KDFW,KIND,5,2026-10-06,19:41
AAL1451,KCLT,KFLL,1,2026-10-05,11:29
AAL1451,KFLL,KCLT,1,2026-10-05,14:17
AAL1451,KLAX,KPHL,4,2026-10-04,13:26
AAL1452,KCLT,KSRQ,5,2026-10-04,14:36
AAL1452,KMSP,KPHL,2,2026-10-06,11:17
AAL1452,KSRQ,KCLT,5,2026-10-04,17:15
AAL1453,KCLT,KSAV,1,2026-10-06,16:49
AAL1453,KIND,KPHX,2,2026-10-05,22:57
AAL1454,KDFW,KMIA,5,2026-10-04,15:57
AAL1454,KMIA,KDFW,2,2026-10-06,11:24
AAL1455,KDFW,KMSY,7,2026-10-06,03:24
AAL1456,KDFW,KSLC,6,2026-10-06,19:54
AAL1456,KSLC,KDFW,6,2026-10-06,23:27
AAL1458,KDFW,KOKC,6,2026-10-06,02:08
AAL1459,KORD,KDFW,5,2026-10-04,14:59
AAL1460,KDFW,KJAX,2,2026-10-05,22:06
AAL1460,KDFW,KSAV,1,2026-10-04,22:15
AAL1460,KJAX,KDFW,2,2026-10-06,01:04
AAL1460,KSAV,KJAX,1,2026-10-04,02:11
AAL1461,KBOS,KLGA,4,2026-10-04,16:23
AAL1461,KFLL,KORD,2,2026-10-06,17:24
AAL1461,KORD,KFLL,2,2026-10-06,13:45
AAL1462,KDFW,KDEN,1,2026-10-04,17:27
AAL1462,KJAX,KCLT,5,2026-10-05,19:10
AAL1463,KJAX,KDCA,6,2026-10-06,00:15
AAL1464,KCLT,KJAX,1,2026-10-06,21:51
AAL1464,KJAX,KCLT,1,2026-10-06,00:22
AAL1464,KMIA,KORD,4,2026-10-03,09:22
AAL1465,KCLT,KFLL,2,2026-10-06,22:05
AAL1465,KFLL,KPHL,4,2026-10-04,20:50
AAL1465,KFLL,KCLT,1,2026-10-06,00:38
AAL1465,KPHL,KFLL,4,2026-10-04,16:16
AAL1466,KCLT,KJAX,1,2026-10-04,13:04
AAL1466,KJAX,KCLT,2,2026-10-06,15:23
AAL1467,KPHL,KBTV,1,2026-10-06,02:20
AAL1467,KSAN,KDFW,5,2026-10-04,19:31
AAL1468,KMIA,KSAT,7,2026-10-06,00:31
AAL1470,KMSY,KDFW,6,2026-10-06,13:17
AAL1471,KSEA,KMIA,5,2026-10-06,04:30
AAL1472,KDFW,KJAX,1,2026-10-02,18:56
AAL1472,KJAX,KDFW,5,2026-10-06,21:47
AAL1473,KJFK,KLAS,7,2026-10-06,12:09
AAL1474,KFLL,KCLT,6,2026-10-05,10:10
AAL1475,KORD,KLAS,6,2026-10-06,19:05
AAL1476,KORD,KSEA,7,2026-10-06,17:30
AAL1476,KSEA,KORD,6,2026-10-06,23:44
AAL1478,KFLL,KPHL,2,2026-10-06,20:33
AAL1478,KIAH,KCLT,5,2026-10-04,20:55
AAL1478,KPHL,KFLL,2,2026-10-06,16:47
AAL1479,KBOS,KORD,4,2026-10-04,21:24
AAL1479,KORD,KBOS,7,2026-10-06,18:04
AAL148,KSFO,KJFK,7,2026-10-06,22:38
AAL1480,KMCI,KPHL,7,2026-10-06,17:56
AAL1480,KPHL,KMCI,5,2026-10-04,14:17
AAL1481,KMSP,KPHL,4,2026-10-04,11:11
AAL1482,KDFW,KLAS,7,2026-10-06,16:40
AAL1482,KLAS,KDFW,6,2026-10-06,20:18
AAL1483,KDFW,KSEA,7,2026-10-06,23:24
AAL1484,KCLT,KFLL,2,2026-10-06,17:09
AAL1484,KDFW,KCLE,6,2026-10-05,00:06
AAL1484,KFLL,KCLT,2,2026-10-06,19:47
AAL1485,KROC,KCLT,7,2026-10-06,11:23
AAL1486,KBUF,KCLT,2,2026-10-06,02:11
AAL1486,KCLT,KBUF,2,2026-10-06,23:44
AAL1487,KDFW,KSEA,1,2026-10-05,03:15
AAL1489,KBOS,KLGA,2,2026-10-06,16:36
AAL1489,KCLT,KSFO,5,2026-10-04,17:22
AAL149,KJFK,KSFO,7,2026-10-06,15:18
AAL1490,KLAS,KMIA,2,2026-10-06,18:55
AAL1490,KMIA,KLAS,7,2026-10-06,12:39
AAL1492,KCMH,KDFW,6,2026-10-06,20:59
AAL1492,KDFW,KCMH,7,2026-10-06,16:20
AAL1494,KDCA,KDFW,2,2026-10-06,14:08
AAL1494,KDFW,KLAS,5,2026-10-04,15:11
AAL1494,KLAS,KDFW,4,2026-10-04,18:59
AAL1495,KSBA,KPHX,7,2026-10-06,13:18
AAL1496,KMCO,KLAX,1,2026-10-06,01:48
AAL1496,KORD,KIAH,5,2026-10-05,22:55
AAL1497,KDFW,KFLL,2,2026-10-06,16:51
AAL1497,KFLL,KDFW,2,2026-10-06,20:33
AAL1497,KLAS,KORD,3,2026-10-04,20:18
AAL1497,KORD,KLAS,5,2026-10-04,15:26
AAL1498,MMMX,KMIA,6,2026-10-06,11:47
AAL1499,KCLT,KLAX,7,2026-10-06,20:54
AAL15,KJFK,KSFO,7,2026-10-06,21:14
AAL150,KORD,LFPG,7,2026-10-06,03:46
AAL1500,KDFW,KBNA,6,2026-10-06,03:11
AAL1501,KBZN,KORD,7,2026-10-06,19:59
AAL1501,KORD,KBZN,2,2026-10-06,15:16
AAL1502,KCLT,KLAX,6,2026-10-06,18:50
AAL1503,KORD,MMUN,1,2026-10-06,13:20
AAL1504,KDFW,KLAX,7,2026-10-06,21:55
AAL1504,KLAX,KDFW,4,2026-10-05,01:51
AAL1505,KFLL,KPHX,1,2026-10-06,21:59
AAL1505,KPHX,KLAS,6,2026-10-05,00:28
AAL1505,KPHX,KFLL,2,2026-10-06,19:56
AAL1506,KDFW,KIND,7,2026-10-06,12:30
AAL1506,KIND,KDFW,7,2026-10-06,15:26
AAL1507,KDFW,KPHX,2,2026-10-06,19:09
AAL1509,KBOS,KORD,7,2026-10-06,11:07
AAL151,LFPG,KORD,6,2026-10-06,13:18
AAL1510,KORD,KRDU,1,2026-10-06,02:31
AAL1511,KDFW,KSAN,6,2026-10-05,02:26
AAL1511,KSDF,KCLT,2,2026-10-06,10:26
AAL1513,KDFW,KBFL,1,2026-10-06,23:56
AAL1515,KSTL,KCLT,7,2026-10-06,11:51
AAL1517,KGRR,KCLT,2,2026-10-06,10:45
AAL1517,KIAH,KORD,5,2026-10-04,14:15
AAL1518,KDCA,KCLT,6,2026-10-06,13:01
AAL1519,KAUS,KPHL,1,2026-09-30,19:48
AAL1520,KLAS,KORD,1,2026-10-06,01:27
AAL1520,KPVD,KPHL,5,2026-10-04,10:14
AAL1521,KDCA,KCLT,6,2026-10-06,10:23
AAL1521,KSRQ,KCLT,1,2026-10-05,10:13
AAL1522,KLAX,KLAS,5,2026-10-06,04:59
AAL1523,KDEN,KDFW,7,2026-10-06,15:26
AAL1523,KDFW,KDEN,7,2026-10-06,12:20
AAL1524,KPHL,KSFO,7,2026-10-06,12:32
AAL1525,KLAS,KDCA,5,2026-10-05,19:22
AAL1526,KCHS,KPHL,3,2026-10-04,15:54
AAL1526,KIAH,KPHL,1,2026-10-06,21:35
AAL1526,KPHL,KCHS,3,2026-10-04,13:07
AAL1526,KPHL,KIAH,1,2026-10-05,17:10
AAL1528,KLAX,KPHL,5,2026-10-04,15:19
AAL1528,KPHL,KSFO,1,2026-10-06,20:02
AAL1529,KPHL,KLAS,7,2026-10-06,21:04
AAL1530,KLGA,KMIA,7,2026-10-06,11:11
AAL1531,KBWI,KCLT,5,2026-10-04,19:12
AAL1531,KCLT,KILM,1,2026-10-05,18:11
AAL1531,KILM,KCLT,1,2026-10-05,19:46
AAL1533,KCLT,KCVG,4,2026-10-03,15:40
AAL1533,KCVG,KCLT,4,2026-10-03,17:22
AAL1533,KMIA,KDCA,1,2026-10-06,23:49
AAL1534,KLGA,KORD,7,2026-10-06,18:40
AAL1535,KBOS,KDCA,3,2026-10-02,10:08
AAL1535,KDFW,KLGA,2,2026-10-06,18:38
AAL1535,KLBB,KDFW,1,2026-10-04,22:20
AAL1536,KCLT,KIND,1,2026-10-06,00:28
AAL1536,KIND,KCLT,1,2026-10-06,02:54
AAL1536,KPWM,KPHL,5,2026-10-04,11:38
AAL1537,KPHX,KSJC,3,2026-10-06,03:58
AAL1538,KPDX,KDFW,1,2026-10-05,14:38
AAL1539,KLAS,KMIA,6,2026-10-05,05:35
AAL153G,KMCO,KPHL,1,2026-10-05,02:53
AAL153L,KPHL,KMCO,1,2026-10-05,11:58
AAL1540,KBOS,KPHL,7,2026-10-06,10:14
AAL1541,KLAS,KPHX,6,2026-10-05,23:57
AAL1541,KPHX,KLAS,2,2026-10-06,22:16
AAL1542,KPHX,KDCA,7,2026-10-06,06:42
AAL1543,KORD,KSAN,7,2026-10-06,21:08
AAL1544,KSMF,KDFW,7,2026-10-06,12:55
AAL1545,KCLT,KLAS,2,2026-10-05,11:38
AAL1545,KLAS,KCLT,2,2026-10-05,18:02
AAL1547,KDFW,MMUN,4,2026-10-06,16:34
AAL1548,KDFW,KPHX,4,2026-10-04,20:01
AAL1548,KPHX,KDFW,1,2026-10-06,22:35
AAL1550,KDFW,KLAS,5,2026-10-04,14:31
AAL1550,KDFW,KDCA,2,2026-10-06,16:00
AAL1551,KMIA,KMEM,6,2026-10-06,01:42
AAL1552,KCOS,KDFW,7,2026-10-06,16:36
AAL1552,KDFW,KCOS,7,2026-10-06,13:45
AAL1554,KCLE,KDFW,4,2026-10-04,22:02
AAL1554,KJAX,KCLT,2,2026-10-06,14:41
AAL1555,KCLT,KDFW,1,2026-10-05,21:16
AAL1555,KORD,KDFW,5,2026-10-04,13:35
AAL1556,KCVG,KCLT,1,2026-10-04,22:20
AAL1556,KDCA,KMIA,2,2026-10-06,18:19
AAL1557,KBOS,KCLT,5,2026-10-04,15:47
AAL1558,SPJC,KMIA,7,2026-10-06,11:45
AAL1559,KORD,KDFW,6,2026-10-05,23:55
AAL1559,KPHX,KTUS,2,2026-10-06,16:57
AAL1559,KTUS,KPHX,2,2026-10-06,18:07
AAL155G,KCLT,KROC,1,2026-10-06,15:56
AAL1560,KSBP,KPHX,7,2026-10-06,13:13
AAL1561,KGRR,KDFW,7,2026-10-06,11:03
AAL1562,KCLE,KCLT,4,2026-10-04,20:49
AAL1562,KCLT,KCLE,2,2026-10-05,20:20
AAL1563,KBOS,KORD,5,2026-10-04,19:12
AAL1563,KMCO,KLGA,2,2026-10-06,15:51
AAL1564,KLAS,KORD,1,2026-10-06,21:15
AAL1564,KORD,KMCO,5,2026-10-04,12:16
AAL1564,KORD,KLAS,2,2026-10-06,16:21
AAL1565,KCMH,KPHX,1,2026-10-02,22:42
AAL1565,KLAS,KPHX,1,2026-10-06,02:49
AAL1565,KPHX,KLAS,1,2026-10-06,00:34
AAL1566,KMIA,KRDU,5,2026-10-06,00:12
AAL1567,KATL,KDFW,7,2026-10-06,12:39
AAL1568,KAUS,KORD,5,2026-10-05,23:46
AAL1568,KLAS,KPHX,2,2026-10-06,19:43
AAL1568,KPHX,KLAS,2,2026-10-06,17:36
AAL1569,KCLT,KPVD,5,2026-10-04,12:35
AAL1569,KPVD,KCLT,7,2026-10-06,15:20
AAL1570,KCLT,KCHS,4,2026-10-04,23:03
AAL1570,KORD,KRIC,2,2026-10-06,13:13
AAL1570,KRIC,KORD,2,2026-10-06,15:53
AAL1571,KLGA,KBOS,6,2026-10-06,15:58
AAL1573,KDFW,KLAS,3,2026-10-04,22:06
AAL1573,KDFW,KORD,1,2026-10-06,23:42
AAL1574,KMCO,KPHL,5,2026-10-04,16:39
AAL1574,KRDU,KMIA,2,2026-10-06,10:21
AAL1575,KEWR,KCLT,7,2026-10-06,11:50
AAL1576,KCLT,KMCO,6,2026-10-05,15:08
AAL1576,KMCO,KCLT,6,2026-10-05,17:49
AAL1577,KMIA,KCLT,6,2026-10-06,23:21
AAL1578,KBOS,KLAX,6,2026-10-05,21:23
AAL1578,KONT,KDFW,2,2026-10-06,14:08
AAL158,KMIA,MMUN,5,2026-10-06,19:22
AAL1580,KDFW,KTUS,6,2026-10-06,04:25
AAL1581,KCLT,KDCA,6,2026-10-06,12:20
AAL1582,KDFW,KSAT,2,2026-10-06,17:29
AAL1582,KMCI,KDFW,5,2026-10-04,14:20
AAL1582,KSAT,KDFW,2,2026-10-06,19:23
AAL1583,KDFW,KPIT,6,2026-10-06,12:16
AAL1583,KPIT,KDFW,6,2026-10-06,15:59
AAL1584,KDFW,KLAS,2,2026-10-06,14:39
AAL1584,KLAS,KDFW,7,2026-10-06,18:05
AAL1585,KMSY,KCLT,1,2026-10-06,12:38
AAL1585,KPVD,KCLT,5,2026-10-04,11:24
AAL1585,KPVD,KPHL,1,2026-10-05,11:56
AAL1586,KCHS,KCLT,6,2026-10-05,00:36
AAL1586,KMIA,KJFK,1,2026-10-06,00:24
AAL1587,KPHX,KJFK,7,2026-10-06,05:22
AAL1588,KDFW,KAUS,5,2026-10-06,04:28
AAL1589,KCLT,KIND,7,2026-10-06,17:26
AAL1589,KIND,KCLT,7,2026-10-06,19:38
AAL1590,KCLE,KDFW,4,2026-10-04,10:23
AAL1590,KCLE,KOKC,1,2026-10-01,10:14
AAL1590,KIAH,KCLT,1,2026-10-05,15:39
AAL1590,KOKC,KDFW,1,2026-10-01,15:07
AAL1591,KIAD,KCLT,1,2026-10-05,09:38
AAL1591,KMSY,KMIA,1,2026-10-06,17:44
AAL1591,KPHX,KCLT,6,2026-10-05,21:25
AAL1592,KLAS,KORD,2,2026-10-06,17:21
AAL1592,KMCO,KCLT,1,2026-10-04,16:58
AAL1592,KORD,KLAS,2,2026-10-06,12:00
AAL1593,KIAD,KCLT,2,2026-10-06,10:41
AAL1593,KMIA,MROC,5,2026-10-04,15:47
AAL1594,KMIA,KSTL,7,2026-10-06,02:05
AAL1595,KMIA,KDCA,7,2026-10-06,16:19
AAL1596,KLAX,KCLT,4,2026-10-03,20:59
AAL1597,KLGA,KDFW,6,2026-10-06,10:24
AAL1598,KLAX,KORD,7,2026-10-06,15:11
AAL1599,KDFW,KSAT,2,2026-10-06,04:16
AAL16,KSFO,KJFK,7,2026-10-06,18:38
AAL160,KORD,LGAV,6,2026-10-06,22:32
AAL1600,KEWR,KORD,2,2026-10-06,11:30
AAL1600,MROC,KMIA,1,2026-09-30,21:49
AAL1602,KDFW,KBOS,2,2026-10-06,18:08
AAL1604,KSAT,KMIA,7,2026-10-06,10:25
AAL1605,KMCO,KPHX,7,2026-10-06,11:58
AAL1606,KDFW,KMCO,2,2026-10-06,16:21
AAL1606,KMCO,KDFW,6,2026-10-06,19:31
AAL1608,KLGA,KDFW,5,2026-10-06,20:55
AAL1609,KDFW,KLGA,7,2026-10-06,12:49
AAL1609,KLGA,KDFW,4,2026-10-04,17:16
AAL161,LGAV,KORD,7,2026-10-06,08:23
AAL1610,KMCO,KMIA,6,2026-10-06,00:00
AAL1610,KMIA,KMCO,7,2026-10-06,21:39
AAL1611,KCLT,KMCO,6,2026-10-06,19:21
AAL1611,KCLT,KJAX,1,2026-10-03,18:24
AAL1611,KJAX,KMCO,1,2026-10-03,21:00
AAL1611,KMCO,KCLT,3,2026-10-06,21:46
AAL1612,KDCA,KMIA,5,2026-10-04,17:55
AAL1612,KMIA,KDCA,7,2026-10-06,14:18
AAL1613,KLAS,KPHX,2,2026-10-06,21:01
AAL1613,KMIA,TJSJ,2,2026-10-04,16:37
AAL1613,KPHX,KLAS,2,2026-10-06,18:59
AAL1614,KLAS,KPHL,2,2026-10-06,19:12
AAL1614,KMCO,KDCA,3,2026-10-05,22:22
AAL1615,KDFW,KMCO,4,2026-10-04,17:48
AAL1615,KMCO,KDFW,1,2026-10-06,21:45
AAL1616,KCLT,KMCI,2,2026-10-06,16:48
AAL1616,KMCI,KCLT,7,2026-10-06,16:05
AAL1617,KCLT,KPHX,1,2026-10-06,00:39
AAL1617,KPHX,KCLT,5,2026-10-04,19:42
AAL1618,KDFW,KDCA,5,2026-10-04,10:10
AAL1618,KDFW,KORD,2,2026-10-06,18:17
AAL1619,KCLT,KMCI,2,2026-10-06,13:11
AAL1619,KMCI,KCLT,7,2026-10-06,19:55
AAL162,PHNL,KLAX,4,2026-10-06,00:08
AAL1620,KDFW,KORD,5,2026-10-05,03:04
AAL1620,KPHX,KDCA,2,2026-10-06,16:32
AAL1621,KPHL,KSAN,5,2026-10-06,12:46
AAL1622,KLAS,KMIA,1,2026-10-06,07:20
AAL1622,KMIA,KLAS,1,2026-10-06,01:07
AAL1622,KPHX,KMCI,4,2026-10-04,16:59
AAL1623,KDCA,KDFW,7,2026-10-06,16:23
AAL1623,KDFW,KDCA,5,2026-10-04,12:36
AAL1624,KDCA,KDFW,6,2026-10-06,19:34
AAL1625,KPDX,KPHX,3,2026-10-06,01:17
AAL1625,KPHX,KPDX,5,2026-10-06,23:01
AAL1626,KCLT,KOKC,6,2026-10-05,15:29
AAL1626,KOKC,KCLT,6,2026-10-05,19:13
AAL1627,KDCA,KMIA,7,2026-10-06,15:58
AAL1628,KDFW,KMCO,2,2026-10-06,19:43
AAL1628,KTPA,KDFW,5,2026-10-04,13:14
AAL1629,KBOS,KLGA,4,2026-10-04,18:23
AAL1629,KCLT,KMCI,2,2026-10-06,21:28
AAL1629,KMCI,KCLT,1,2026-10-06,00:21
AAL1630,KCLT,KDFW,1,2026-10-06,23:51
AAL1630,KMCI,KCLT,1,2026-10-04,10:06
AAL1630,KMCO,KMIA,1,2026-09-30,17:21
AAL1631,KSAT,KDFW,6,2026-10-06,15:12
AAL1632,KORD,CYYC,4,2026-10-04,02:17
AAL1632,KORD,KLGA,2,2026-10-06,20:22
AAL1633,CYYC,KORD,5,2026-10-04,13:22
AAL1634,KMCO,KPHL,2,2026-10-06,14:50
AAL1634,KPHL,KMCO,7,2026-10-06,11:28
AAL1635,KMCI,KPHX,2,2026-10-06,19:46
AAL1635,KMCO,KMIA,5,2026-10-04,21:11
AAL1635,KMIA,KMCO,5,2026-10-04,18:23
AAL1635,KPHX,KMCI,2,2026-10-06,16:17
AAL1636,KDFW,KPDX,1,2026-10-06,02:50
AAL1636,KMEM,KCLT,5,2026-10-04,20:38
AAL1637,KDCA,KORD,7,2026-10-06,20:17
AAL1638,KPHX,KDEN,6,2026-10-06,02:17
AAL1639,KMCO,KCLT,5,2026-10-04,19:54
AAL1639,KMIA,KSFO,1,2026-10-06,01:14
AAL164,PHNL,KLAX,3,2026-10-04,01:43
AAL1640,KORD,KPHX,7,2026-10-06,19:04
AAL1641,KCLT,KMEM,6,2026-10-05,01:24
AAL1642,KMCO,KMIA,4,2026-10-05,00:48
AAL1642,KMIA,KMCO,2,2026-10-06,21:08
AAL1643,KDCA,KMCO,2,2026-10-06,15:13
AAL1643,KDFW,KAUS,4,2026-10-04,13:15
AAL1643,KMCO,KDCA,2,2026-10-06,18:25
AAL1644,KCLT,KBNA,7,2026-10-06,02:06
AAL1645,KMCO,KORD,2,2026-10-06,15:44
AAL1645,KORD,KMCO,2,2026-10-06,12:24
AAL1645,KSDF,KDFW,4,2026-10-03,13:23
AAL1646,KMCO,KPHL,1,2026-10-06,22:04
AAL1646,KPHL,KMCO,2,2026-10-06,18:17
AAL1646,KPHX,KMKE,5,2026-10-04,16:20
AAL1647,KGSO,KCLT,1,2026-10-05,09:14
AAL1647,KMCO,KCLT,6,2026-10-06,11:10
AAL1648,KCLT,KDJT,6,2026-10-06,21:57
AAL1649,KMIA,KRDU,6,2026-10-05,20:53
AAL1649,KRDU,KMIA,1,2026-10-06,23:32
AAL1650,KDFW,KMSY,6,2026-10-06,15:21
AAL1650,KMSY,KDFW,6,2026-10-06,17:46
AAL1651,KSAN,KCLT,7,2026-10-06,14:20
AAL1652,KFLL,KCLT,4,2026-10-04,22:35
AAL1652,KMCO,KMIA,2,2026-10-06,15:03
AAL1652,KMIA,KMCO,2,2026-10-06,13:17
AAL1653,KBOS,KPHX,7,2026-10-06,14:29
AAL1654,KMSP,KDFW,6,2026-10-06,13:44
AAL1655,KPHX,KDFW,7,2026-10-06,12:09
AAL1656,KCLT,KATL,1,2026-10-06,05:10
AAL1656,KPHX,KSNA,5,2026-10-04,18:17
AAL1657,KLAX,KDFW,5,2026-10-06,22:33
AAL1658,KAUS,KDFW,1,2026-09-30,22:55
AAL1658,KELP,KDFW,1,2026-10-06,18:40
AAL1659,KCLT,KDEN,1,2026-10-05,02:50
AAL1659,KDFW,KPVU,1,2026-10-02,16:14
AAL1659,KPDX,KPHL,2,2026-10-06,17:24
AAL1659,KPVU,KDFW,1,2026-10-02,19:16
AAL166,KSFO,KJFK,6,2026-10-06,20:10
AAL1660,KDFW,KMSN,5,2026-10-06,22:47
AAL1660,KMSN,KDFW,3,2026-10-06,02:51
AAL1661,KCLT,KIAH,1,2026-10-04,19:03
AAL1661,KMCO,KORD,2,2026-10-06,20:50
AAL1661,KORD,KMCO,2,2026-10-06,17:12
AAL1662,KCLT,KDEN,6,2026-10-06,15:08
AAL1662,KDEN,KCLT,5,2026-10-05,19:43
AAL1663,KMCO,KPHX,1,2026-10-06,21:28
AAL1663,KPHX,KDFW,5,2026-10-05,23:08
AAL1663,KPHX,KMCO,2,2026-10-06,16:28
AAL1664,KDFW,KDSM,7,2026-10-06,19:51
AAL1664,KDSM,KDFW,5,2026-10-06,22:13
AAL1665,KLAS,KCLT,1,2026-10-06,16:05
AAL1666,KONT,KPHX,3,2026-10-06,02:17
AAL1666,KPHX,KONT,7,2026-10-06,00:30
AAL1667,KSEA,KDFW,7,2026-10-06,15:06
AAL1668,KDFW,KMSP,5,2026-10-06,17:23
AAL1668,KMSP,KDFW,4,2026-10-06,22:40
AAL1669,KDFW,KLAX,5,2026-10-06,21:04
AAL166R,KCHS,KDFW,1,2026-10-06,09:07
AAL1670,KCLT,KMCO,2,2026-10-06,14:32
AAL1670,KMCO,KCLT,2,2026-10-06,17:09
AAL1670,KPHX,KMSN,5,2026-10-04,16:01
AAL1671,KCLT,KMSP,7,2026-10-06,16:50
AAL1671,KMSP,KCLT,7,2026-10-06,20:14
AAL1672,KMDT,KORD,2,2026-10-06,16:11
AAL1672,KMSP,KCLT,5,2026-10-04,16:14
AAL1672,KORD,KMDT,2,2026-10-06,13:36
AAL1673,KPHL,KMCO,6,2026-10-06,00:30
AAL1674,KCLT,KSEA,2,2026-10-06,01:17
AAL1675,KLGA,KMSY,7,2026-10-06,19:08
AAL1675,KMSY,KLGA,7,2026-10-06,23:26
AAL1676,KPHX,KCLT,2,2026-10-06,17:42
AAL1677,KPHX,KSMF,7,2026-10-06,17:17
AAL1677,KSMF,KPHX,7,2026-10-06,20:07
AAL1678,KCLT,KPHX,7,2026-10-06,12:26
AAL1679,KMIA,KDFW,7,2026-10-06,01:58
AAL168,RJTT,KJFK,7,2026-10-06,09:16
AAL1680,KMIA,KMSY,6,2026-10-06,21:42
AAL1680,KMSY,KMIA,4,2026-10-05,00:47
AAL1681,KTYS,KMIA,1,2026-10-06,10:21
AAL1682,KCLT,KMCO,7,2026-10-06,21:11
AAL1683,KCLT,KDTW,7,2026-10-06,16:40
AAL1683,KDTW,KCLT,7,2026-10-06,19:04
AAL1684,KDFW,KMSY,7,2026-10-06,14:44
AAL1684,KMSY,KDFW,7,2026-10-06,16:58
AAL1685,KCLT,KGRR,2,2026-10-05,19:17
AAL1685,KGRR,KCLT,2,2026-10-05,21:46
AAL1686,KDFW,KSNA,7,2026-10-06,12:16
AAL1686,KSNA,KDFW,5,2026-10-04,16:32
AAL1687,KCLT,KMYR,1,2026-10-04,18:37
AAL1688,KPHX,KCLT,7,2026-10-06,16:20
AAL1689,KLGA,KORD,1,2026-10-06,01:43
AAL1689,KMIA,TJSJ,1,2026-10-02,00:19
AAL169,KLAX,RJTT,6,2026-10-06,08:29
AAL1690,KCLT,KDFW,7,2026-10-06,17:20
AAL1691,KEWR,KORD,6,2026-10-06,22:01
AAL1691,KORD,KEWR,2,2026-10-06,15:20
AAL1692,KDFW,KMCO,4,2026-10-04,19:54
AAL1692,KMCO,KDFW,1,2026-10-06,22:50
AAL1693,KMCO,KMIA,2,2026-10-06,13:06
AAL1693,KMIA,KMCO,7,2026-10-06,11:04
AAL1694,KDCA,KTPA,2,2026-10-06,14:45
AAL1694,KDFW,KBFL,5,2026-10-05,23:51
AAL1695,KDFW,KONT,7,2026-10-06,03:59
AAL1696,KDFW,KCLT,4,2026-10-04,17:40
AAL1696,KSAN,KORD,2,2026-10-06,15:03
AAL1697,KCLT,KEWR,7,2026-10-06,15:05
AAL1697,KEWR,KCLT,7,2026-10-06,17:40
AAL1698,KCLT,KDFW,4,2026-10-05,00:14
AAL1698,KDFW,KCLT,2,2026-10-06,20:33
AAL169P,KLAX,RJTT,1,2026-09-30,04:12
AAL170,RJTT,KLAX,7,2026-10-06,03:17
AAL1700,KXNA,KDFW,6,2026-10-06,13:16
AAL1701,KPHL,KMSY,4,2026-10-04,17:16
AAL1701,KPSP,KPHX,2,2026-10-06,20:28
AAL1702,KMIA,KPIT,7,2026-10-06,01:46
AAL1703,KDFW,KCLT,7,2026-10-06,23:20
AAL1704,KTPA,KCLT,6,2026-10-06,12:13
AAL1705,KCLT,KGSP,1,2026-10-05,18:59
AAL1705,KGSP,KCLT,1,2026-10-05,21:10
AAL1705,KLGA,KRDU,4,2026-10-05,00:00
AAL1706,KDFW,KOKC,2,2026-10-05,07:58
AAL1706,KONT,KCLT,1,2026-10-06,06:11
AAL1707,KCLT,KEWR,6,2026-10-06,12:34
AAL1708,KBWI,KCLT,5,2026-10-04,10:11
AAL1708,KORD,KDFW,1,2026-10-05,18:17
AAL1709,KCLT,KDFW,7,2026-10-06,19:14
AAL171,KJFK,KLAX,7,2026-10-06,10:19
AAL1710,KDFW,KMEM,2,2026-10-06,14:55
AAL1710,KDJT,KCLT,1,2026-10-01,19:27
AAL1710,KMEM,KDFW,2,2026-10-06,17:11
AAL1711,KCLT,KPHX,7,2026-10-06,18:47
AAL1712,KFLL,KDFW,7,2026-10-06,11:42
AAL1713,KORD,KPDX,5,2026-10-04,13:27
AAL1713,KPDX,KORD,6,2026-10-06,18:53
AAL1714,KMIA,KTPA,7,2026-10-06,03:10
AAL1715,KCLT,KPIT,1,2026-10-05,20:51
AAL1715,KPIT,KCLT,6,2026-10-06,22:41
AAL1716,KSTL,KMIA,7,2026-10-06,10:07
AAL1717,CYVR,KORD,6,2026-10-05,20:59
AAL1717,KLAX,KMIA,2,2026-10-06,18:38
AAL1717,KORD,CYVR,5,2026-10-04,15:10
AAL1718,KSAT,KDCA,7,2026-10-06,11:17
AAL1719,CYVR,KLAX,4,2026-10-04,21:00
AAL1719,KLAX,CYVR,5,2026-10-04,17:07
AAL1721,KCLE,KDFW,2,2026-10-06,10:14
AAL1722,KCLT,KLGA,2,2026-10-06,22:23
AAL1722,KDFW,KDEN,2,2026-10-05,05:38
AAL1723,MMUN,KMIA,2,2026-10-03,00:51
AAL1724,KBUF,KDFW,6,2026-10-06,21:06
AAL1724,KDFW,KBUF,7,2026-10-06,17:14
AAL1725,KORD,KPHL,6,2026-10-05,14:16
AAL1726,KAUS,KORD,7,2026-10-06,13:04
AAL1727,KCLT,KJFK,4,2026-10-06,01:51
AAL1728,KMKE,KPHX,1,2026-10-05,19:57
AAL1728,KPHX,KDTW,5,2026-10-04,17:03
AAL1728,KPHX,KMKE,2,2026-10-06,15:52
AAL1729,KTUL,KCLT,6,2026-10-06,13:17
AAL173,EGLL,KRDU,7,2026-10-06,11:19
AAL1731,KCHS,KCLT,4,2026-10-04,14:42
AAL1731,KCLT,KCHS,4,2026-10-04,12:58
AAL1731,KDFW,KSFO,2,2026-10-06,18:40
AAL1732,KCLT,KMCI,7,2026-10-06,01:49
AAL1733,KMCO,KMIA,6,2026-10-06,11:41
AAL1734,KMSN,KPHX,2,2026-10-06,19:58
AAL1734,KPHX,KMSN,2,2026-10-06,16:10
AAL1734,TJSJ,KMIA,5,2026-10-04,19:09
AAL1735,KATL,KMIA,2,2026-10-06,10:18
AAL1735,KRIC,KCLT,1,2026-10-04,09:21
AAL1736,KCLT,KPIT,5,2026-10-04,16:32
AAL1736,KDFW,KSDF,2,2026-10-06,18:00
AAL1736,KPIT,KCLT,4,2026-10-04,18:47
AAL1736,KSDF,KDFW,2,2026-10-06,20:44
AAL1737,KCLT,KMSP,2,2026-10-06,12:51
AAL1737,KMCO,KDFW,3,2026-10-04,20:34
AAL1737,KMSP,KCLT,2,2026-10-06,16:11
AAL1739,KPHL,KSTL,7,2026-10-06,13:37
AAL1739,KSTL,KPHL,7,2026-10-06,16:49
AAL174,KRDU,EGLL,7,2026-10-06,23:31
AAL1740,KTPA,KMIA,5,2026-10-05,12:24
AAL1741,KRNO,KPHX,2,2026-10-05,02:51
AAL1741,KSMF,KORD,1,2026-10-06,06:05
AAL1742,KBOS,KCLT,5,2026-10-04,11:31
AAL1742,KORD,KRSW,2,2026-10-06,18:30
AAL1743,KORD,KPHL,6,2026-10-06,17:04
AAL1744,KCLT,KPWM,7,2026-10-06,14:41
AAL1744,KPWM,KCLT,7,2026-10-06,17:52
AAL1746,CYYZ,KCLT,5,2026-10-06,10:15
AAL1747,KBNA,KCLT,1,2026-10-06,12:18
AAL1747,KCLT,KPWM,4,2026-10-04,18:14
AAL1747,KPWM,KCLT,4,2026-10-05,21:20
AAL1748,KLBB,KDEN,1,2026-10-02,19:31
AAL1748,KMIA,KSAN,2,2026-10-06,13:50
AAL1748,KSAN,KMIA,1,2026-10-06,20:41
AAL1749,KCLT,KCHS,1,2026-10-06,02:51
AAL1749,KCLT,KRDU,1,2026-10-04,11:30
AAL1749,KRDU,KCLT,4,2026-10-03,18:07
AAL175,KDFW,RJTT,2,2026-10-06,01:39
AAL1750,MMUN,KDFW,1,2026-10-01,20:43
AAL1751,KOKC,KDFW,1,2026-10-01,15:00
AAL1751,KPHL,KDFW,6,2026-10-06,09:13
AAL1751,KPHL,KOKC,1,2026-10-01,09:07
AAL1752,KDFW,MMUN,2,2026-10-03,14:11
AAL1753,KCLT,KRDU,1,2026-10-05,12:10
AAL1753,KRDU,KCLT,7,2026-10-06,12:46
AAL1754,KLAX,KRDU,6,2026-10-06,16:22
AAL1756,KDEN,KDFW,7,2026-10-06,17:36
AAL1756,KDFW,KDEN,7,2026-10-06,14:20
AAL1757,KCLT,KRIC,7,2026-10-06,19:47
AAL1757,KRIC,KCLT,7,2026-10-06,21:52
AAL1758,KDFW,KMEM,7,2026-10-06,03:32
AAL1759,KCLT,KJAX,2,2026-10-04,01:27
AAL1759,KPHL,KRDU,2,2026-10-06,12:39
AAL1759,KRDU,KPHL,2,2026-10-06,14:48
AAL1759,KTPA,KPHX,2,2026-10-04,11:46
AAL176,RJTT,KDFW,6,2026-10-06,08:27
AAL1760,KDFW,KOKC,2,2026-10-06,23:12
AAL1760,KLAX,KDFW,4,2026-10-04,19:22
AAL1760,KOKC,KDFW,1,2026-10-05,21:44
AAL1761,KDFW,KPIT,1,2026-10-06,22:38
AAL1762,KATL,KORD,5,2026-10-04,11:37
AAL1762,KPHL,KMCI,1,2026-10-06,23:03
AAL1763,KCHS,KMIA,7,2026-10-06,10:14
AAL1764,KCLT,KDJT,7,2026-10-06,02:03
AAL1765,KPHX,KRNO,3,2026-10-06,05:19
AAL1766,KDFW,KJFK,6,2026-10-06,15:04
AAL1767,KORD,KPHX,6,2026-10-05,00:08
AAL1768,KCLT,KRDU,6,2026-10-06,13:24
AAL1768,KRDU,KCLT,5,2026-10-06,14:43
AAL1769,KCLT,KMSY,2,2026-10-06,17:22
AAL1769,KDFW,KSAN,5,2026-10-04,19:22
AAL1769,KMSY,KCLT,2,2026-10-06,20:10
AAL177,KJFK,KSFO,7,2026-10-06,01:48
AAL1770,KSAN,KDFW,5,2026-10-06,22:36
AAL1771,KDFW,KLAS,6,2026-10-06,00:28
AAL1772,KDFW,KSBP,7,2026-10-06,15:56
AAL1772,KSBP,KDFW,6,2026-10-06,20:31
AAL1773,KCLT,KTPA,7,2026-10-06,02:22
AAL1774,KDFW,KBZN,3,2026-10-03,01:27
AAL1774,KORD,KRSW,1,2026-10-06,00:33
AAL1775,KCLT,KRIC,6,2026-10-05,12:26
AAL1775,KRIC,KCLT,7,2026-10-06,14:21
AAL1776,KBOS,KPHL,7,2026-10-06,19:29
AAL1777,KATL,KPHX,7,2026-10-06,11:54
AAL1778,KCLT,MMUN,4,2026-10-06,16:59
AAL1779,KBWI,KMIA,4,2026-10-05,23:26
AAL1779,KMSY,KPHL,2,2026-10-06,20:18
AAL1779,KPHL,KMSY,2,2026-10-06,16:04
AAL1780,KDCA,KBTV,6,2026-10-05,02:37
AAL1780,KORD,KPSP,2,2026-10-06,15:27
AAL1781,KCLT,KRSW,7,2026-10-06,12:43
AAL1781,KRSW,KCLT,7,2026-10-06,15:24
AAL1782,KMCO,KORD,4,2026-10-06,21:37
AAL1782,KORD,KMCO,2,2026-10-06,18:42
AAL1783,KCLT,KMCO,5,2026-10-05,23:30
AAL1783,KOMA,KPHX,1,2026-10-06,19:17
AAL1783,KPHX,KOMA,1,2026-10-06,15:47
AAL1784,KORD,KCLT,7,2026-10-06,11:44
AAL1785,KORD,KSAN,1,2026-10-06,02:16
AAL1785,KPHX,KCLT,1,2026-10-04,23:09
AAL1785,KSAN,KCLT,5,2026-10-05,22:04
AAL1785,KSAN,KPHX,1,2026-10-03,21:20
AAL1786,KCLT,KMEM,1,2026-10-04,20:37
AAL1786,KDFW,KCVG,1,2026-10-06,23:31
AAL1786,KMEM,KCLT,1,2026-10-05,23:15
AAL1787,KPHX,KDCA,4,2026-10-05,20:40
AAL1788,KDCA,KMSY,4,2026-10-04,19:17
AAL1788,KMIA,KDFW,2,2026-10-06,16:27
AAL1788,KMSY,KDCA,5,2026-10-05,22:33
AAL1789,KDFW,KSAN,7,2026-10-06,23:16
AAL178R,KLGA,KDFW,1,2026-10-02,20:42
AAL179,KJFK,KSFO,6,2026-10-06,12:43
AAL1790,KCLT,KMEM,6,2026-10-05,14:50
AAL1790,KMEM,KCLT,6,2026-10-05,17:30
AAL1791,KPHL,KJAX,2,2026-10-06,12:50
AAL1792,KJAC,KDFW,3,2026-10-05,00:59
AAL1792,KMIA,KSAN,1,2026-10-06,01:01
AAL1793,KDFW,KPDX,1,2026-10-06,01:16
AAL1793,KPDX,KDFW,1,2026-10-06,06:57
AAL1793,KPHX,KSAN,5,2026-10-04,14:59
AAL1794,KDFW,KSAN,7,2026-10-06,12:48
AAL1795,KDSM,KPHX,1,2026-10-06,10:11
AAL1795,KLGA,KORD,6,2026-10-05,22:24
AAL1796,KDFW,KEWR,7,2026-10-06,12:17
AAL1796,KEWR,KDFW,7,2026-10-06,16:39
AAL1797,KDFW,KLAS,2,2026-10-06,01:30
AAL1798,KMIA,MMMX,6,2026-10-05,01:32
AAL1799,KAUS,KMIA,2,2026-10-06,10:30
AAL1799,KSMF,KPHX,2,2026-10-05,02:50
AAL180,KORD,LIRN,7,2026-10-06,23:34
AAL1801,KEWR,KMIA,6,2026-10-06,16:37
AAL1801,KMIA,KEWR,7,2026-10-06,12:44
AAL1802,KSAN,KMIA,7,2026-10-06,05:55
AAL1803,KJAX,KPHL,3,2026-10-06,22:37
AAL1804,KDCA,KBDL,1,2026-10-06,04:24
AAL1804,KSAT,KCLT,5,2026-10-04,17:29
AAL1805,KDFW,KGSP,6,2026-10-06,18:45
AAL1805,KGSP,KDFW,6,2026-10-05,22:41
AAL1806,KDFW,KLGA,3,2026-10-04,20:14
AAL1806,KLGA,KDFW,2,2026-10-06,14:44
AAL1808,KLAS,KPHX,7,2026-10-06,13:51
AAL1809,KCLT,KBOS,2,2026-10-06,15:01
AAL1809,KTUS,KDFW,4,2026-10-04,15:24
AAL181,LIRN,KORD,6,2026-10-06,13:13
AAL1810,KCLT,KMKE,1,2026-10-06,14:46
AAL1810,KEWR,KDFW,6,2026-10-05,21:50
AAL1810,KMKE,KCLT,2,2026-10-06,18:00
AAL1811,KMSY,KDFW,7,2026-10-06,00:32
AAL1812,KAUS,KORD,2,2026-10-06,21:05
AAL1812,KDFW,KXNA,1,2026-10-05,00:54
AAL1812,KPVD,KDCA,1,2026-10-03,12:32
AAL1812,KRDU,KLGA,3,2026-10-02,11:18
AAL1812,KXNA,KDFW,1,2026-10-05,02:36
AAL1813,KIAH,KCLT,1,2026-10-05,22:52
AAL1813,KPDX,KORD,1,2026-10-06,05:56
AAL1814,CYYC,KJFK,3,2026-10-05,20:35
AAL1814,KJFK,CYYC,2,2026-10-04,13:54
AAL1814,KLGA,KORD,2,2026-10-06,14:31
AAL1815,MWCR,KMIA,1,2026-10-06,12:56
AAL1816,KCLT,KEYW,3,2026-10-02,15:09
AAL1816,KEYW,KCLT,3,2026-10-02,18:18
AAL1817,KPHX,KCLT,2,2026-10-06,20:18
AAL1818,KORD,KPDX,6,2026-10-05,22:49
AAL1818,KPDX,KORD,1,2026-10-05,05:57
AAL1819,KJAX,KPHL,5,2026-10-04,11:10
AAL1819,KORD,KPIT,2,2026-10-06,22:13
AAL1819,KPIT,KORD,1,2026-10-06,00:29
AAL1820,KDFW,KONT,7,2026-10-06,13:43
AAL1820,KONT,KDFW,7,2026-10-06,18:02
AAL1821,KBOS,KLGA,2,2026-10-06,17:50
AAL1822,KDFW,KSBA,6,2026-10-06,15:26
AAL1822,KSBA,KDFW,6,2026-10-06,19:44
AAL1823,KPHL,KSEA,7,2026-10-06,23:49
AAL1824,KMIA,KDFW,7,2026-10-06,19:48
AAL1825,KMEM,KDFW,7,2026-10-06,13:27
AAL1826,KRNO,KPHX,7,2026-10-06,13:12
AAL1827,KCLT,KPHL,7,2026-10-06,02:08
AAL1828,KDFW,KFAT,7,2026-10-06,14:04
AAL1828,KFAT,KDFW,6,2026-10-06,18:26
AAL1829,KDCA,KJAX,2,2026-10-06,19:36
AAL1830,KPHL,KDFW,2,2026-10-06,12:34
AAL1830,MMGL,KDFW,2,2026-10-03,21:25
AAL1831,KDJT,KORD,2,2026-10-06,16:38
AAL1831,KORD,KDJT,7,2026-10-06,14:48
AAL1832,KDEN,KDFW,6,2026-10-06,23:19
AAL1832,KDFW,KDEN,6,2026-10-06,20:54
AAL1833,KCLT,KSEA,4,2026-10-05,20:07
AAL1833,KSEA,KCLT,2,2026-10-05,18:38
AAL1834,KJAX,KCLT,5,2026-10-04,11:02
AAL1834,KPHL,KRSW,2,2026-10-06,19:21
AAL1834,KRSW,KPHL,1,2026-10-05,21:24
AAL1835,KPHX,KMSN,3,2026-10-06,23:16
AAL1836,KDFW,KSAT,6,2026-10-06,13:36
AAL1837,KSFO,KPHX,7,2026-10-06,23:22
AAL1838,KCLT,KPHL,7,2026-10-06,10:14
AAL1839,KDCA,KDFW,7,2026-10-06,11:40
AAL1840,KCLT,KIAH,6,2026-10-06,00:34
AAL1841,KPHL,KMSP,6,2026-10-05,00:57
AAL1841,KPHX,KBNA,2,2026-10-06,16:27
AAL1842,KSFO,KMIA,6,2026-10-05,05:17
AAL1843,KCLT,KBOS,7,2026-10-06,00:41
AAL1844,KDFW,KDJT,5,2026-10-04,15:07
AAL1844,KPHL,KSAN,1,2026-10-06,20:08
AAL1844,KSAN,KPHL,1,2026-10-06,04:45
AAL1845,KSFO,KPHL,7,2026-10-06,17:19
AAL1846,KMEM,KCLT,7,2026-10-06,13:20
AAL1847,KDFW,KFLL,6,2026-10-06,01:46
AAL1848,KORD,KPHL,4,2026-10-06,22:54
AAL1849,KDFW,KSFO,2,2026-10-06,14:09
AAL1849,KSFO,KDFW,7,2026-10-06,18:43
AAL1850,KDCA,KJAX,3,2026-10-04,11:04
AAL1851,KORD,KSFO,5,2026-10-04,15:07
AAL1851,KPHX,KSAN,2,2026-10-06,18:15
AAL1851,KSAN,KPHX,2,2026-10-06,20:52
AAL1852,KAUS,KDFW,4,2026-10-05,22:35
AAL1852,KDFW,KAUS,4,2026-10-04,18:51
AAL1852,KMIA,TJSJ,1,2026-10-06,11:14
AAL1852,TJSJ,KMIA,2,2026-10-06,14:44
AAL1853,KDJT,KCLT,6,2026-10-06,12:58
AAL1854,KPHL,KORD,7,2026-10-06,17:03
AAL1855,KPHX,KSBA,7,2026-10-06,00:59
AAL1857,KPHL,KMIA,5,2026-10-06,11:07
AAL1858,KDFW,KORD,4,2026-10-04,13:16
AAL1858,KVPS,KCLT,1,2026-10-05,12:29
AAL1859,KPHL,KCLT,7,2026-10-06,16:32
AAL186,MMUN,KPHX,2,2026-10-06,21:21
AAL1860,KSAN,KCLT,2,2026-10-06,04:54
AAL1861,KORD,KSAN,7,2026-10-06,00:41
AAL1862,KCLT,KLAS,6,2026-10-05,01:10
AAL1862,KPHX,KSAN,1,2026-10-06,00:32
AAL1862,KSAN,KPHX,1,2026-10-06,02:54
AAL1863,KDFW,KIAD,3,2026-10-06,20:11
AAL1863,KIAD,KDFW,2,2026-10-06,23:43
AAL1864,KPHL,KFLL,4,2026-10-06,01:22
AAL1865,KBOS,KMIA,4,2026-10-04,09:21
AAL1865,KORD,TJSJ,1,2026-10-05,13:28
AAL1865,TJSJ,KORD,2,2026-10-06,19:03
AAL1866,KDEN,KPHL,1,2026-10-06,06:36
AAL1866,KRSW,KPHL,6,2026-10-05,22:15
AAL1867,KSMF,KPHX,7,2026-10-06,13:12
AAL1868,KDFW,KPIT,4,2026-10-06,20:06
AAL1868,KPIT,KDFW,6,2026-10-06,23:35
AAL1870,KMSP,KMIA,1,2026-10-04,11:26
AAL1871,KDFW,KSLC,6,2026-10-06,17:32
AAL1871,KSLC,KDFW,6,2026-10-06,20:59
AAL1872,KSEA,KORD,7,2026-10-06,13:30
AAL1873,KORD,KSLC,7,2026-10-06,18:28
AAL1873,KSLC,KORD,7,2026-10-06,23:29
AAL1874,KBGR,KCLT,5,2026-10-04,18:17
AAL1874,KCLT,KBGR,5,2026-10-04,14:50
AAL1874,KPHL,KBOS,1,2026-10-06,02:54
AAL1875,KORD,KMIA,7,2026-10-06,12:26
AAL1876,CYYZ,KCLT,6,2026-10-05,20:04
AAL1876,KCLT,CYYZ,7,2026-10-06,17:23
AAL1877,KCLT,KPVD,3,2026-10-06,15:21
AAL1877,KPVD,KCLT,3,2026-10-06,18:27
AAL1878,KDFW,KSLC,7,2026-10-06,14:20
AAL1878,KSLC,KDFW,7,2026-10-06,18:02
AAL1879,KCLT,KMCO,7,2026-10-06,01:49
AAL1880,KJFK,KDFW,6,2026-10-06,15:50
AAL1881,KLAS,KPHL,6,2026-10-06,18:43
AAL1882,KAUS,KCLT,5,2026-10-04,16:15
AAL1882,KCLT,KRIC,1,2026-10-06,03:26
AAL1884,KPHX,KPSP,7,2026-10-06,17:52
AAL1884,KPSP,KPHX,4,2026-10-04,20:10
AAL1885,KPIT,KPHX,4,2026-10-06,12:06
AAL1886,KAUS,KCLT,4,2026-10-03,14:39
AAL1886,KMIA,KBOS,2,2026-10-06,19:12
AAL1887,KCLT,KCID,2,2026-10-06,03:44
AAL1888,KDFW,KRDU,3,2026-10-06,20:23
AAL1888,KRDU,KDFW,1,2026-10-06,23:29
AAL1889,KPHL,KPWM,4,2026-10-05,00:34
AAL1890,KLAS,KJFK,7,2026-10-06,15:59
AAL1891,KAUS,KJFK,2,2026-10-06,16:39
AAL1891,KRDU,KMIA,3,2026-10-04,23:36
AAL1892,KPHL,KATL,1,2026-10-06,02:05
AAL1892,KPHX,KLAX,5,2026-10-04,15:31
AAL1893,KDCA,KFLL,7,2026-10-06,12:21
AAL1893,KFLL,KDCA,7,2026-10-06,15:36
AAL1894,KCLT,KRDU,5,2026-10-04,20:26
AAL1894,KDFW,KORD,1,2026-10-06,03:10
AAL1894,KRDU,KCLT,5,2026-10-04,22:24
AAL1895,KCLT,KSLC,7,2026-10-06,14:32
AAL1895,KSLC,KCLT,7,2026-10-06,19:37
AAL1896,KIAD,KCLT,3,2026-10-02,12:10
AAL1896,KMCO,KCLT,1,2026-10-05,09:03
AAL1897,KCLT,KRDU,5,2026-10-04,16:23
AAL1897,KCLT,KDTW,1,2026-10-05,19:28
AAL1897,KRDU,KCLT,1,2026-10-04,18:58
AAL1899,KLAX,KIND,7,2026-10-06,17:02
AAL18R,KRSW,KCLT,1,2026-10-04,10:07
AAL1901,KCLT,KBOS,1,2026-10-06,22:20
AAL1902,KDFW,KOKC,6,2026-10-06,14:39
AAL1902,KOKC,KDFW,4,2026-10-04,16:39
AAL1903,KRDU,KCLT,7,2026-10-06,10:34
AAL1904,KCLT,KRDU,6,2026-10-06,23:12
AAL1904,KRDU,KCLT,6,2026-10-06,00:56
AAL1905,KBDL,KMIA,2,2026-10-06,10:11
AAL1905,KCLT,KAUS,4,2026-10-05,00:09
AAL1906,KORD,KSMF,5,2026-10-04,17:05
AAL1906,KSMF,KORD,6,2026-10-05,22:27
AAL1908,KLAS,KDFW,7,2026-10-06,16:10
AAL1909,KCLT,KRIC,4,2026-10-05,22:26
AAL1909,KRIC,KCLT,7,2026-10-06,00:17
AAL1910,MMUN,KORD,2,2026-10-06,18:18
AAL1911,KDFW,KRNO,7,2026-10-06,13:53
AAL1911,KRNO,KDFW,7,2026-10-06,17:59
AAL1912,KABQ,KDFW,2,2026-10-06,21:00
AAL1912,KATL,KMIA,3,2026-10-04,14:38
AAL1912,KDFW,KABQ,2,2026-10-06,18:36
AAL1913,KCLT,KSAN,2,2026-10-06,14:18
AAL1913,KCLT,KPDX,1,2026-10-02,19:43
AAL1913,KSAN,KCLT,1,2026-10-05,19:21
AAL1914,KSFO,KPHX,3,2026-10-06,02:10
AAL1915,KDFW,KRIC,5,2026-10-06,15:46
AAL1915,KRIC,KDFW,4,2026-10-06,19:29
AAL1916,KORD,KSNA,5,2026-10-04,17:14
AAL1916,KORD,KSAT,2,2026-10-06,16:52
AAL1916,KSAT,KORD,2,2026-10-06,20:14
AAL1918,KMIA,KPHL,7,2026-10-06,15:44
AAL1919,KCLT,KSDF,1,2026-10-06,02:43
AAL1919,KPHX,KFAT,4,2026-10-04,21:32
AAL192,KDFW,LEBL,7,2026-10-06,22:41
AAL1920,KCLT,KSEA,2,2026-10-06,13:46
AAL1920,KORD,KSNA,5,2026-10-04,13:24
AAL1921,KMIA,KTPA,6,2026-10-06,00:31
AAL1922,KJFK,KMIA,6,2026-10-05,01:42
AAL1923,KJAC,KDFW,2,2026-10-06,19:04
AAL1924,KDEN,KLBB,1,2026-10-04,19:59
AAL1924,KMEM,KDFW,1,2026-09-30,12:14
AAL1924,KMSY,KPHX,1,2026-10-06,23:33
AAL1925,KCLT,KJAX,1,2026-10-02,15:08
AAL1925,KCVG,KPHX,2,2026-10-06,12:09
AAL1925,KJAX,KCLT,4,2026-10-04,17:50
AAL1926,KSTL,KORD,7,2026-10-06,10:05
AAL1927,KCHS,KCLT,2,2026-10-06,22:03
AAL1927,KCLT,KCHS,2,2026-10-06,20:12
AAL1928,KMCO,KLAX,6,2026-10-06,12:16
AAL1929,KCMH,KDFW,1,2026-10-06,00:26
AAL1929,KMEM,KDFW,5,2026-10-05,23:26
AAL193,LEBL,KDFW,7,2026-10-06,09:15
AAL1930,KCLT,KRSW,2,2026-10-06,20:41
AAL1930,KRSW,KCLT,2,2026-10-06,01:10
AAL1931,KDFW,KPHX,3,2026-10-06,04:22
AAL1932,KCLT,CYYZ,5,2026-10-06,01:27
AAL1933,KDFW,KSNA,5,2026-10-06,16:51
AAL1933,KPHX,KDFW,1,2026-10-05,23:36
AAL1933,KSNA,KDFW,4,2026-10-06,20:50
AAL1933,KSNA,KPHX,1,2026-10-04,21:31
AAL1934,KMIA,KSFO,2,2026-10-06,11:30
AAL1934,KPHL,KCHS,5,2026-10-04,20:14
AAL1934,KSFO,KMIA,2,2026-10-06,18:47
AAL1935,KDFW,KMEM,7,2026-10-06,14:58
AAL1936,KEWR,KORD,1,2026-10-06,03:10
AAL1936,KORD,KEWR,6,2026-10-06,18:31
AAL1937,KCMH,KCLT,1,2026-10-05,19:35
AAL1937,KMCO,KDFW,2,2026-10-05,00:56
AAL1938,KDFW,KORD,7,2026-10-06,10:14
AAL1939,KDFW,KSNA,7,2026-10-06,14:59
AAL1939,KSNA,KDFW,6,2026-10-06,19:25
AAL1939,KSNA,KTUS,1,2026-10-04,20:02
AAL1939,KTUS,KDFW,1,2026-10-04,21:50
AAL194,KPHX,EGLL,7,2026-10-06,23:32
AAL1940,KMEM,KDFW,7,2026-10-06,10:55
AAL1942,KCLT,KLGA,7,2026-10-06,20:20
AAL1942,KLGA,KCLT,5,2026-10-05,22:47
AAL1943,KLGA,KMCO,7,2026-10-06,19:28
AAL1944,KDCA,KTPA,4,2026-10-04,20:43
AAL1944,KFLL,KPHL,2,2026-10-06,12:07
AAL1944,KTPA,KDCA,6,2026-10-05,23:52
AAL1945,KDFW,KPHL,6,2026-10-05,22:10
AAL1945,KJFK,KCLT,2,2026-10-06,16:13
AAL1946,KCLT,KSYR,4,2026-10-04,22:53
AAL1946,KSYR,KCLT,1,2026-10-05,00:04
AAL1947,KDCA,KSAT,7,2026-10-06,21:48
AAL1948,KORD,KSFO,2,2026-10-06,15:46
AAL1948,KSFO,KORD,1,2026-10-06,21:44
AAL1949,KDFW,KSFO,7,2026-10-06,12:40
AAL195,EGLL,KPHX,7,2026-10-06,09:26
AAL1950,KCLT,KSYR,7,2026-10-06,18:04
AAL1950,KSYR,KCLT,7,2026-10-06,20:43
AAL1951,KPHX,KSAN,7,2026-10-06,21:42
AAL1951,KSAN,KPHX,7,2026-10-06,23:55
AAL1952,KLAX,KCLT,7,2026-10-06,14:20
AAL1953,KJFK,KDFW,7,2026-10-06,19:03
AAL1954,KCLT,KIAD,5,2026-10-05,21:51
AAL1954,KORD,KSFO,1,2026-10-06,00:36
AAL1954,KSFO,KORD,1,2026-10-06,06:41
AAL1955,KCLT,KDJT,3,2026-10-06,13:44
AAL1955,KDJT,KCLT,3,2026-10-06,16:10
AAL1956,KLAS,KPHX,7,2026-10-06,16:33
AAL1956,KPHX,KLAS,7,2026-10-06,14:26
AAL1957,KDFW,KTPA,6,2026-10-06,18:20
AAL1957,KTPA,KDFW,5,2026-10-06,21:40
AAL1958,KCMH,KPHX,6,2026-10-06,12:12
AAL1959,KBWI,KBNA,1,2026-10-05,11:45
AAL1959,KSTL,KDFW,6,2026-10-06,13:47
AAL1960,KSFO,KCLT,7,2026-10-06,15:22
AAL1961,KDFW,KSAT,7,2026-10-06,20:02
AAL1961,KSAT,KDFW,6,2026-10-06,22:03
AAL1962,KCLT,KPIT,7,2026-10-06,02:01
AAL1963,KDFW,CYUL,6,2026-10-06,15:47
AAL1964,CYUL,KDFW,5,2026-10-06,20:01
AAL1965,KMIA,KCLT,5,2026-10-04,13:06
AAL1966,KDCA,KLAX,6,2026-10-06,13:25
AAL1967,KPHX,KEWR,7,2026-10-06,23:00
AAL1968,KPHX,KMIA,7,2026-10-06,16:20
AAL1969,KDFW,KLAS,7,2026-10-06,12:24
AAL1970,KPHL,KJAX,3,2026-10-05,22:57
AAL1971,MMUN,KDFW,1,2026-10-01,16:14
AAL1972,KDCA,KTPA,7,2026-10-06,12:33
AAL1972,KTPA,KDCA,7,2026-10-06,15:51
AAL1973,CYYC,KDFW,6,2026-10-06,19:55
AAL1973,KDFW,CYYC,7,2026-10-06,15:00
AAL1974,KCLT,KTPA,2,2026-10-06,14:31
AAL1974,KTPA,KCLT,6,2026-10-06,22:37
AAL1975,KCLT,KTPA,5,2026-10-04,12:38
AAL1975,KTPA,KCLT,7,2026-10-06,15:13
AAL1976,KLGA,KTPA,4,2026-10-04,12:28
AAL1976,TJSJ,KMIA,2,2026-10-06,18:41
AAL1977,KMIA,KTPA,3,2026-10-04,12:35
AAL1977,KPHL,TJSJ,1,2026-10-05,14:25
AAL1977,TJSJ,KPHL,1,2026-10-05,18:47
AAL1978,KDCA,KDFW,7,2026-10-06,12:49
AAL1979,KORD,KLAX,7,2026-10-06,15:52
AAL198,KJFK,LIMC,7,2026-10-06,23:21
AAL1980,KDFW,KCLT,2,2026-10-06,18:34
AAL1980,KMIA,KTPA,5,2026-10-04,18:11
AAL1981,KPHL,KTPA,7,2026-10-06,13:14
AAL1981,KTPA,KPHL,7,2026-10-06,16:59
AAL1982,KCLT,KTPA,4,2026-10-03,18:15
AAL1982,KTPA,KCLT,7,2026-10-06,20:56
AAL1983,KMIA,KPHX,7,2026-10-06,11:43
AAL1984,KPHL,KPHX,7,2026-10-06,23:35
AAL1985,KDJT,KORD,5,2026-10-04,15:54
AAL1985,KORD,KDJT,5,2026-10-04,12:09
AAL1985,KPHL,KMIA,1,2026-10-06,13:55
AAL1986,KCLT,KPHX,7,2026-10-06,13:52
AAL1987,KLGA,KDFW,7,2026-10-06,11:36
AAL1988,KCLT,KLAX,2,2026-10-06,16:10
AAL1988,KLAX,KCLT,1,2026-10-05,21:21
AAL1989,KPHL,KMIA,7,2026-10-06,15:37
AAL199,LIMC,KJFK,7,2026-10-06,09:21
AAL1990,KTPA,KDCA,7,2026-10-06,17:37
AAL1991,KABQ,KCLT,3,2026-10-05,20:40
AAL1991,KORD,KSLC,2,2026-10-06,13:36
AAL1991,KSLC,KORD,2,2026-10-06,18:02
AAL1992,KCVG,KDFW,3,2026-10-03,21:29
AAL1993,CYYZ,KDFW,5,2026-10-06,19:45
AAL1993,KDFW,CYYZ,6,2026-10-06,15:14
AAL1994,KCLT,KSMF,1,2026-10-06,23:17
AAL1994,KLAX,KPHX,5,2026-10-04,20:57
AAL1994,KSMF,KCLT,1,2026-10-06,05:52
AAL1995,KCLT,KLAX,7,2026-10-06,13:05
AAL1996,KDFW,KLAX,7,2026-10-06,14:04
AAL1997,KSTL,KORD,7,2026-10-06,12:40
AAL1998,KLAX,KORD,7,2026-10-06,00:28
AAL1999,KBOS,KPHX,1,2026-10-06,23:57
AAL1999,KJAX,KCLT,4,2026-10-05,01:29
AAL2,KLAX,KJFK,7,2026-10-06,14:18
AAL20,KDFW,EGLL,7,2026-10-06,23:15
AAL2001,KCLT,KLAX,1,2026-10-06,00:32
AAL2001,KORD,KDEN,5,2026-10-05,03:52
AAL2002,KCLT,KDCA,4,2026-10-05,21:56
AAL2002,KDCA,KCLT,3,2026-10-05,00:44
AAL2002,KDSM,KCLT,2,2026-10-06,12:08
AAL2003,KDFW,KSEA,1,2026-10-06,01:05
AAL2003,KSEA,KDFW,2,2026-10-05,08:19
AAL2004,KCLT,KSDF,1,2026-10-05,03:34
AAL2004,KLAX,KDFW,1,2026-10-06,02:03
AAL2005,KCLT,KLAX,5,2026-10-04,16:27
AAL2005,KRNO,KDFW,2,2026-10-06,14:06
AAL2006,KDCA,KPHX,5,2026-10-04,11:39
AAL2007,KDCA,KDFW,7,2026-10-06,09:10
AAL2008,KMIA,KEWR,7,2026-10-06,02:49
AAL2009,KDFW,KSEA,5,2026-10-05,01:15
AAL2009,KSAN,KDFW,2,2026-10-06,19:55
AAL2010,KLAX,KPHL,7,2026-10-06,07:08
AAL2011,KIAH,KCLT,7,2026-10-06,12:21
AAL2012,KORD,KLAX,7,2026-10-06,13:40
AAL2013,KDFW,KCLT,3,2026-10-05,22:46
AAL2013,KTPA,KPHX,2,2026-10-06,11:30
AAL2014,KDFW,KTUL,6,2026-10-06,02:25
AAL2015,KPHL,KTPA,5,2026-10-04,14:42
AAL2015,KPHX,KSNA,2,2026-10-06,14:47
AAL2015,KSNA,KPHX,2,2026-10-06,17:10
AAL2016,KPHX,KRNO,3,2026-10-02,21:01
AAL2016,KPHX,KSJC,1,2026-10-05,21:02
AAL2016,KRNO,KPHX,3,2026-10-03,23:22
AAL2016,KSJC,KPHX,1,2026-10-06,23:33
AAL2017,KJFK,KMIA,7,2026-10-06,11:38
AAL2018,KCLT,KRSW,7,2026-10-06,16:28
AAL2018,KRSW,KCLT,6,2026-10-06,20:18
AAL2019,KBOI,KDFW,5,2026-10-05,21:01
AAL2019,KDFW,KBOI,7,2026-10-06,16:42
AAL2020,KIAD,KCLT,1,2026-10-04,09:18
AAL2020,KORD,KFLL,1,2026-10-06,02:01
AAL2021,KCLE,KCLT,2,2026-10-06,13:42
AAL2021,KCLT,KCVG,5,2026-10-04,22:17
AAL2022,KCLT,KTPA,6,2026-10-06,23:57
AAL2023,KDCA,KORD,6,2026-10-06,15:00
AAL2024,KCLT,KJFK,2,2026-10-06,14:04
AAL2024,KLAX,KDFW,6,2026-10-05,00:57
AAL2025,KDFW,KXNA,5,2026-10-04,15:55
AAL2025,KMIA,KTYS,1,2026-10-06,01:11
AAL2025,KXNA,KDFW,5,2026-10-04,17:39
AAL2026,KIND,KPHX,7,2026-10-06,12:24
AAL2027,KPHX,KLAX,7,2026-10-06,18:01
AAL2028,KDFW,KPDX,4,2026-10-04,20:17
AAL2029,KELP,KDFW,1,2026-10-06,11:45
AAL203,EHAM,KPHL,7,2026-10-06,09:14
AAL2030,KCLT,KMSY,5,2026-10-04,17:13
AAL2030,KDCA,KSTL,2,2026-10-06,19:38
AAL2030,KSTL,KDCA,2,2026-10-06,22:11
AAL2031,KCLT,KLGA,7,2026-10-06,02:09
AAL2032,KLAX,KPHX,7,2026-10-06,23:53
AAL2033,KLGA,KCLT,4,2026-10-04,19:14
AAL2033,KMIA,KTPA,2,2026-10-06,12:52
AAL2033,KTPA,KMIA,2,2026-10-06,14:36
AAL2034,KDFW,KSAN,4,2026-10-04,15:07
AAL2034,KSAN,KDFW,6,2026-10-06,19:56
AAL2035,KBZN,KCLT,3,2026-10-04,20:27
AAL2035,KDCA,KDJT,2,2026-10-06,17:53
AAL2035,KDJT,KDCA,2,2026-10-06,21:10
AAL2036,KCLT,KLGA,7,2026-10-06,11:30
AAL2036,KLGA,KCLT,5,2026-10-04,14:32
AAL2037,KCHA,KDFW,6,2026-10-06,20:30
AAL2037,KDFW,KCHA,7,2026-10-06,17:52
AAL2038,KDFW,KLAX,7,2026-10-06,03:55
AAL2039,KCMH,KCLT,1,2026-10-06,21:09
AAL2039,KGSP,KMIA,1,2026-10-04,15:54
AAL2039,KSDF,KCLT,1,2026-10-06,00:42
AAL203Q,KBUF,KCLT,1,2026-10-03,18:23
AAL204,KPHL,EHAM,7,2026-10-06,23:24
AAL2040,KDCA,KCLT,7,2026-10-06,19:37
AAL2041,KIND,KORD,1,2026-10-02,04:49
AAL2041,KMIA,KTPA,2,2026-10-06,16:57
AAL2041,KPHL,KORD,3,2026-10-04,22:20
AAL2041,KPHL,KIND,1,2026-10-02,00:59
AAL2041,KTPA,KMIA,2,2026-10-06,18:47
AAL2042,KAUS,KPHX,7,2026-10-06,17:55
AAL2043,KDFW,KLAX,7,2026-10-06,00:15
AAL2044,KCLT,TXKF,6,2026-10-06,15:54
AAL2045,KPHL,KSFO,7,2026-10-06,22:02
AAL2046,KDFW,KSJC,7,2026-10-06,14:49
AAL2046,KSJC,KDFW,7,2026-10-06,19:16
AAL2047,KDFW,KPHX,7,2026-10-06,23:07
AAL2048,KDFW,KSAV,6,2026-10-06,16:19
AAL2048,KSAV,KDFW,6,2026-10-06,19:31
AAL2049,KDFW,KSDF,3,2026-10-04,23:26
AAL2049,KPHL,KTPA,2,2026-10-06,16:10
AAL2049,KTPA,KPHL,2,2026-10-06,19:35
AAL2050,KDFW,KMIA,7,2026-10-06,23:23
AAL2051,KBFL,KPHX,6,2026-10-06,13:43
AAL2051,KPHX,KBFL,2,2026-10-06,18:00
AAL2052,KDFW,KECP,4,2026-10-04,20:12
AAL2052,KECP,KDFW,4,2026-10-04,22:34
AAL2052,KORD,KTPA,2,2026-10-06,16:48
AAL2053,KSAT,KPHX,6,2026-10-06,13:43
AAL2054,KPHX,KMCO,1,2026-10-06,23:44
AAL2054,KSAN,KORD,5,2026-10-04,14:54
AAL2055,KCLT,KLAX,6,2026-10-05,00:41
AAL2055,KPHL,KTPA,2,2026-10-06,19:01
AAL2055,KTPA,KPHL,1,2026-10-06,23:22
AAL2056,KDFW,KTUL,2,2026-10-06,19:25
AAL2056,KTUL,KDFW,2,2026-10-06,22:12
AAL2057,KLGA,KORD,6,2026-10-06,00:54
AAL2058,KPHL,KSAT,7,2026-10-06,22:06
AAL2059,KPHX,KORD,2,2026-10-05,06:52
AAL206,KMIA,LIMC,7,2026-10-06,00:28
AAL2061,KMIA,KLGA,2,2026-10-06,13:15
AAL2061,KMSY,KPHL,4,2026-10-05,21:05
AAL2062,KMIA,KJFK,7,2026-10-06,15:15
AAL2063,KDFW,MMGL,4,2026-10-06,01:51
AAL2064,KATL,KPHX,2,2026-10-05,22:46
AAL2064,KBGR,KDCA,1,2026-10-03,21:20
AAL2064,KDCA,KBGR,1,2026-10-03,18:21
AAL2064,KMIA,KBOS,2,2026-10-06,11:08
AAL2065,KSAN,KORD,7,2026-10-06,06:08
AAL2066,KCLT,KDTW,1,2026-10-04,22:23
AAL2066,KLAX,KPHL,2,2026-10-06,15:18
AAL2067,KDFW,KRIC,3,2026-10-06,20:15
AAL2067,KRIC,KDFW,2,2026-10-06,00:06
AAL2068,KABQ,KORD,4,2026-10-04,20:23
AAL2068,KCLT,KLGA,2,2026-10-06,19:06
AAL2068,KORD,KABQ,5,2026-10-04,16:31
AAL2069,KCLT,KSFO,3,2026-10-06,00:35
AAL207,LIMC,KMIA,7,2026-10-06,12:09
AAL2070,KLAX,KCLT,7,2026-10-06,18:26
AAL2072,KCLT,KORF,5,2026-10-04,12:32
AAL2072,KLAX,KSFO,2,2026-10-06,18:15
AAL2072,KORF,KCLT,5,2026-10-04,14:33
AAL2072,KSFO,KLAX,2,2026-10-06,20:41
AAL2073,KSDF,KMIA,7,2026-10-06,10:13
AAL2074,KPHL,KCLT,5,2026-10-06,22:06
AAL2075,KMCO,KDFW,6,2026-10-06,13:48
AAL2076,KCLT,KSAV,2,2026-10-05,21:33
AAL2076,KSAV,KCLT,2,2026-10-05,23:02
AAL2077,KDFW,KDCA,7,2026-10-06,01:30
AAL2078,KDFW,KSMF,7,2026-10-06,17:08
AAL2078,KSMF,KDFW,7,2026-10-06,21:47
AAL2079,KMIA,MKJP,7,2026-10-06,15:27
AAL2079,MKJP,KMIA,2,2026-10-06,17:58
AAL2080,KORD,KCLT,7,2026-10-06,14:12
AAL2081,KDFW,KSMF,7,2026-10-06,13:53
AAL2081,KSMF,KDFW,7,2026-10-06,18:25
AAL2082,KPHL,KDEN,5,2026-10-04,16:11
AAL2083,KDCA,KRDU,7,2026-10-06,01:00
AAL2084,KMCO,KPHL,2,2026-10-06,20:19
AAL2084,KPHL,KMCO,7,2026-10-06,13:06
AAL2085,TXKF,KCLT,6,2026-10-06,19:03
AAL2086,KBOS,KPHL,7,2026-10-06,17:14
AAL2087,KFLL,KCLT,7,2026-10-06,13:07
AAL2088,KCLT,KIAH,2,2026-10-06,17:43
AAL2088,KIAH,KCLT,2,2026-10-06,21:24
AAL2088,KLGA,KDFW,5,2026-10-04,15:46
AAL2089,KFLL,KPHL,7,2026-10-06,11:07
AAL2090,KDFW,KMIA,6,2026-10-06,01:45
AAL2091,KDFW,KRDU,7,2026-10-06,17:34
AAL2091,KRDU,KDFW,5,2026-10-06,21:53
AAL2092,KLGA,KDFW,6,2026-10-06,00:44
AAL2093,KSAN,KPHL,7,2026-10-06,13:43
AAL2094,KPHX,KSJC,7,2026-10-06,23:50
AAL2094,KSJC,KPHX,3,2026-10-06,02:10
AAL2095,KPHL,KORD,5,2026-10-04,13:29
AAL2096,KATL,KORD,6,2026-10-05,01:14
AAL2096,KMIA,KBNA,1,2026-10-06,02:47
AAL2096,KORD,KATL,4,2026-10-05,23:00
AAL2097,KPIT,KORD,2,2026-10-06,10:12
AAL2098,KLGA,KPWM,2,2026-10-06,20:10
AAL2099,KJFK,KPHX,2,2026-10-06,12:47
AAL2099,KSDF,KCLT,5,2026-10-04,13:55
AAL21,EGLL,KDFW,7,2026-10-06,10:20
AAL2100,KCLT,KSAN,5,2026-10-04,11:22
AAL2100,KLAS,KCLT,1,2026-10-05,16:56
AAL2101,KMCI,KPHX,3,2026-10-04,19:46
AAL2101,KMIA,KRDU,2,2026-10-06,13:00
AAL2101,KRDU,KMIA,2,2026-10-06,15:43
AAL2102,KDFW,KFLG,6,2026-10-06,17:37
AAL2102,KFLG,KDFW,4,2026-10-05,20:34
AAL2103,KAUS,KDFW,4,2026-10-04,23:13
AAL2103,KDFW,KAUS,4,2026-10-04,21:08
AAL2103,KDFW,KPHX,2,2026-10-06,16:18
AAL2104,KDJT,KPHL,1,2026-10-05,19:36
AAL2104,KMIA,KBWI,4,2026-10-04,20:09
AAL2104,KPHL,KDJT,2,2026-10-06,19:46
AAL2105,KCLT,KILM,4,2026-10-04,21:44
AAL2105,KCLT,KSFO,1,2026-10-05,14:01
AAL2105,KILM,KCLT,2,2026-10-05,23:52
AAL2105,KSFO,KCLT,1,2026-10-06,20:43
AAL2106,KPHX,KLAS,3,2026-10-06,04:21
AAL2107,KMIA,KPHX,6,2026-10-06,00:15
AAL2108,KDFW,KPHX,4,2026-10-04,20:19
AAL2108,KMCO,KDFW,1,2026-10-06,23:47
AAL2109,KLAS,KPHX,5,2026-10-04,19:33
AAL2109,KMCO,KMIA,2,2026-10-06,20:51
AAL2109,KMIA,KMCO,2,2026-10-06,17:54
AAL2109,KPHX,KLAS,5,2026-10-04,17:22
AAL2110,KBOS,KPHL,5,2026-10-06,00:43
AAL2111,KSFO,KDFW,3,2026-10-06,07:22
AAL2112,KBNA,KORD,5,2026-10-04,21:32
AAL2112,KBNA,KPHX,2,2026-10-06,19:53
AAL2113,KCLT,KTPA,1,2026-10-06,12:49
AAL2113,KSFO,KORD,6,2026-10-05,06:07
AAL2113,KTPA,KCLT,1,2026-10-06,15:27
AAL2114,KDFW,KSNA,7,2026-10-06,14:16
AAL2114,KSNA,KDFW,6,2026-10-06,19:13
AAL2115,KLAX,KCLT,7,2026-10-06,06:51
AAL2116,KSFO,KDFW,7,2026-10-06,12:36
AAL2117,KCLT,KMCO,5,2026-10-04,16:55
AAL2117,KMCO,KCLT,2,2026-10-06,20:12
AAL2118,KLAX,KAUS,4,2026-10-06,23:54
AAL2119,KDFW,KMCO,7,2026-10-06,12:20
AAL2120,KCLT,KPWM,7,2026-10-06,00:41
AAL2121,KABQ,KDFW,1,2026-10-02,18:56
AAL2121,KDFW,KABQ,1,2026-10-02,16:27
AAL2121,KPHX,KDTW,3,2026-10-06,23:20
AAL2122,KAUS,KPHL,2,2026-10-06,20:14
AAL2122,KPHL,KAUS,2,2026-10-06,15:31
AAL2122,KPHX,KSAN,5,2026-10-04,18:41
AAL2123,KRDU,KORD,7,2026-10-06,13:50
AAL2124,KMIA,KJFK,6,2026-10-06,20:44
AAL2125,KDFW,KLAX,6,2026-10-05,23:23
AAL2126,KBNA,KORD,6,2026-10-05,23:12
AAL2127,KMCO,KCLT,2,2026-10-06,10:49
AAL2127,KPHL,KABQ,3,2026-10-04,15:03
AAL2128,KDCA,KMCO,7,2026-10-06,12:31
AAL2128,KMCO,KDCA,7,2026-10-06,15:49
AAL2129,KMIA,KPHL,6,2026-10-06,10:56
AAL2130,KSAN,KCLT,6,2026-10-05,05:51
AAL2131,KLAX,KORD,1,2026-10-04,22:52
AAL2131,KORD,KSAN,3,2026-10-03,15:19
AAL2131,KSAN,KORD,5,2026-10-06,20:59
AAL2131,KSAN,KLAX,1,2026-10-03,21:21
AAL2132,KPHL,KMIA,7,2026-10-06,00:09
AAL2133,KBDL,KCLT,7,2026-10-06,13:04
AAL2134,KMIA,KBOS,3,2026-10-04,15:03
AAL2134,KPHL,KCHS,1,2026-10-06,02:41
AAL2135,KDFW,KOMA,7,2026-10-06,13:06
AAL2135,KOMA,KDFW,7,2026-10-06,15:24
AAL2136,KDFW,KMCO,7,2026-10-06,13:57
AAL2136,KMCO,KDFW,6,2026-10-06,17:19
AAL2137,KLAX,KPHX,2,2026-10-06,21:42
AAL2138,KBOS,KDFW,2,2026-10-06,17:36
AAL2139,KDCA,KMCO,7,2026-10-06,00:29
AAL2140,KCLT,KMSP,2,2026-10-05,20:13
AAL2140,KMSP,KCLT,2,2026-10-06,23:26
AAL2141,KBOS,KLAX,7,2026-10-06,14:51
AAL2142,KBGR,KPHL,5,2026-10-04,20:42
AAL2142,KLGA,KDCA,2,2026-10-06,19:58
AAL2142,KPHL,KBGR,5,2026-10-04,18:05
AAL2143,KBOS,KMIA,2,2026-10-05,22:42
AAL2143,KCLT,KSRQ,1,2026-10-06,20:18
AAL2143,KMIA,KBOS,5,2026-10-04,18:32
AAL2143,KSRQ,KCLT,1,2026-10-06,22:39
AAL2144,KIAH,KMIA,7,2026-10-06,10:46
AAL2145,KBOS,KMIA,3,2026-10-04,19:37
AAL2145,KDFW,KEWR,1,2026-10-06,00:55
AAL2146,KPHX,KSMF,3,2026-10-06,04:05
AAL2147,KDFW,KONT,6,2026-10-06,01:48
AAL2148,KLAX,KPHL,4,2026-10-03,21:20
AAL2148,KLGA,KMIA,1,2026-10-06,22:09
AAL2149,KDCA,KLAS,7,2026-10-06,12:11
AAL215,MMUN,KORD,2,2026-10-02,21:28
AAL2150,KDFW,KXNA,4,2026-10-06,22:46
AAL2150,KXNA,KDFW,4,2026-10-06,01:10
AAL2151,KDFW,KMCO,5,2026-10-04,16:35
AAL2151,KORD,KBNA,1,2026-10-06,04:33
AAL2152,KCHS,KMIA,2,2026-10-03,22:58
AAL2152,KDFW,KPHL,1,2026-10-06,22:02
AAL2152,KMIA,KCHS,2,2026-10-02,20:18
AAL2153,KDFW,KMEM,5,2026-10-06,22:27
AAL2154,KCHS,KORD,7,2026-10-06,18:15
AAL2154,KORD,KCHS,5,2026-10-04,15:04
AAL2155,KDFW,KPHX,2,2026-10-06,17:11
AAL2155,KPHL,KORD,5,2026-10-04,01:03
AAL2156,KPHX,KEWR,5,2026-10-06,05:20
AAL2157,KDFW,KMSY,5,2026-10-06,13:12
AAL2157,KMSY,KDFW,7,2026-10-06,15:21
AAL2158,KCHS,KDFW,4,2026-10-04,18:26
AAL2158,KCHS,KIAH,1,2026-09-30,18:45
AAL2158,KDFW,KCHS,5,2026-10-04,14:34
AAL2158,KIAH,KDFW,1,2026-09-30,22:40
AAL2158,KORD,KSFO,1,2026-10-06,03:36
AAL2159,KBOS,KDCA,2,2026-10-06,10:22
AAL2159,KORD,KABQ,6,2026-10-05,01:46
AAL2161,KJFK,KMIA,2,2026-10-06,10:19
AAL2161,KSFO,KPHL,5,2026-10-04,13:12
AAL2163,KBDL,KORD,6,2026-10-06,11:08
AAL2164,KPHL,KBOS,1,2026-10-06,03:05
AAL2165,KORD,KBDL,7,2026-10-06,01:13
AAL2166,KCHS,KDFW,4,2026-10-06,21:03
AAL2166,KDFW,KCHS,4,2026-10-04,17:43
AAL2167,KDFW,KOMA,1,2026-10-06,23:45
AAL2167,KORD,KRDU,6,2026-10-05,01:06
AAL2168,KDFW,KCLT,4,2026-10-04,13:57
AAL2168,KOMA,KDFW,1,2026-10-06,12:45
AAL2169,KBOS,KPHL,1,2026-10-06,05:05
AAL2169,KORD,KLAS,5,2026-10-04,12:16
AAL2170,KCLT,KMCO,5,2026-10-04,12:45
AAL2170,KMCO,KCLT,5,2026-10-04,15:15
AAL2170,KOKC,KDFW,2,2026-10-06,11:47
AAL2172,KMIA,KLGA,6,2026-10-06,20:58
AAL2173,KDCA,KCLT,1,2026-10-06,02:28
AAL2174,KABQ,KORD,5,2026-10-04,12:10
AAL2174,KCLT,KDEN,2,2026-10-06,17:41
AAL2174,KDEN,KCLT,1,2026-10-06,22:13
AAL2175,MMUN,KPHL,2,2026-10-06,17:49
AAL2176,KCLT,KMSP,6,2026-10-06,00:22
AAL2177,KOKC,KCLT,1,2026-10-04,18:30
AAL2177,KSNA,KCLT,6,2026-10-06,14:13
AAL2177,KSNA,KOKC,1,2026-10-04,15:19
AAL2178,KDFW,KLGA,7,2026-10-06,15:54
AAL2178,KLGA,KDFW,3,2026-10-04,19:23
AAL2179,KAUS,MMUN,3,2026-10-03,14:09
AAL2180,KCLT,KCMH,5,2026-10-04,14:45
AAL2180,KCMH,KCLT,5,2026-10-04,16:47
AAL2180,KLAS,KPHL,2,2026-10-06,14:22
AAL2182,KDCA,KCLT,7,2026-10-06,21:40
AAL2183,KMIA,KDFW,7,2026-10-06,18:18
AAL2184,KPHL,KMIA,7,2026-10-06,12:33
AAL2185,KCLT,KMDT,2,2026-10-06,12:33
AAL2185,KVPS,KCLT,5,2026-10-04,12:25
AAL2186,KDFW,KMCO,3,2026-10-06,00:18
AAL2187,KDFW,KTUS,4,2026-10-04,15:57
AAL2187,KTUS,KDFW,4,2026-10-04,19:18
AAL2188,KMIA,KPHL,5,2026-10-06,02:17
AAL2189,KPHL,KCLT,6,2026-10-05,23:24
AAL2191,KMIA,KPHL,7,2026-10-06,18:12
AAL2192,KORD,KPHX,5,2026-10-06,16:00
AAL2193,KTUS,KDFW,6,2026-10-06,13:10
AAL2194,KMIA,KORD,7,2026-10-06,23:11
AAL2195,KSLC,KDFW,6,2026-10-06,14:53
AAL2196,KAUS,KDFW,5,2026-10-04,12:21
AAL2196,KIAH,KPHL,2,2026-10-06,18:38
AAL2196,KPHL,KIAH,2,2026-10-06,14:07
AAL2197,KCLT,KVPS,5,2026-10-05,01:30
AAL2197,KDFW,KJAX,1,2026-10-06,01:55
AAL2198,KAUS,KDFW,4,2026-10-04,22:24
AAL2198,KDTW,KCLT,1,2026-10-05,22:00
AAL2198,KMDT,KCLT,1,2026-10-06,15:03
AAL2199,KCLT,KLAS,1,2026-10-06,01:00
AAL2199,KTPA,KMIA,5,2026-10-04,10:08
AAL2200,KCHS,KPHL,2,2026-10-06,10:11
AAL2200,KORF,KCLT,5,2026-10-04,19:52
AAL2201,KPHX,KORD,7,2026-10-06,02:12
AAL2203,KDCA,KCHS,5,2026-10-06,01:24
AAL2204,KRIC,KDFW,6,2026-10-06,11:05
AAL2205,KSFO,KDFW,3,2026-10-06,22:54
AAL2206,KDFW,KMIA,7,2026-10-06,00:50
AAL2207,KDFW,MMUN,2,2026-10-05,18:06
AAL2208,KDJT,KCLT,3,2026-10-03,18:57
AAL2208,KORD,KSTL,2,2026-10-06,14:38
AAL2208,KPHX,KSEA,2,2026-10-04,18:00
AAL2208,KSEA,KPHX,2,2026-10-05,22:30
AAL2208,KSTL,KORD,2,2026-10-06,16:33
AAL2209,KDFW,KIAH,7,2026-10-06,03:02
AAL2210,KPHX,KDFW,7,2026-10-06,00:24
AAL2211,KLAX,KPHX,6,2026-10-05,02:14
AAL2211,KMSP,KORD,2,2026-10-06,10:51
AAL2212,KDFW,KSDF,4,2026-10-05,00:59
AAL2213,KDFW,KPHL,7,2026-10-06,20:06
AAL2214,KDCA,KMIA,5,2026-10-05,01:17
AAL2218,KCLT,KJAX,1,2026-10-04,19:52
AAL2218,KLAS,KLAX,2,2026-10-06,21:42
AAL2218,KLAX,KLAS,2,2026-10-06,19:26
AAL2219,MMUN,KDFW,1,2026-10-01,19:56
AAL2220,KDFW,KMSP,7,2026-10-06,12:22
AAL2220,KMSP,KDFW,7,2026-10-06,15:31
AAL2221,KATL,KLAX,5,2026-10-05,22:14
AAL2221,KLGA,KRDU,2,2026-10-06,14:22
AAL2221,KRDU,KLGA,2,2026-10-06,17:00
AAL2222,KLAX,KPHL,7,2026-10-06,14:14
AAL2223,KLGA,KORD,7,2026-10-06,13:38
AAL2224,KMCO,KLGA,1,2026-10-06,23:52
AAL2224,KORD,KJFK,4,2026-10-05,21:35
AAL2225,KGEG,KPHX,2,2026-10-06,13:37
AAL2225,KPHL,KLAX,4,2026-10-05,20:01
AAL2226,KMIA,KBOS,4,2026-10-04,11:08
AAL2226,KPHX,KSAN,2,2026-10-06,15:51
AAL2226,KSAN,KPHX,2,2026-10-06,17:42
AAL2227,KCLT,KSAN,1,2026-10-06,23:46
AAL2227,KDJT,KPHL,5,2026-10-05,17:12
AAL2227,KPHL,KDJT,5,2026-10-04,13:23
AAL2227,KSAN,KCLT,1,2026-10-06,05:50
AAL2228,KJFK,KMIA,5,2026-10-04,20:22
AAL2228,KPHX,KBOS,1,2026-10-06,19:54
AAL2229,KDFW,KDSM,2,2026-10-06,23:35
AAL2229,KDSM,KDFW,2,2026-10-06,02:51
AAL2230,KMIA,KIAH,7,2026-10-06,00:41
AAL2231,KMIA,KCLT,7,2026-10-06,01:55
AAL2232,KLGA,KCLT,7,2026-10-06,21:24
AAL2233,KDFW,MMMX,7,2026-10-06,23:41
AAL2234,KJFK,KDFW,7,2026-10-06,12:06
AAL2235,KDFW,KDEN,6,2026-10-06,00:14
AAL2236,KCLT,KCMH,5,2026-10-04,17:24
AAL2236,KCMH,KCLT,5,2026-10-04,19:32
AAL2236,KPHL,KRSW,1,2026-10-06,00:23
AAL2237,KDFW,KMSY,6,2026-10-06,01:13
AAL2238,KLGA,KDFW,6,2026-10-06,23:28
AAL2239,KCLT,KRIC,5,2026-10-05,00:59
AAL2240,KMCO,KMIA,7,2026-10-06,14:14
AAL2241,KRSW,KCLT,7,2026-10-06,12:58
AAL2242,KDFW,KGSO,6,2026-10-06,19:37
AAL2242,KGSO,KDFW,3,2026-10-06,22:35
AAL2243,KIAH,KORD,5,2026-10-05,00:38
AAL2243,KORD,KIAH,4,2026-10-04,21:18
AAL2243,KPHL,KMIA,2,2026-10-06,17:31
AAL2244,KDFW,KBNA,4,2026-10-04,21:25
AAL2244,KLAX,KSFO,1,2026-10-06,01:50
AAL2244,KSFO,KLAX,1,2026-10-06,03:47
AAL2245,KPHL,KPDX,6,2026-10-05,00:39
AAL2247,KBOS,KMIA,3,2026-10-06,18:25
AAL2247,KMIA,KBOS,1,2026-09-30,12:48
AAL2251,KDFW,KBWI,5,2026-10-06,00:10
AAL2251,KDFW,KIAD,1,2026-10-02,03:21
AAL2251,KIAD,KBWI,1,2026-10-02,13:52
AAL2252,KMIA,KIND,2,2026-10-06,20:47
AAL2252,KPHL,KLAX,6,2026-10-05,00:01
AAL2253,KCMH,KPHL,5,2026-10-04,17:10
AAL2253,KORD,KSFO,2,2026-10-06,19:49
AAL2253,KPHL,KCMH,5,2026-10-04,14:38
AAL2253,KSFO,KORD,1,2026-10-06,00:40
AAL2254,KDFW,KIAD,6,2026-10-06,23:15
AAL2255,KDFW,KPHL,7,2026-10-06,13:54
AAL2256,KDFW,KTPA,5,2026-10-06,00:51
AAL2257,KDFW,KORD,6,2026-10-05,23:38
AAL2257,KPHL,KTPA,2,2026-10-06,17:15
AAL2257,KTPA,KPHL,2,2026-10-06,20:24
AAL2258,KLAS,KORD,7,2026-10-06,13:47
AAL2260,KCLT,KCLE,6,2026-10-05,02:04
AAL2261,KSTL,KDFW,6,2026-10-06,10:46
AAL2262,KMIA,KLGA,6,2026-10-06,00:10
AAL2263,KCLT,KBOS,5,2026-10-04,14:41
AAL2263,KPHX,KMIA,1,2026-10-06,07:12
AAL2264,KCLT,KSRQ,2,2026-10-06,12:28
AAL2264,KSRQ,KCLT,7,2026-10-06,11:36
AAL2265,KBNA,KPHL,2,2026-10-06,20:59
AAL2265,KPHL,KBNA,2,2026-10-06,18:02
AAL2266,KDFW,KSAN,7,2026-10-06,22:32
AAL2266,KSAN,KDFW,3,2026-10-06,02:35
AAL2267,KDFW,KMCI,5,2026-10-06,23:54
AAL2268,KCLT,KLGA,4,2026-10-04,15:58
AAL2268,KLGA,KCLT,1,2026-10-06,01:24
AAL2269,KDFW,KOMA,6,2026-10-06,21:04
AAL2269,KOMA,KDFW,5,2026-10-06,00:01
AAL226G,KCLT,KCMH,1,2026-10-06,10:14
AAL2270,KDFW,KOMA,5,2026-10-06,02:43
AAL2270,KOMA,KDFW,2,2026-10-06,00:57
AAL2271,KMIA,KLGA,7,2026-10-06,22:18
AAL2272,KOKC,KDFW,5,2026-10-06,13:04
AAL2273,KOKC,KCLT,7,2026-10-06,12:41
AAL2274,KORF,KDFW,7,2026-10-06,11:17
AAL2275,KALB,KCLT,1,2026-10-05,23:27
AAL2275,KCLT,KALB,1,2026-10-04,20:40
AAL2275,KSFO,KDFW,2,2026-10-06,20:02
AAL2276,KCHS,KPHL,1,2026-10-06,01:14
AAL2276,KDJT,KDFW,5,2026-10-04,19:21
AAL2276,KPHL,KCHS,1,2026-10-06,22:59
AAL2277,KPHL,KBNA,7,2026-10-06,00:36
AAL2278,KCLT,KOMA,5,2026-10-04,16:58
AAL2278,KCLT,KJFK,2,2026-10-06,12:55
AAL2278,KOMA,KCLT,1,2026-10-05,22:44
AAL2279,KMCO,KORD,5,2026-10-06,12:34
AAL2279,KORD,KDFW,1,2026-10-05,10:37
AAL2280,KPHL,KLAS,7,2026-10-06,13:36
AAL2281,KORD,KDFW,6,2026-10-06,03:07
AAL2282,KDEN,KPHL,2,2026-10-06,18:20
AAL2282,KDFW,KORF,5,2026-10-04,15:43
AAL2282,KORF,KDFW,4,2026-10-04,19:37
AAL2282,KPHL,KDEN,2,2026-10-06,13:06
AAL2283,KPHX,KSNA,2,2026-10-06,17:28
AAL2283,KSNA,KPHX,7,2026-10-06,20:36
AAL2284,KDCA,KORD,5,2026-10-04,17:48
AAL2284,KPHX,KDSM,1,2026-10-06,02:44
AAL2285,KMCI,KORD,1,2026-10-05,00:19
AAL2285,KPHL,KTPA,2,2026-10-06,11:22
AAL2285,KSNA,KORD,4,2026-10-03,19:20
AAL2285,KSNA,KMCI,1,2026-10-04,19:47
AAL2285,KTPA,KPHL,2,2026-10-06,15:04
AAL2286,KBWI,KCLT,2,2026-10-06,19:30
AAL2286,KCLT,KBWI,2,2026-10-06,17:24
AAL2286,KIAD,KDCA,1,2026-10-03,01:43
AAL2286,KSTL,KDCA,2,2026-10-04,22:16
AAL2286,KSTL,KIAD,1,2026-10-03,22:14
AAL2287,KCLT,KMSY,7,2026-10-06,12:47
AAL2287,KMSY,KCLT,7,2026-10-06,15:29
AAL2288,KDFW,KORF,3,2026-10-05,20:34
AAL2288,KORF,KDFW,3,2026-10-06,00:00
AAL2289,KMIA,KDFW,6,2026-10-06,23:54
AAL2290,KLAX,KMIA,1,2026-10-06,06:58
AAL2291,KDFW,KMSY,2,2026-10-04,03:23
AAL2291,KMSY,KDFW,3,2026-10-06,01:15
AAL2292,KAUS,KJFK,6,2026-10-06,11:20
AAL2293,KLAX,KPHX,3,2026-10-06,03:28
AAL2294,KAUS,KMIA,2,2026-10-06,12:36
AAL2294,KORD,KBOS,4,2026-10-05,19:53
AAL2295,KJAC,KSLC,1,2026-10-04,18:50
AAL2295,KJFK,KJAC,1,2026-10-04,22:56
AAL2295,KORD,KDEN,1,2026-10-06,03:15
AAL2296,KCLT,KSDF,2,2026-10-06,21:35
AAL2296,KSDF,KCLT,3,2026-10-06,21:26
AAL2297,KMIA,KCLT,7,2026-10-06,17:58
AAL2298,KCLT,KJAX,1,2026-10-06,19:22
AAL2298,KDFW,KPDX,6,2026-10-05,03:34
AAL2298,KJAX,KCLT,1,2026-10-06,23:30
AAL2299,KDFW,KSTL,1,2026-10-06,17:45
AAL2299,KRDU,KLAX,7,2026-10-06,22:14
AAL2299,KSTL,KDFW,1,2026-10-06,20:09
AAL2300,KPHX,KPHL,5,2026-10-06,16:06
AAL2301,KPHX,KPHL,7,2026-10-06,06:27
AAL2302,KCLT,KDFW,1,2026-10-06,04:02
AAL2302,KIAH,KORD,6,2026-10-05,22:25
AAL2302,KORD,KIAH,5,2026-10-04,18:26
AAL2303,KJFK,KAUS,5,2026-10-04,16:47
AAL2303,KPHL,KSAV,2,2026-10-06,20:30
AAL2303,KSAV,KPHL,1,2026-10-06,23:07
AAL2304,KDCA,KORD,2,2026-10-06,10:04
AAL2304,KDFW,KICT,2,2026-10-03,19:58
AAL2304,KICT,KDFW,2,2026-10-03,22:16
AAL2305,KSFO,KDFW,7,2026-10-06,13:54
AAL2306,KDFW,KBOS,6,2026-10-06,21:41
AAL2307,KCLT,KPIT,5,2026-10-04,20:14
AAL2307,KELP,KPHX,1,2026-10-06,14:51
AAL2307,KPHL,KORD,1,2026-10-05,15:46
AAL2308,KIND,KMIA,7,2026-10-06,10:12
AAL2309,KDFW,KSFO,5,2026-10-04,13:54
AAL2309,KTUL,KDFW,1,2026-10-06,00:45
AAL2310,KCLT,KPIT,7,2026-10-06,12:36
AAL2310,KPIT,KCLT,5,2026-10-04,15:09
AAL2311,KMIA,KLAX,1,2026-10-06,00:38
AAL2312,KDFW,KPWM,6,2026-10-06,19:32
AAL2313,KPIT,KMIA,7,2026-10-06,10:15
AAL2314,KBWI,KDFW,5,2026-10-06,16:31
AAL2314,KDFW,KBWI,6,2026-10-06,12:20
AAL2315,KBOS,KPHX,6,2026-10-06,11:07
AAL2315,KBOS,KDFW,1,2026-09-30,11:15
AAL2315,KDFW,KPHX,1,2026-09-30,16:57
AAL2316,KDFW,KCAE,1,2026-10-06,04:37
AAL2317,KCLT,KSAV,1,2026-10-05,13:11
AAL2317,KSAV,KCLT,1,2026-10-05,14:54
AAL2318,KCLT,KPVD,7,2026-10-06,01:22
AAL2319,KELP,KDFW,1,2026-10-06,13:16
AAL2320,KCLT,KROC,6,2026-10-06,20:08
AAL2320,KROC,KCLT,5,2026-10-06,22:31
AAL2321,KDFW,KSDF,2,2026-10-06,20:49
AAL2321,KMIA,KRDU,5,2026-10-04,12:36
AAL2321,KRDU,KMIA,5,2026-10-04,15:31
AAL2321,KSDF,KDFW,1,2026-10-06,23:34
AAL2322,KPHL,KTPA,6,2026-10-06,00:39
AAL2323,KORD,KMIA,7,2026-10-06,22:05
AAL2324,KAUS,KMIA,3,2026-10-05,23:16
AAL2324,KMIA,KAUS,3,2026-10-04,20:56
AAL2324,KMSY,KPHL,2,2026-10-06,16:59
AAL2324,KPHL,KMSY,2,2026-10-06,12:59
AAL2325,KDFW,KSFO,5,2026-10-04,18:38
AAL2325,KSFO,KDFW,1,2026-10-06,01:14
AAL2326,KDSM,KDFW,7,2026-10-06,11:49
AAL2327,KDFW,KLGA,6,2026-10-06,17:33
AAL2327,KLGA,KDFW,2,2026-10-01,21:55
AAL2328,KDFW,KPNS,2,2026-10-02,22:23
AAL2328,KPNS,KDFW,3,2026-10-06,21:20
AAL2329,KDFW,KJAX,1,2026-09-30,14:39
AAL2329,KDFW,KSMF,1,2026-10-06,02:34
AAL2329,KJAX,KDFW,3,2026-10-04,18:55
AAL2329,KSMF,KDFW,1,2026-10-06,07:01
AAL2330,KLAS,KCLT,4,2026-10-05,07:00
AAL2330,KLGA,KTPA,1,2026-10-06,12:14
AAL2331,KCLE,KDFW,7,2026-10-06,12:12
AAL2332,KPHX,KRDU,4,2026-10-06,23:23
AAL2333,KDFW,KSFO,6,2026-10-06,23:51
AAL2334,KSFO,KPHX,7,2026-10-06,19:31
AAL2335,KJAC,KJFK,4,2026-10-04,16:11
AAL2336,KCLT,KDJT,1,2026-10-05,19:18
AAL2336,KDFW,KCLE,5,2026-10-04,16:56
AAL2336,KDJT,KCLT,1,2026-10-05,21:44
AAL2337,KCMH,KDFW,1,2026-10-05,05:23
AAL2337,KDFW,KCMH,4,2026-10-05,21:07
AAL2337,KSLC,KPHL,2,2026-10-06,12:38
AAL2338,KCLT,KPVD,5,2026-10-06,20:24
AAL2338,KPVD,KCLT,6,2026-10-06,22:57
AAL2339,KPHX,KJFK,7,2026-10-06,17:15
AAL234,KSFO,KJFK,7,2026-10-06,14:22
AAL2340,KCLT,KONT,1,2026-10-06,01:14
AAL2340,KEWR,KPHX,1,2026-10-02,23:45
AAL2340,KPHL,KBOS,1,2026-10-05,00:35
AAL2341,KMIA,KJFK,6,2026-10-06,12:49
AAL2341,KMSY,KORD,1,2026-10-05,11:27
AAL2342,KSAT,KDFW,7,2026-10-06,11:07
AAL2343,KORD,KSAN,7,2026-10-06,11:56
AAL2343,KSAN,KORD,7,2026-10-06,18:08
AAL2344,KDCA,KMIA,6,2026-10-06,09:12
AAL2345,KORD,KDCA,7,2026-10-06,12:59
AAL2346,KDFW,KORD,6,2026-10-06,02:15
AAL2347,KMIA,KSFO,7,2026-10-06,01:05
AAL2347,KSFO,KMIA,1,2026-10-06,06:09
AAL2348,KDFW,KTUL,6,2026-10-06,13:59
AAL2348,KTUL,KDFW,6,2026-10-06,15:48
AAL2349,KCVG,KCLT,5,2026-10-04,10:04
AAL2349,KDFW,KSMF,1,2026-10-06,00:31
AAL235,LIRF,KJFK,7,2026-10-06,08:35
AAL2350,KDFW,MMMX,6,2026-10-06,20:43
AAL2351,MMMX,KDFW,6,2026-10-06,00:27
AAL2352,KDFW,KTUL,6,2026-10-06,16:13
AAL2352,KTUL,KDFW,6,2026-10-06,18:11
AAL2353,KBOI,KORD,5,2026-10-06,21:26
AAL2353,KBOI,KIND,1,2026-10-02,00:27
AAL2353,KIND,KORD,1,2026-10-02,07:27
AAL2353,KORD,KBOI,7,2026-10-06,16:44
AAL2354,KCLT,KFLL,1,2026-10-05,18:40
AAL2354,KFLL,KCLT,1,2026-10-05,21:41
AAL2354,KPHL,KMSY,5,2026-10-04,13:28
AAL2355,KDCA,KDJT,5,2026-10-04,16:30
AAL2355,KDCA,KPWM,2,2026-10-06,18:46
AAL2355,KDJT,KDCA,4,2026-10-04,19:54
AAL2356,KPHL,KDFW,5,2026-10-06,20:59
AAL2357,KIAH,KPHX,7,2026-10-06,19:33
AAL2357,KPHX,KIAH,7,2026-10-06,16:05
AAL2358,KBOS,KCLT,2,2026-10-06,14:32
AAL2358,KSFO,KORD,6,2026-10-05,20:46
AAL2359,KDEN,KDFW,7,2026-10-06,19:51
AAL2359,KDFW,KDEN,7,2026-10-06,16:51
AAL236,KJFK,LIRF,7,2026-10-06,00:02
AAL2360,KCLT,KBNA,2,2026-10-06,22:29
AAL2360,KSNA,KPHX,5,2026-10-04,17:14
AAL2361,KDFW,KSAN,4,2026-10-06,21:17
AAL2361,KSAN,KDFW,3,2026-10-06,00:52
AAL2362,KORD,KBNA,7,2026-10-06,16:46
AAL2363,KDEN,KORD,7,2026-10-06,18:57
AAL2363,KORD,KDEN,7,2026-10-06,15:07
AAL2364,KCLT,KIAH,1,2026-10-05,20:16
AAL2364,KIAH,KCLT,1,2026-10-06,23:57
AAL2364,KORD,KLAX,5,2026-10-05,23:49
AAL2365,KPHL,KRSW,6,2026-10-06,13:17
AAL2365,KRSW,KPHL,6,2026-10-06,17:02
AAL2366,KCLT,KDEN,1,2026-10-06,01:30
AAL2366,KDEN,KCLT,1,2026-10-06,06:05
AAL2366,KLAS,KORD,6,2026-10-05,23:23
AAL2368,KDFW,KSAT,7,2026-10-06,00:32
AAL2368,KSAT,KDFW,1,2026-10-05,01:28
AAL2369,KJFK,KPHX,7,2026-10-06,11:34
AAL2370,KCAE,KDFW,2,2026-10-06,11:54
AAL2370,MKJP,KMIA,5,2026-10-04,18:23
AAL2371,KDFW,KLAS,7,2026-10-06,03:07
AAL2372,KSAV,KCLT,5,2026-10-04,21:45
AAL2373,KDFW,CYVR,7,2026-10-06,00:34
AAL2374,KDFW,KSAT,5,2026-10-06,23:32
AAL2375,KSAT,KPHX,5,2026-10-06,21:37
AAL2376,KDFW,KLAS,6,2026-10-06,18:48
AAL2376,KLAS,KDFW,6,2026-10-05,22:24
AAL2377,KSAT,KDFW,6,2026-10-06,13:47
AAL2378,KLGA,KMIA,6,2026-10-06,15:35
AAL2379,KSEA,KORD,2,2026-10-06,07:20
AAL238,KLAX,KJFK,7,2026-10-06,17:24
AAL2380,KCMH,KDFW,6,2026-10-06,10:06
AAL2381,KPHL,KLAS,4,2026-10-06,21:17
AAL2384,KCLT,KMDT,4,2026-10-03,12:51
AAL2384,KCLT,KBWI,1,2026-10-04,22:30
AAL2385,KTPA,KDCA,7,2026-10-06,11:13
AAL2386,KGRR,KORD,5,2026-10-04,11:25
AAL2386,KPHL,KORD,2,2026-10-06,10:05
AAL2387,KDFW,KSFO,7,2026-10-06,16:50
AAL2387,KSFO,KDFW,6,2026-10-06,21:43
AAL2388,KDFW,KMSN,2,2026-10-06,14:14
AAL2388,KLAX,KPHX,5,2026-10-04,17:04
AAL2388,KMSN,KDFW,2,2026-10-06,17:16
AAL2388,KPHX,KLAX,5,2026-10-04,14:27
AAL2389,CYYC,KORD,7,2026-10-06,20:04
AAL2389,KORD,CYYC,7,2026-10-06,15:11
AAL239,LIRF,KDFW,5,2026-10-06,11:56
AAL2390,KDFW,KLBB,4,2026-10-04,16:19
AAL2390,KLBB,KDFW,4,2026-10-04,18:15
AAL2390,KLGA,KCLT,1,2026-10-06,23:54
AAL2391,KPHX,KATL,7,2026-10-06,22:55
AAL2392,KORD,KSEA,7,2026-10-06,00:10
AAL2394,KALB,KCLT,1,2026-10-06,23:01
AAL2395,KCLT,KMKE,5,2026-10-05,20:21
AAL2395,KMKE,KCLT,6,2026-10-05,23:05
AAL2396,KFAT,KPHX,7,2026-10-06,20:27
AAL2396,KPHX,KFAT,7,2026-10-06,17:47
AAL2397,KCHS,KMIA,1,2026-10-06,23:43
AAL2397,KCLT,KFLL,5,2026-10-04,19:42
AAL2397,KMIA,KCHS,1,2026-10-05,21:30
AAL2397,KSFO,KCLT,1,2026-10-06,19:19
AAL2398,KATL,KDFW,4,2026-10-06,22:25
AAL2398,KDFW,KATL,6,2026-10-06,18:36
AAL2399,KDFW,KDCA,4,2026-10-04,15:06
AAL2399,KDFW,KAVL,1,2026-10-06,01:22
AAL239R,KBHM,KDFW,1,2026-10-06,19:40
AAL240,KDFW,LIRF,6,2026-10-06,00:16
AAL2400,KAVL,KDFW,2,2026-10-06,11:25
AAL2400,KORD,KMDT,6,2026-10-05,00:43
AAL2401,KDFW,KTPA,7,2026-10-06,23:11
AAL2402,KBNA,KCLT,1,2026-10-05,00:39
AAL2402,KCLT,KBNA,2,2026-10-06,04:08
AAL2403,KATL,KDFW,2,2026-10-06,01:54
AAL2403,KDFW,KATL,5,2026-10-06,21:50
AAL2404,KPHL,KBOS,6,2026-10-06,00:40
AAL2405,KATL,KPHL,3,2026-10-05,00:01
AAL2405,KAUS,KPHL,2,2026-10-06,18:18
AAL2405,KPHL,KAUS,2,2026-10-06,13:09
AAL2406,KDFW,KMSP,5,2026-10-06,21:15
AAL2406,KMSP,KDFW,7,2026-10-06,00:40
AAL2407,KBOS,KLAX,1,2026-10-06,21:59
AAL2407,KCLT,KSEA,5,2026-10-04,12:52
AAL2408,KPHL,KLAX,7,2026-10-06,14:52
AAL2409,KCLT,KBNA,5,2026-10-04,16:34
AAL2409,KMIA,KPHL,2,2026-10-06,12:03
AAL241,KPHL,KDFW,1,2026-10-04,16:19
AAL2410,KCLT,KSFO,7,2026-10-06,22:00
AAL2411,KCLT,KSFO,3,2026-10-05,19:49
AAL2411,KMIA,KBOS,2,2026-10-04,19:02
AAL2411,KSFO,KCLT,1,2026-10-05,18:05
AAL2412,KAUS,KPHX,1,2026-10-06,23:46
AAL2412,KCLT,KSFO,1,2026-10-06,12:53
AAL2412,KPHL,KTPA,5,2026-10-04,16:43
AAL2412,KPHX,KAUS,1,2026-10-05,20:40
AAL2413,KCLT,KILM,4,2026-10-04,18:08
AAL2413,KILM,KCLT,4,2026-10-04,20:26
AAL2413,KSDF,KCLT,2,2026-10-06,12:44
AAL2414,KSFO,KPHX,6,2026-10-06,15:26
AAL2415,KCLT,KBZN,2,2026-10-04,15:18
AAL2415,KCLT,KEWR,1,2026-10-06,01:24
AAL2415,KEWR,KCLT,2,2026-10-02,21:52
AAL2416,KEWR,KORD,5,2026-10-04,19:10
AAL2416,KIAH,KORD,1,2026-10-06,01:29
AAL2416,KORD,KEWR,5,2026-10-04,15:28
AAL2416,KORD,KIAH,1,2026-10-06,22:12
AAL2417,KDFW,MMMX,6,2026-10-06,00:56
AAL2418,KIND,KORD,5,2026-10-05,01:14
AAL2418,KORD,KIND,5,2026-10-05,22:38
AAL2420,KEWR,KCLT,1,2026-10-01,21:41
AAL2421,KPHX,KSFO,6,2026-10-06,00:53
AAL2422,KMIA,MMUN,3,2026-10-06,16:48
AAL2423,KCLT,KORD,7,2026-10-06,19:16
AAL2424,KMIA,KLGA,6,2026-10-06,14:41
AAL2425,KPSP,KDFW,5,2026-10-05,13:20
AAL2426,KDFW,KSDF,1,2026-10-06,02:59
AAL2427,KIAH,KPHL,5,2026-10-04,17:30
AAL2427,KMIA,KPHX,1,2026-10-06,02:14
AAL2428,KCLT,KMIA,2,2026-10-06,17:28
AAL2428,KCLT,KSFO,1,2026-10-04,13:55
AAL2429,KORD,KDFW,6,2026-10-06,20:15
AAL2430,KDFW,KMCI,5,2026-10-06,12:26
AAL2430,KMCI,KDFW,6,2026-10-06,14:58
AAL2431,KCLT,KMYR,4,2026-10-06,14:28
AAL2432,KCLT,KDCA,7,2026-10-06,01:03
AAL2433,KORD,KAUS,6,2026-10-05,01:33
AAL2434,KDFW,KLGA,6,2026-10-06,20:38
AAL2435,KAUS,KDFW,1,2026-10-01,16:08
AAL2435,KSAV,KDFW,6,2026-10-06,11:18
AAL2435,KSAV,KAUS,1,2026-10-01,11:46
AAL2436,KDFW,KPHL,1,2026-10-05,10:28
AAL2436,KMIA,KDEN,5,2026-10-04,14:06
AAL2437,KORD,KRSW,7,2026-10-06,12:04
AAL2437,KRSW,KORD,7,2026-10-06,16:01
AAL2438,KDFW,KIAH,2,2026-10-06,21:31
AAL2438,KIAH,KDFW,1,2026-10-06,00:25
AAL2439,KBNA,KORD,2,2026-10-06,14:12
AAL2439,KPHL,KRSW,5,2026-10-04,18:45
AAL2440,KJFK,KLAS,7,2026-10-06,22:22
AAL2441,KCLT,KSAT,2,2026-10-06,01:05
AAL2442,KBUF,KCLT,7,2026-10-06,21:02
AAL2442,KCLT,KBUF,7,2026-10-06,18:12
AAL2443,KCLT,KMSN,4,2026-10-04,16:35
AAL2443,KMCI,KMIA,1,2026-10-06,23:02
AAL2443,KMIA,KMCI,1,2026-10-05,18:34
AAL2443,KMSN,KCLT,5,2026-10-04,19:26
AAL2444,KORD,KSTL,6,2026-10-06,00:46
AAL2445,KCLT,KIAH,7,2026-10-06,12:37
AAL2445,KIAH,KCLT,4,2026-10-03,16:21
AAL2446,KBOS,KMIA,2,2026-10-06,15:24
AAL2446,KLAS,KPHX,5,2026-10-04,20:28
AAL2447,KCHS,KPHL,5,2026-10-04,17:49
AAL2447,KPHL,KCHS,5,2026-10-04,15:08
AAL2448,KMDT,KORD,2,2026-10-06,10:18
AAL2448,KMSP,KORD,5,2026-10-04,19:49
AAL2448,KORD,KMSP,5,2026-10-04,17:17
AAL2449,KDFW,KJAX,2,2026-10-06,23:25
AAL2451,KMIA,MROC,2,2026-10-06,15:41
AAL2451,KORD,KDFW,4,2026-10-04,19:28
AAL2452,KORD,KMIA,5,2026-10-05,11:19
AAL2453,KLAX,KBOS,7,2026-10-06,07:08
AAL2454,KPHX,KSNA,7,2026-10-06,17:49
AAL2454,KSNA,KPHX,6,2026-10-06,20:26
AAL2455,KBOS,KLAX,7,2026-10-06,11:14
AAL2456,KIND,KDFW,4,2026-10-05,22:05
AAL2456,KORD,KBOS,2,2026-10-06,20:28
AAL2457,KMCO,KDFW,6,2026-10-05,22:58
AAL2457,KPHL,KIAH,1,2026-10-06,00:14
AAL2458,KMIA,KLAX,6,2026-10-06,02:06
AAL2459,KJFK,KSNA,7,2026-10-06,12:13
AAL2459,KLAX,KJFK,1,2026-10-05,22:14
AAL2459,KSNA,KJFK,3,2026-10-06,20:01
AAL2459,KSNA,KLAX,1,2026-10-04,20:30
AAL2460,KDFW,KVPS,4,2026-10-04,14:52
AAL2460,KLAX,KMIA,2,2026-10-06,15:16
AAL2460,KVPS,KDFW,4,2026-10-04,17:31
AAL2461,KDFW,KMIA,6,2026-10-06,18:15
AAL2462,KPHL,KFLL,7,2026-10-06,22:47
AAL2463,KPHX,KSNA,7,2026-10-06,21:30
AAL2463,KSNA,KPHX,7,2026-10-06,23:41
AAL2464,KOKC,KDFW,1,2026-10-05,10:05
AAL2465,KDFW,KSNA,6,2026-10-06,18:19
AAL2465,KSNA,KDFW,6,2026-10-06,22:48
AAL2466,KPHX,KSNA,5,2026-10-04,15:02
AAL2466,KTPA,KMIA,2,2026-10-06,12:44
AAL2467,KDFW,KDJT,5,2026-10-05,00:37
AAL2469,KDFW,KMDT,7,2026-10-06,00:35
AAL2470,KCLT,KLAS,7,2026-10-06,14:55
AAL2470,KLAS,KCLT,7,2026-10-06,20:43
AAL2471,KPHX,KSNA,6,2026-10-06,00:16
AAL2471,KSNA,KPHX,3,2026-10-06,02:56
AAL2472,KMSP,KORD,6,2026-10-05,01:35
AAL2472,KORD,KMSP,4,2026-10-04,22:06
AAL2472,KORD,KATL,1,2026-10-06,02:40
AAL2474,KPHX,KORD,7,2026-10-06,16:04
AAL2475,KDCA,KOKC,4,2026-10-04,18:45
AAL2475,KOKC,KDCA,5,2026-10-05,22:26
AAL2476,KCLT,KPNS,1,2026-10-04,13:46
AAL2476,KNPA,KCLT,1,2026-09-30,17:54
AAL2476,KPNS,KCLT,5,2026-10-06,17:29
AAL2477,KLAS,KLAX,4,2026-10-05,02:20
AAL247Q,KORD,KMCO,1,2026-10-02,05:46
AAL2482,KABQ,KPHL,2,2026-10-05,20:42
AAL2482,KCLT,KSYR,1,2026-10-05,21:04
AAL2482,KSYR,KCLT,1,2026-10-06,23:38
AAL2483,KBTV,KPHL,4,2026-10-04,19:27
AAL2484,KMIA,KLGA,7,2026-10-06,16:46
AAL2485,KORD,KJFK,7,2026-10-06,18:58
AAL2486,KIAH,KPHL,6,2026-10-05,22:34
AAL2486,KPHL,KIAH,5,2026-10-04,17:21
AAL2487,KDFW,KSTL,6,2026-10-06,00:42
AAL2488,KCLT,KORD,6,2026-10-06,22:36
AAL2489,KBWI,KORD,1,2026-10-06,11:20
AAL249,KORD,MMMX,7,2026-10-06,14:09
AAL2490,KLAX,KDFW,6,2026-10-06,07:24
AAL2491,KDEN,KPHL,5,2026-10-04,19:18
AAL2491,KMIA,KORD,2,2026-10-06,10:42
AAL2492,KGRR,KCLT,5,2026-10-04,11:27
AAL2492,KMCI,KPHL,2,2026-10-06,12:21
AAL2493,KDFW,KCLT,4,2026-10-04,16:26
AAL2493,KILM,KCLT,1,2026-10-05,09:09
AAL2495,KCLT,KMYR,1,2026-10-05,18:21
AAL2495,KMIA,KMCO,4,2026-10-04,23:01
AAL2495,KMYR,KCLT,1,2026-10-05,20:00
AAL2496,KDFW,KPDX,6,2026-10-06,17:10
AAL2496,KPDX,KDFW,6,2026-10-06,21:38
AAL2497,KCLT,KSTL,7,2026-10-06,12:46
AAL2497,KSTL,KCLT,6,2026-10-05,15:21
AAL2498,KCLT,KPHL,7,2026-10-06,15:22
AAL2499,KOKC,KDFW,1,2026-10-02,05:30
AAL2499,KORD,KDFW,5,2026-10-06,22:44
AAL2499,KORD,KOKC,1,2026-10-02,01:35
AAL250,MMMX,KORD,6,2026-10-06,19:40
AAL2500,KBNA,KORD,7,2026-10-06,14:30
AAL2500,KORD,KBNA,2,2026-10-06,19:46
AAL2501,KDFW,KVPS,7,2026-10-06,18:34
AAL2501,KVPS,KDFW,6,2026-10-06,21:39
AAL2502,KPHL,KMCO,5,2026-10-04,19:09
AAL2503,KLGA,KDFW,2,2026-10-06,17:15
AAL2504,KIAH,KORD,7,2026-10-06,16:33
AAL2504,KORD,KIAH,7,2026-10-06,12:09
AAL2505,KEWR,KCLT,6,2026-10-06,10:14
AAL2506,KPHL,KSFO,4,2026-10-05,00:17
AAL2506,KPHX,KORD,2,2026-10-06,12:39
AAL2507,KDFW,KSLC,7,2026-10-06,03:25
AAL2508,KDFW,KDTW,3,2026-10-06,23:28
AAL2509,KDCA,KMCO,7,2026-10-06,18:49
AAL2509,KMCO,KDCA,1,2026-10-05,21:37
AAL250P,MMMX,KORD,1,2026-10-04,22:11
AAL2510,KBNA,KDFW,7,2026-10-06,14:10
AAL2511,KDFW,KFLL,5,2026-10-04,13:37
AAL2511,KORD,KBOS,2,2026-10-06,12:22
AAL2512,KDFW,KTPA,6,2026-10-06,20:53
AAL2512,KTPA,KDFW,5,2026-10-06,23:40
AAL2513,KDFW,KLGA,6,2026-10-06,23:19
AAL2514,KSFO,KCLT,7,2026-10-06,06:11
AAL2515,KCLT,KTPA,1,2026-10-04,21:00
AAL2515,KORD,KPDX,2,2026-10-06,15:02
AAL2515,KPDX,KORD,2,2026-10-06,20:14
AAL2516,KDFW,KTPA,7,2026-10-06,12:20
AAL2516,KTPA,KDFW,7,2026-10-06,15:41
AAL2518,KMIA,KIND,6,2026-10-06,00:51
AAL2519,KCLT,KORF,7,2026-10-06,21:47
AAL2519,KORF,KCLT,6,2026-10-06,23:34
AAL2520,KDFW,KDCA,7,2026-10-06,20:28
AAL2521,CYYC,KDFW,7,2026-10-06,13:01
AAL2522,KDFW,KSFO,7,2026-10-06,02:58
AAL2523,KMCO,KPHL,4,2026-10-05,22:54
AAL2524,KFLL,KPHL,1,2026-10-06,20:39
AAL2524,KPHL,KFLL,2,2026-10-06,18:22
AAL2524,KRDU,KDCA,5,2026-10-04,11:02
AAL2525,KLGA,KMIA,7,2026-10-06,20:21
AAL2526,KATL,KMIA,7,2026-10-06,13:24
AAL2527,KBOS,KDFW,6,2026-10-06,10:08
AAL2528,KCLT,KBOS,1,2026-10-05,11:17
AAL2529,KLAX,KLAS,5,2026-10-04,19:28
AAL2529,KMSY,KORD,1,2026-10-05,13:22
AAL2530,KCLT,KORD,6,2026-10-06,17:28
AAL2531,KOMA,KCLT,1,2026-10-06,22:36
AAL2531,KORD,KDFW,3,2026-10-04,21:55
AAL2531,KPHL,KDJT,1,2026-10-06,20:16
AAL2532,KBOS,KPHL,1,2026-10-05,02:37
AAL2532,KORD,KBOS,2,2026-10-06,16:21
AAL2533,KPHL,KDFW,7,2026-10-06,22:21
AAL2534,KCLT,KORD,2,2026-10-06,14:49
AAL2534,KMSY,KPHL,5,2026-10-04,17:12
AAL2535,KSAN,KDFW,7,2026-10-06,13:43
AAL2536,KJFK,KLAS,6,2026-10-06,17:57
AAL2537,KORD,KTUS,7,2026-10-06,15:03
AAL2537,KTUS,KORD,6,2026-10-06,19:49
AAL2538,KPHX,KCLT,1,2026-10-06,21:16
AAL2538,KTPA,KCLT,5,2026-10-04,12:58
AAL2539,KMIA,KBOS,1,2026-10-06,01:53
AAL2540,KOMA,KDFW,7,2026-10-06,11:39
AAL2541,KMIA,KIAH,1,2026-10-06,00:16
AAL2542,KDFW,KPHL,7,2026-10-06,01:25
AAL2543,KDFW,KAUS,1,2026-10-06,00:54
AAL2543,KPHL,KDJT,5,2026-10-04,15:49
AAL2544,KDFW,KTYS,6,2026-10-06,16:32
AAL2544,KTYS,KDFW,6,2026-10-06,19:17
AAL2545,KORD,KSLC,7,2026-10-06,02:07
AAL2546,KLAX,MMMX,6,2026-10-06,16:34
AAL2547,MMMX,KLAX,5,2026-10-06,21:21
AAL2548,KDFW,KPSP,7,2026-10-06,16:47
AAL2548,KPSP,KDFW,7,2026-10-06,20:33
AAL2549,KORD,KEWR,7,2026-10-06,01:56
AAL255,KJFK,KLAX,5,2026-10-06,19:08
AAL2550,KDFW,KTYS,6,2026-10-06,18:40
AAL2550,KTYS,KDFW,5,2026-10-06,21:57
AAL2551,KIAH,KDFW,7,2026-10-06,10:09
AAL2552,KCHS,KDCA,1,2026-10-03,16:45
AAL2552,KDCA,KPVD,5,2026-10-05,02:32
AAL2552,KDCA,KCHS,1,2026-10-03,14:25
AAL2552,KMIA,KMSY,1,2026-10-06,02:22
AAL2553,KORD,KMIA,1,2026-10-06,21:55
AAL2554,KORD,KPHX,6,2026-10-06,00:29
AAL2555,KTUS,KDFW,7,2026-10-06,14:09
AAL2556,KCLT,KDFW,1,2026-10-05,12:43
AAL2556,KORD,KBNA,4,2026-10-05,03:35
AAL2556,KPIT,KDFW,1,2026-10-06,10:34
AAL2558,KCMH,KCLT,2,2026-10-06,10:22
AAL2558,KDJT,KPHL,5,2026-10-04,19:48
AAL2559,KDEN,KORD,5,2026-10-04,16:56
AAL2559,KLGA,KBOS,1,2026-10-06,02:18
AAL256,KDFW,KCLT,1,2026-10-05,19:48
AAL2560,KVPS,KDFW,7,2026-10-06,12:49
AAL2561,KORD,KRSW,5,2026-10-04,18:25
AAL2561,KRSW,KORD,7,2026-10-06,23:10
AAL2562,KPHX,KPSP,3,2026-10-06,01:02
AAL2562,KPSP,KPHX,3,2026-10-06,02:48
AAL2563,KAUS,KDFW,5,2026-10-04,10:05
AAL2563,KCLT,KSLC,1,2026-10-06,23:34
AAL2563,KFLL,KCLT,1,2026-10-06,12:58
AAL2564,KDFW,KABQ,3,2026-10-06,04:23
AAL2565,KCLT,KPHL,7,2026-10-06,13:44
AAL2566,KCLT,KMSY,1,2026-10-06,00:45
AAL2566,KMIA,KMSY,4,2026-10-03,13:31
AAL2566,KMSY,KMIA,4,2026-10-03,16:08
AAL2567,KDFW,KBOS,7,2026-10-06,23:54
AAL2568,KDFW,KSAN,2,2026-10-06,04:25
AAL2569,KPHX,KORD,6,2026-10-05,01:17
AAL2569,KRIC,KORD,2,2026-10-06,11:58
AAL2570,KDFW,KLGA,6,2026-10-06,23:13
AAL2571,KORD,KRIC,1,2026-10-06,00:26
AAL2571,KPHL,KSTL,3,2026-10-04,19:42
AAL2572,KBDL,KPHL,1,2026-10-05,10:10
AAL2572,KPHL,KTPA,4,2026-10-04,19:17
AAL2573,KCLT,KPHL,7,2026-10-06,17:30
AAL2574,KSTL,KPHX,5,2026-10-06,13:10
AAL2575,KMIA,KDFW,4,2026-10-04,11:23
AAL2577,KLGA,KCLT,1,2026-10-06,00:53
AAL2578,KBOS,KORD,2,2026-10-06,19:46
AAL2578,KORD,KBOS,5,2026-10-04,16:05
AAL258,KPHL,LPPT,7,2026-10-06,01:27
AAL2581,KDFW,KMKE,6,2026-10-06,14:24
AAL2581,KMKE,KDFW,6,2026-10-06,17:36
AAL2582,KCLT,KDTW,5,2026-10-06,12:40
AAL2582,KDTW,KCLT,7,2026-10-06,15:09
AAL2583,KBNA,KDFW,7,2026-10-06,12:20
AAL2584,KDCA,KSRQ,7,2026-10-06,13:13
AAL2584,KSRQ,KDCA,7,2026-10-06,16:15
AAL2585,KCLT,KFLL,4,2026-10-05,15:22
AAL2585,KFLL,KCLT,4,2026-10-05,18:12
AAL2586,KCLT,KSRQ,1,2026-10-06,21:10
AAL2586,KDCA,KMSY,5,2026-10-04,15:42
AAL2586,KDFW,KTUS,1,2026-10-05,15:54
AAL2586,KMSY,KDCA,5,2026-10-04,19:13
AAL2586,KTUS,KDFW,1,2026-10-05,19:20
AAL2587,KCLT,KFLL,1,2026-10-06,12:35
AAL2587,KMIA,KMCO,5,2026-10-04,14:08
AAL2587,KPVD,KDCA,1,2026-10-05,10:56
AAL2588,MMUN,KAUS,1,2026-10-01,18:02
AAL2589,CYYZ,KMIA,7,2026-10-06,10:19
AAL259,LPPT,KPHL,7,2026-10-06,10:39
AAL2590,KSNA,KORD,7,2026-10-06,16:03
AAL2591,KFAT,KDFW,6,2026-10-06,15:06
AAL2592,KAUS,KDFW,1,2026-10-06,01:44
AAL2592,KCMH,KPHL,4,2026-10-05,23:37
AAL2592,KFLL,KCLT,1,2026-10-06,15:12
AAL2592,KPHL,KCMH,5,2026-10-04,20:45
AAL2594,KBDL,KDCA,4,2026-10-03,09:34
AAL2594,KCLT,KMIA,1,2026-10-05,14:18
AAL2594,KCLT,KPIT,1,2026-10-06,20:08
AAL2595,KCLT,KBOS,5,2026-10-06,22:23
AAL2596,KSNA,KDFW,2,2026-10-05,15:57
AAL2597,KDFW,KBUR,7,2026-10-06,00:45
AAL2598,KDFW,MMGL,5,2026-10-06,16:06
AAL2599,KBUR,KDFW,7,2026-10-06,14:13
AAL26,RJTT,KLAX,7,2026-10-06,10:57
AAL2600,KBOS,KORD,2,2026-10-06,14:46
AAL2600,KMIA,KJFK,6,2026-10-05,23:09
AAL2601,KRDU,KPHX,4,2026-10-06,12:09
AAL2602,KDEN,KPHX,6,2026-10-06,18:33
AAL2602,KPHX,KDEN,6,2026-10-05,15:47
AAL2603,KJFK,KMIA,5,2026-10-06,22:13
AAL2604,KCLT,KSRQ,6,2026-10-05,23:44
AAL2604,KSEA,KDFW,1,2026-10-05,07:50
AAL2605,KBNA,KPHL,5,2026-10-04,16:33
AAL2605,KDEN,KCLT,1,2026-10-06,19:31
AAL2605,KDFW,KPHX,1,2026-10-05,14:58
AAL2606,KJFK,KPHX,7,2026-10-06,21:47
AAL2607,KBOS,KORD,5,2026-10-04,14:39
AAL2607,KPHL,KCLT,1,2026-10-05,11:11
AAL2607,KPIT,KCLT,1,2026-10-06,15:21
AAL2608,KCLT,KIAD,5,2026-10-05,01:57
AAL2608,KPHX,KDFW,1,2026-10-06,01:29
AAL2609,KSAT,KDFW,5,2026-10-06,21:43
AAL2610,KCVG,KDFW,7,2026-10-06,16:07
AAL2610,KDFW,KCVG,7,2026-10-06,12:59
AAL2611,KCLT,KOKC,1,2026-10-05,20:46
AAL2611,KOKC,KCLT,1,2026-10-06,23:57
AAL2612,KDEN,KDFW,7,2026-10-06,11:41
AAL2613,KCLT,KPHX,1,2026-10-06,04:03
AAL2613,KRSW,KORD,5,2026-10-04,10:10
AAL2614,KSFO,KORD,7,2026-10-06,13:10
AAL2615,KCLT,KMSY,7,2026-10-06,21:20
AAL2615,KMSY,KCLT,7,2026-10-06,23:56
AAL2616,KSAT,KDFW,7,2026-10-06,10:09
AAL2617,KIAD,KDFW,7,2026-10-06,11:00
AAL2618,KCLT,KBOS,1,2026-10-05,15:59
AAL2619,KDFW,KPHX,1,2026-10-06,22:10
AAL2620,KATL,KORD,5,2026-10-04,16:34
AAL2621,KMKE,KDFW,7,2026-10-06,12:15
AAL2622,KCLT,KSDF,1,2026-10-02,16:55
AAL2622,KPHL,KPHX,1,2026-10-06,02:09
AAL2623,KDEN,KDFW,1,2026-10-02,22:08
AAL2623,KDFW,KDCA,2,2026-10-06,12:54
AAL2624,KORD,KPHX,6,2026-10-06,20:50
AAL2625,KDFW,MMMY,6,2026-10-06,21:12
AAL2625,MMMY,KDFW,5,2026-10-06,23:28
AAL2626,CYYC,KCLT,3,2026-10-03,19:17
AAL2626,KCLT,CYYC,3,2026-10-03,13:31
AAL2627,KDFW,KMSY,5,2026-10-04,18:48
AAL2627,KMSY,KDFW,4,2026-10-04,21:34
AAL2627,KPHX,KDFW,2,2026-10-06,21:33
AAL2628,KDFW,KOMA,2,2026-10-06,04:02
AAL2629,KMIA,KAUS,7,2026-10-06,00:37
AAL2630,KPHL,KSLC,7,2026-10-06,00:06
AAL2631,KPHX,KLAS,5,2026-10-04,21:21
AAL2631,KPHX,KSJC,2,2026-10-06,20:57
AAL2631,KSJC,KPHX,1,2026-10-06,00:06
AAL2632,KATL,KCLT,1,2026-10-06,10:31
AAL2632,KCLE,KCLT,1,2026-10-04,12:22
AAL2633,KDCA,KORD,6,2026-10-06,11:58
AAL2634,KMIA,KORD,7,2026-10-06,02:26
AAL2635,KDFW,KONT,6,2026-10-06,17:43
AAL2635,KONT,KDFW,4,2026-10-05,21:55
AAL2637,KPHX,KSNA,3,2026-10-06,04:07
AAL2639,KDFW,MMPR,2,2026-10-06,14:02
AAL2639,MMPR,KDFW,2,2026-10-06,17:39
AAL264,KMIA,MMMX,6,2026-10-06,12:52
AAL264,MMMX,KMIA,6,2026-10-06,17:25
AAL2640,KDFW,KDJT,6,2026-10-06,19:30
AAL2640,KDJT,KDFW,5,2026-10-05,22:27
AAL2641,KDCA,KPVD,4,2026-10-04,17:20
AAL2641,KPVD,KDCA,4,2026-10-04,19:43
AAL2642,KSFO,KORD,7,2026-10-06,22:14
AAL2643,KJFK,KCLT,5,2026-10-04,10:40
AAL2643,KMIA,MROC,1,2026-10-06,23:28
AAL2644,KPHL,KPHX,6,2026-10-06,14:03
AAL2645,KMCI,KPHX,7,2026-10-06,13:22
AAL2648,KMIA,KDCA,7,2026-10-06,23:27
AAL2649,KMIA,KDTW,7,2026-10-06,00:00
AAL265,KDFW,KLAS,1,2026-10-05,00:54
AAL2651,KCLT,KORF,5,2026-10-04,19:52
AAL2651,KORF,KCLT,5,2026-10-05,21:54
AAL2651,KPIT,KCLT,2,2026-10-06,13:21
AAL2653,KFAT,KDFW,7,2026-10-06,13:09
AAL2654,KPHX,KMIA,7,2026-10-06,05:13
AAL2655,KDFW,KPDX,7,2026-10-06,14:13
AAL2655,KPDX,KDFW,6,2026-10-06,19:10
AAL2656,KDFW,KORD,6,2026-10-06,23:42
AAL2657,KCLT,KTUL,7,2026-10-06,16:47
AAL2657,KTUL,KCLT,7,2026-10-06,19:53
AAL2658,KPDX,KPHX,7,2026-10-06,12:12
AAL2659,KDFW,KSNA,5,2026-10-05,21:11
AAL2659,KSNA,KDFW,6,2026-10-06,00:15
AAL266,PHLI,KLAX,3,2026-10-06,23:49
AAL2660,KPHX,KSTL,5,2026-10-04,15:42
AAL2660,KSFO,KLAX,2,2026-10-06,14:55
AAL2660,KSTL,KPHX,5,2026-10-04,20:15
AAL2661,KONT,KPHX,6,2026-10-06,20:13
AAL2661,KPHX,KONT,7,2026-10-06,18:10
AAL2662,KCLT,KTUL,4,2026-10-06,22:26
AAL2663,KPHL,KSFO,1,2026-10-06,00:04
AAL2663,KSFO,KPHL,4,2026-10-06,07:07
AAL2664,KDFW,KPIT,6,2026-10-06,16:17
AAL2664,KPIT,KDFW,6,2026-10-06,19:52
AAL2665,MMUN,KMIA,2,2026-10-03,21:31
AAL2668,KMCO,KDCA,1,2026-10-06,02:11
AAL2668,KPHL,KORD,6,2026-10-05,02:34
AAL2669,KBWI,KDFW,5,2026-10-06,20:29
AAL2669,KDFW,KBWI,6,2026-10-06,16:25
AAL2670,KBWI,KCLT,6,2026-10-06,11:45
AAL2671,KBHM,KDFW,2,2026-10-06,20:04
AAL2671,KDFW,KBHM,2,2026-10-06,14:39
AAL2671,KORD,KPIT,4,2026-10-04,23:21
AAL2671,KPIT,KORD,5,2026-10-05,01:53
AAL2672,KORD,KSEA,1,2026-10-06,21:37
AAL2672,KSEA,KORD,1,2026-10-06,02:09
AAL2672,KTPA,KPHL,4,2026-10-05,23:00
AAL2673,KDFW,KVPS,3,2026-10-04,22:08
AAL2673,KLAX,KSFO,1,2026-10-06,05:25
AAL2673,KVPS,KDFW,2,2026-10-05,00:45
AAL2674,KCLT,KORF,7,2026-10-06,02:02
AAL2675,KDFW,KCLE,1,2026-10-06,23:19
AAL2675,KORD,KPIT,5,2026-10-04,18:07
AAL2675,KPIT,KORD,4,2026-10-04,20:16
AAL2676,KCLT,KPIT,7,2026-10-06,23:44
AAL2677,KIAH,KDFW,1,2026-10-01,17:05
AAL2677,KMCO,KDFW,6,2026-10-06,10:29
AAL2677,KMCO,KIAH,1,2026-10-01,10:30
AAL2679,KCLT,KPVD,5,2026-10-04,18:03
AAL2679,KDFW,KSRQ,2,2026-10-06,18:58
AAL2679,KPVD,KCLT,5,2026-10-04,20:59
AAL2679,KSRQ,KDFW,1,2026-10-05,20:45
AAL2680,KBTV,KDCA,5,2026-10-04,09:11
AAL2680,KORD,KDCA,2,2026-10-06,20:35
AAL2682,KORD,KBOS,7,2026-10-06,02:04
AAL2683,KDFW,KRDU,6,2026-10-06,12:21
AAL2683,KRDU,KDFW,7,2026-10-06,15:53
AAL2684,KPHX,KPDX,5,2026-10-04,17:58
AAL2684,TIST,KCLT,1,2026-10-05,17:30
AAL2685,KBOS,KPHL,2,2026-10-06,15:31
AAL2685,KPHL,KBOS,5,2026-10-04,13:07
AAL2686,KCLT,KSTL,6,2026-10-06,21:05
AAL2687,KSAN,KDFW,6,2026-10-06,17:26
AAL2687,KSAN,KSAT,1,2026-09-30,17:43
AAL2687,KSAT,KDFW,1,2026-09-30,22:07
AAL2688,KCLT,KRDU,7,2026-10-06,14:30
AAL2688,KRDU,KCLT,7,2026-10-06,16:18
AAL2689,KORD,KMIA,7,2026-10-06,15:52
AAL2690,KLAS,KLAX,7,2026-10-06,14:26
AAL2691,KDFW,KCHS,1,2026-10-04,20:12
AAL2691,KMIA,TFFF,1,2026-10-06,16:29
AAL2692,KPHL,KRDU,7,2026-10-06,02:21
AAL2693,KDFW,KRDU,7,2026-10-06,15:20
AAL2693,KRDU,KDFW,7,2026-10-06,18:39
AAL2695,KILM,KCLT,6,2026-10-05,10:37
AAL2697,KGEG,KPHX,5,2026-10-04,13:36
AAL2698,KDFW,KABQ,5,2026-10-04,00:49
AAL27,KLAX,RJTT,3,2026-10-06,19:21
AAL2700,KLGA,KPWM,4,2026-10-04,19:13
AAL2700,KORD,KDCA,2,2026-10-06,15:02
AAL2700,KPWM,KLGA,4,2026-10-04,20:57
AAL2701,KPHX,KBOS,3,2026-10-06,05:26
AAL2703,KMIA,TTPP,7,2026-10-06,14:25
AAL2703,TTPP,KMIA,6,2026-10-06,19:19
AAL2704,KCLT,KRDU,6,2026-10-05,18:27
AAL2704,KRDU,KCLT,5,2026-10-04,20:01
AAL2707,KDFW,KAUS,7,2026-10-06,02:14
AAL2708,KORD,KIAH,1,2026-10-06,23:32
AAL2708,KPHL,KSAV,5,2026-10-04,19:53
AAL2708,KSAV,KPHL,4,2026-10-05,22:32
AAL2709,KDFW,KPSP,6,2026-10-06,00:08
AAL2710,KCLE,KCLT,4,2026-10-03,10:22
AAL2710,KCLT,KTPA,1,2026-10-04,13:31
AAL2710,KPHX,KORD,2,2026-10-06,18:09
AAL2710,KTPA,KCLT,1,2026-10-04,16:01
AAL2711,KJAX,KMIA,6,2026-10-06,12:01
AAL2711,KMIA,KJAX,1,2026-10-06,14:45
AAL2712,KLAX,KPHX,5,2026-10-04,13:45
AAL2712,KPWM,KDCA,2,2026-10-06,10:11
AAL2713,KLAX,KBOS,1,2026-10-05,18:27
AAL2714,KPHX,KCLT,2,2026-10-06,06:08
AAL2715,KBOS,KCLT,7,2026-10-06,13:07
AAL2716,KMIA,KTYS,5,2026-10-04,01:26
AAL2716,KMIA,KDCA,2,2026-10-06,20:55
AAL2717,KORD,KPWM,5,2026-10-04,14:44
AAL2717,KORF,KCLT,2,2026-10-06,10:15
AAL2717,KPWM,KORD,5,2026-10-04,18:08
AAL2718,KPHL,KFLL,7,2026-10-06,17:57
AAL2719,KPHX,KDFW,7,2026-10-06,16:18
AAL2720,KBOS,KMCO,5,2026-10-04,13:10
AAL2720,KFLL,KLGA,2,2026-10-06,16:34
AAL2720,KLGA,KFLL,2,2026-10-06,12:27
AAL2721,KPHX,KPHL,6,2026-10-06,20:28
AAL2722,KSFO,KPHL,6,2026-10-06,14:57
AAL2723,KORD,KLGA,7,2026-10-06,12:16
AAL2727,KLGA,KRDU,5,2026-10-04,14:57
AAL2727,KMCO,KPHX,2,2026-10-06,15:23
AAL2727,KRDU,KLGA,5,2026-10-04,17:14
AAL2728,KEWR,KDFW,6,2026-10-06,10:49
AAL2729,KBDL,KDFW,6,2026-10-06,10:50
AAL2730,KCLT,KSYR,7,2026-10-06,14:34
AAL2730,KSYR,KCLT,7,2026-10-06,17:14
AAL2731,KPHL,KPIT,7,2026-10-06,19:47
AAL2731,KPIT,KPHL,3,2026-10-05,21:22
AAL2732,KBDL,KCLT,1,2026-10-06,20:23
AAL2732,KORD,KRDU,5,2026-10-04,17:34
AAL2732,KPHX,KXNA,1,2026-10-05,16:09
AAL2732,KRDU,KORD,5,2026-10-04,20:09
AAL2732,KXNA,KPHX,1,2026-10-05,19:28
AAL2733,KCLT,KBWI,5,2026-10-04,16:45
AAL2734,KDFW,KOKC,5,2026-10-06,23:29
AAL2734,KOKC,KDFW,2,2026-10-06,17:50
AAL2735,KDTW,KCLT,1,2026-10-04,20:53
AAL2735,KORD,KSMF,2,2026-10-06,15:40
AAL2735,KSMF,KORD,1,2026-10-06,21:02
AAL2736,KDFW,KRSW,6,2026-10-06,19:32
AAL2736,KRSW,KDFW,5,2026-10-06,23:07
AAL2737,KONT,KDFW,1,2026-10-06,07:00
AAL2737,KORD,KRIC,5,2026-10-04,14:27
AAL2737,KRIC,KORD,5,2026-10-05,17:19
AAL2738,KFLL,KORD,6,2026-10-06,12:43
AAL274,KLAX,KJFK,7,2026-10-06,19:26
AAL2740,KAUS,KDFW,1,2026-09-30,22:57
AAL2740,KDFW,KRSW,7,2026-10-06,15:19
AAL2740,KRSW,KDFW,5,2026-10-06,19:10
AAL2740,KRSW,KAUS,1,2026-09-30,18:34
AAL2741,KBDL,KCLT,6,2026-10-05,19:52
AAL2741,KCLT,KBDL,6,2026-10-05,16:27
AAL2742,KCLT,KROC,5,2026-10-04,14:29
AAL2742,KDFW,KMCI,2,2026-10-06,19:53
AAL2742,KMCI,KDFW,2,2026-10-06,22:18
AAL2742,KROC,KCLT,5,2026-10-04,16:59
AAL2743,KBOS,KPHL,1,2026-10-05,13:49
AAL2743,KPHL,KBOS,4,2026-10-04,11:19
AAL2744,KDEN,KCLT,1,2026-10-05,06:16
AAL2744,KPHX,KDSM,1,2026-10-06,20:19
AAL2745,KMCO,KDCA,7,2026-10-06,11:13
AAL2746,KLAX,KDFW,7,2026-10-06,14:21
AAL2747,KCLT,KDFW,7,2026-10-06,15:34
AAL2748,KSEA,KDFW,7,2026-10-06,12:40
AAL2749,KDFW,KATL,2,2026-10-06,02:56
AAL2750,KDFW,KMCO,6,2026-10-06,15:28
AAL2750,KMCO,KDFW,2,2026-10-06,21:17
AAL2751,KCLT,KBDL,1,2026-10-06,16:37
AAL2751,KLAS,KCLT,3,2026-10-05,06:08
AAL2752,KDFW,KDCA,7,2026-10-06,00:51
AAL2753,KCLT,KTPA,2,2026-10-06,22:31
AAL2753,KMIA,KSFO,5,2026-10-04,11:30
AAL2753,KTPA,KCLT,1,2026-10-06,00:32
AAL2754,KLAX,KPIT,2,2026-10-06,16:18
AAL2754,KPIT,KLAX,1,2026-10-06,21:55
AAL2755,KCVG,KORD,5,2026-10-04,12:01
AAL2755,KORD,KSYR,1,2026-10-06,01:34
AAL2757,KDFW,KGEG,7,2026-10-06,00:20
AAL2758,KCLT,KSFO,5,2026-10-04,12:39
AAL2758,KPHL,KSRQ,1,2026-10-05,20:14
AAL2758,KSFO,KCLT,1,2026-10-04,18:09
AAL2758,KSRQ,KPHL,1,2026-10-06,23:51
AAL2759,KDFW,KSAT,6,2026-10-06,14:32
AAL2759,KSAT,KDFW,6,2026-10-06,16:25
AAL276,KSFO,KJFK,7,2026-10-06,04:36
AAL2760,KABQ,KPHX,7,2026-10-06,14:59
AAL2761,KDFW,KSTL,5,2026-10-06,22:31
AAL2761,KSTL,KDFW,3,2026-10-06,01:30
AAL2762,KCLT,KGSP,6,2026-10-06,23:05
AAL2762,KGSP,KCLT,7,2026-10-06,00:09
AAL2763,KCLT,KBDL,7,2026-10-06,01:48
AAL2764,KBOS,KPHL,6,2026-10-06,12:24
AAL2765,KPHX,KORD,7,2026-10-06,14:05
AAL2766,KLAX,KDFW,7,2026-10-06,15:11
AAL2767,KPHL,KCLT,6,2026-10-06,13:13
AAL2768,KCLT,KMIA,2,2026-10-06,16:28
AAL2768,KDFW,KSAT,5,2026-10-04,18:41
AAL2768,KSAT,KDFW,4,2026-10-04,20:50
AAL2769,KORD,KDCA,6,2026-10-06,20:32
AAL2770,KATL,KDFW,6,2026-10-06,10:13
AAL2771,KDEN,KORD,7,2026-10-06,13:34
AAL2772,KJFK,KAUS,6,2026-10-06,00:18
AAL2773,KCHS,KDCA,7,2026-10-06,10:19
AAL2774,KAUS,KPHL,7,2026-10-06,12:35
AAL2775,KBWI,KDFW,1,2026-10-03,18:14
AAL2775,KDFW,KSFO,3,2026-10-06,03:13
AAL2777,KLAX,KMIA,7,2026-10-06,06:16
AAL2778,KPHX,KBOS,7,2026-10-06,20:36
AAL2779,KMCO,KPHL,5,2026-10-04,12:32
AAL278,KPHL,EGPH,7,2026-10-06,23:59
AAL2780,KPHL,KBOS,2,2026-10-06,13:01
AAL2781,KRDU,KPHL,7,2026-10-06,10:06
AAL2782,KIND,KDFW,6,2026-10-06,10:14
AAL2782,KIND,KOKC,1,2026-10-01,10:26
AAL2782,KOKC,KDFW,1,2026-10-01,16:05
AAL2783,KBOS,KPHL,3,2026-10-04,15:27
AAL2783,KPHX,KSEA,2,2026-10-06,18:36
AAL2783,KSEA,KPHX,1,2026-10-06,22:22
AAL2784,KDFW,KIND,5,2026-10-04,00:36
AAL2784,KDFW,KLAS,1,2026-10-06,22:35
AAL2785,KLAX,KLAS,7,2026-10-06,02:48
AAL2786,KORD,KPHX,5,2026-10-05,03:57
AAL2787,KBNA,KDFW,7,2026-10-06,10:08
AAL2788,KBOS,KPHL,4,2026-10-04,13:38
AAL2789,KJAX,KDFW,7,2026-10-06,14:02
AAL278G,KPIT,KPHL,1,2026-10-06,15:19
AAL279,EGPH,KPHL,7,2026-10-06,10:41
AAL2791,KDFW,KMCO,6,2026-10-06,21:06
AAL2792,MMUN,KCLT,3,2026-10-06,17:27
AAL2793,KLGA,KBNA,1,2026-10-06,00:36
AAL2793,KPHL,KSAV,3,2026-10-04,15:17
AAL2793,KSAV,KPHL,3,2026-10-04,18:02
AAL2794,KCLT,KEWR,5,2026-10-06,00:50
AAL2795,KCLT,KDFW,1,2026-10-05,14:53
AAL2795,KMIA,KPHL,6,2026-10-06,21:06
AAL2796,KCLT,KLGA,1,2026-10-06,22:47
AAL2797,KLAS,KDFW,6,2026-10-06,16:58
AAL2798,KDFW,KFLL,2,2026-10-06,21:22
AAL2798,KFLL,KDFW,2,2026-10-06,01:31
AAL2798,KMIA,KTPA,2,2026-10-03,20:54
AAL2798,KTPA,KMIA,2,2026-10-03,22:34
AAL2799,KCLT,KRDU,2,2026-10-06,23:27
AAL2799,KSFO,KMIA,5,2026-10-04,15:57
AAL28,KLAX,KJFK,7,2026-10-06,22:35
AAL280,RKSI,KDFW,7,2026-10-06,09:04
AAL2800,KBOS,KLGA,1,2026-10-06,11:11
AAL2800,KJAX,KPHL,1,2026-10-05,10:35
AAL2800,KPHX,KXNA,5,2026-10-04,16:28
AAL2800,KXNA,KPHX,5,2026-10-04,19:44
AAL2802,KBOS,KPHX,2,2026-10-06,13:22
AAL2802,KCLT,KGSO,6,2026-10-05,02:20
AAL2803,KMIA,KMCO,7,2026-10-06,00:36
AAL2804,KDFW,CYYZ,6,2026-10-06,00:29
AAL2805,KDFW,KBWI,3,2026-10-06,20:42
AAL2806,KDFW,KMSP,5,2026-10-06,00:00
AAL2807,KTPA,KPHL,6,2026-10-06,14:09
AAL2808,KMIA,KGSP,1,2026-10-02,21:57
AAL2809,KBNA,KPHL,7,2026-10-06,11:05
AAL281,KDFW,RKSI,2,2026-10-04,17:38
AAL2810,KDFW,KSFO,7,2026-10-06,21:45
AAL2811,KLAX,KDFW,7,2026-10-06,13:12
AAL2812,KDFW,KOKC,4,2026-10-06,22:25
AAL2812,KOKC,KDFW,6,2026-10-06,23:54
AAL2813,KDFW,KSDF,5,2026-10-04,17:40
AAL2813,KSDF,KDFW,4,2026-10-04,21:02
AAL2814,KSFO,KORD,6,2026-10-06,16:36
AAL2815,KCLT,KDFW,6,2026-10-06,22:33
AAL2816,KCLT,KSDF,1,2026-10-04,15:52
AAL2816,KRSW,KPHX,1,2026-10-06,21:21
AAL2816,KSDF,KCLT,4,2026-10-04,23:46
AAL2817,KORD,KSFO,4,2026-10-04,18:56
AAL2817,KSFO,KORD,5,2026-10-05,00:33
AAL2818,KCLT,KBNA,2,2026-10-06,12:58
AAL2818,KORD,KSTL,5,2026-10-04,14:13
AAL2818,KSTL,KORD,5,2026-10-04,16:09
AAL2819,KSDF,KCLT,1,2026-10-04,17:55
AAL2819,KSLC,KCLT,1,2026-10-06,05:29
AAL2820,KPHX,KMSP,4,2026-10-06,00:29
AAL2821,KPHX,KCLT,7,2026-10-06,06:46
AAL2822,KDFW,KDTW,7,2026-10-06,20:48
AAL2822,KDTW,KDFW,3,2026-10-06,00:07
AAL2823,KDFW,KOMA,5,2026-10-06,15:06
AAL2823,KOMA,KDFW,5,2026-10-06,17:21
AAL2825,KEWR,KPHX,7,2026-10-06,15:12
AAL2826,KCLT,KILM,5,2026-10-05,00:20
AAL2827,KCLT,KDJT,6,2026-10-06,14:38
AAL2827,KCLT,KMCO,1,2026-10-01,14:42
AAL2827,KDJT,KCLT,6,2026-10-06,17:29
AAL2827,KMCO,KDJT,1,2026-10-01,19:45
AAL2828,KMIA,KDFW,7,2026-10-06,21:53
AAL2829,KJFK,KPHX,7,2026-10-06,16:38
AAL2830,KDFW,KTUL,4,2026-10-05,22:54
AAL2830,KPHX,KRSW,2,2026-10-06,17:10
AAL2830,KTUL,KDFW,5,2026-10-05,00:47
AAL2831,KCLT,KILM,7,2026-10-06,02:14
AAL2831,KILM,KCLT,1,2026-10-06,02:34
AAL2832,KDFW,KOKC,4,2026-10-04,22:46
AAL2832,KMSY,KPHL,1,2026-10-06,11:28
AAL2832,KOKC,KDFW,4,2026-10-05,00:57
AAL2833,KIAD,KLAX,1,2026-10-06,10:16
AAL2833,KMIA,KBNA,6,2026-10-05,00:38
AAL2834,KDFW,KSJC,7,2026-10-06,17:42
AAL2834,KSJC,KDFW,7,2026-10-06,21:58
AAL2836,KLGA,KFLL,7,2026-10-06,20:39
AAL2837,KBOS,KORD,6,2026-10-05,23:12
AAL2837,KPHL,KCMH,1,2026-10-06,00:26
AAL2838,KBDL,KCLT,7,2026-10-06,15:14
AAL2838,KCLT,KBDL,7,2026-10-06,12:28
AAL2839,KCLT,KDCA,7,2026-10-06,19:07
AAL284,KPHL,LKPR,2,2026-10-04,22:34
AAL2840,KORD,KPHL,7,2026-10-06,20:38
AAL2841,KLGA,KORD,5,2026-10-05,01:47
AAL2842,KORD,KCLT,7,2026-10-06,10:25
AAL2843,KCLT,KORD,7,2026-10-06,11:50
AAL2844,KPHX,KJAX,1,2026-10-06,02:47
AAL2845,KDFW,KTUS,1,2026-10-06,00:15
AAL2845,KIAH,KSAT,1,2026-10-01,22:05
AAL2845,KORD,KSAT,4,2026-10-04,16:36
AAL2845,KORD,KIAH,1,2026-10-01,17:32
AAL2845,KSAT,KORD,4,2026-10-04,19:53
AAL2846,KGSO,KDFW,6,2026-10-06,11:15
AAL2846,KGSO,KICT,1,2026-10-01,11:16
AAL2846,KICT,KDFW,1,2026-10-01,15:27
AAL2847,KIND,KPHL,6,2026-10-06,11:20
AAL2848,KMIA,KDCA,7,2026-10-06,12:04
AAL2849,KRDU,KORD,7,2026-10-06,10:25
AAL285,LKPR,KPHL,5,2026-10-04,08:31
AAL2850,KLAX,KDFW,1,2026-10-06,21:23
AAL2850,KPHL,KBTV,4,2026-10-04,17:11
AAL2851,KDEN,KORD,2,2026-10-06,12:48
AAL2851,KDFW,KTUL,4,2026-10-04,21:44
AAL2851,KTUL,KDFW,4,2026-10-04,00:05
AAL2852,KCLT,KMEM,4,2026-10-04,17:58
AAL2852,KDFW,KDEN,1,2026-10-06,04:04
AAL2853,KDCA,KMCI,4,2026-10-04,11:52
AAL2853,KMCI,KDCA,4,2026-10-04,15:19
AAL2853,KMIA,KPHL,2,2026-10-06,20:57
AAL2854,KBNA,KLGA,2,2026-10-06,11:13
AAL2854,KDSM,KCLT,5,2026-10-04,13:09
AAL2855,KCLT,KBWI,5,2026-10-06,22:18
AAL2856,KORD,KSFO,6,2026-10-05,00:51
AAL2858,KDCA,KPVD,1,2026-10-03,16:16
AAL2858,KJAX,KPHX,1,2026-10-06,11:44
AAL2858,KPVD,KDCA,1,2026-10-03,18:11
AAL2859,KCLT,KDEN,1,2026-10-04,13:47
AAL2859,KDEN,KCLT,1,2026-10-04,18:18
AAL2859,KONT,KPHX,1,2026-10-06,23:35
AAL2859,KPHX,KONT,2,2026-10-06,21:14
AAL285G,KDEN,KDFW,1,2026-09-30,16:56
AAL2860,KPHX,KSFO,6,2026-10-06,21:15
AAL2861,KDFW,KEWR,5,2026-10-06,20:15
AAL2862,KDFW,KPHL,2,2026-10-06,18:57
AAL2862,KIND,KMIA,4,2026-10-05,23:38
AAL2862,KMIA,KIND,4,2026-10-04,19:40
AAL2863,KDFW,KPNS,3,2026-10-04,16:32
AAL2863,KSDF,KDFW,1,2026-10-06,10:12
AAL2864,KDFW,KLAS,7,2026-10-06,22:09
AAL2865,KORD,KMSP,1,2026-10-06,04:43
AAL2866,KMKE,KCLT,7,2026-10-06,13:07
AAL2867,KCMH,KPHL,7,2026-10-06,10:01
AAL2869,KPHX,KRNO,6,2026-10-05,01:09
AAL2869,KPHX,MMPR,2,2026-10-06,18:50
AAL2869,MMPR,KPHX,1,2026-10-06,22:08
AAL2870,KPHL,KSEA,6,2026-10-06,12:53
AAL2870,KSEA,KPHL,4,2026-10-06,20:36
AAL2871,KPHX,KPIT,4,2026-10-06,22:55
AAL2872,KDFW,KFSD,7,2026-10-06,15:26
AAL2872,KFSD,KDFW,7,2026-10-06,18:22
AAL2873,KCLT,KPDX,2,2026-10-06,22:47
AAL2873,KPDX,KCLT,7,2026-10-06,06:04
AAL2874,KDFW,MMUN,2,2026-10-06,16:22
AAL2875,KDFW,KBNA,2,2026-10-06,20:18
AAL2876,KPHX,KGEG,7,2026-10-06,01:05
AAL2877,KCLT,KMCO,2,2026-10-06,17:13
AAL2878,KPHL,KDEN,7,2026-10-06,01:13
AAL2879,KDFW,KMRY,7,2026-10-06,15:31
AAL2879,KMRY,KDFW,6,2026-10-06,20:52
AAL2880,KCLT,KMSN,1,2026-10-04,21:11
AAL2880,KMIA,KATL,2,2026-10-06,20:59
AAL2880,KMSN,KCLT,1,2026-10-05,23:44
AAL2881,KORD,KFLL,6,2026-10-06,23:08
AAL2882,KCLT,KOKC,1,2026-10-04,19:04
AAL2882,KOKC,KDFW,2,2026-10-06,16:19
AAL2882,KOKC,KCLT,1,2026-10-05,22:30
AAL2883,KSLC,KORD,7,2026-10-06,12:35
AAL2884,KAUS,KDFW,2,2026-10-06,22:14
AAL2884,KDFW,KAUS,2,2026-10-06,20:22
AAL2884,KPWM,KDCA,5,2026-10-04,10:58
AAL2885,KORD,KSFO,7,2026-10-06,11:58
AAL2885,KSFO,KORD,7,2026-10-06,17:42
AAL2886,KSEA,KPHL,7,2026-10-06,05:57
AAL2887,KCLE,KMIA,7,2026-10-06,10:30
AAL2888,KBOI,KPHX,2,2026-10-06,20:24
AAL2888,KCLT,KPIT,1,2026-10-04,14:03
AAL2888,KPHX,KBOI,2,2026-10-06,17:32
AAL2888,KPIT,KCLT,1,2026-10-04,16:28
AAL2889,KCLT,KSAT,7,2026-10-06,12:57
AAL2889,KSAT,KCLT,2,2026-10-06,20:22
AAL2890,KLAX,KDFW,2,2026-10-06,20:55
AAL2891,KLAX,KORD,6,2026-10-06,18:55
AAL2892,KPHX,KAUS,6,2026-10-06,23:11
AAL2893,KCLE,KPHL,2,2026-10-06,21:52
AAL2893,KONT,KDFW,4,2026-10-04,17:50
AAL2894,KMCO,KMIA,5,2026-10-05,10:11
AAL2896,KORD,KDFW,5,2026-10-06,11:08
AAL2897,KMIA,KDCA,7,2026-10-06,00:52
AAL2898,KBDL,KCLT,1,2026-10-06,13:35
AAL2898,KCLT,KALB,1,2026-10-05,20:20
AAL2898,KJAX,KCLT,1,2026-10-04,22:54
AAL2899,KMIA,KJFK,7,2026-10-06,18:21
AAL2900,KPHX,KCMH,5,2026-10-04,16:26
AAL2901,KPHL,KPIT,7,2026-10-06,00:04
AAL2902,KPHX,KDFW,5,2026-10-06,21:05
AAL2903,KORD,KLAX,5,2026-10-04,19:06
AAL2903,KPHL,KBOS,1,2026-10-05,11:28
AAL2904,KSFO,KDFW,2,2026-10-06,17:45
AAL2905,KDFW,KPHX,4,2026-10-04,15:40
AAL2905,KPHX,KDFW,5,2026-10-06,19:39
AAL2906,KBOS,KDFW,2,2026-10-06,12:05
AAL2907,KJFK,KORD,2,2026-10-06,11:32
AAL2907,KPHX,KSLC,2,2026-10-05,23:09
AAL2907,KSLC,KPHX,2,2026-10-05,01:32
AAL2908,KCLT,KORD,5,2026-10-04,15:13
AAL2909,KDFW,KCLT,2,2026-10-06,15:03
AAL2909,KJFK,KORD,5,2026-10-05,19:14
AAL2910,KATL,KORD,2,2026-10-06,19:22
AAL2910,KORD,KATL,7,2026-10-06,16:38
AAL2911,KCLT,KORF,6,2026-10-06,17:00
AAL2912,KDJT,KPHL,7,2026-10-06,11:05
AAL2913,KMCI,KDFW,2,2026-10-06,18:46
AAL2913,KTPA,KMIA,5,2026-10-04,20:17
AAL2914,KORD,KLGA,2,2026-10-06,15:17
AAL2915,KCLT,KTPA,5,2026-10-04,16:48
AAL2915,KLAX,KPHX,2,2026-10-06,13:22
AAL2915,KTPA,KCLT,5,2026-10-04,19:24
AAL2916,KDCA,KRSW,7,2026-10-06,12:28
AAL2916,KRSW,KDCA,7,2026-10-06,15:53
AAL2917,KDFW,KLAX,2,2026-10-06,17:02
AAL2917,KMCO,KCLT,5,2026-10-04,16:20
AAL2919,KCVG,KDFW,1,2026-10-05,23:47
AAL2919,KDFW,KCVG,5,2026-10-06,20:58
AAL2920,KORD,KTPA,5,2026-10-04,13:21
AAL2920,KTPA,KORD,2,2026-10-06,20:27
AAL2921,KBUF,KORD,1,2026-10-06,23:50
AAL2921,KMFE,KDFW,2,2026-10-05,01:35
AAL2921,KORD,KBUF,2,2026-10-06,21:31
AAL2922,KDFW,KLGA,6,2026-10-06,16:33
AAL2923,KCAE,KDFW,1,2026-10-06,23:09
AAL2923,KCLT,KSDF,4,2026-10-04,22:22
AAL2923,KDFW,KCAE,2,2026-10-06,19:56
AAL2924,KDFW,KLGA,2,2026-10-06,14:49
AAL2925,KDFW,KLGA,6,2026-10-06,11:13
AAL2926,KDFW,KTUS,7,2026-10-06,18:14
AAL2926,KTUS,KDFW,5,2026-10-06,21:16
AAL2927,KCLT,KLGA,5,2026-10-04,17:30
AAL2927,KLGA,KCLT,2,2026-10-06,14:12
AAL2928,KIAH,KORD,2,2026-10-06,14:26
AAL2928,KPHX,KSBA,4,2026-10-04,17:33
AAL2928,KSBA,KPHX,4,2026-10-05,19:47
AAL2929,KDFW,KOKC,7,2026-10-06,19:18
AAL2929,KOKC,KDFW,7,2026-10-06,20:50
AAL2930,KCLT,KPIT,3,2026-10-06,22:10
AAL2930,KPIT,KCLT,1,2026-10-06,00:16
AAL2931,KDFW,KLAX,3,2026-10-06,02:21
AAL2932,KLAS,KDFW,7,2026-10-06,13:14
AAL2933,KCLT,KFLL,1,2026-10-06,01:18
AAL2933,KMIA,KEWR,4,2026-10-04,18:47
AAL2934,KCLT,KSAT,5,2026-10-05,19:26
AAL2934,KSAT,KCLT,2,2026-10-06,23:11
AAL2935,KCLT,KIAH,5,2026-10-06,22:21
AAL2936,KMIA,KPHL,1,2026-10-06,22:16
AAL2936,KPHL,KMIA,4,2026-10-05,02:35
AAL2937,KDFW,KFSD,7,2026-10-06,00:57
AAL2938,KIND,KCLT,7,2026-10-06,10:13
AAL2939,KPHX,KCVG,1,2026-10-06,00:24
AAL2940,KBNA,KCLT,7,2026-10-06,13:23
AAL2941,KMIA,KLAS,1,2026-10-06,01:52
AAL2941,KORD,KLGA,5,2026-10-04,13:20
AAL2942,KDFW,KPHX,7,2026-10-06,02:51
AAL2943,KCHS,KDFW,1,2026-10-06,02:26
AAL2943,KCLT,KGSP,1,2026-10-02,20:03
AAL2943,KCLT,KMYR,1,2026-10-04,21:14
AAL2943,KDFW,KCHS,1,2026-10-06,22:29
AAL2943,KGSP,KCLT,1,2026-10-02,21:35
AAL2943,KMYR,KCLT,1,2026-10-01,21:52
AAL2944,KPHL,KLAX,6,2026-10-05,17:19
AAL2945,KCLT,KFLL,6,2026-10-05,00:40
AAL2946,KCLT,KMCI,5,2026-10-04,12:54
AAL2946,KPHL,KLAX,1,2026-10-06,20:15
AAL2947,KAUS,KCLT,1,2026-10-04,13:32
AAL2947,KMCI,KPHL,2,2026-10-03,12:54
AAL2947,KORD,KCHS,2,2026-10-06,16:54
AAL2948,KMIA,KCHS,6,2026-10-06,02:33
AAL2949,KORD,KRDU,6,2026-10-06,20:11
AAL2949,KRDU,KORD,7,2026-10-06,23:16
AAL2950,KORD,KBOS,2,2026-10-06,11:07
AAL2950,KSAN,KPHX,2,2026-10-05,04:22
AAL2951,KPWM,KPHL,2,2026-10-06,11:34
AAL2952,KMCO,KPHL,4,2026-10-06,00:02
AAL2953,KDCA,KMEM,4,2026-10-04,13:18
AAL2953,KIND,KMIA,1,2026-10-06,00:03
AAL2953,KMEM,KDCA,4,2026-10-04,16:05
AAL2954,KPHX,KIND,7,2026-10-06,16:00
AAL2955,KMCO,KPHX,1,2026-10-05,21:51
AAL2955,KRDU,KLAX,1,2026-10-06,11:24
AAL2956,KDFW,KONT,6,2026-10-06,16:17
AAL2956,KONT,KDFW,6,2026-10-06,20:04
AAL2957,KLAS,KCLT,7,2026-10-06,12:59
AAL2958,KDFW,KFAT,7,2026-10-06,03:28
AAL2960,KCLT,KCMH,2,2026-10-06,18:01
AAL2960,KILM,KCLT,4,2026-10-04,12:36
AAL2961,KMCO,KDFW,7,2026-10-06,12:33
AAL2962,KCLT,KDSM,7,2026-10-06,14:53
AAL2962,KDSM,KCLT,7,2026-10-06,18:26
AAL2964,KSFO,KPHL,2,2026-10-06,13:02
AAL2965,KCLT,KMCI,3,2026-10-05,22:14
AAL2965,KORD,KPHX,1,2026-10-06,00:33
AAL2966,KORD,KSEA,5,2026-10-04,15:26
AAL2966,KPWM,KCLT,2,2026-10-06,11:08
AAL2966,KSEA,KORD,6,2026-10-05,21:22
AAL2967,KDCA,KLGA,1,2026-10-06,23:55
AAL2967,KDFW,KXNA,2,2026-10-03,19:41
AAL2967,KXNA,KDFW,2,2026-10-03,21:24
AAL2968,KFLL,KLGA,6,2026-10-06,21:44
AAL2969,KDFW,KMEM,7,2026-10-06,20:58
AAL2969,KMEM,KDFW,1,2026-10-06,23:03
AAL296Q,KIND,KDFW,1,2026-10-05,07:26
AAL297,KLAX,PHNL,7,2026-10-06,00:51
AAL2970,KDCA,KMIA,1,2026-10-06,00:15
AAL2970,KORD,KPHL,5,2026-10-04,10:06
AAL2971,KPHL,KMCI,2,2026-10-06,13:47
AAL2972,KCLT,KMSP,5,2026-10-04,12:58
AAL2972,KPHX,KLAX,2,2026-10-06,14:36
AAL2973,KSAT,KPHX,3,2026-10-06,03:22
AAL2974,KDFW,KMCO,7,2026-10-06,22:47
AAL2975,KCHS,KCLT,1,2026-10-06,12:25
AAL2975,KRDU,KCLT,1,2026-10-05,21:27
AAL2976,KORD,KCLT,6,2026-10-06,02:38
AAL2977,KORD,KPDX,6,2026-10-06,03:15
AAL2978,KDCA,KPWM,6,2026-10-06,02:29
AAL2978,KDCA,KBOS,1,2026-10-01,04:57
AAL2979,KDFW,KBNA,7,2026-10-06,01:54
AAL298,KPHL,LIMC,7,2026-10-06,00:26
AAL2980,KBOS,KMIA,6,2026-10-06,15:19
AAL2981,KCLT,KLAS,7,2026-10-06,12:50
AAL2981,KLAS,KCLT,6,2026-10-06,18:49
AAL2982,KMIA,KPHX,2,2026-10-06,22:00
AAL2983,KPHL,KATL,6,2026-10-06,00:23
AAL2984,KORD,KMIA,7,2026-10-06,10:14
AAL2985,KRDU,KDCA,2,2026-10-06,10:29
AAL2986,KPDX,KPHX,7,2026-10-06,22:07
AAL2986,KPHX,KPDX,2,2026-10-06,18:07
AAL2987,KCMH,KDFW,5,2026-10-04,12:10
AAL2987,KCVG,KPHL,1,2026-10-06,23:15
AAL2987,KPHL,KCVG,2,2026-10-06,20:57
AAL2988,KCLT,KDTW,1,2026-10-06,03:01
AAL2988,KDFW,KORD,4,2026-10-04,18:50
AAL2989,KORD,KPHX,5,2026-10-04,10:15
AAL2989,KPHX,KLAX,1,2026-10-06,15:24
AAL299,LIMC,KPHL,7,2026-10-06,12:57
AAL2990,KCVG,KPHX,1,2026-10-06,22:06
AAL2990,KPHX,KCVG,6,2026-10-06,16:42
AAL2991,KCLT,KDCA,1,2026-10-06,00:28
AAL2991,KORD,KBNA,5,2026-10-04,18:44
AAL2992,KDFW,KGSP,3,2026-10-06,00:16
AAL2993,KDFW,KSLC,7,2026-10-06,01:40
AAL2994,KBWI,KCLT,1,2026-10-06,01:24
AAL2994,KCLT,KBWI,1,2026-10-06,23:20
AAL2994,KORD,KSAN,6,2026-10-05,02:29
AAL2995,KCLT,MMMX,1,2026-10-01,18:26
AAL2995,KJFK,MMMX,6,2026-10-06,13:44
AAL2995,KJFK,KCLT,1,2026-10-01,13:30
AAL2996,MMMX,KJFK,6,2026-10-05,05:43
AAL2997,KMSY,KCLT,5,2026-10-04,20:03
AAL2997,KORD,KDCA,1,2026-10-06,12:18
AAL2998,KLAX,KORD,7,2026-10-06,16:47
AAL2999,KDFW,KORD,7,2026-10-06,11:03
AAL3,KJFK,KLAX,7,2026-10-06,14:40
AAL30,KLAX,KJFK,7,2026-10-06,06:15
AAL300,KJFK,KLAX,7,2026-10-06,02:07
AAL3001,KIAD,KCLT,4,2026-10-04,10:42
AAL3002,KDFW,KCLT,5,2026-10-05,00:48
AAL3004,KMIA,KCLT,6,2026-10-06,10:23
AAL3005,KPHL,KLAS,7,2026-10-06,00:14
AAL3006,KDFW,KONT,4,2026-10-06,23:22
AAL3008,KORD,KLAX,7,2026-10-06,17:28
AAL3009,KPHX,KCLT,7,2026-10-06,12:08
AAL301,KCLT,MWCR,7,2026-10-06,13:43
AAL301,MWCR,KCLT,7,2026-10-06,17:42
AAL3010,KCLT,KPVD,1,2026-10-05,17:39
AAL3010,KMIA,KSAN,6,2026-10-05,00:33
AAL3010,KPVD,KCLT,1,2026-10-05,20:25
AAL3011,KCLT,KMIA,5,2026-10-04,20:59
AAL3012,KPHL,KCLT,7,2026-10-06,20:20
AAL3013,KORD,KBUF,5,2026-10-04,20:24
AAL3014,KMIA,KLAX,6,2026-10-06,17:56
AAL3015,KIND,KPHL,4,2026-10-06,23:53
AAL3015,KPHL,KIND,5,2026-10-06,20:32
AAL3016,KEWR,KMIA,5,2026-10-05,22:51
AAL3016,KLGA,KMIA,2,2026-10-06,17:20
AAL3017,KFAT,KPHX,2,2026-10-05,03:22
AAL3017,KLAX,KMCO,1,2026-10-06,21:17
AAL3018,KLAS,KDFW,1,2026-10-06,07:22
AAL3019,KBGR,KCLT,4,2026-10-04,21:36
AAL3019,KDSM,KPHX,2,2026-10-06,19:47
AAL3019,KPHX,KDSM,2,2026-10-06,16:23
AAL302,KJFK,KLAX,7,2026-10-06,22:48
AAL3020,KCLT,KDSM,6,2026-10-05,22:49
AAL3020,KMEM,KDFW,2,2026-10-06,14:36
AAL3021,KORD,KCLT,5,2026-10-04,17:05
AAL3021,KPHX,KABQ,1,2026-10-06,02:12
AAL3022,KORD,KBOS,5,2026-10-04,11:12
AAL3023,KCLT,KPDX,4,2026-10-04,19:51
AAL3023,KDFW,KIAH,2,2026-10-06,04:34
AAL3024,TJSJ,KDFW,1,2026-10-06,10:16
AAL3025,TJSJ,KPHL,1,2026-10-06,11:37
AAL3026,KIAH,KDFW,7,2026-10-06,12:36
AAL3027,KEWR,KORD,5,2026-10-04,10:51
AAL3027,KSMF,KPHX,1,2026-10-06,02:26
AAL3028,KLAX,KORD,1,2026-10-06,00:29
AAL3028,KMDT,KCLT,4,2026-10-03,15:21
AAL303,KMIA,MWCR,1,2026-10-05,22:28
AAL3030,KDFW,KMCI,6,2026-10-06,20:52
AAL3030,KMCI,KDFW,4,2026-10-05,00:01
AAL3031,KMCO,KORD,4,2026-10-04,20:28
AAL3033,KATL,KORD,1,2026-10-06,23:48
AAL3033,KMIA,TJSJ,4,2026-10-04,10:55
AAL3033,KORD,KATL,2,2026-10-06,21:24
AAL3033,TJSJ,KMIA,4,2026-10-04,14:23
AAL3034,KMIA,KDCA,7,2026-10-06,19:37
AAL3035,KLAX,KCLT,6,2026-10-05,04:49
AAL3036,KDFW,KBOS,1,2026-10-06,00:13
AAL3037,KDFW,KRIC,6,2026-10-06,00:41
AAL3038,KLGA,KMCO,5,2026-10-04,11:39
AAL3038,KMCO,KLGA,5,2026-10-04,15:32
AAL3039,KIAH,KORD,1,2026-10-06,22:28
AAL3039,KOMA,KPHX,4,2026-10-04,19:41
AAL3039,KORD,KIAH,2,2026-10-06,21:17
AAL3039,KPHX,KOMA,4,2026-10-04,15:57
AAL304,KSFO,KDFW,6,2026-10-06,15:10
AAL3040,KATL,KORD,2,2026-10-06,11:45
AAL3040,KORD,KMIA,6,2026-10-05,23:09
AAL3041,KEWR,KPHX,1,2026-10-06,22:07
AAL3041,KPHL,KATL,3,2026-10-04,19:54
AAL3041,KPHX,KEWR,2,2026-10-06,16:48
AAL3042,KDFW,KJAC,1,2026-10-02,01:41
AAL3042,KPHL,KMIA,2,2026-10-06,09:14
AAL3043,KCLT,KDCA,7,2026-10-06,13:31
AAL3044,KCLT,KIND,3,2026-10-06,15:49
AAL3044,KIND,KCLT,3,2026-10-06,19:51
AAL3045,KLGA,KBOS,2,2026-10-06,11:58
AAL3046,KCLT,KPHX,5,2026-10-06,20:23
AAL3047,KPHX,KPHL,6,2026-10-06,13:45
AAL3048,KBOS,KORD,5,2026-10-04,16:14
AAL3049,KPHL,KSTL,2,2026-10-06,19:29
AAL3049,KSTL,KPHL,4,2026-10-06,22:53
AAL3050,KMFE,KDFW,1,2026-10-03,17:23
AAL3051,KCLT,KTPA,6,2026-10-06,22:32
AAL3052,KJAC,KDFW,5,2026-10-04,18:07
AAL3052,KMCO,KCLT,2,2026-10-06,16:06
AAL3053,KABQ,KDFW,2,2026-10-04,22:21
AAL3053,KDFW,KABQ,4,2026-10-04,20:09
AAL3053,KIND,KORD,1,2026-10-06,02:49
AAL3053,KORD,KIND,1,2026-10-06,01:06
AAL3054,KDFW,KAUS,6,2026-10-06,15:20
AAL3055,KDFW,KMIA,4,2026-10-04,11:28
AAL3055,KMIA,KDFW,7,2026-10-06,15:23
AAL3056,KMIA,KORD,7,2026-10-06,19:53
AAL3057,KCHS,KCLT,1,2026-10-06,21:07
AAL3057,KCLT,KCHS,1,2026-10-06,19:36
AAL3057,KCLT,KPHX,1,2026-10-05,00:50
AAL3058,KBOS,KLGA,2,2026-10-06,13:59
AAL3059,KATL,KORD,5,2026-10-05,18:55
AAL3059,KCLT,KMCO,1,2026-10-06,12:26
AAL3059,KMCO,KCLT,1,2026-10-06,14:56
AAL306,KJFK,KLAX,7,2026-10-06,21:45
AAL3060,KCLT,KSTL,1,2026-10-06,19:20
AAL3060,KSAN,KDFW,5,2026-10-05,23:06
AAL3060,KSTL,KCLT,1,2026-10-06,21:49
AAL3061,KPHL,KMIA,6,2026-10-05,19:28
AAL3062,KLAS,KORD,1,2026-10-06,07:39
AAL3062,KPHX,KORD,4,2026-10-04,12:18
AAL3063,KORD,KLAX,7,2026-10-06,00:40
AAL3064,KCLT,KCHS,6,2026-10-05,00:21
AAL3064,KCLT,KMCO,1,2026-10-05,11:36
AAL3065,KPHX,KSBP,7,2026-10-06,17:46
AAL3065,KSBP,KPHX,7,2026-10-06,20:26
AAL3066,KCLT,KILM,1,2026-10-06,17:57
AAL3066,KDCA,KSTL,4,2026-10-04,19:19
AAL3066,KILM,KCLT,1,2026-10-06,19:41
AAL3067,KBOS,KORD,2,2026-10-06,16:29
AAL3067,KORD,KBOS,5,2026-10-04,12:02
AAL3068,KCLT,KMIA,6,2026-10-06,04:02
AAL3069,KORD,KSTL,7,2026-10-06,04:26
AAL307,KLAX,KJFK,7,2026-10-06,15:12
AAL3070,KAUS,KCLT,1,2026-10-06,23:24
AAL3070,KCLT,KAUS,6,2026-10-06,19:26
AAL3070,KCLT,KIAH,1,2026-10-01,18:29
AAL3070,KIAH,KAUS,1,2026-10-02,22:57
AAL3071,KLAX,KIAD,1,2026-10-06,05:01
AAL3072,KCLT,KRDU,2,2026-10-06,19:47
AAL3072,KRDU,KCLT,2,2026-10-06,21:17
AAL3072,KSLC,KORD,5,2026-10-04,17:49
AAL3073,KPHL,KBOS,7,2026-10-06,20:21
AAL3074,KPHL,KORD,7,2026-10-06,11:15
AAL3075,KLAX,KORD,7,2026-10-06,17:54
AAL3076,KLAX,KPHX,2,2026-10-06,17:07
AAL3076,KMIA,KORD,5,2026-10-04,12:28
AAL3077,KLAS,KORD,7,2026-10-06,07:05
AAL3078,KCLT,KJAX,4,2026-10-05,02:29
AAL3078,KJAX,KPHL,1,2026-10-06,22:47
AAL3079,KPWM,KLGA,2,2026-10-06,20:58
AAL3079,KTYS,KMIA,5,2026-10-04,10:57
AAL3080,KLAS,KORD,5,2026-10-04,17:12
AAL3081,KBDL,KDCA,2,2026-10-06,09:47
AAL3081,KLAS,KJFK,5,2026-10-05,20:02
AAL3082,KSFO,KCLT,7,2026-10-06,13:24
AAL3083,KATL,KPHL,5,2026-10-06,18:25
AAL3083,KPHL,KATL,2,2026-10-06,15:33
AAL3084,KLGA,KCLT,7,2026-10-06,10:08
AAL3085,KDFW,KMCO,2,2026-10-06,11:13
AAL3085,KMCO,KDFW,2,2026-10-06,14:37
AAL3085,KORD,KDFW,5,2026-10-04,17:24
AAL3086,KBNA,KPHX,6,2026-10-06,19:37
AAL3087,KCLT,KIND,5,2026-10-06,00:19
AAL3088,KLGA,KMIA,7,2026-10-06,22:55
AAL3089,KDFW,KVPS,2,2026-10-06,15:19
AAL3089,KVPS,KDFW,2,2026-10-06,17:58
AAL3089,TJSJ,KMIA,5,2026-10-04,10:11
AAL3090,KPDX,KPHL,5,2026-10-04,14:36
AAL3090,KPHL,KPDX,1,2026-10-06,00:01
AAL3091,KCVG,KPHX,4,2026-10-05,20:48
AAL3091,KDEN,KPHX,1,2026-10-05,12:15
AAL3095,KTUL,KDFW,6,2026-10-06,12:57
AAL3096,KCLT,KSTL,5,2026-10-04,16:20
AAL3096,KSTL,KCLT,6,2026-10-06,18:58
AAL3097,KDFW,KSAT,6,2026-10-06,03:21
AAL3098,KSAT,KDFW,6,2026-10-06,12:05
AAL3099,KBDL,KCLT,1,2026-10-06,03:54
AAL3099,KCLT,KBDL,1,2026-10-06,01:35
AAL3099,KDFW,KOKC,3,2026-10-04,16:04
AAL3099,KGSP,KMIA,1,2026-10-03,00:23
AAL3099,KOKC,KDFW,3,2026-10-04,17:33
AAL31,KLAX,PHNL,6,2026-10-06,16:41
AAL310,KDFW,KGRR,7,2026-10-06,19:02
AAL310,KGRR,KDFW,6,2026-10-06,22:17
AAL3100,KIAH,KMIA,2,2026-10-06,16:58
AAL3100,KLAX,KSFO,3,2026-10-05,04:32
AAL3100,KMIA,KIAH,2,2026-10-06,13:41
AAL3101,KDFW,KDTW,7,2026-10-06,12:42
AAL3101,KDTW,KDFW,7,2026-10-06,16:04
AAL3102,KBOS,KDFW,6,2026-10-05,21:14
AAL3102,KDFW,KBOS,7,2026-10-06,15:29
AAL3103,KFLL,KCLT,5,2026-10-04,15:24
AAL3103,KPHX,KSLC,1,2026-10-06,23:00
AAL3103,KSLC,KPHX,1,2026-10-06,01:24
AAL3104,KATL,KDFW,5,2026-10-06,20:02
AAL3104,KDFW,KATL,7,2026-10-06,16:27
AAL3105,KORD,KSEA,6,2026-10-06,12:47
AAL3105,KSEA,KORD,5,2026-10-04,18:38
AAL3106,KIAH,KORD,7,2026-10-06,11:21
AAL3107,KORD,KBOS,7,2026-10-06,00:30
AAL3108,KDFW,KDTW,6,2026-10-05,01:51
AAL3109,KDFW,KSAN,7,2026-10-06,16:52
AAL3110,KCLE,KPHX,2,2026-10-03,12:17
AAL3110,KDFW,KPHX,2,2026-10-05,02:04
AAL3110,KDFW,KIAH,1,2026-10-06,12:26
AAL3110,KIAH,KDFW,1,2026-10-06,14:06
AAL3110,KSAV,KMIA,1,2026-10-05,10:06
AAL3111,KORD,KLAX,1,2026-10-06,23:16
AAL3111,KSDF,KDFW,1,2026-10-05,00:30
AAL3112,KDFW,KTPA,5,2026-10-04,15:21
AAL3112,KTPA,KDFW,6,2026-10-06,18:30
AAL3113,KLGA,KDFW,4,2026-10-04,14:48
AAL3113,KPHX,KRNO,1,2026-10-06,00:28
AAL3113,KRNO,KPHX,1,2026-10-06,02:54
AAL3114,KORD,KATL,6,2026-10-05,01:05
AAL3114,KPSP,KORD,2,2026-10-06,20:15
AAL3115,KORD,KSFO,7,2026-10-06,13:52
AAL3116,KJAX,KCLT,5,2026-10-04,10:08
AAL3116,KRDU,KLGA,2,2026-10-06,10:59
AAL3117,KCHS,KCLT,6,2026-10-06,21:53
AAL3117,KCLT,KCHS,6,2026-10-06,20:09
AAL3118,KMCO,KDFW,4,2026-10-05,22:45
AAL3118,KPHL,KDFW,1,2026-10-06,17:33
AAL3119,KMFE,KDFW,1,2026-10-06,05:30
AAL3119,KOKC,KDFW,4,2026-10-03,15:01
AAL312,KORD,KDFW,2,2026-10-06,14:59
AAL3120,KJFK,KCLT,7,2026-10-06,21:30
AAL3121,KBWI,KCLT,6,2026-10-06,00:07
AAL3121,KCLT,KBWI,3,2026-10-03,20:35
AAL3121,KCLT,KIAD,1,2026-10-03,00:15
AAL3122,KRDU,KMIA,5,2026-10-05,12:33
AAL3123,KPHL,KLAX,6,2026-10-05,21:44
AAL3124,KSAN,KPHX,4,2026-10-04,21:08
AAL3125,KALB,KCLT,3,2026-10-03,21:51
AAL3125,KCLT,KMSN,1,2026-10-05,19:08
AAL3125,KMSN,KCLT,1,2026-10-05,21:48
AAL3126,KDCA,KTPA,5,2026-10-04,14:39
AAL3126,KDCA,KMSY,2,2026-10-06,16:17
AAL3126,KMSY,KDCA,2,2026-10-06,19:40
AAL3127,KCLT,KCID,3,2026-10-03,22:41
AAL3127,KORD,KCHS,1,2026-10-06,03:10
AAL3128,KORD,KLGA,7,2026-10-06,15:31
AAL3129,KORD,KSLC,5,2026-10-04,13:36
AAL313,KDFW,KDTW,1,2026-10-06,03:19
AAL3130,KCLT,KMSN,2,2026-10-06,15:35
AAL3130,KMSN,KCLT,2,2026-10-06,18:39
AAL3130,KORF,KCLT,5,2026-10-04,09:33
AAL3131,KCLT,KPNS,4,2026-10-05,03:45
AAL3131,KCLT,KNPA,1,2026-10-04,01:48
AAL3131,KMSP,KORD,2,2026-10-06,22:10
AAL3131,KORD,KMSP,2,2026-10-06,18:30
AAL3133,KCLT,KGSO,5,2026-10-04,19:59
AAL3133,KGSO,KCLT,4,2026-10-03,21:40
AAL3133,KMSP,KORD,1,2026-10-06,00:08
AAL3133,KORD,KMSP,2,2026-10-06,21:58
AAL3134,KORD,KSAN,4,2026-10-06,16:49
AAL3135,KLGA,KMIA,4,2026-10-05,21:25
AAL3135,KMIA,KCLT,2,2026-10-06,12:53
AAL3136,KDFW,KLAX,1,2026-10-06,02:59
AAL3137,KORD,KPHX,6,2026-10-06,22:55
AAL3138,KLAX,KSFO,6,2026-10-05,00:56
AAL3139,KPHL,KCLT,6,2026-10-06,10:11
AAL314,KMEM,KCLT,1,2026-10-06,13:02
AAL3140,KDFW,KTUS,5,2026-10-05,22:42
AAL3140,KJAX,KMIA,2,2026-10-06,12:19
AAL3141,KORD,KSFO,7,2026-10-06,22:43
AAL3142,KDCA,KPVD,2,2026-10-06,18:04
AAL3142,KPHL,KPVD,6,2026-10-05,00:54
AAL3142,KPVD,KDCA,2,2026-10-06,19:51
AAL3143,KMSP,KPHX,4,2026-10-06,12:48
AAL3144,KORD,KIAH,7,2026-10-06,03:11
AAL3145,KPHL,KDJT,7,2026-10-06,22:24
AAL3146,KCLT,KCLE,6,2026-10-05,00:02
AAL3147,KCHS,KMIA,2,2026-10-06,15:17
AAL3147,KDFW,KPHL,4,2026-10-04,17:47
AAL3147,KMIA,KCHS,2,2026-10-06,13:08
AAL3148,KDCA,KORD,6,2026-10-05,22:49
AAL3148,KPHX,KMIA,1,2026-10-06,00:27
AAL3149,KDFW,KMSP,7,2026-10-06,02:04
AAL315,KORD,KDCA,7,2026-10-06,15:26
AAL3150,KPHX,KSBP,7,2026-10-06,01:05
AAL3151,KSNA,KORD,6,2026-10-05,23:13
AAL3152,KPHL,KRDU,7,2026-10-06,14:44
AAL3152,KRDU,KPHL,7,2026-10-06,17:09
AAL3153,KMCO,KPHL,6,2026-10-06,20:58
AAL3153,KPHL,KMCO,4,2026-10-03,17:04
AAL3154,KRIC,KCLT,3,2026-10-03,12:05
AAL3154,KRSW,KPHL,1,2026-10-06,10:58
AAL3155,KCLT,KROC,6,2026-10-05,00:27
AAL3156,KCLT,KDEN,5,2026-10-05,21:58
AAL3157,KCVG,KDFW,5,2026-10-04,10:13
AAL3158,KPHL,KDEN,4,2026-10-06,22:12
AAL3159,TJSJ,KDFW,1,2026-10-03,19:52
AAL3160,KBOS,KORD,7,2026-10-06,23:25
AAL3161,KLAX,KORD,5,2026-10-05,06:53
AAL3162,KIAH,KCLT,7,2026-10-06,13:34
AAL3163,KLGA,KORD,1,2026-10-06,23:32
AAL3163,KORD,KLGA,5,2026-10-04,17:57
AAL3164,KJFK,KDFW,1,2026-10-05,18:59
AAL3164,KPHL,KPIT,3,2026-10-05,02:36
AAL3165,KCLE,KCLT,2,2026-10-06,10:08
AAL3166,KPHL,KSFO,4,2026-10-06,21:03
AAL3166,KSFO,KPHL,7,2026-10-06,04:39
AAL3167,KDFW,KGRR,7,2026-10-06,14:27
AAL3167,KGRR,KDFW,7,2026-10-06,17:41
AAL3168,KTPA,KORD,5,2026-10-04,18:04
AAL3169,KFLL,KORD,2,2026-10-06,11:07
AAL3169,KMIA,KPHL,5,2026-10-05,22:09
AAL317,KDFW,KCLT,7,2026-10-06,12:24
AAL3170,KEWR,KORD,2,2026-10-06,14:58
AAL3170,KORD,KEWR,2,2026-10-06,11:53
AAL3170,KSNA,KDFW,4,2026-10-04,16:15
AAL3171,KMIA,KGSP,1,2026-10-04,13:12
AAL3172,KMIA,KPHX,7,2026-10-06,15:38
AAL3173,KCMH,KDFW,1,2026-10-05,12:08
AAL3173,KHSV,KDFW,1,2026-10-06,12:22
AAL3173,KORD,KJAX,5,2026-10-05,00:55
AAL3174,KMIA,KMCO,5,2026-10-06,03:14
AAL3175,KLAX,KCLT,7,2026-10-06,16:53
AAL3176,KORD,KMCO,7,2026-10-06,01:22
AAL3177,KORD,KGRR,5,2026-10-04,02:49
AAL3178,KCLT,KRDU,7,2026-10-06,00:49
AAL3179,KDFW,KHSV,1,2026-10-06,02:08
AAL3179,KJAC,KDFW,5,2026-10-04,19:17
AAL3180,KCLT,KDFW,7,2026-10-06,09:55
AAL3181,KDFW,KLAX,7,2026-10-06,16:17
AAL3182,KBDL,KCLT,5,2026-10-05,11:17
AAL3183,KLAS,KPHX,1,2026-10-06,01:55
AAL3183,KPWM,KCLT,5,2026-10-04,11:25
AAL3184,KCLT,KMIA,7,2026-10-06,13:20
AAL3185,KEWR,KORD,7,2026-10-06,09:41
AAL3186,KPHL,KBOS,7,2026-10-06,17:10
AAL3187,KCHS,KORD,5,2026-10-04,11:30
AAL3187,KCLT,TJSJ,2,2026-10-06,12:34
AAL3187,TJSJ,KCLT,2,2026-10-06,17:15
AAL3188,KORD,KCLT,6,2026-10-06,22:15
AAL3189,KDFW,KMIA,7,2026-10-06,10:20
AAL319,KIAH,KCLT,1,2026-10-06,16:27
AAL3190,KATL,KMIA,7,2026-10-06,11:19
AAL3191,KDCA,KPHX,7,2026-10-06,21:31
AAL3191,KPHX,KDCA,5,2026-10-04,15:45
AAL3192,KCHS,KORD,2,2026-10-06,19:51
AAL3192,KLAX,KORD,6,2026-10-05,21:00
AAL3193,KCLT,KMKE,5,2026-10-06,15:35
AAL3193,KMKE,KCLT,5,2026-10-06,19:11
AAL3194,KMIA,KCLT,7,2026-10-06,21:44
AAL3195,KPHL,KBDL,3,2026-10-05,02:37
AAL3195,KPHL,KPIT,1,2026-10-06,02:35
AAL3196,KIAH,KPHL,7,2026-10-06,12:10
AAL3197,KOMA,KORD,7,2026-10-06,12:08
AAL3198,KDJT,KORD,2,2026-10-06,20:49
AAL3198,KORD,KDJT,2,2026-10-06,17:14
AAL3199,KPHX,KSFO,7,2026-10-06,18:55
AAL32,KLAX,KJFK,7,2026-10-06,18:23
AAL320,KPHL,KCMH,4,2026-10-05,23:16
AAL3200,KCLT,KMCO,7,2026-10-06,00:37
AAL3201,KIND,KLAX,4,2026-10-06,20:57
AAL3202,KLAX,KDCA,2,2026-10-06,17:28
AAL3202,KORD,KSFO,6,2026-10-05,02:59
AAL3203,KELP,KPHX,1,2026-10-06,18:16
AAL3203,KPHL,KMCI,5,2026-10-05,00:56
AAL3204,KPHX,KLAX,3,2026-10-06,03:44
AAL3205,KJFK,KLGA,1,2026-09-30,18:26
AAL3205,KMIA,KLGA,6,2026-10-06,11:17
AAL3205,KMIA,KJFK,1,2026-09-30,12:24
AAL3206,KCMH,KCLT,5,2026-10-04,10:16
AAL3207,KDCA,KBOS,6,2026-10-06,22:25
AAL3209,KBFL,KPHX,2,2026-10-06,13:22
AAL3209,KCLT,KDFW,4,2026-10-05,21:27
AAL321,KCLT,KFLL,7,2026-10-06,01:46
AAL3210,KJFK,TXKF,7,2026-10-06,11:16
AAL3211,KLGA,KMIA,7,2026-10-06,13:39
AAL3212,KDFW,KATL,7,2026-10-06,22:52
AAL3214,KPHL,KJAX,1,2026-10-04,21:52
AAL3215,KNPA,KCLT,1,2026-10-04,12:28
AAL3215,KPNS,KCLT,4,2026-10-06,13:38
AAL3216,KMIA,KBWI,6,2026-10-06,00:03
AAL3217,KCLT,KCMH,3,2026-10-06,13:36
AAL3217,KCMH,KCLT,6,2026-10-06,13:55
AAL3218,KBTV,KCLT,2,2026-10-06,18:47
AAL3218,KCLT,KBTV,2,2026-10-06,15:58
AAL3219,KCLT,KSDF,2,2026-10-06,21:14
AAL3219,KCMH,KCLT,1,2026-10-04,12:11
AAL3219,KSDF,KCLT,1,2026-10-05,22:25
AAL322,KMIA,KEWR,5,2026-10-05,23:56
AAL3220,KBOS,KDFW,2,2026-10-06,20:08
AAL3220,KDFW,KFLL,4,2026-10-04,17:41
AAL3221,KJFK,KORD,5,2026-10-04,11:10
AAL3221,KORD,KLGA,2,2026-10-06,18:31
AAL3222,KORD,KBWI,1,2026-10-06,02:29
AAL3222,KSFO,KDFW,5,2026-10-04,19:56
AAL3223,KDFW,KSNA,6,2026-10-06,22:27
AAL3223,KSNA,KDFW,2,2026-10-06,01:53
AAL3224,KLGA,KBOS,2,2026-10-06,21:32
AAL3224,KPHX,KMIA,2,2026-10-05,06:47
AAL3225,KBOS,KLGA,1,2026-10-06,23:44
AAL3225,KORD,KJFK,5,2026-10-04,16:51
AAL3226,KCLT,KCMH,6,2026-10-05,03:05
AAL3227,KDFW,KCLT,4,2026-10-04,20:02
AAL3227,KMSY,KPHX,1,2026-10-06,19:45
AAL3227,KPHX,KMSY,2,2026-10-06,19:25
AAL3228,KSAV,KMIA,5,2026-10-04,10:16
AAL3228,TJSJ,KMIA,2,2026-10-06,20:57
AAL3229,KMSY,KORD,5,2026-10-04,11:15
AAL3229,KPHX,KSAT,2,2026-10-06,17:21
AAL322Q,KDEN,KDFW,1,2026-10-02,04:45
AAL323,KBNA,KMIA,4,2026-10-06,00:12
AAL323,KMIA,KBNA,6,2026-10-06,20:41
AAL3230,KDFW,KBNA,6,2026-10-06,02:42
AAL3231,KORD,KSEA,6,2026-10-05,03:16
AAL3231,KPHX,KDCA,1,2026-10-06,20:48
AAL3232,KDFW,KPHX,7,2026-10-06,01:40
AAL3233,KBTV,KPHL,2,2026-10-06,10:13
AAL3233,KCLT,KMCI,5,2026-10-04,16:40
AAL3234,KORD,KSEA,2,2026-10-06,13:07
AAL3234,KSEA,KORD,2,2026-10-06,19:04
AAL3235,KDCA,KBOS,2,2026-10-06,11:28
AAL3235,KPHL,KLAX,4,2026-10-05,02:32
AAL3236,KPHX,KORD,1,2026-10-06,06:35
AAL3236,KPIT,KPHL,1,2026-10-01,15:15
AAL3237,KPHX,KBFL,6,2026-10-06,04:03
AAL3238,KORD,KRSW,6,2026-10-05,00:46
AAL3239,KMIA,KLAX,2,2026-10-06,14:18
AAL3239,KPHX,KABQ,6,2026-10-05,03:39
AAL324,KDFW,KRNO,6,2026-10-06,17:48
AAL324,KRNO,KDFW,6,2026-10-06,21:48
AAL3240,KBOS,KDCA,5,2026-10-06,13:39
AAL3240,KDCA,KBOS,4,2026-10-03,11:06
AAL3241,KBOS,KMIA,1,2026-10-06,23:33
AAL3241,KCMH,KPHL,3,2026-10-04,21:27
AAL3241,KPHL,KCMH,3,2026-10-04,18:37
AAL3242,KDFW,KPHL,7,2026-10-06,01:14
AAL3243,KDFW,KNPA,1,2026-10-05,16:12
AAL3243,KMDT,KORD,5,2026-10-05,23:14
AAL3243,KORD,KMDT,5,2026-10-04,21:13
AAL3243,KPNS,KDFW,2,2026-10-06,18:52
AAL3244,KMFE,KDFW,2,2026-10-06,12:09
AAL3245,KPHL,KSAN,7,2026-10-06,22:30
AAL3246,KDFW,KPNS,1,2026-10-06,23:28
AAL3246,KMDT,KCLT,1,2026-10-04,14:06
AAL3246,KMIA,KTPA,1,2026-10-02,22:45
AAL3246,KPNS,KDFW,1,2026-10-06,01:44
AAL3247,KMIA,KBOS,2,2026-10-06,14:24
AAL3247,KSFO,KLAX,3,2026-10-05,03:59
AAL3248,KPIT,KPHL,7,2026-10-06,12:43
AAL3249,KBNA,KPHL,7,2026-10-06,20:05
AAL324R,KAUS,KMIA,1,2026-10-02,05:38
AAL325,LGAV,KCLT,2,2026-10-01,11:22
AAL3250,KSFO,KORD,6,2026-10-06,14:20
AAL3250,KSFO,KLAX,1,2026-10-05,13:06
AAL3251,KDFW,KRNO,7,2026-10-06,22:55
AAL3252,KMIA,KSEA,5,2026-10-06,00:47
AAL3253,KORD,KEWR,7,2026-10-06,23:24
AAL3254,KDFW,KMSY,6,2026-10-06,22:14
AAL3255,KCLT,KMDT,1,2026-10-04,11:54
AAL3256,KORD,KMSY,6,2026-10-05,04:36
AAL3256,KPHX,KSBA,2,2026-10-06,18:26
AAL3256,KSBA,KPHX,2,2026-10-06,20:39
AAL3257,KMIA,KSAV,6,2026-10-05,02:38
AAL3257,KPHX,KTUS,2,2026-10-06,23:04
AAL3257,KTUS,KPHX,1,2026-10-06,00:47
AAL3258,KORD,KSLC,7,2026-10-06,16:06
AAL3258,KSLC,KORD,6,2026-10-06,20:16
AAL3259,KMIA,KDFW,6,2026-10-06,20:55
AAL326,KCLT,LGAV,1,2026-10-01,22:21
AAL3260,KDFW,KCAE,6,2026-10-05,00:50
AAL3260,KPHX,KTPA,1,2026-10-06,05:17
AAL3261,KMIA,KATL,5,2026-10-06,01:13
AAL3262,KPHL,KMCO,5,2026-10-06,20:24
AAL3263,KPHL,KMSP,1,2026-10-06,01:11
AAL3264,KDFW,KORD,6,2026-10-06,21:15
AAL3265,KCAE,KDFW,4,2026-10-04,11:20
AAL3265,KCAE,KLIT,1,2026-10-01,11:04
AAL3265,KLIT,KDFW,1,2026-10-01,15:39
AAL3265,KMIA,KMCO,1,2026-10-06,01:57
AAL3267,KDFW,KAVL,6,2026-10-05,01:07
AAL3267,KDFW,KPSP,2,2026-10-06,14:41
AAL3267,KPSP,KDFW,2,2026-10-06,18:22
AAL3268,KMCO,KPHL,7,2026-10-06,19:25
AAL3268,KPHL,KMCO,7,2026-10-06,15:22
AAL3269,KAVL,KDFW,5,2026-10-04,12:19
AAL3269,KCLT,KPVD,2,2026-10-06,12:37
AAL3269,KPVD,KCLT,2,2026-10-06,15:23
AAL327,KORD,KLGA,2,2026-10-06,11:14
AAL3270,KATL,KPHL,7,2026-10-06,10:07
AAL3271,KDFW,MMGL,2,2026-10-06,17:54
AAL3272,KELP,KDFW,1,2026-10-05,22:23
AAL3273,KDFW,KLAX,7,2026-10-06,14:59
AAL3274,KMIA,KPHL,7,2026-10-06,00:39
AAL3275,KCVG,KCLT,1,2026-10-05,13:05
AAL3275,KMCO,KCLT,5,2026-10-04,10:26
AAL3276,KLAX,KPHL,7,2026-10-06,06:03
AAL3277,KORD,KPHX,7,2026-10-06,02:18
AAL3278,KBDL,KPHL,2,2026-10-03,12:12
AAL3278,KPIT,KPHL,1,2026-10-06,10:23
AAL3279,KLGA,KCLT,7,2026-10-06,12:12
AAL327R,KLGA,KDFW,1,2026-10-02,22:35
AAL328,KDFW,KORD,7,2026-10-06,13:50
AAL3280,KCLT,KBDL,7,2026-10-06,22:53
AAL3281,KMIA,KRDU,4,2026-10-04,18:30
AAL3281,KRDU,KMIA,4,2026-10-04,20:57
AAL3282,KSLC,KMIA,5,2026-10-06,05:55
AAL3283,KDCA,KLAX,7,2026-10-06,21:52
AAL3283,KLAX,KDCA,5,2026-10-04,15:36
AAL3284,KPHX,KDFW,7,2026-10-06,17:58
AAL3285,KDEN,KDFW,7,2026-10-06,12:39
AAL3286,KLAS,KDFW,6,2026-10-06,02:27
AAL3287,KDFW,KOKC,2,2026-10-03,02:21
AAL3288,KLAX,KMIA,1,2026-10-06,21:21
AAL3288,KMIA,KLAX,5,2026-10-04,14:32
AAL3289,KLGA,KDFW,6,2026-10-06,13:11
AAL329,KMIA,KMSY,6,2026-10-06,02:21
AAL3290,KDFW,KMIA,7,2026-10-06,12:29
AAL3291,KBNA,KCLT,1,2026-10-04,21:37
AAL3291,KCLT,KBNA,1,2026-10-04,19:20
AAL3292,KORD,KLAS,6,2026-10-06,22:54
AAL3293,KBWI,KCLT,1,2026-10-06,11:22
AAL3293,KMCO,KCLT,1,2026-10-06,23:41
AAL3293,KORD,KMCO,4,2026-10-04,15:52
AAL3293,KORD,KTPA,1,2026-10-03,17:26
AAL3293,KTPA,KMCO,1,2026-10-03,20:41
AAL3294,KCMH,KPHL,1,2026-10-05,19:25
AAL3294,KMSP,KPHL,4,2026-10-06,21:12
AAL3294,KPHL,KMSP,4,2026-10-06,17:13
AAL3295,KLGA,KDFW,2,2026-10-06,19:28
AAL3295,KPHL,KSFO,6,2026-10-05,19:59
AAL3296,KMYR,KCLT,1,2026-10-01,12:23
AAL3297,KSAT,KCLT,7,2026-10-06,14:05
AAL3298,KCHS,KCLT,7,2026-10-06,12:09
AAL3299,KDEN,KCLT,5,2026-10-04,17:13
AAL33,KJFK,KLAX,7,2026-10-06,11:21
AAL330,KPHX,KMIA,2,2026-10-06,19:34
AAL3301,KPWM,KDFW,6,2026-10-06,13:19
AAL3302,KCLE,KPHL,7,2026-10-06,10:16
AAL3303,KDFW,KLAX,6,2026-10-06,11:41
AAL3304,KMIA,KORD,5,2026-10-06,21:07
AAL3305,KCVG,KDFW,2,2026-10-06,19:57
AAL3305,KDFW,KCVG,6,2026-10-06,16:22
AAL3306,KPHL,KMIA,5,2026-10-04,20:58
AAL3307,KPHL,KDFW,5,2026-10-04,12:40
AAL3308,KDFW,KMIA,7,2026-10-06,22:36
AAL3309,KBOS,KPHL,3,2026-10-05,22:43
AAL331,KSDF,KDFW,7,2026-10-06,10:26
AAL3310,KDCA,KTPA,2,2026-10-06,21:14
AAL3310,KDTW,KDFW,4,2026-10-04,21:33
AAL3310,KTPA,KDCA,1,2026-10-06,23:34
AAL3311,KCLT,KVPS,1,2026-10-05,20:36
AAL3311,KVPS,KCLT,1,2026-10-06,23:52
AAL3312,KDFW,KIND,6,2026-10-06,16:25
AAL3312,KIND,KDFW,5,2026-10-06,19:13
AAL3313,KBOS,KPHX,2,2026-10-05,23:01
AAL3314,KBNA,KLGA,5,2026-10-04,11:24
AAL3314,KCLT,KBOS,1,2026-10-06,16:34
AAL3317,KDFW,KLAX,5,2026-10-04,12:44
AAL3317,KLAX,KDFW,2,2026-10-06,18:24
AAL3318,KLAS,KMIA,5,2026-10-04,13:16
AAL3318,KMIA,KLAS,2,2026-10-06,15:11
AAL3319,KCLT,KABQ,3,2026-10-04,16:15
AAL3319,KPHX,KTUS,2,2026-10-06,17:34
AAL3319,KTUS,KPHX,2,2026-10-06,19:02
AAL332,KPHX,KORD,5,2026-10-04,17:26
AAL3320,KLAS,KPHX,2,2026-10-05,03:12
AAL3321,KJFK,KORD,2,2026-10-06,21:08
AAL3321,KMIA,KLAS,6,2026-10-05,22:00
AAL3322,KIAH,KORD,7,2026-10-06,20:02
AAL3322,KORD,KIAH,7,2026-10-06,16:12
AAL3323,KORD,KLAS,7,2026-10-06,02:40
AAL3324,KBOS,KORD,7,2026-10-06,10:11
AAL3325,KCLT,KPHL,7,2026-10-06,12:32
AAL3326,KPHL,KDFW,7,2026-10-06,15:06
AAL3327,KSAN,KPHX,5,2026-10-04,17:06
AAL3328,KBNA,KCLT,5,2026-10-04,17:07
AAL3328,KCLT,KBNA,1,2026-10-04,13:52
AAL3328,KCLT,KSRQ,1,2026-10-05,16:04
AAL3328,KSRQ,KCLT,1,2026-10-05,18:32
AAL3329,KPDX,KORD,5,2026-10-04,13:14
AAL3330,KCLT,KCMH,6,2026-10-06,22:27
AAL3331,KDFW,KMCI,7,2026-10-06,14:50
AAL3331,KMCI,KDFW,5,2026-10-04,16:47
AAL3333,KDFW,KSTL,7,2026-10-06,12:50
AAL3333,KSTL,KDFW,7,2026-10-06,15:20
AAL3334,KORD,KOMA,7,2026-10-06,04:15
AAL336,KDFW,KPHX,6,2026-10-06,18:05
AAL337,KDFW,KORD,2,2026-10-06,15:00
AAL338,KPHX,KORD,7,2026-10-06,19:36
AAL341,KJFK,KLAX,7,2026-10-06,20:19
AAL342,KCLT,LGAV,4,2026-10-06,21:56
AAL343,LGAV,KCLT,5,2026-10-06,10:27
AAL345,KLAX,KMIA,5,2026-10-04,15:06
AAL346,KIND,KCLT,7,2026-10-06,14:57
AAL346R,KDFW,KORD,1,2026-10-02,11:26
AAL348,KDFW,KSNA,2,2026-10-06,02:47
AAL349,KTPA,KDFW,2,2026-10-06,13:19
AAL350R,KDFW,MMMX,1,2026-10-02,12:15
AAL351R,MMMX,KDFW,1,2026-10-02,15:46
AAL352,KCLT,KLAX,7,2026-10-06,17:48
AAL353,KORD,KTPA,7,2026-10-06,01:18
AAL354,KTPA,KORD,7,2026-10-06,12:36
AAL357,KPHX,KPHL,7,2026-10-06,23:20
AAL358,KCLT,KSNA,6,2026-10-05,22:33
AAL359,KDCA,KORD,2,2026-10-06,19:09
AAL359,KDFW,KPHX,5,2026-10-04,17:36
AAL36,KDFW,LEMD,6,2026-10-06,23:10
AAL360,KPVD,KORD,7,2026-10-06,11:19
AAL361,KMIA,KCLT,6,2026-10-06,12:38
AAL362,KMCO,KCLT,6,2026-10-05,23:05
AAL363,KMIA,KCLE,6,2026-10-05,01:07
AAL364,KDFW,KSJC,7,2026-10-06,02:13
AAL365,KCLT,KJFK,5,2026-10-05,12:48
AAL366,KMCO,KMIA,5,2026-10-04,15:57
AAL367,MWCR,KMIA,1,2026-10-05,19:12
AAL369,KSFO,KMIA,2,2026-10-06,16:05
AAL36Q,KDFW,KMCI,1,2026-10-03,10:56
AAL37,KJFK,KDFW,1,2026-10-06,19:55
AAL37,LEMD,KDFW,6,2026-10-05,10:56
AAL37,LEMD,KJFK,1,2026-10-06,09:10
AAL370,KCLT,KDTW,1,2026-10-05,03:02
AAL371,KPDX,KDFW,7,2026-10-06,14:16
AAL372,KPHL,KORD,1,2026-10-05,02:38
AAL372Q,KCLT,KMEM,2,2026-10-06,12:03
AAL373,KSAN,KDFW,7,2026-10-06,14:30
AAL374,KCLT,KJFK,5,2026-10-04,15:52
AAL374,KDCA,KPHX,2,2026-10-06,11:25
AAL375,KORD,PANC,6,2026-10-05,22:33
AAL375,PANC,KORD,6,2026-10-05,06:30
AAL376,KPIT,KCLT,6,2026-10-05,10:00
AAL377,KJFK,KCLT,7,2026-10-06,20:30
AAL379,KDFW,KMSY,2,2026-10-06,18:36
AAL379,KMSY,KDFW,2,2026-10-06,20:55
AAL379Q,KDFW,KORF,1,2026-10-02,11:24
AAL379R,KSEA,KORD,5,2026-10-05,07:18
AAL38,KMIA,EGLL,5,2026-10-06,23:34
AAL381,KSEA,KCLT,6,2026-10-06,13:48
AAL382,KLAX,KBOS,7,2026-10-06,22:19
AAL383,KLAX,KORD,7,2026-10-06,13:15
AAL384,KJAX,KPHL,1,2026-10-06,11:08
AAL384,KPIT,KCLT,5,2026-10-04,12:05
AAL384R,KDFW,KBHM,1,2026-10-06,17:16
AAL385,KMIA,SPJC,7,2026-10-06,03:41
AAL386,KLGA,KORD,7,2026-10-06,16:35
AAL387,KDTW,KCLT,5,2026-10-06,10:11
AAL388,KPHX,KPHL,1,2026-10-05,05:20
AAL389,KDFW,MMMX,7,2026-10-06,14:05
AAL39,EGLL,KMIA,7,2026-10-06,11:54
AAL390,MMMX,KDFW,6,2026-10-06,17:52
AAL391,KORD,KDFW,2,2026-10-06,19:23
AAL392,KLGA,KORD,7,2026-10-06,12:09
AAL393,KDFW,MMMX,7,2026-10-06,15:47
AAL394,MMMX,KDFW,6,2026-10-06,19:28
AAL395,KRDU,KMIA,5,2026-10-04,10:35
AAL396,KLGA,KORD,5,2026-10-06,20:52
AAL397,KBOS,KDFW,5,2026-10-06,11:17
AAL398,KCLT,KIAH,4,2026-10-04,17:13
AAL398,KCLT,KSFO,2,2026-10-06,16:21
AAL399,KDFW,PANC,6,2026-10-06,20:40
AAL399,PANC,KDFW,7,2026-10-06,05:07
AAL4,KLAX,KJFK,6,2026-10-06,20:48
AAL40,KORD,LEBL,7,2026-10-06,01:00
AAL400,KCLT,KMIA,6,2026-10-06,23:20
AAL401,KDCA,KMIA,7,2026-10-06,14:10
AAL402,KDFW,KPHL,7,2026-10-06,15:20
AAL402,KPHL,KDFW,3,2026-10-04,19:28
AAL402P,KPHL,KDFW,2,2026-10-02,20:56
AAL402R,KBNA,KCLT,1,2026-10-06,12:55
AAL403,KCHS,KCLT,1,2026-10-05,03:33
AAL403Q,KBWI,KDFW,1,2026-10-01,17:48
AAL404,KPHL,KDFW,2,2026-10-06,20:04
AAL404,KPHX,KMIA,5,2026-10-04,19:32
AAL406,KAUS,KMIA,5,2026-10-04,10:16
AAL406Q,KDFW,KSAT,1,2026-10-03,10:36
AAL407,KORD,KBOS,7,2026-10-06,00:09
AAL408,KMSP,KPHX,7,2026-10-06,19:55
AAL408,KPHX,KMSP,6,2026-10-06,15:53
AAL41,LEBL,KORD,7,2026-10-06,08:49
AAL410,KDFW,KBOS,7,2026-10-06,23:18
AAL411,KORD,KCLT,7,2026-10-06,13:17
AAL412,KBDL,KMIA,5,2026-10-04,10:11
AAL413,KDFW,KSAT,6,2026-10-06,16:19
AAL413,KSAT,KDFW,6,2026-10-06,18:17
AAL414Q,KDCA,KDFW,1,2026-10-02,01:27
AAL415,KDFW,KPHL,5,2026-10-04,13:05
AAL415,KPHL,KDFW,5,2026-10-04,17:48
AAL416,KMIA,KJAX,5,2026-10-06,02:55
AAL417,KDFW,KPHL,2,2026-10-06,12:50
AAL418,KBOS,KCLT,2,2026-10-03,10:20
AAL418P,KBOS,KCLT,4,2026-10-05,10:19
AAL419,KCLT,KDTW,7,2026-10-06,00:05
AAL42,KJFK,LFPG,4,2026-10-06,23:27
AAL420,KDEN,KDFW,6,2026-10-06,21:50
AAL420,KDFW,KDEN,6,2026-10-06,18:56
AAL421,KDFW,KSYR,7,2026-10-06,00:39
AAL422,KDCA,KMIA,7,2026-10-06,12:37
AAL423,KCLT,KPHL,5,2026-10-05,22:20
AAL424,KMSY,KCLT,6,2026-10-06,13:24
AAL424P,KMSY,KCLT,1,2026-10-03,10:25
AAL425,KCLT,KCHS,1,2026-10-06,02:28
AAL426,KCHA,KDFW,7,2026-10-06,10:21
AAL428,KPHL,KPHX,7,2026-10-06,11:12
AAL429,KCVG,KCLT,7,2026-10-06,12:24
AAL43,LFPG,KJFK,7,2026-10-06,10:28
AAL430,KCLT,KCVG,5,2026-10-04,13:20
AAL430,KCVG,KCLT,5,2026-10-04,15:22
AAL431,KORD,KSAT,7,2026-10-06,02:56
AAL433,KSAN,KPHL,6,2026-10-06,17:22
AAL434,KCLT,KAUS,5,2026-10-06,01:46
AAL435,KORD,KPHX,1,2026-10-06,03:57
AAL435,KPHX,KORD,6,2026-10-05,23:07
AAL436,KCLT,KTPA,7,2026-10-06,14:44
AAL436,KTPA,KCLT,5,2026-10-04,17:16
AAL438,KORD,KAUS,5,2026-10-06,21:32
AAL440,KALB,KCLT,7,2026-10-06,11:11
AAL440,KCLT,KALB,2,2026-10-06,18:43
AAL441,KFLL,KPHX,2,2026-10-04,10:30
AAL442,KBOS,KMCO,2,2026-10-06,13:36
AAL442,KDFW,KLAX,4,2026-10-04,17:28
AAL442,KMCO,KBOS,2,2026-10-06,17:47
AAL443,KPHL,KATL,6,2026-10-05,01:40
AAL444,KFLL,KPHL,5,2026-10-04,12:51
AAL445,KDTW,KPHX,2,2026-10-05,21:52
AAL445R,KIAH,KCLT,1,2026-10-04,15:30
AAL446,KDFW,KSFO,2,2026-10-06,04:18
AAL450,KPHX,KSAT,3,2026-10-06,02:04
AAL451,KCLE,KPHX,2,2026-10-06,13:18
AAL452,KPHX,KCLE,4,2026-10-06,23:14
AAL454,KDFW,KLBB,2,2026-10-06,19:36
AAL454,KLBB,KDFW,2,2026-10-06,21:15
AAL454,KPHX,KDFW,4,2026-10-03,21:39
AAL454,KPHX,KPHL,1,2026-10-05,23:24
AAL455,KAUS,KPHX,6,2026-10-06,13:36
AAL456,KORD,KLGA,2,2026-10-06,21:55
AAL457,KPHX,KLAS,5,2026-10-04,18:19
AAL458,KMIA,KMSP,7,2026-10-06,00:23
AAL459,KCLT,KSTL,7,2026-10-06,02:29
AAL459R,KSNA,KJFK,1,2026-10-04,18:51
AAL460,KDFW,KCLT,6,2026-10-06,02:00
AAL461,KMCO,KCLT,7,2026-10-06,12:11
AAL462,KLGA,KORD,2,2026-10-06,10:23
AAL463,KPHX,KLAX,2,2026-10-06,21:15
AAL464,KPHX,KSMF,7,2026-10-06,01:36
AAL465,KCLT,KSAN,1,2026-10-05,00:17
AAL466,KCLT,KSAN,7,2026-10-06,15:21
AAL467,KLAX,KMIA,5,2026-10-05,21:01
AAL468,KMSY,KDFW,5,2026-10-06,10:57
AAL469,KLAX,KCLT,4,2026-10-05,13:10
AAL470,KPHL,KORD,7,2026-10-06,20:22
AAL471,KORD,KPHL,7,2026-10-06,11:40
AAL472,KDFW,KDCA,7,2026-10-06,22:54
AAL473,KCLT,KDJT,4,2026-10-03,16:22
AAL474,KDFW,KPHX,7,2026-10-06,12:37
AAL475,KJFK,KDFW,2,2026-10-06,10:45
AAL475,KPHX,KJFK,6,2026-10-05,20:11
AAL477,KMIA,KSTL,4,2026-10-05,15:59
AAL477,KSTL,KMIA,4,2026-10-06,21:23
AAL478,KPHL,KPHX,7,2026-10-06,15:10
AAL479,KBOS,KDFW,7,2026-10-06,14:07
AAL48,KDFW,LFPG,5,2026-10-06,21:10
AAL480,KPHX,KSAN,5,2026-10-05,00:37
AAL481,KDFW,KJFK,5,2026-10-06,21:57
AAL482,KDTW,KDFW,7,2026-10-06,12:05
AAL483,KMIA,KORD,7,2026-10-06,01:22
AAL484,KGEG,KDFW,7,2026-10-06,13:12
AAL486,KORD,KMCO,5,2026-10-05,17:47
AAL486,KORD,KTPA,1,2026-10-03,17:17
AAL486,KTPA,KMCO,1,2026-10-03,21:09
AAL487,KBNA,KMIA,4,2026-10-06,22:09
AAL487,KMIA,KBNA,5,2026-10-06,19:01
AAL488,KDCA,KORD,7,2026-10-06,01:29
AAL489,KORD,KDCA,5,2026-10-06,22:57
AAL49,LFPG,KDFW,7,2026-10-06,08:24
AAL490,KPHL,KORD,7,2026-10-06,00:02
AAL491,KMIA,KDCA,7,2026-10-06,10:44
AAL492,KORD,MMUN,3,2026-10-06,15:32
AAL493,KJFK,KCLT,5,2026-10-05,16:21
AAL494,KCLT,KRDU,7,2026-10-06,02:49
AAL495,KDFW,KXNA,2,2026-10-06,20:09
AAL495,KORD,KDCA,5,2026-10-04,12:08
AAL495,KXNA,KDFW,2,2026-10-06,22:04
AAL497,KCLT,KPWM,1,2026-10-05,20:37
AAL497,KPWM,KCLT,1,2026-10-06,23:26
AAL498,KCLT,KCLE,1,2026-10-06,00:40
AAL499,KCHS,KPHL,3,2026-10-05,22:52
AAL5,KDFW,PHNL,4,2026-10-05,16:50
AAL50,KDFW,EGLL,3,2026-10-04,21:46
AAL500,KDFW,KIND,2,2026-10-06,16:06
AAL500,KIND,KDFW,2,2026-10-06,18:47
AAL500,KLAX,KDFW,3,2026-10-04,21:21
AAL501,KPHX,MMMX,7,2026-10-06,17:39
AAL502,MMMX,KPHX,4,2026-10-06,21:49
AAL504,KBOS,KCLT,2,2026-10-06,15:52
AAL504Q,KLAX,KDFW,2,2026-10-03,01:57
AAL505,MMMX,KMIA,6,2026-10-06,20:39
AAL506,KCLT,KSEA,6,2026-10-06,16:59
AAL507,KPHL,KRSW,4,2026-10-04,15:32
AAL507,KRSW,KPHL,4,2026-10-04,19:49
AAL508,KLGA,KTPA,5,2026-10-06,22:24
AAL509,KDFW,KSMF,6,2026-10-05,03:40
AAL51,EGLL,KDFW,7,2026-10-06,08:21
AAL511,KDFW,CYYC,7,2026-10-06,00:41
AAL512,KAUS,KDFW,2,2026-10-06,12:16
AAL512,KORD,KLGA,5,2026-10-04,19:45
AAL513,KLAX,KPHL,5,2026-10-06,22:36
AAL514,KORD,KDCA,7,2026-10-06,23:32
AAL515,KPHX,MMUN,2,2026-10-05,16:08
AAL516,KDEN,KPHL,7,2026-10-06,13:08
AAL518,KSAN,KORD,7,2026-10-06,13:46
AAL519,KBNA,KCLT,7,2026-10-06,23:46
AAL519,KCLT,KBNA,7,2026-10-06,21:23
AAL52,KMIA,LIRF,3,2026-10-06,00:22
AAL520,KDFW,KPHX,7,2026-10-06,13:59
AAL521,KLAX,KBNA,1,2026-10-06,00:36
AAL521,KPHX,KDFW,3,2026-10-05,02:45
AAL522,KDCA,KORD,7,2026-10-06,13:06
AAL523,KDCA,KORD,5,2026-10-04,10:45
AAL523,KORD,KDCA,7,2026-10-06,14:10
AAL524,KDFW,KIAD,7,2026-10-06,16:32
AAL524,KIAD,KDFW,6,2026-10-06,20:59
AAL525,KMIA,KJFK,7,2026-10-06,10:43
AAL526,KCLT,KBNA,7,2026-10-06,01:06
AAL526R,KATL,KMIA,1,2026-09-30,15:33
AAL527,KCLT,KDCA,6,2026-10-06,00:00
AAL528,KMFE,KDFW,2,2026-10-04,22:27
AAL529,KORD,KLAX,7,2026-10-06,20:43
AAL52Q,KAUS,KCLT,1,2026-10-02,04:42
AAL52Q,KIAH,KAUS,1,2026-10-02,11:19
AAL53,LIRF,KMIA,6,2026-10-05,12:45
AAL530,KMIA,MMMX,1,2026-10-03,17:01
AAL530,MMMX,KMIA,1,2026-10-04,21:23
AAL531,KDFW,KTUL,6,2026-10-06,02:17
AAL532,KORD,KPHL,7,2026-10-06,00:47
AAL533,KSYR,KDFW,6,2026-10-06,11:14
AAL533,KSYR,KTUL,1,2026-10-01,11:12
AAL533,KTUL,KDFW,1,2026-10-01,16:39
AAL534,KLAS,KPHL,5,2026-10-04,13:49
AAL535,KORD,KDCA,6,2026-10-05,04:07
AAL536,KCLT,KORD,6,2026-10-06,20:30
AAL537,KSTL,KDFW,7,2026-10-06,12:08
AAL538,KCLT,KBNA,5,2026-10-04,17:21
AAL538,KLAX,KPHL,1,2026-10-06,19:41
AAL539,KTPA,KLGA,6,2026-10-06,10:53
AAL54,KORD,EGLL,7,2026-10-06,02:10
AAL540,KGEG,KPHX,6,2026-10-06,21:43
AAL540,KPHX,KGEG,7,2026-10-06,18:05
AAL542,KDFW,KRDU,6,2026-10-06,01:52
AAL543,KCLT,KLAX,4,2026-10-05,11:16
AAL544,KDCA,KTPA,5,2026-10-06,23:32
AAL545,KCLT,KTPA,6,2026-10-05,19:53
AAL546,KDFW,KSAT,6,2026-10-06,01:06
AAL547,KBOS,KORD,7,2026-10-06,18:05
AAL548,KJAX,KCLT,2,2026-10-06,10:10
AAL548,KMCO,KMIA,3,2026-10-03,13:03
AAL548P,KMCO,KMIA,1,2026-10-05,13:34
AAL549,KPHL,KMSY,5,2026-10-05,23:59
AAL549,KRIC,KCLT,1,2026-10-05,09:05
AAL55,EGLL,KORD,7,2026-10-06,11:31
AAL550,KPHX,KFLL,4,2026-10-04,16:37
AAL551,KMIA,KPHL,7,2026-10-06,13:06
AAL552,KMIA,KLGA,7,2026-10-06,18:43
AAL553,KPHX,KTPA,1,2026-10-06,23:45
AAL553,KPIT,KPHL,4,2026-10-04,10:24
AAL554R,KORD,KPHX,1,2026-10-02,12:55
AAL556,KPHX,KDFW,7,2026-10-06,02:06
AAL557,KPHL,KATL,2,2026-10-06,20:29
AAL557,KSFO,KDFW,6,2026-10-05,00:46
AAL558,KDFW,KSLC,6,2026-10-06,23:10
AAL559,KPHX,KSAN,3,2026-10-06,04:00
AAL560,KDFW,KCLE,3,2026-10-06,03:01
AAL561,KPHX,KPDX,3,2026-10-06,03:50
AAL562,KCLT,KSAN,7,2026-10-06,21:30
AAL563,KPHX,KMCO,1,2026-10-06,05:39
AAL564,KORD,KBUF,6,2026-10-06,01:02
AAL565,KCLT,KMIA,7,2026-10-06,00:13
AAL566,KPHX,KJFK,1,2026-10-06,20:26
AAL567,KPHX,KBOS,7,2026-10-06,23:08
AAL568,KCLE,KCLT,7,2026-10-06,17:28
AAL568,KCLT,KCLE,2,2026-10-06,17:21
AAL569,KAVL,KDFW,5,2026-10-05,21:18
AAL569,KDFW,KAVL,6,2026-10-05,18:22
AAL570,KPHX,KSAT,6,2026-10-06,19:51
AAL571,KDFW,KGRR,7,2026-10-06,01:28
AAL572,KSYR,KORD,1,2026-10-06,10:46
AAL573,KDEN,KCLT,6,2026-10-06,12:28
AAL574,KDFW,KBUF,7,2026-10-06,00:30
AAL574R,KSTL,KPHX,1,2026-10-06,04:12
AAL575,KCLT,KDFW,7,2026-10-06,13:30
AAL576,KDFW,KAUS,5,2026-10-05,00:50
AAL576,KDFW,KCLT,2,2026-10-06,14:43
AAL577,KDFW,KDEN,7,2026-10-06,02:49
AAL578,KDFW,KJFK,6,2026-10-06,21:32
AAL579,KAUS,KDFW,7,2026-10-06,11:09
AAL580,KDCA,KCLT,7,2026-10-06,09:06
AAL581,KMIA,KORD,7,2026-10-06,11:05
AAL582,KDCA,KMIA,6,2026-10-05,23:13
AAL583,KPHL,KDFW,6,2026-10-06,11:17
AAL584,KDFW,KTUS,5,2026-10-06,20:36
AAL584,KTUS,KDFW,5,2026-10-06,00:07
AAL585,KSEA,KCLT,6,2026-10-05,20:33
AAL586,KIND,KCLT,6,2026-10-05,00:06
AAL588,KCLT,KPHX,7,2026-10-06,15:55
AAL589,KCLT,KALB,7,2026-10-06,00:22
AAL590,KMIA,KSFO,4,2026-10-05,21:07
AAL590,KPHX,KSTL,2,2026-10-06,16:00
AAL590,KSTL,KPHX,2,2026-10-06,19:41
AAL591,KLAX,KDCA,6,2026-10-06,19:54
AAL592,KDCA,KMCO,7,2026-10-06,10:48
AAL593,KCLT,KOMA,1,2026-10-05,19:27
AAL593,KTPA,KMIA,3,2026-10-04,14:22
AAL595,KDFW,KMCI,6,2026-10-05,02:09
AAL595,KMSP,KPHL,2,2026-10-06,17:26
AAL595,KPHL,KMSP,2,2026-10-06,13:13
AAL596,KCLT,KLAS,7,2026-10-06,22:44
AAL596Q,KCLT,KLAS,1,2026-10-06,09:19
AAL597,KATL,KPHL,1,2026-10-06,23:17
AAL597,KORD,KPHL,4,2026-10-05,00:22
AAL598,KIND,KLAX,7,2026-10-06,11:10
AAL599,KMCO,KDFW,7,2026-10-06,11:34
AAL6,PHNL,KDFW,6,2026-10-05,03:51
AAL60,RJAA,KDFW,6,2026-10-06,10:02
AAL600,KORD,KRDU,7,2026-10-06,03:00
AAL602,KBNA,KLAX,1,2026-10-06,12:15
AAL603,KPHX,KMCO,4,2026-10-05,17:41
AAL604,KRIC,KMIA,7,2026-10-06,10:14
AAL605,KLGA,KMIA,5,2026-10-04,17:40
AAL605,KMIA,KLGA,5,2026-10-04,13:12
AAL606,KJFK,KDFW,7,2026-10-06,22:51
AAL607,KORD,KLAX,7,2026-10-06,11:10
AAL608,KCLT,KMSY,7,2026-10-06,01:21
AAL609,KMCO,KCLT,7,2026-10-06,13:38
AAL609Q,KLGA,KDFW,1,2026-10-01,20:01
AAL61,KDFW,RJAA,5,2026-10-06,17:19
AAL610,KDFW,KLGA,6,2026-10-06,21:35
AAL612,KCLT,KMCO,5,2026-10-06,22:37
AAL613,KMIA,KBOS,4,2026-10-05,01:25
AAL614,KPHL,TJSJ,3,2026-10-03,13:57
AAL615,KAUS,KDFW,6,2026-10-06,16:55
AAL616,KATL,KORD,4,2026-10-05,22:36
AAL616,KDFW,KAUS,1,2026-10-06,23:57
AAL616,KORD,KATL,4,2026-10-04,19:25
AAL617,KLAS,KDFW,6,2026-10-06,15:14
AAL618,KDFW,KEWR,6,2026-10-05,00:38
AAL618,KORD,KDFW,2,2026-10-06,17:49
AAL620,KMCO,KPHL,2,2026-10-06,11:21
AAL620,KSAT,KDFW,3,2026-10-04,23:36
AAL621,KMCO,KPHL,2,2026-10-06,14:24
AAL621,TJSJ,KPHL,3,2026-10-04,18:31
AAL623,KPHX,KMCI,4,2026-10-06,00:20
AAL624,KDFW,KLAS,2,2026-10-06,04:37
AAL625,KCLT,KDFW,2,2026-10-06,18:08
AAL625,KORD,KIND,5,2026-10-04,15:27
AAL625R,KDFW,MMMY,1,2026-10-05,10:47
AAL625R,MMMY,KDFW,1,2026-10-05,13:15
AAL626,KCLT,KCVG,6,2026-10-05,03:03
AAL627,KCLT,KORD,7,2026-10-06,02:54
AAL628,KSNA,KPHX,6,2026-10-06,14:03
AAL629,KMCO,KPHL,5,2026-10-04,15:03
AAL629,KPHL,KDFW,1,2026-10-06,01:17
AAL630,KIND,KORD,5,2026-10-04,17:38
AAL632,KSAT,KORD,7,2026-10-06,12:31
AAL632Q,KORD,CYYC,1,2026-10-02,11:59
AAL633,KCLT,KCVG,2,2026-10-06,04:56
AAL634,KMSN,KPHX,4,2026-10-06,14:02
AAL635,KCLT,KOKC,1,2026-10-06,14:43
AAL635,KLAX,KIND,4,2026-10-06,23:22
AAL635,KOKC,KCLT,1,2026-10-06,18:25
AAL635R,KONT,KDFW,1,2026-10-04,13:21
AAL636,KPHX,KJFK,7,2026-10-06,14:30
AAL637,KLAX,KMIA,4,2026-10-04,13:42
AAL637,KTPA,KCLT,1,2026-10-05,14:40
AAL638,KFLL,KDFW,4,2026-10-05,21:10
AAL638,KSAN,KDFW,1,2026-10-06,23:42
AAL639,KORD,KATL,7,2026-10-06,11:59
AAL640,KPIT,KORD,5,2026-10-04,10:41
AAL641,KDFW,KCMH,6,2026-10-06,01:01
AAL642,KJFK,KMIA,7,2026-10-06,19:13
AAL644,KSLC,KDFW,7,2026-10-06,13:07
AAL646,KPHL,KMCO,6,2026-10-05,22:34
AAL647,KMIA,KSDF,7,2026-10-06,01:22
AAL648,KDFW,KSAN,2,2026-10-06,19:16
AAL649,KCLT,KTPA,1,2026-10-05,12:14
AAL650,KPHL,KMCO,2,2026-10-06,17:01
AAL651,KDFW,KSMF,6,2026-10-05,22:31
AAL652,KPHL,KPWM,1,2026-10-06,02:33
AAL652R,MMUN,KDFW,1,2026-10-02,15:00
AAL653,KTPA,KCLT,7,2026-10-06,09:47
AAL654,KLAS,KDFW,7,2026-10-06,14:25
AAL655,KJFK,KMIA,5,2026-10-04,10:03
AAL656,KDFW,KMIA,2,2026-10-06,15:37
AAL656,KOKC,KDFW,5,2026-10-04,10:08
AAL657,KCLT,KJFK,6,2026-10-06,22:20
AAL659,KSEA,KCLT,6,2026-10-06,05:52
AAL66,KJFK,LEBL,1,2026-10-06,22:56
AAL660,KDTW,KCLT,1,2026-10-05,00:44
AAL660,KSNA,KORD,1,2026-10-06,22:38
AAL661,KORD,KSNA,2,2026-10-06,17:20
AAL662,KMCO,KORD,5,2026-10-04,15:53
AAL662,KORD,KCLT,2,2026-10-06,17:14
AAL665,KCVG,KDFW,1,2026-10-06,23:38
AAL665,KPHX,KCLT,5,2026-10-04,17:09
AAL667,KDCA,KMIA,1,2026-10-06,01:14
AAL667,KMIA,KDCA,6,2026-10-05,22:35
AAL668,KFAT,KPHX,6,2026-10-06,23:53
AAL669,KCLT,KMCO,3,2026-10-06,20:14
AAL67,LEBL,KJFK,7,2026-10-06,12:00
AAL670,KMIA,KMCI,7,2026-10-06,00:59
AAL671,KCLT,KSDF,6,2026-10-06,02:31
AAL672,KDFW,KLGA,7,2026-10-06,18:07
AAL673,KORD,KLGA,5,2026-10-06,22:08
AAL675,KLGA,KDFW,1,2026-10-06,22:35
AAL676,KCLT,KGRR,7,2026-10-06,00:05
AAL677,KGEG,KORD,7,2026-10-06,21:56
AAL677,KORD,KGEG,7,2026-10-06,16:33
AAL678,KIAH,KMIA,7,2026-10-06,22:51
AAL678,KMIA,KIAH,7,2026-10-06,18:57
AAL679,KDFW,KJAX,4,2026-10-05,02:02
AAL679,KDFW,KDTW,2,2026-10-06,17:00
AAL679,KDTW,KDFW,2,2026-10-06,20:26
AAL68,KMIA,LEMD,6,2026-10-05,23:38
AAL680,KDFW,KPIT,6,2026-10-06,01:36
AAL680Q,KMSY,KMIA,1,2026-10-06,12:39
AAL682,KPHL,KIND,7,2026-10-06,02:05
AAL683,KRDU,KCLT,2,2026-10-05,11:36
AAL684,PHLI,KPHX,5,2026-10-06,07:12
AAL684P,PHLI,KPHX,2,2026-10-05,03:19
AAL685,KDFW,KPDX,7,2026-10-06,22:58
AAL686,KPHX,KSFO,3,2026-10-06,04:25
AAL687,KDFW,KJAX,2,2026-10-06,14:52
AAL687,KJAX,KDFW,2,2026-10-06,17:59
AAL688,KJFK,KMIA,7,2026-10-06,15:12
AAL689,KORD,KCLT,5,2026-10-06,00:55
AAL69,LEMD,KMIA,7,2026-10-06,10:57
AAL690,KDFW,KDTW,5,2026-10-04,17:43
AAL690,KDFW,KELP,1,2026-10-05,21:04
AAL690,KELP,KDFW,1,2026-10-06,00:26
AAL691,KPHX,KAUS,7,2026-10-06,02:49
AAL693,KPHX,PHNL,5,2026-10-06,17:39
AAL694,PHNL,KPHX,5,2026-10-06,08:11
AAL695,KPHX,KORD,5,2026-10-06,23:53
AAL696,KCLT,KDEN,5,2026-10-04,17:20
AAL696,KPHL,KLAX,1,2026-10-06,21:35
AAL698,KBOS,KCLT,1,2026-10-04,21:36
AAL698,KSNA,KORD,2,2026-10-06,18:44
AAL699,KORD,KEWR,5,2026-10-04,11:56
AAL699,KORD,KSNA,2,2026-10-06,13:23
AAL70,KDFW,EDDF,7,2026-10-06,21:34
AAL700,KIAH,KDFW,7,2026-10-06,11:13
AAL701,KBOS,KDFW,7,2026-10-06,12:01
AAL703,KCLT,KBUF,7,2026-10-06,00:36
AAL704,KCLT,EDDF,2,2026-10-02,02:03
AAL705,EDDF,KCLT,7,2026-10-06,07:36
AAL706,KPHL,KRDU,7,2026-10-06,22:09
AAL706,KRDU,KPHL,3,2026-10-04,15:21
AAL707,KDFW,KSEA,7,2026-10-06,12:25
AAL707,KSEA,KDFW,7,2026-10-06,17:49
AAL708,KMIA,KDCA,6,2026-10-06,02:04
AAL709,KJAX,KPHL,7,2026-10-06,13:55
AAL71,EDDF,KDFW,7,2026-10-06,09:13
AAL710,KALB,KCLT,7,2026-10-06,17:16
AAL710,KCLT,KALB,7,2026-10-06,14:30
AAL711,KSAT,KPHL,2,2026-10-06,12:07
AAL712,KSTL,KCLT,7,2026-10-06,13:44
AAL713,KMIA,KLAX,6,2026-10-06,11:23
AAL714,KPHL,LIPZ,7,2026-10-06,23:58
AAL715,LIPZ,KPHL,7,2026-10-06,10:15
AAL716,KMSY,KPHL,5,2026-10-04,11:15
AAL716,KORD,KJAX,1,2026-10-06,03:29
AAL717,KDFW,KSEA,6,2026-10-06,16:30
AAL717,KSEA,KDFW,5,2026-10-06,21:49
AAL718,KPHL,LIRF,1,2026-10-03,22:18
AAL719,LIRF,KPHL,7,2026-10-06,10:38
AAL72,YSSY,KLAX,6,2026-10-06,23:31
AAL720,KCLT,LIRF,7,2026-10-06,00:44
AAL721,LIRF,KCLT,7,2026-10-06,11:50
AAL722,KPHL,EIDW,7,2026-10-06,22:45
AAL723,EIDW,KPHL,7,2026-10-06,08:34
AAL724,KCLT,EIDW,7,2026-10-06,01:32
AAL724P,KCLT,EIDW,1,2026-09-30,21:06
AAL725,EIDW,KCLT,6,2026-10-05,11:01
AAL725,EIDW,KJFK,1,2026-10-06,12:23
AAL725,KJFK,KCLT,1,2026-10-06,20:53
AAL726,KDFW,KMCO,2,2026-10-06,18:24
AAL726,KMIA,KLAS,4,2026-10-05,03:31
AAL727,KDFW,KSEA,5,2026-10-06,20:07
AAL727,KSEA,KDFW,6,2026-10-06,00:57
AAL728,KPHL,EGLL,7,2026-10-06,00:20
AAL729,EGLL,KPHL,7,2026-10-06,08:36
AAL73,KLAX,YSSY,6,2026-10-06,06:44
AAL730,KCLT,EGLL,5,2026-10-06,22:16
AAL731,EGLL,KCLT,7,2026-10-06,08:32
AAL732,KCLT,EGLL,7,2026-10-06,00:44
AAL733,EGLL,KCLT,7,2026-10-06,11:59
AAL734,KCLT,EGLL,7,2026-10-06,03:40
AAL735,EGLL,KCLT,7,2026-10-06,14:27
AAL736,KPHL,EGLL,7,2026-10-06,02:19
AAL737,EGLL,KPHL,7,2026-10-06,12:17
AAL738,KLAX,KPHL,5,2026-10-04,17:43
AAL738,KPHL,KLAX,1,2026-10-06,00:17
AAL739,KATL,KCLT,1,2026-10-05,14:59
AAL739,KMDT,KORD,5,2026-10-04,10:09
AAL740,KPHL,LEMD,1,2026-10-06,00:42
AAL741,LEMD,KPHL,7,2026-10-06,13:38
AAL742,KPHL,LEBL,2,2026-10-06,23:51
AAL743,LEBL,KPHL,7,2026-10-06,11:47
AAL746,KPHL,LFMN,4,2026-10-06,22:41
AAL747,LFMN,KPHL,7,2026-10-06,08:33
AAL748,KCLT,LEMD,6,2026-10-05,00:17
AAL749,LEMD,KCLT,7,2026-10-06,11:15
AAL750,KCLT,KLAS,7,2026-10-06,18:25
AAL751,KCLT,KSEA,6,2026-10-05,21:29
AAL751,KLAS,KMIA,1,2026-10-06,21:10
AAL752,KEWR,KORD,5,2026-10-04,14:51
AAL752,KSAT,KDFW,2,2026-10-06,23:04
AAL753,KLAX,KATL,5,2026-10-04,16:45
AAL753,KPHL,KORD,1,2026-10-06,22:22
AAL754,KPHL,LFPG,7,2026-10-06,02:15
AAL755,LFPG,KPHL,7,2026-10-06,12:21
AAL756,KORF,KMIA,6,2026-10-06,10:11
AAL757,KDFW,KSEA,6,2026-10-06,18:17
AAL757,KSEA,KDFW,6,2026-10-06,23:05
AAL759,LGAV,KPHL,7,2026-10-06,11:06
AAL76,KJFK,KSFO,7,2026-10-06,11:15
AAL760,KOKC,KDFW,1,2026-10-01,15:13
AAL760,KORD,KDFW,6,2026-10-06,10:11
AAL760,KORD,KOKC,1,2026-10-01,10:23
AAL761,KDCA,KCLT,7,2026-10-06,16:10
AAL762,KPIT,KDFW,4,2026-10-04,11:10
AAL762,KPIT,KTUL,1,2026-10-01,11:15
AAL762,KTUL,KDFW,1,2026-10-01,16:29
AAL763,KAUS,KJFK,5,2026-10-04,17:46
AAL764,KJAX,KORD,7,2026-10-06,10:46
AAL765,KPHL,KPHX,7,2026-10-06,17:17
AAL766,KDFW,KIND,3,2026-10-06,02:45
AAL767,KDFW,KSEA,7,2026-10-06,14:06
AAL767,KSEA,KDFW,4,2026-10-05,19:53
AAL768,KCLT,KOKC,7,2026-10-06,00:59
AAL769,KORD,KPHX,7,2026-10-06,12:23
AAL770,KCLT,KMIA,7,2026-10-06,11:22
AAL771,LIRF,KPHL,1,2026-10-06,12:27
AAL772,KPHL,LIRF,1,2026-10-06,01:55
AAL773,KLGA,KCLT,2,2026-10-06,18:10
AAL773,KSFO,KMIA,4,2026-10-05,18:44
AAL774,KORD,KLGA,7,2026-10-06,23:47
AAL775,KMIA,KORF,6,2026-10-06,01:49
AAL776,KTPA,KPHL,5,2026-10-04,18:30
AAL777,KDFW,KLAS,6,2026-10-06,17:38
AAL777,KLAS,KDFW,5,2026-10-06,21:25
AAL778,KLAX,KMIA,7,2026-10-06,04:12
AAL779,KLAS,KPHL,7,2026-10-06,16:02
AAL78,KDFW,EGLL,7,2026-10-06,04:42
AAL780,KPHL,LIRN,6,2026-10-06,02:43
AAL781,LIRN,KPHL,7,2026-10-06,10:52
AAL782,KCOS,KDFW,7,2026-10-06,14:17
AAL783,KCLT,TJSJ,2,2026-10-05,15:32
AAL783,TJSJ,KCLT,3,2026-10-06,19:58
AAL785,EDDM,KCLT,7,2026-10-06,07:27
AAL786,KCLT,LFPG,7,2026-10-06,00:00
AAL787,LFPG,KCLT,7,2026-10-06,09:16
AAL788,KJFK,KORD,7,2026-10-06,14:44
AAL789,KORD,KDCA,7,2026-10-06,18:35
AAL79,EGLL,KDFW,6,2026-10-06,14:06
AAL790,KDFW,KCOS,5,2026-10-06,03:29
AAL791,KDFW,KSAT,4,2026-10-04,21:34
AAL791,KORD,KMIA,2,2026-10-06,20:45
AAL792,MMUN,KCLT,1,2026-10-01,19:58
AAL793,KPHL,KCLT,7,2026-10-06,18:01
AAL794,KAUS,KDFW,7,2026-10-06,16:05
AAL794,KDFW,KAUS,6,2026-10-06,13:53
AAL794D,KVQQ,KMIA,1,2026-10-03,15:54
AAL795,KDCA,KDFW,5,2026-10-04,14:12
AAL795,KPHX,KDFW,2,2026-10-06,16:37
AAL797,KMSN,KDFW,7,2026-10-06,14:04
AAL798,KPHL,KSTL,3,2026-10-04,00:17
AAL799,KAUS,KCLT,1,2026-10-06,13:26
AAL799,KDFW,KCVG,3,2026-10-05,23:25
AAL8,KLAS,KCLT,7,2026-10-06,15:19
AAL80,KDFW,EGLL,7,2026-10-06,02:51
AAL801,KDFW,KPHX,2,2026-10-06,20:09
AAL801,KPHL,KAUS,2,2026-10-04,12:59
AAL802,KORD,KBOS,7,2026-10-06,14:21
AAL803,KLAS,KMIA,7,2026-10-06,18:55
AAL804,KPHL,KBNA,5,2026-10-04,17:38
AAL806,KDFW,KSNA,4,2026-10-06,00:39
AAL806R,KDFW,KMSP,1,2026-10-02,10:51
AAL807,KCVG,KDFW,7,2026-10-06,12:38
AAL808,KDCA,KORD,7,2026-10-06,15:42
AAL809,KBOS,KLAX,1,2026-10-06,00:47
AAL809,KTPA,KPHL,4,2026-10-03,20:33
AAL81,EGLL,KDFW,7,2026-10-06,16:01
AAL810,KJFK,KAUS,7,2026-10-06,11:37
AAL811,KCLT,KSDF,1,2026-10-06,22:50
AAL811,KDEN,KPHL,5,2026-10-04,16:45
AAL812,KAUS,KMIA,6,2026-10-05,18:02
AAL812,KMIA,KAUS,6,2026-10-05,14:16
AAL813,KDFW,KEWR,7,2026-10-06,17:42
AAL813,KEWR,KDFW,1,2026-10-06,22:39
AAL814,KDEN,KPHL,3,2026-10-06,21:29
AAL814R,KSFO,KORD,1,2026-10-01,14:13
AAL815,KCLT,KORD,6,2026-10-06,02:15
AAL817,KBZN,KDFW,4,2026-10-04,12:49
AAL817,KIND,KCLT,2,2026-10-06,15:22
AAL817R,KSFO,KORD,1,2026-10-02,04:28
AAL818,KAUS,KCLT,2,2026-10-06,17:05
AAL818,KCLT,KAUS,7,2026-10-06,13:08
AAL819,KJFK,KPHX,6,2026-10-05,23:20
AAL819,KORD,KJFK,2,2026-10-06,15:55
AAL82,KJFK,EGPH,7,2026-10-06,00:59
AAL820,KATL,KDFW,6,2026-10-06,15:29
AAL820,KDFW,KATL,5,2026-10-06,12:38
AAL821,KCLT,KIND,2,2026-10-06,13:04
AAL821,KPHL,KORD,5,2026-10-04,18:47
AAL822,KCLT,KJFK,5,2026-10-04,13:46
AAL822,KMCO,KCLT,2,2026-10-06,14:30
AAL823,KDFW,KCLT,2,2026-10-06,21:27
AAL823,KORD,KCHS,6,2026-10-05,01:51
AAL824,KPHL,KLAX,7,2026-10-06,13:13
AAL825,KPHL,TXKF,5,2026-10-05,12:42
AAL828,MMMX,KCLT,7,2026-10-06,18:57
AAL829,KCLT,MMMX,7,2026-10-06,13:48
AAL83,EGPH,KJFK,7,2026-10-06,09:41
AAL830,KORD,KPHL,7,2026-10-06,18:45
AAL831,KBNA,KCLT,2,2026-10-06,14:04
AAL832,KPHX,KJFK,7,2026-10-06,23:12
AAL834,KPHL,KBOS,4,2026-10-06,03:33
AAL835,KMIA,KORD,7,2026-10-06,17:18
AAL836,KCLT,KRIC,1,2026-10-06,02:35
AAL836,KIAH,KPHL,3,2026-10-04,19:41
AAL836,KPHL,KIAH,3,2026-10-04,14:56
AAL839,KDTW,KPHX,7,2026-10-06,12:07
AAL83Q,KBDL,KDFW,1,2026-10-05,03:12
AAL83Q,KBNA,KBDL,1,2026-10-06,02:30
AAL840,KLGA,KDFW,2,2026-10-06,15:46
AAL840,KPHL,KIAH,5,2026-10-04,12:48
AAL841,KCLT,KAUS,1,2026-10-06,23:25
AAL841,KPHL,KATL,3,2026-10-04,13:41
AAL842,KDFW,KMSY,2,2026-10-06,22:40
AAL842,KTPA,KMIA,2,2026-10-04,00:45
AAL843,KLGA,KBUF,4,2026-10-04,20:11
AAL843,KLGA,KMIA,1,2026-10-06,23:55
AAL844,KATL,KPHL,3,2026-10-04,16:35
AAL844,KDFW,KTPA,2,2026-10-06,15:59
AAL845,KBNA,KCLT,1,2026-10-06,00:34
AAL845,KLGA,KMIA,4,2026-10-05,23:52
AAL846,KIND,KCLT,5,2026-10-04,12:25
AAL846,KLAS,KCLT,1,2026-10-06,06:24
AAL847,KPHL,KCLT,5,2026-10-06,15:12
AAL847R,KIND,KPHL,1,2026-10-04,02:32
AAL848,KBDL,KCLT,1,2026-10-04,21:42
AAL848,KCLT,KCLE,4,2026-10-03,15:14
AAL848,KSNA,KDFW,2,2026-10-06,16:38
AAL849,KBNA,KDFW,6,2026-10-06,11:14
AAL851,KDFW,KCMH,2,2026-10-06,21:03
AAL851,KORD,KATL,5,2026-10-04,13:45
AAL852,KDEN,KDFW,7,2026-10-06,13:40
AAL853,KPHX,KDFW,3,2026-10-06,23:34
AAL854,KCLT,KSEA,1,2026-10-04,11:24
AAL854,KFLL,KPHL,1,2026-10-06,00:32
AAL854,KSEA,KCLT,5,2026-10-04,15:58
AAL855,KLGA,KORD,5,2026-10-04,14:41
AAL856,KBUF,KORD,6,2026-10-05,23:15
AAL857,KBOS,KPHL,2,2026-10-06,21:57
AAL857Q,KPHL,KMIA,1,2026-10-02,12:03
AAL858,KLAX,KMIA,5,2026-10-04,18:03
AAL858,KSEA,KCLT,1,2026-10-06,20:47
AAL86,KORD,EGLL,7,2026-10-06,23:47
AAL860,KBUF,KLGA,4,2026-10-04,22:55
AAL860,KMIA,KDFW,1,2026-10-06,01:57
AAL861,KBDL,KORD,2,2026-10-06,19:19
AAL861,KMIA,KDCA,5,2026-10-04,18:05
AAL861,KORD,KBDL,2,2026-10-06,16:22
AAL862,KAUS,KDFW,6,2026-10-06,14:51
AAL863,KPVD,KDCA,3,2026-10-02,10:05
AAL863R,KPNS,KDFW,1,2026-10-02,13:40
AAL864,KCLT,KPHL,7,2026-10-06,21:31
AAL865,KPHL,KORD,7,2026-10-06,14:54
AAL866,KORD,KLGA,5,2026-10-05,20:42
AAL866,KORD,KPHX,2,2026-10-06,15:44
AAL867,KMSY,KMIA,6,2026-10-06,11:17
AAL868,KBNA,KPHL,5,2026-10-05,21:33
AAL868,KDFW,KMIA,2,2026-10-06,14:11
AAL869,KDFW,KMKE,6,2026-10-06,20:09
AAL869,KMKE,KDFW,6,2026-10-06,23:00
AAL87,EGLL,KORD,7,2026-10-06,09:05
AAL870Q,KMSP,KMIA,6,2026-10-06,11:26
AAL871,KPHX,KCLT,7,2026-10-06,13:30
AAL872,KSLC,KPHL,5,2026-10-04,13:26
AAL872,KTPA,KLGA,2,2026-10-06,18:23
AAL873,KPHL,KRDU,4,2026-10-06,01:07
AAL875,KMIA,KMCO,6,2026-10-05,01:22
AAL876,KDFW,KMSN,4,2026-10-06,04:10
AAL880,KTPA,KLGA,4,2026-10-04,16:30
AAL882,KBUF,KDFW,6,2026-10-06,11:22
AAL882,KBUF,KTUL,1,2026-10-01,11:13
AAL882,KTUL,KDFW,1,2026-10-01,15:51
AAL883,KATL,KPHX,1,2026-10-06,21:52
AAL883,KPHX,KATL,3,2026-10-05,16:22
AAL884,KDFW,KLAS,7,2026-10-06,23:04
AAL885,KBOS,KCLT,6,2026-10-06,19:47
AAL885,KCLT,KBOS,1,2026-10-04,15:48
AAL885,KCLT,KMKE,1,2026-10-05,15:17
AAL886,KCLT,MMUN,4,2026-10-06,15:48
AAL888,KAUS,KPHL,3,2026-10-04,18:08
AAL888,KBOS,KORD,2,2026-10-06,21:22
AAL889,KBOS,KCLT,1,2026-10-05,19:21
AAL889,KPHL,KIAH,6,2026-10-05,00:27
AAL890,KPHX,KSTL,6,2026-10-06,23:02
AAL891,KCLT,KOMA,2,2026-10-06,15:11
AAL891,KDFW,KPHL,4,2026-10-04,19:17
AAL891,KOMA,KCLT,2,2026-10-06,20:03
AAL892,KMCI,KMIA,7,2026-10-06,10:16
AAL892R,KPHX,KAUS,1,2026-09-30,23:22
AAL893,KMIA,KDFW,4,2026-10-03,13:42
AAL894,KMSP,KCLT,7,2026-10-06,12:35
AAL895,KCLT,MMUN,3,2026-10-06,13:32
AAL896,KRDU,KPHL,7,2026-10-06,11:59
AAL897,KMIA,KLGA,6,2026-10-06,19:51
AAL899,KLAX,KORD,1,2026-10-06,06:45
AAL899,KMKE,KPHX,4,2026-10-05,20:23
AAL9,KABQ,KDFW,6,2026-10-05,01:15
AAL9,KDFW,KABQ,5,2026-10-06,23:01
AAL900,SAEZ,KMIA,7,2026-10-06,23:54
AAL901,KBOS,KCLT,1,2026-10-06,01:11
AAL901,KCLT,KBOS,4,2026-10-03,20:11
AAL902,KLGA,KMCO,2,2026-10-06,12:19
AAL902,KMCO,KLGA,6,2026-10-05,23:29
AAL903,KORD,KLGA,7,2026-10-06,16:37
AAL904,SBGL,KMIA,3,2026-10-06,01:23
AAL906,SBGR,KMIA,6,2026-10-05,02:40
AAL906P,SBGR,KMIA,1,2026-10-06,14:21
AAL907,KMIA,SAEZ,6,2026-10-05,03:26
AAL908,SAEZ,KMIA,7,2026-10-06,01:26
AAL91,EGLL,KORD,5,2026-10-05,13:46
AAL912,SCEL,KMIA,2,2026-10-06,00:49
AAL913,KMIA,SKBO,4,2026-10-06,14:40
AAL915,KMIA,SKBO,2,2026-10-04,23:46
AAL916,SKBO,KMIA,2,2026-10-04,06:23
AAL918,SPJC,KMIA,7,2026-10-06,03:15
AAL92,KPHL,LSZH,4,2026-10-06,22:18
AAL922,KBOS,KCLT,6,2026-10-05,23:05
AAL922,KLAX,KDFW,1,2026-10-05,16:20
AAL926,KLAS,KCLT,1,2026-10-06,05:46
AAL927,KBOS,KORD,1,2026-10-06,23:48
AAL929,KMIA,SBGR,6,2026-10-06,01:03
AAL93,LSZH,KPHL,7,2026-10-06,09:58
AAL930,SBGR,KMIA,7,2026-10-06,00:39
AAL931,KMIA,SAEZ,6,2026-10-06,01:50
AAL933Q,KDFW,KSNA,2,2026-10-02,18:05
AAL933Q,KSNA,KDFW,2,2026-10-03,22:10
AAL935,KORD,KAUS,7,2026-10-06,03:24
AAL936,KCLT,KMCO,1,2026-10-04,14:31
AAL936,KORD,KDFW,1,2026-10-06,01:04
AAL937,KDFW,KCLT,1,2026-10-06,22:21
AAL938,KMCO,KORD,7,2026-10-06,10:27
AAL941,KCLT,KMCO,1,2026-10-06,01:33
AAL941,KLAX,KDFW,2,2026-10-04,09:10
AAL942,KDFW,KMIA,4,2026-10-05,21:41
AAL942,KRDU,KCLT,1,2026-10-06,01:14
AAL943,TIST,KMIA,3,2026-10-03,17:51
AAL944,KMIA,KJFK,6,2026-10-06,02:28
AAL945,KDCA,KBOS,2,2026-10-06,19:25
AAL946,KMCI,KPHL,4,2026-10-04,11:05
AAL946,KPHL,KDEN,2,2026-10-06,16:02
AAL947,KBZN,KDFW,4,2026-10-05,00:17
AAL947,KDFW,KBZN,3,2026-10-03,21:17
AAL947,KDFW,KCHS,2,2026-10-06,16:25
AAL948,KFLL,KPHL,3,2026-10-05,01:16
AAL948R,KMIA,KCHS,1,2026-10-02,11:28
AAL949,KJAX,KDCA,7,2026-10-06,15:41
AAL95,LEMD,KJFK,7,2026-10-06,08:41
AAL950,SBGR,KJFK,7,2026-10-06,01:53
AAL950P,SBGR,KJFK,1,2026-09-30,15:49
AAL951,KJFK,SBGR,6,2026-10-06,01:28
AAL952,KBZN,KDFW,6,2026-10-06,19:50
AAL952,KDFW,KBZN,6,2026-10-06,15:47
AAL953,KJFK,SAEZ,5,2026-10-05,03:39
AAL954,SAEZ,KJFK,7,2026-10-06,00:22
AAL955,KBOS,KDCA,2,2026-10-06,21:49
AAL955,KDCA,KBOS,5,2026-10-04,20:11
AAL956,KMIA,MWCR,2,2026-10-06,18:25
AAL958,KMCO,KDCA,6,2026-10-05,02:29
AAL958,KPHX,KCLT,1,2026-10-06,07:02
AAL96,KPHL,LHBP,3,2026-10-04,21:42
AAL960,KMIA,KLAX,7,2026-10-06,12:58
AAL9600,EIDW,KCLT,1,2026-10-01,08:57
AAL9600,YSSY,KLAX,1,2026-10-03,03:14
AAL9601,LIRF,KCLT,1,2026-10-01,07:31
AAL9601,LIRF,KDFW,1,2026-10-05,06:22
AAL9602,RJTT,KDFW,1,2026-10-03,06:06
AAL9602,RJTT,KLAX,1,2026-10-01,06:15
AAL9602,SBGR,KDFW,1,2026-09-30,06:13
AAL9603,KMIA,KCLT,1,2026-10-01,12:19
AAL9604,KLAX,RJTT,1,2026-09-30,09:09
AAL961,KCLT,KOMA,7,2026-10-06,23:57
AAL962,SBGR,KDFW,6,2026-10-06,01:21
AAL963,KDFW,SBGR,7,2026-10-06,02:27
AAL965Q,KCLT,KCLE,1,2026-10-06,11:09
AAL966,KBNA,KCLT,4,2026-10-03,13:48
AAL966,KORD,KPDX,1,2026-10-06,22:17
AAL967,KMIA,TJSJ,1,2026-09-30,17:09
AAL967,KORD,KDFW,2,2026-10-06,13:50
AAL967,TJSJ,KMIA,5,2026-10-04,20:49
AAL968,KLAX,KDFW,1,2026-10-05,08:39
AAL968,KLGA,KFLL,5,2026-10-04,12:23
AAL968P,KLAX,KDFW,1,2026-10-06,15:07
AAL969,KCLT,KMIA,5,2026-10-04,15:27
AAL969,KPIT,KORD,2,2026-10-06,20:07
AAL96G,KSTL,KCLT,1,2026-10-02,19:17
AAL97,LHBP,KPHL,5,2026-10-04,08:21
AAL970,KLGA,KMIA,7,2026-10-06,12:16
AAL971,KLAX,KDFW,6,2026-10-06,07:54
AAL972,KDFW,KAUS,7,2026-10-06,03:04
AAL973,KDCA,KMIA,5,2026-10-05,21:52
AAL9730,PHNL,KSFO,1,2026-10-05,04:13
AAL9732,KLAX,KSEA,1,2026-10-03,21:17
AAL9732,KSEA,KLAX,1,2026-10-05,02:03
AAL9734,KPIT,KROA,1,2026-10-01,21:10
AAL9734,KROA,KPIT,1,2026-10-03,05:39
AAL9739,KGSP,KMIA,1,2026-10-04,06:57
AAL9739,KMIA,KGSP,1,2026-10-02,11:22
AAL974,KDCA,KBDL,5,2026-10-05,02:43
AAL9740,KGSP,KMIA,1,2026-10-04,06:02
AAL9740,KMIA,KGSP,1,2026-10-01,19:58
AAL9748,KDFW,KIAH,1,2026-10-03,20:01
AAL9751,KDCA,KFWA,1,2026-10-01,00:28
AAL9751,KDCA,KLEX,1,2026-10-03,22:34
AAL9751,KDCA,KMCI,1,2026-09-30,23:18
AAL9751,KFWA,KDCA,1,2026-09-30,12:13
AAL9751,KLEX,KDCA,1,2026-10-03,11:19
AAL9752,KDCA,KMSN,1,2026-10-04,00:17
AAL9752,KDCA,KSDF,1,2026-09-30,00:26
AAL9752,KMSN,KDCA,1,2026-10-03,12:04
AAL9754,KHOU,KDFW,1,2026-10-04,22:32
AAL976,KDJT,KCLT,6,2026-10-05,11:42
AAL977,KMDT,KDFW,6,2026-10-06,10:40
AAL977,KMDT,KTUL,1,2026-10-01,10:39
AAL977,KTUL,KDFW,1,2026-10-01,15:19
AAL977R,KORD,KPDX,1,2026-10-01,11:45
AAL978,KMEM,KCLT,6,2026-10-05,12:05
AAL9780,KSFO,KJFK,1,2026-10-05,15:34
AAL9780,KTUL,KLAX,1,2026-10-02,16:57
AAL9781,KCLT,KDFW,2,2026-10-02,20:34
AAL9781,KJAX,KCLT,1,2026-10-02,03:03
AAL9781,KJFK,KTUL,1,2026-10-04,01:01
AAL9781,KLAX,KDFW,1,2026-10-05,06:55
AAL9782,KDFW,KSAT,1,2026-10-05,12:32
AAL9782,KMIA,KBNA,1,2026-10-06,09:28
AAL9783,KCLT,KORD,1,2026-10-06,13:18
AAL9783,KPHL,KDFW,1,2026-10-03,19:40
AAL9784,KCLT,KDCA,1,2026-10-01,10:50
AAL9784,KJFK,KTUL,1,2026-10-02,14:42
AAL9785,KBWI,KTUL,1,2026-10-04,16:50
AAL9785,KDCA,KCLT,1,2026-10-01,17:17
AAL9785,KDFW,KSAT,1,2026-10-06,11:52
AAL9785,KIAH,KDFW,1,2026-10-03,18:50
AAL9785,KVQQ,KMIA,1,2026-09-30,00:37
AAL9786,KJFK,KCLT,1,2026-09-30,01:32
AAL9786,KMIA,KMCO,1,2026-10-04,19:17
AAL9786,KPIT,KCLT,1,2026-10-06,14:49
AAL9787,KBNA,KCLT,1,2026-10-02,03:23
AAL9787,KLAX,KDFW,1,2026-10-02,17:16
AAL9787,KPHX,KDFW,1,2026-10-06,11:50
AAL9788,KCLT,KORD,1,2026-10-01,20:12
AAL9788,KCLT,KPHL,1,2026-10-05,02:26
AAL9788,KDFW,KLAX,1,2026-09-30,04:15
AAL9788,KMIA,KDFW,1,2026-10-06,07:34
AAL9788,KPIT,KCLT,1,2026-10-04,03:49
AAL9789,KBDL,KORD,1,2026-10-01,04:35
AAL9789,KCLT,KPIT,1,2026-10-02,02:24
AAL9789,KVQQ,KMIA,1,2026-10-02,15:08
AAL978R,KBOS,KPWM,1,2026-10-01,13:32
AAL979,KDFW,KRDU,6,2026-10-05,22:55
AAL9790,KBNA,KCMH,1,2026-10-06,13:03
AAL9790,KJFK,KTUL,1,2026-10-05,03:41
AAL9790,KTUL,KJFK,1,2026-10-04,04:37
AAL9791,KDFW,KMIA,1,2026-10-05,02:39
AAL9791,KTUL,KORD,1,2026-10-02,19:28
AAL9792,KCLT,KPHL,1,2026-10-05,02:10
AAL9792,KGEG,KPHX,1,2026-10-01,05:45
AAL9793,KJFK,KPHL,1,2026-10-03,16:54
AAL9793,KTUL,KDFW,1,2026-10-06,23:08
AAL9795,KBNA,KDFW,1,2026-10-01,22:49
AAL9795,KDFW,KPHL,1,2026-10-05,06:27
AAL9796,KDFW,KORD,1,2026-10-05,10:00
AAL9797,KSAT,KDFW,1,2026-10-02,06:54
AAL9797,KVQQ,KCLT,1,2026-10-05,15:04
AAL9798,KVQQ,KMIA,1,2026-10-02,16:17
AAL9799,KSAT,KPHX,1,2026-10-05,15:27
AAL98,KORD,EGLL,6,2026-10-06,03:49
AAL980,KBUR,KPHX,1,2026-10-06,01:54
AAL980,KLGA,KBNA,5,2026-10-05,00:56
AAL980,KPHX,KBUR,1,2026-10-06,23:46
AAL9801,KTPA,KMIA,1,2026-10-05,17:24
AAL9802,KDFW,KJFK,1,2026-10-05,18:32
AAL9805,KDFW,KORD,1,2026-10-06,03:04
AAL9806,KDFW,KJFK,1,2026-10-06,23:36
AAL9807,KSAT,KDFW,1,2026-10-06,01:47
AAL981,KPHL,KCLE,7,2026-10-06,02:04
AAL9817,EGLL,KJFK,1,2026-10-04,08:12
AAL982,KORD,KPIT,2,2026-10-06,17:44
AAL982,KPDX,KDFW,5,2026-10-04,13:13
AAL9822,EDHI,KPIT,1,2026-09-30,09:17
AAL9827,KPHL,KLEX,1,2026-10-03,07:15
AAL9827,KPHL,KPIT,1,2026-10-01,17:27
AAL9828,KLEX,KPHL,1,2026-10-04,00:40
AAL9828,KMCI,KCLT,1,2026-09-30,02:30
AAL9829,KPHL,KMSN,1,2026-10-03,08:28
AAL983,KDFW,KSAT,2,2026-10-06,19:09
AAL983,KMIA,KRIC,6,2026-10-05,00:47
AAL9830,KMSN,KPHL,1,2026-10-04,03:07
AAL9830,KSDF,KCLT,1,2026-09-30,02:50
AAL9831,KCLT,KFWA,1,2026-09-30,07:37
AAL9831,KJFK,KDFW,1,2026-10-03,13:03
AAL9832,KFWA,KCLT,1,2026-10-01,02:39
AAL9832,KPIT,KPHL,1,2026-10-03,07:06
AAL9833,KJFK,KDFW,1,2026-10-03,13:00
AAL985,KMIA,KCLT,7,2026-10-06,20:29
AAL986,KSEA,KPHL,7,2026-10-06,15:47
AAL987,KCMH,KCLT,2,2026-10-06,12:35
AAL987,KMCO,KBOS,5,2026-10-04,18:11
AAL988,SPJC,KMIA,7,2026-10-06,05:02
AAL98P,KORD,EGLL,1,2026-10-03,23:19
AAL99,KABQ,KDFW,7,2026-10-06,13:03
AAL990,KPHX,KFAT,3,2026-10-06,04:51
AAL991,KLAX,KORD,6,2026-10-05,05:52
AAL992R,KDFW,KGSP,2,2026-10-02,16:16
AAL993,KCLT,KRIC,5,2026-10-05,02:16
AAL993,KPHL,KCMH,1,2026-10-05,17:02
AAL993P,KCLT,KRIC,1,2026-10-02,11:30
AAL994,KTYS,KDFW,7,2026-10-06,10:18
AAL995,KMIA,SBGR,7,2026-10-06,03:12
AAL996,KDCA,KDFW,1,2026-10-06,23:03
AAL996,KMIA,KLAX,6,2026-10-05,19:57
AAL997,KCLT,KEWR,5,2026-10-05,23:18
AAL997,KPDX,KDFW,2,2026-10-06,12:46
AAL999,KABQ,KDFW,5,2026-10-06,15:36
