callsign,origin,destination,days_seen,last_seen,takeoff_utc
UAL1,KSFO,WSSS,3,2026-10-08,06:57
UAL1001,KLAX,KAUS,4,2026-10-09,00:11
UAL1003,KDEN,KCHS,7,2026-10-09,15:57
UAL1006,KLAS,KDEN,6,2026-10-09,19:03
UAL1006,KLAX,KLAS,4,2026-10-08,15:48
UAL1007,KDEN,KSFO,7,2026-10-09,00:07
UAL1007,KSAT,KDEN,7,2026-10-09,18:27
UAL1007,KSFO,KSEA,6,2026-10-09,04:18
UAL1008,KLGA,KORD,7,2026-10-09,11:39
UAL1008,KORD,KSBA,7,2026-10-09,15:28
UAL1009,KSBA,KORD,7,2026-10-09,21:02
UAL1010,KDEN,KTPA,7,2026-10-09,15:48
UAL1010,KPSP,KDEN,6,2026-10-09,12:24
UAL1010,KTPA,KORD,7,2026-10-09,20:52
UAL1011,KIAD,FACT,2,2026-10-06,23:21
UAL1012,KEWR,KATL,6,2026-10-09,10:22
UAL1012,KSFO,KMSY,1,2026-10-03,17:46
UAL1013,KDEN,KLAX,7,2026-10-09,18:09
UAL1014,KIAH,MMUN,2,2026-10-07,15:31
UAL1015,KBOS,KORD,7,2026-10-09,23:46
UAL1016,KSAN,KORD,7,2026-10-09,13:59
UAL1017,KPHX,KIAD,6,2026-10-09,21:18
UAL1018,KIAH,MMUN,2,2026-10-07,15:02
UAL1019,KCHS,KIAD,7,2026-10-09,19:26
UAL102,KIAH,EDDM,7,2026-10-09,21:56
UAL1020,KIAH,MMUN,1,2026-10-04,22:19
UAL1022,KDEN,KSAT,7,2026-10-09,20:01
UAL1022,KMCO,KDEN,5,2026-10-09,14:16
UAL1023,KDEN,KORD,7,2026-10-09,21:09
UAL1024,KIAH,MMMX,5,2026-10-09,12:37
UAL1025,MMMX,KIAH,6,2026-10-09,22:53
UAL1026,KDEN,KAUS,7,2026-10-09,15:58
UAL1026,KMSO,KDEN,7,2026-10-09,12:22
UAL1027,KORD,KEWR,7,2026-10-09,11:16
UAL1028,KIAH,MMMX,4,2026-10-09,21:58
UAL1029,KDEN,CA-1291,7,2026-10-09,17:48
UAL1030,KIAH,KATL,5,2026-10-09,12:35
UAL1030,KORD,KCVG,1,2026-10-06,03:06
UAL1030,KSAN,KSFO,1,2026-10-03,14:35
UAL1032,KEWR,KAUS,7,2026-10-09,23:18
UAL1035,KSJC,KDEN,3,2026-10-09,01:39
UAL1036,KORD,KRSW,7,2026-10-09,14:26
UAL1038,KCLE,MMUN,1,2026-10-03,13:17
UAL1041,KCLE,KLAX,7,2026-10-09,11:32
UAL1044,KIAH,KORD,7,2026-10-09,10:13
UAL1044,KORD,KSTL,5,2026-10-09,16:05
UAL1047,KLAX,KSFO,5,2026-10-09,05:47
UAL1047,KLAX,KLAS,2,2026-10-07,19:15
UAL1048,KSNA,KDEN,7,2026-10-09,23:23
UAL1049,KTUL,KIAH,6,2026-10-09,12:03
UAL1050,KSFO,KMSP,6,2026-10-09,17:54
UAL1051,MMUN,KIAH,1,2026-10-07,18:16
UAL1052,KEWR,MMUN,4,2026-10-09,12:55
UAL1053,MMUN,KEWR,1,2026-10-06,21:07
UAL1054,KEWR,MMUN,5,2026-10-09,14:46
UAL1055,KDEN,KIAH,7,2026-10-09,00:36
UAL1055,KSMF,KDEN,7,2026-10-09,17:54
UAL1057,KLAS,KORD,7,2026-10-09,13:08
UAL1057,KMCO,KTPA,1,2026-10-08,02:28
UAL1057,KORD,KTPA,6,2026-10-09,19:19
UAL1057,KORD,KMCO,1,2026-10-08,22:13
UAL1060,KIAH,MMMX,6,2026-10-09,14:47
UAL1061,KDCA,KORD,5,2026-10-09,12:45
UAL1061,KORD,KAUS,7,2026-10-09,16:31
UAL1062,KSFO,KDFW,6,2026-10-09,16:14
UAL1063,KEWR,MMMX,7,2026-10-09,12:41
UAL1064,MMMX,KEWR,6,2026-10-09,13:37
UAL1065,KEWR,MMMX,5,2026-10-09,19:43
UAL1065,KEWR,KIAH,1,2026-10-06,19:36
UAL1065,KIAH,MMMX,1,2026-10-06,02:48
UAL1066,KBUR,KSFO,7,2026-10-09,23:44
UAL1067,KEWR,KMYR,1,2026-10-07,11:48
UAL1068,KLAX,KSAN,7,2026-10-09,18:28
UAL1068,KSAN,KORD,6,2026-10-09,22:01
UAL1069,KBZN,KORD,7,2026-10-09,14:06
UAL1069,KORD,KCMH,6,2026-10-09,19:58
UAL1071,KDEN,KIAD,1,2026-10-08,18:49
UAL1071,KSAN,KIAD,6,2026-10-09,15:17
UAL1071,KSAN,KDEN,1,2026-10-08,15:22
UAL1073,KIAD,KMIA,7,2026-10-09,12:42
UAL1074,KBOS,KSFO,7,2026-10-09,15:56
UAL1076,KTPA,KDEN,5,2026-10-09,20:33
UAL1077,KORD,KDCA,7,2026-10-09,12:35
UAL1079,KSFO,KLAX,7,2026-10-09,05:00
UAL108,KIAD,EDDM,3,2026-10-09,22:23
UAL1080,KEWR,MROC,6,2026-10-09,12:38
UAL1081,KMCO,KEWR,7,2026-10-09,14:41
UAL1082,KORD,KCOS,7,2026-10-09,14:49
UAL1083,CYVR,KSFO,7,2026-10-09,02:32
UAL1084,KIAH,KOKC,7,2026-10-09,01:22
UAL1084,KLAX,KIAH,7,2026-10-09,20:23
UAL1085,MMMX,KIAH,6,2026-10-09,11:07
UAL1086,KDEN,CYVR,7,2026-10-09,22:25
UAL1087,KIND,KORD,6,2026-10-09,21:10
UAL1088,KIAH,MMMX,7,2026-10-09,17:17
UAL1089,MMMX,KIAH,5,2026-10-09,15:45
UAL109,EDDM,KIAD,7,2026-10-09,10:28
UAL1090,KIAH,MMMX,6,2026-10-09,19:42
UAL1091,MMMX,KIAH,6,2026-10-09,18:05
UAL1092,KDEN,KMSO,7,2026-10-09,01:58
UAL1092,KPNS,KDEN,4,2026-10-08,19:29
UAL1093,KDEN,KLAX,4,2026-10-09,12:12
UAL1093,KLAX,KBWI,7,2026-10-09,15:47
UAL1094,KDEN,CYYZ,7,2026-10-09,22:42
UAL1095,KIAD,KSFO,7,2026-10-09,10:49
UAL1096,KIAH,MROC,1,2026-10-05,14:49
UAL1097,KBOS,KORD,7,2026-10-09,12:14
UAL1097,KORD,KSFO,7,2026-10-09,18:00
UAL1097,KSFO,KSEA,7,2026-10-09,02:20
UAL1100,KLAX,KSAN,5,2026-10-09,03:31
UAL1101,KDEN,KIAD,7,2026-10-09,14:21
UAL1102,KEWR,KSAN,6,2026-10-09,23:57
UAL1102,KMIA,KEWR,7,2026-10-09,17:43
UAL1105,KMCO,KEWR,5,2026-10-09,11:35
UAL1107,KSFO,KAUS,5,2026-10-09,16:19
UAL1108,KIAD,KCHS,4,2026-10-09,12:30
UAL1108,KLAX,KLAS,3,2026-10-08,00:01
UAL1109,KDEN,KBNA,6,2026-10-09,20:09
UAL1110,KEWR,KBOS,6,2026-10-09,12:47
UAL1113,KGRR,KORD,6,2026-10-09,13:05
UAL1113,KORD,KJAX,2,2026-10-05,15:34
UAL1114,KIAH,KSAN,7,2026-10-09,19:50
UAL1114,KIAH,KLAX,1,2026-10-03,21:14
UAL1114,KLAX,KSAN,1,2026-10-03,01:26
UAL1115,KEWR,KRSW,7,2026-10-09,12:09
UAL1116,KORD,KSFO,7,2026-10-09,13:00
UAL1116,KSFO,KAUS,6,2026-10-09,20:17
UAL1117,KEWR,KBOS,7,2026-10-09,02:53
UAL1117,KTPA,KEWR,7,2026-10-09,20:14
UAL1118,KDTW,KSFO,5,2026-10-09,23:58
UAL1119,KDEN,MMUN,3,2026-10-07,14:07
UAL1122,KEWR,FACT,3,2026-10-08,01:37
UAL1123,MMUN,KIAH,1,2026-10-03,20:01
UAL1124,KORD,KBTV,6,2026-10-09,23:24
UAL1124,KPHX,KORD,7,2026-10-09,16:40
UAL1125,KLAS,KSFO,6,2026-10-09,17:14
UAL1125,KLAX,KPHX,1,2026-10-07,23:55
UAL1126,KDEN,KFAR,7,2026-10-09,23:53
UAL1126,KIAD,KDEN,7,2026-10-09,18:53
UAL1127,KBNA,KORD,6,2026-10-09,00:19
UAL1128,KIAD,KSEA,7,2026-10-09,22:01
UAL1128,KORD,KIAD,7,2026-10-09,18:23
UAL1129,KLAX,KRDM,3,2026-10-09,02:13
UAL1131,KDEN,KORD,6,2026-10-09,22:50
UAL1132,MMUN,KDEN,3,2026-10-06,19:21
UAL1134,KIAH,KSFO,5,2026-10-07,22:43
UAL1135,KEWR,KMIA,7,2026-10-09,11:20
UAL1139,KBOI,KDEN,7,2026-10-09,16:38
UAL1140,KIAD,KTPA,5,2026-10-09,22:12
UAL1140,KLAS,KIAD,7,2026-10-09,15:38
UAL1141,KFLL,KSFO,4,2026-10-09,21:20
UAL1141,KSFO,KEWR,7,2026-10-09,06:04
UAL1142,KORD,KRDU,6,2026-10-09,18:34
UAL1143,KIAH,KLGA,7,2026-10-09,13:19
UAL1144,KJAX,KEWR,6,2026-10-09,13:50
UAL1145,KPDX,KSFO,3,2026-10-05,22:32
UAL1147,KIAD,KSFO,7,2026-10-09,12:49
UAL1147,KSFO,KORD,6,2026-10-09,22:23
UAL1148,KIAH,KSMF,7,2026-10-09,01:37
UAL1148,KOMA,KIAH,7,2026-10-09,20:13
UAL1149,KSFO,KEWR,7,2026-10-09,14:18
UAL1150,KLAX,KEWR,2,2026-10-06,22:06
UAL1150,KMRY,KLAX,7,2026-10-09,17:51
UAL1151,KSFO,CYVR,5,2026-10-08,21:27
UAL1152,KATL,KEWR,6,2026-10-09,00:30
UAL1154,KIAD,MMUN,4,2026-10-09,12:41
UAL1155,KCHS,KIAH,6,2026-10-08,11:20
UAL1155,KIAH,KSMF,5,2026-10-09,15:12
UAL1156,KLGA,KORD,6,2026-10-09,21:07
UAL1156,KORD,KCLE,5,2026-10-08,01:36
UAL1158,KLAX,PHNL,7,2026-10-09,16:26
UAL1159,KATL,KIAD,7,2026-10-09,09:48
UAL1160,KLAS,KSFO,6,2026-10-09,00:28
UAL1160,KSFO,KCMH,4,2026-10-09,04:57
UAL1164,KLAX,KIAD,6,2026-10-09,21:01
UAL1164,KSFO,KLAX,7,2026-10-09,17:48
UAL1165,KIAD,KMCI,6,2026-10-09,22:22
UAL1166,KLGA,KORD,6,2026-10-09,12:30
UAL1167,KIAH,MMUN,3,2026-10-06,17:29
UAL1168,KEWR,KCLT,7,2026-10-09,23:48
UAL1169,PHNL,KLAX,7,2026-10-09,07:54
UAL1170,KLAX,PHNL,7,2026-10-09,00:38
UAL1172,KORD,KIAH,7,2026-10-09,10:39
UAL1173,TJSJ,KEWR,7,2026-10-09,17:33
UAL1175,KSFO,PHNL,7,2026-10-09,17:02
UAL1176,PHNL,KSFO,5,2026-10-09,19:45
UAL1177,KDEN,MMUN,3,2026-10-06,16:12
UAL1178,KIAH,KIAD,7,2026-10-09,20:14
UAL1179,KIAH,KAUS,7,2026-10-09,03:14
UAL1179,KLGA,KIAH,5,2026-10-09,22:34
UAL118,KORD,EGPH,7,2026-10-09,00:06
UAL1181,KCLE,KIAD,4,2026-10-09,14:48
UAL1182,KCMH,KORD,5,2026-10-09,22:27
UAL1182,KORD,KSDF,1,2026-10-04,12:38
UAL1183,KBOS,KIAH,3,2026-10-06,20:46
UAL1183,KIAH,KDFW,7,2026-10-09,03:00
UAL1184,KDEN,KOKC,6,2026-10-09,23:56
UAL1184,KMSN,KDEN,7,2026-10-09,19:54
UAL1186,KORD,KBOS,7,2026-10-09,11:24
UAL1187,KDJT,KEWR,7,2026-10-09,00:02
UAL1188,KDEN,KTUS,7,2026-10-09,17:49
UAL1188,KRDM,KDEN,6,2026-10-09,12:12
UAL119,EGPH,KORD,7,2026-10-09,10:44
UAL1190,KEWR,KMCO,6,2026-10-09,00:58
UAL1191,KORD,KSAV,3,2026-10-09,22:25
UAL1192,KIAH,TJSJ,3,2026-10-09,15:24
UAL1193,KDCA,KORD,6,2026-10-09,23:43
UAL1194,KDEN,KPHX,6,2026-10-09,03:18
UAL1194,KPHX,KEWR,7,2026-10-09,05:52
UAL1195,KDEN,KLAX,7,2026-10-09,22:34
UAL1195,KLAX,KSFO,7,2026-10-09,03:48
UAL1195,KOMA,KDEN,7,2026-10-09,19:10
UAL1197,KDJT,KEWR,7,2026-10-09,16:22
UAL1197,KEWR,KDEN,7,2026-10-09,21:46
UAL1198,KORD,MMUN,3,2026-10-07,14:43
UAL1199,KDEN,KIND,4,2026-10-09,23:58
UAL12,LSZH,KORD,7,2026-10-09,08:09
UAL120,KEWR,LEBL,7,2026-10-09,23:11
UAL1202,KIAH,KSFO,7,2026-10-09,00:59
UAL1204,KAUS,KSFO,6,2026-10-09,02:12
UAL1206,KEWR,KORD,6,2026-10-09,01:56
UAL1207,KIAH,KBOS,1,2026-10-03,13:36
UAL1208,KDEN,KSMF,7,2026-10-09,22:15
UAL1209,KORD,KEWR,7,2026-10-09,03:06
UAL121,LEBL,KEWR,6,2026-10-09,10:55
UAL1210,KSAT,KSFO,5,2026-10-09,23:59
UAL1211,KORD,KAUS,7,2026-10-09,19:00
UAL1212,KSFO,MMPR,5,2026-10-09,15:52
UAL1213,KDEN,KDSM,7,2026-10-09,03:13
UAL1214,KDEN,KFLL,7,2026-10-09,16:07
UAL1215,KALB,KORD,7,2026-10-09,14:02
UAL1216,KIAH,KOMA,5,2026-10-09,01:09
UAL1216,KMIA,KIAH,3,2026-10-09,21:52
UAL1217,KORD,KDEN,7,2026-10-09,12:30
UAL1218,KSEA,KDEN,4,2026-10-09,01:24
UAL1219,KRNO,KSFO,6,2026-10-09,02:23
UAL122,KEWR,EGLL,7,2026-10-09,14:02
UAL1220,KDEN,KDTW,7,2026-10-09,00:05
UAL1220,KEUG,KDEN,7,2026-10-09,20:01
UAL1221,KLAX,KBOS,4,2026-10-09,23:52
UAL1221,PHNL,KLAX,6,2026-10-09,17:09
UAL1222,KPHX,KEWR,6,2026-10-09,13:54
UAL1223,KBWI,KORD,6,2026-10-09,23:20
UAL1223,KORD,KCVG,5,2026-10-09,03:19
UAL1225,KSLC,KSFO,5,2026-10-09,22:48
UAL1226,KIAH,KBOS,7,2026-10-09,19:08
UAL1227,KEWR,KSFO,6,2026-10-09,17:43
UAL1227,KMCO,KEWR,7,2026-10-09,12:56
UAL1227,KSFO,KPDX,7,2026-10-09,02:28
UAL1228,KABQ,KDEN,6,2026-10-09,16:53
UAL1228,KBZN,KIAH,1,2026-10-03,19:41
UAL1228,KDEN,KIND,6,2026-10-09,19:43
UAL1229,KIND,KDEN,6,2026-10-09,23:12
UAL123,EGLL,KEWR,7,2026-10-09,07:00
UAL1230,CYVR,KSFO,7,2026-10-09,22:32
UAL1231,KORD,KIAH,7,2026-10-09,12:50
UAL1232,KDEN,KBOS,6,2026-10-09,16:35
UAL1232,KSLC,KDEN,7,2026-10-09,13:25
UAL1233,KDEN,KEWR,7,2026-10-09,18:02
UAL1233,KFAR,KDEN,7,2026-10-09,14:09
UAL1234,KGEG,KDEN,7,2026-10-09,12:06
UAL1235,KDAY,KDEN,7,2026-10-09,13:40
UAL1236,KORD,KEWR,7,2026-10-09,20:22
UAL1237,KMSP,KORD,5,2026-10-08,00:08
UAL1238,KEWR,KAUS,7,2026-10-09,14:03
UAL1239,KJAX,KORD,6,2026-10-09,13:58
UAL1239,KORD,KROC,7,2026-10-09,19:10
UAL1240,KDFW,KIAD,7,2026-10-09,22:42
UAL1241,KDEN,KTYS,7,2026-10-09,17:08
UAL1241,KEUG,KDEN,7,2026-10-09,12:16
UAL1243,MMPR,KSFO,4,2026-10-09,20:33
UAL1244,KSFO,KMSY,5,2026-10-09,00:05
UAL1245,KLAX,KSFO,7,2026-10-09,19:26
UAL1247,KDEN,KPDX,7,2026-10-09,13:59
UAL1248,KATW,KDEN,7,2026-10-09,14:05
UAL125,LGAV,KEWR,7,2026-10-09,07:56
UAL1250,KCLE,KSFO,7,2026-10-09,13:13
UAL1251,KORD,KMSN,6,2026-10-09,03:08
UAL1251,KORF,KORD,7,2026-10-09,21:11
UAL1252,KCLE,KIAD,7,2026-10-09,10:02
UAL1252,KIAD,KORD,7,2026-10-09,14:38
UAL1252,KORD,KSAT,6,2026-10-09,18:53
UAL1253,KEWR,KDJT,7,2026-10-09,12:10
UAL1254,KDEN,KPHX,6,2026-10-09,22:33
UAL1255,KGEG,KDEN,7,2026-10-09,20:41
UAL1256,KDEN,KSJC,7,2026-10-09,17:45
UAL1256,KTYS,KDEN,6,2026-10-09,13:10
UAL1257,KMIA,KSFO,7,2026-10-09,12:09
UAL1257,KSFO,KSAN,7,2026-10-09,19:53
UAL1258,KORD,KLGA,6,2026-10-09,14:27
UAL1259,KIAH,KPHX,6,2026-10-09,23:59
UAL1259,KSFO,KIAH,7,2026-10-09,18:26
UAL126,KIAD,LIRF,7,2026-10-09,03:16
UAL1260,KSFO,KLAX,7,2026-10-09,14:16
UAL1261,KSAT,KEWR,6,2026-10-09,18:01
UAL1262,KOKC,KIAH,7,2026-10-09,12:08
UAL1263,KONT,KDEN,6,2026-10-09,20:51
UAL1264,KIAH,KLAS,5,2026-10-09,12:48
UAL1264,KORD,KPWM,2,2026-10-08,00:40
UAL1265,KSEA,KORD,7,2026-10-09,00:18
UAL1267,KFLL,KSFO,2,2026-10-07,16:51
UAL1267,KLAS,KSFO,5,2026-10-09,03:45
UAL1268,KDFW,KEWR,6,2026-10-09,14:38
UAL1268,KEWR,KMCO,7,2026-10-09,19:39
UAL1269,KORD,KBWI,7,2026-10-09,12:52
UAL127,LIRF,KIAD,6,2026-10-09,13:47
UAL1271,KSFO,MMMX,7,2026-10-09,18:07
UAL1272,MMMX,KSFO,4,2026-10-08,23:50
UAL1273,KEWR,KTPA,7,2026-10-09,16:28
UAL1273,KORD,KEWR,7,2026-10-09,12:58
UAL1274,KCLE,KEWR,6,2026-10-09,23:31
UAL1276,KIAD,MMUN,3,2026-10-09,16:46
UAL1277,KEWR,KDFW,6,2026-10-09,01:13
UAL1278,KORD,KCMH,5,2026-10-09,23:44
UAL1278,KSMF,KORD,7,2026-10-09,16:51
UAL1279,KDEN,KIAD,4,2026-10-09,12:18
UAL128,SBGL,KIAH,2,2026-10-06,00:36
UAL1281,KDEN,KSAN,5,2026-10-08,22:03
UAL1282,KSAT,KIAH,6,2026-10-09,16:56
UAL1283,KDEN,KEWR,6,2026-10-09,18:48
UAL1283,KEWR,KLAS,7,2026-10-09,00:37
UAL1284,KORD,KJAX,1,2026-10-04,20:50
UAL1285,KORD,KPIT,7,2026-10-09,12:46
UAL1286,KSFO,KDTW,7,2026-10-09,18:05
UAL1287,KDEN,KBNA,3,2026-10-09,02:52
UAL1287,KSFO,KSBN,1,2026-10-09,16:20
UAL1288,KATL,KORD,7,2026-10-09,15:31
UAL1289,KCHS,KEWR,7,2026-10-09,11:07
UAL1289,KEWR,KPHX,7,2026-10-09,14:20
UAL1291,KDEN,KSNA,1,2026-10-07,23:58
UAL1291,KLAS,KDEN,5,2026-10-09,01:28
UAL1291,KSFO,KBNA,1,2026-10-06,01:47
UAL1292,KORD,CYVR,7,2026-10-09,14:16
UAL1293,KCMH,KORD,6,2026-10-09,18:32
UAL1294,KORD,KFLL,7,2026-10-09,17:45
UAL1295,KLAX,KSEA,1,2026-10-06,19:54
UAL1297,KORD,KGRR,7,2026-10-09,16:31
UAL1298,KSFO,KPHL,5,2026-10-09,20:19
UAL1299,KIAH,KORD,7,2026-10-09,19:02
UAL130,RJTT,KEWR,6,2026-10-08,09:34
UAL1300,KDEN,KBNA,6,2026-10-09,00:02
UAL1301,KMSY,KORD,7,2026-10-09,19:32
UAL1302,KDEN,KSAN,7,2026-10-09,19:46
UAL1302,KSAN,KSFO,7,2026-10-09,02:02
UAL1303,KDEN,KEUG,7,2026-10-09,01:55
UAL1303,KDFW,KDEN,5,2026-10-09,22:26
UAL1304,KCLT,KORD,7,2026-10-09,10:58
UAL1304,KORD,KSNA,7,2026-10-09,14:28
UAL1305,KMSP,KDEN,7,2026-10-09,18:58
UAL1306,KTVC,KDEN,6,2026-10-09,19:38
UAL1307,KBOS,KEWR,6,2026-10-09,14:04
UAL1308,KDEN,KPIT,7,2026-10-09,15:55
UAL1309,KMCO,KEWR,7,2026-10-09,10:10
UAL1310,KLGA,KORD,7,2026-10-09,14:31
UAL1311,KDEN,KDSM,7,2026-10-09,19:52
UAL1311,KFLL,KDEN,7,2026-10-09,12:22
UAL1312,KIAH,KTPA,6,2026-10-09,23:45
UAL1314,KORD,KDCA,7,2026-10-09,19:35
UAL1315,KLAS,KDEN,7,2026-10-09,17:00
UAL1316,KABQ,KSFO,1,2026-10-06,14:42
UAL1316,KMCO,KLAX,4,2026-10-09,19:34
UAL1317,KORD,KSNA,4,2026-10-09,21:24
UAL1318,KIAH,KBNA,7,2026-10-09,17:07
UAL1318,KPHX,KIAH,6,2026-10-09,13:11
UAL1320,KDEN,KSNA,7,2026-10-09,18:16
UAL1320,KSNA,KSFO,6,2026-10-08,22:20
UAL1321,KTPA,KEWR,6,2026-10-09,20:36
UAL1322,KIAD,KRDU,7,2026-10-09,23:00
UAL1322,KSLC,KIAD,5,2026-10-09,16:04
UAL1323,KIAD,KLAS,7,2026-10-09,13:14
UAL1323,KLAS,KDEN,7,2026-10-09,21:10
UAL1324,KEWR,KSRQ,7,2026-10-09,00:43
UAL1325,KDCA,KORD,6,2026-10-09,19:57
UAL1326,KAUS,KIAH,5,2026-10-09,23:01
UAL1327,KATL,KDEN,7,2026-10-09,15:33
UAL1328,KLAX,KORD,7,2026-10-09,06:23
UAL1329,KSFO,KCMH,7,2026-10-09,15:37
UAL1329,KSMF,KSFO,7,2026-10-09,13:08
UAL1330,KEWR,KSEA,5,2026-10-09,12:08
UAL1330,KMCO,KEWR,1,2026-10-04,16:01
UAL1331,KEWR,KMSP,7,2026-10-09,02:11
UAL1332,KSAT,KORD,7,2026-10-09,11:43
UAL1333,CYVR,KSFO,6,2026-10-08,17:06
UAL1334,KORD,KSFO,7,2026-10-09,20:55
UAL1335,KORD,KBUF,7,2026-10-09,23:42
UAL1336,KAUS,KSFO,7,2026-10-09,19:05
UAL1336,KORD,KAUS,7,2026-10-09,12:28
UAL1336,KSFO,KDFW,7,2026-10-09,00:19
UAL1337,KDEN,KPDX,7,2026-10-09,22:21
UAL1338,KFLL,KIAH,4,2026-10-08,23:06
UAL1339,KDEN,TJSJ,7,2026-10-09,16:09
UAL134,KEWR,LSZH,2,2026-10-05,22:56
UAL1340,KEWR,KSFO,7,2026-10-09,21:22
UAL1340,KIAH,KEWR,7,2026-10-09,16:11
UAL1341,KSFO,KPIT,5,2026-10-09,04:53
UAL1342,KMYR,KEWR,2,2026-10-09,15:54
UAL1343,KEWR,KSFO,7,2026-10-09,16:03
UAL1343,KSRQ,KEWR,7,2026-10-09,10:27
UAL1344,KEWR,KDJT,7,2026-10-09,14:53
UAL1345,CYYZ,KIAH,7,2026-10-09,10:30
UAL1346,PHNL,KSFO,7,2026-10-09,08:22
UAL1347,KDEN,KBZN,7,2026-10-09,01:46
UAL1347,KMEM,KDEN,6,2026-10-08,21:25
UAL1348,KDEN,KSEA,6,2026-10-09,14:17
UAL1348,KDSM,KDEN,7,2026-10-09,10:55
UAL1349,KBOS,KORD,5,2026-10-09,13:38
UAL1349,KORD,KPIT,7,2026-10-09,19:38
UAL135,LSZH,KEWR,6,2026-10-09,08:45
UAL1350,KDEN,KDFW,7,2026-10-09,15:51
UAL1351,KDEN,KXNA,6,2026-10-09,00:18
UAL1352,KDEN,KORD,1,2026-10-05,01:09
UAL1352,KSNA,KORD,6,2026-10-09,21:41
UAL1352,KSNA,KDEN,1,2026-10-05,22:14
UAL1353,KIAH,KTPA,7,2026-10-09,12:34
UAL1354,KCMH,KSFO,4,2026-10-09,19:46
UAL1355,KEWR,KLAX,7,2026-10-09,20:49
UAL1356,KDEN,KBOS,7,2026-10-09,00:21
UAL1357,KIAD,KATL,7,2026-10-09,02:41
UAL1358,KORD,KMIA,7,2026-10-09,12:52
UAL1359,KCLE,KIAH,4,2026-10-09,22:58
UAL1360,KIAH,KLAS,6,2026-10-09,01:24
UAL1361,KBDL,KIAH,6,2026-10-09,12:17
UAL1362,KBZN,KDEN,7,2026-10-09,12:47
UAL1362,KDEN,KBWI,7,2026-10-09,15:51
UAL1363,KORD,KLAX,7,2026-10-09,18:22
UAL1364,KEWR,KFLL,7,2026-10-09,11:13
UAL1365,KORD,KBOS,7,2026-10-09,02:13
UAL1366,KEWR,KIAD,7,2026-10-09,10:16
UAL1366,KIAD,KBNA,7,2026-10-09,12:43
UAL1367,KBOS,KSFO,7,2026-10-09,18:14
UAL1367,KBWI,KORD,7,2026-10-09,10:36
UAL1367,KORD,KBOS,7,2026-10-09,14:36
UAL1368,TJSJ,KDEN,3,2026-10-08,18:09
UAL1369,KMCI,KORD,7,2026-10-09,20:39
UAL1369,KORD,KDCA,5,2026-10-09,00:35
UAL1370,KTPA,KIAD,7,2026-10-09,23:03
UAL1371,KIAH,KSAT,6,2026-10-09,14:54
UAL1371,KSTL,KIAH,7,2026-10-09,11:25
UAL1372,KLAX,KSFO,7,2026-10-09,15:34
UAL1372,KSFO,KBOS,6,2026-10-09,21:50
UAL1373,KIAH,KIAD,5,2026-10-09,23:56
UAL1373,KPHX,KIAH,6,2026-10-09,19:26
UAL1374,KDEN,KFLL,6,2026-10-09,22:41
UAL1375,KONT,KSFO,7,2026-10-09,21:22
UAL1375,KSFO,KPHX,7,2026-10-09,02:40
UAL1376,KMSY,KDEN,7,2026-10-09,13:18
UAL1377,KDEN,KORD,7,2026-10-09,12:10
UAL1378,KRSW,KDEN,7,2026-10-09,12:07
UAL1379,KCVG,KORD,7,2026-10-09,09:39
UAL1380,KSTL,KDEN,7,2026-10-09,18:49
UAL1381,KIAH,KABQ,7,2026-10-09,01:44
UAL1382,KORD,KALB,7,2026-10-09,23:52
UAL1382,KSLC,KORD,7,2026-10-09,18:53
UAL1383,KIAH,KSNA,7,2026-10-09,15:06
UAL1383,KRDU,KIAH,7,2026-10-09,10:40
UAL1384,KDEN,KFLL,6,2026-10-09,20:15
UAL1384,KMCI,KDEN,6,2026-10-09,15:06
UAL1385,KIAD,KLAX,5,2026-10-09,02:34
UAL1386,KLAS,KEWR,7,2026-10-09,22:43
UAL1387,KONT,KSFO,6,2026-10-09,16:49
UAL1387,KSFO,KIAH,4,2026-10-08,19:58
UAL1388,KIAH,KDFW,7,2026-10-09,20:04
UAL1389,KCMH,KDEN,6,2026-10-09,21:21
UAL1389,KDEN,KSFO,7,2026-10-09,01:58
UAL1389,KSFO,KSAN,6,2026-10-09,06:01
UAL1391,KDJT,KEWR,6,2026-10-09,14:18
UAL1391,KEWR,KJAX,2,2026-10-09,20:56
UAL1392,KBOS,KIAH,5,2026-10-09,22:26
UAL1392,KIAD,KBOS,7,2026-10-09,17:34
UAL1392,KMSY,KIAD,4,2026-10-09,13:15
UAL1393,KORD,KTPA,5,2026-10-09,22:05
UAL1394,KORD,KSAT,7,2026-10-09,01:14
UAL1395,KDJT,KEWR,5,2026-10-09,21:39
UAL1396,KEWR,KDFW,7,2026-10-09,17:26
UAL1397,KEWR,KPWM,7,2026-10-09,02:21
UAL1397,KIAH,KEWR,6,2026-10-09,19:16
UAL1397,KPHX,KIAH,7,2026-10-09,15:46
UAL1398,KCOS,KORD,7,2026-10-09,18:15
UAL1398,KORD,KATL,7,2026-10-09,23:34
UAL1399,KAUS,KEWR,7,2026-10-09,19:39
UAL1399,KEWR,KMCI,7,2026-10-09,02:01
UAL14,KEWR,EGLL,6,2026-10-09,23:49
UAL1400,KMSN,KORD,7,2026-10-09,20:07
UAL1401,KDFW,KORD,6,2026-10-09,16:50
UAL1401,KORD,KPWM,5,2026-10-09,23:41
UAL1402,KPHX,KORD,7,2026-10-09,23:59
UAL1403,KLAX,KEWR,6,2026-10-09,13:20
UAL1403,KSEA,KLAX,1,2026-10-07,23:47
UAL1406,KIAD,KRSW,7,2026-10-09,12:40
UAL1407,KMCO,KEWR,6,2026-10-09,23:54
UAL1409,KEWR,KAUS,7,2026-10-09,00:58
UAL1410,KEWR,KRDU,7,2026-10-09,15:28
UAL1411,KDEN,KORD,5,2026-10-08,00:09
UAL1411,KPDX,KDEN,7,2026-10-09,19:51
UAL1412,KMFR,KDEN,1,2026-10-09,20:06
UAL1413,KMRY,KDEN,7,2026-10-09,12:27
UAL1414,KBOS,KORD,7,2026-10-09,10:21
UAL1415,KEWR,KTPA,7,2026-10-09,13:36
UAL1416,KLAX,KIAH,7,2026-10-09,15:28
UAL1417,KDEN,KBIL,7,2026-10-09,01:54
UAL1417,KFLL,KDEN,7,2026-10-09,19:44
UAL1418,KDEN,KMIA,7,2026-10-09,16:00
UAL142,RJAA,KDEN,7,2026-10-09,08:05
UAL1420,KIAH,KPDX,5,2026-10-09,01:11
UAL1420,KIND,KIAH,4,2026-10-07,21:37
UAL1421,KFLL,KIAD,7,2026-10-09,16:25
UAL1421,KORD,KFLL,7,2026-10-09,12:33
UAL1422,KDEN,KSTL,7,2026-10-09,23:51
UAL1423,KDEN,CYVR,7,2026-10-09,18:23
UAL1423,KPHL,KDEN,7,2026-10-09,12:08
UAL1424,KIAH,KFLL,7,2026-10-09,19:58
UAL1427,KABQ,KSFO,6,2026-10-09,22:28
UAL1428,KEWR,KBNA,6,2026-10-09,11:25
UAL1429,KDEN,KCHS,4,2026-10-09,22:46
UAL1429,KPDX,KDEN,7,2026-10-09,17:55
UAL143,KDEN,RJAA,3,2026-10-09,17:57
UAL1430,KPSP,KSFO,7,2026-10-09,20:49
UAL1434,KIAD,KSFO,6,2026-10-09,17:11
UAL1434,KJAX,KIAD,6,2026-10-09,13:38
UAL1435,KTUL,KDEN,6,2026-10-09,14:56
UAL1436,KDEN,KOMA,6,2026-10-09,00:16
UAL1436,KMSO,KDEN,7,2026-10-09,20:49
UAL1437,KDEN,KMCO,5,2026-10-09,12:10
UAL1439,KEWR,KORD,7,2026-10-09,15:22
UAL144,KEWR,LPPR,7,2026-10-09,02:08
UAL1440,KORD,KOKC,6,2026-10-09,02:05
UAL1440,KSYR,KORD,5,2026-10-08,21:59
UAL1442,KDEN,KLGA,7,2026-10-09,14:15
UAL1442,KLGA,KORD,6,2026-10-09,19:06
UAL1442,KOMA,KDEN,7,2026-10-09,11:11
UAL1444,KIAH,KEWR,7,2026-10-09,01:40
UAL1448,KORD,KIAH,5,2026-10-08,18:12
UAL1448,KRDU,KORD,7,2026-10-09,14:24
UAL1449,KAUS,KEWR,7,2026-10-09,12:31
UAL145,LPPR,KEWR,7,2026-10-09,11:51
UAL1450,KDCA,KIAH,7,2026-10-09,10:11
UAL1450,KIAH,KDEN,6,2026-10-09,14:55
UAL1451,KDEN,KJAX,4,2026-10-09,16:32
UAL1453,KBUR,KSFO,6,2026-10-08,21:28
UAL1453,KSFO,KIAD,7,2026-10-09,00:20
UAL1456,KBDL,KORD,6,2026-10-09,13:53
UAL1457,KSFO,KLAX,7,2026-10-09,16:23
UAL1458,KSFO,KMIA,7,2026-10-09,19:52
UAL1459,TTPP,KIAH,7,2026-10-09,04:50
UAL146,KEWR,EGLL,7,2026-10-09,02:49
UAL1460,KDEN,KLAX,7,2026-10-09,02:07
UAL1463,KIAD,KIAH,7,2026-10-09,02:38
UAL1464,KSAV,KORD,7,2026-10-09,16:52
UAL1469,KSFO,KDEN,7,2026-10-09,16:21
UAL147,EGLL,KEWR,7,2026-10-09,11:25
UAL1470,KDEN,KLIT,3,2026-10-09,00:04
UAL1470,KSBP,KDEN,5,2026-10-08,20:17
UAL1475,KBOS,KORD,7,2026-10-09,19:28
UAL1476,KOMA,KORD,4,2026-10-09,00:08
UAL1477,KIAH,KSAT,6,2026-10-09,00:00
UAL1477,KLAX,KIAH,7,2026-10-09,19:09
UAL1478,CA-1291,KIAH,7,2026-10-09,14:19
UAL1478,KIAH,KPHX,7,2026-10-09,22:09
UAL1479,KDEN,KSDF,6,2026-10-09,16:13
UAL1479,KSFO,KDEN,7,2026-10-09,12:09
UAL148,SBGR,KEWR,6,2026-10-09,00:23
UAL1481,KDEN,KPHX,7,2026-10-09,14:29
UAL1481,KPHX,KIAH,7,2026-10-09,17:54
UAL1482,KRDU,KORD,7,2026-10-09,10:20
UAL1484,KSFO,KTPA,5,2026-10-08,18:31
UAL1485,KDEN,KJAX,7,2026-10-09,22:28
UAL1486,KOMA,KORD,7,2026-10-09,11:15
UAL1486,KORD,KIAD,7,2026-10-09,16:26
UAL1488,KCLE,KMCO,6,2026-10-09,15:32
UAL1488,KORD,KCLE,7,2026-10-09,12:39
UAL149,KEWR,SBGR,7,2026-10-09,01:04
UAL1490,KLAX,KSBP,1,2026-10-09,19:17
UAL1490,KSFO,KSBP,6,2026-10-08,02:03
UAL1490,KSFO,KLAX,1,2026-10-09,02:47
UAL1491,KMCI,KORD,7,2026-10-09,12:41
UAL1492,KORD,KCMH,7,2026-10-09,02:42
UAL1493,KMCO,KIAH,7,2026-10-09,16:08
UAL1494,KEWR,KDFW,6,2026-10-09,11:15
UAL1495,KORD,KSFO,7,2026-10-09,01:49
UAL1495,KRSW,KORD,7,2026-10-09,20:40
UAL1496,KLAX,KAUS,7,2026-10-09,18:07
UAL1497,KDEN,KSNA,7,2026-10-09,22:23
UAL1498,KEWR,KMIA,7,2026-10-09,19:54
UAL1498,KIAD,KEWR,7,2026-10-09,17:03
UAL1499,KAUS,KEWR,6,2026-10-09,16:28
UAL15,EGLL,KEWR,7,2026-10-09,14:48
UAL1500,KCID,KDEN,7,2026-10-09,14:22
UAL1501,KIAH,KTPA,7,2026-10-09,18:20
UAL1502,KORD,KCLE,7,2026-10-09,19:48
UAL1502,KSLC,KORD,7,2026-10-09,13:57
UAL1503,KDTW,KORD,6,2026-10-09,13:12
UAL1504,KLGA,KORD,6,2026-10-09,19:55
UAL1505,KDEN,KEWR,6,2026-10-09,20:06
UAL1505,KEWR,KTPA,5,2026-10-09,00:39
UAL1505,KSEA,KDEN,7,2026-10-09,15:57
UAL1506,KDEN,KSFO,7,2026-10-09,15:56
UAL1506,KLAX,KIAD,5,2026-10-09,00:00
UAL1506,KSFO,KLAX,7,2026-10-09,19:48
UAL1507,KDEN,KPHX,7,2026-10-09,01:32
UAL1508,KBUR,KSFO,6,2026-10-09,02:18
UAL1508,KSFO,CYUL,7,2026-10-09,06:50
UAL1509,KSFO,PHNL,3,2026-10-09,00:21
UAL1510,KDEN,KPHL,6,2026-10-09,00:10
UAL1510,KSDF,KDEN,7,2026-10-09,19:45
UAL1511,KDEN,KTUS,3,2026-10-09,13:49
UAL1513,KFLL,KSFO,5,2026-10-09,12:16
UAL1513,KLAS,KDEN,1,2026-10-06,15:40
UAL1515,KSFO,KMCI,5,2026-10-09,23:42
UAL1517,KDFW,KORD,7,2026-10-09,00:41
UAL1519,KORD,KSMF,7,2026-10-09,21:42
UAL1520,KMCO,KDEN,7,2026-10-09,17:05
UAL1521,KDSM,KDEN,7,2026-10-09,15:04
UAL1522,CA-1291,KDEN,7,2026-10-09,12:16
UAL1522,KDEN,KIND,7,2026-10-09,16:24
UAL1523,KSEA,KIAD,7,2026-10-09,15:41
UAL1524,KIAD,KIAH,6,2026-10-09,12:52
UAL1524,KIAH,KLAS,7,2026-10-09,17:11
UAL1524,KORF,KIAD,5,2026-10-09,10:25
UAL1525,KEWR,KORD,6,2026-10-09,15:04
UAL1525,KRDU,KEWR,7,2026-10-09,11:20
UAL1527,KEWR,KMSY,7,2026-10-09,12:47
UAL1528,CYVR,KIAH,5,2026-10-09,19:21
UAL1528,KIAH,KSTL,5,2026-10-08,02:39
UAL153,VHHH,KLAX,5,2026-10-09,05:00
UAL1531,KMSP,KORD,7,2026-10-09,20:45
UAL1532,KMSY,KIAH,6,2026-10-09,21:18
UAL1532,KORD,KMSY,7,2026-10-09,16:20
UAL1533,KIAH,KSNA,7,2026-10-09,17:38
UAL1534,KDEN,KRIC,6,2026-10-09,23:44
UAL1534,KRNO,KDEN,7,2026-10-09,19:57
UAL1535,KIAD,KIAH,7,2026-10-09,17:10
UAL1535,KIAH,KDFW,7,2026-10-09,23:54
UAL1535,KRDU,KIAD,6,2026-10-09,14:49
UAL1536,KEWR,KBOS,5,2026-10-09,22:29
UAL1537,KDEN,KJAC,1,2026-10-06,20:02
UAL1537,KPHL,KDEN,7,2026-10-09,14:14
UAL1538,KCMH,KIAD,6,2026-10-09,19:26
UAL1539,KEWR,KLAS,7,2026-10-09,20:50
UAL1540,KTUS,KDEN,7,2026-10-09,12:21
UAL1541,KAUS,KDEN,7,2026-10-09,18:02
UAL1541,KDEN,KMSY,7,2026-10-09,00:27
UAL1542,KIAH,KSAT,7,2026-10-09,01:39
UAL1543,KEWR,TJSJ,5,2026-10-09,00:02
UAL1544,KLAX,KRNO,4,2026-10-08,20:37
UAL1545,KCLE,KIAH,7,2026-10-09,19:33
UAL1546,KBWI,KLAX,5,2026-10-09,22:03
UAL1546,KLAX,KLAS,4,2026-10-09,06:04
UAL1547,KMSP,KORD,1,2026-10-04,11:20
UAL1547,KSEA,KMSP,1,2026-10-04,06:23
UAL1549,KIAH,KIAD,7,2026-10-09,12:39
UAL1550,KDTW,KSFO,7,2026-10-09,11:15
UAL1552,KECP,KDEN,1,2026-10-04,21:11
UAL1552,KLAX,KRNO,1,2026-10-03,02:23
UAL1552,KPSP,KDEN,3,2026-10-09,23:34
UAL1552,KSFO,KSLC,1,2026-10-06,01:49
UAL1552,KSLC,KSFO,1,2026-10-06,17:01
UAL1553,KTYS,KORD,7,2026-10-09,10:15
UAL1554,KORD,KPDX,6,2026-10-09,18:51
UAL1556,KEWR,TJSJ,6,2026-10-09,14:04
UAL1557,KABQ,KORD,7,2026-10-09,18:01
UAL1557,KORD,KBWI,7,2026-10-09,23:36
UAL1558,KEWR,KSFO,6,2026-10-09,00:52
UAL1559,KDEN,KEWR,1,2026-10-04,23:05
UAL1559,KSNA,KEWR,6,2026-10-09,20:05
UAL1559,KSNA,KDEN,1,2026-10-03,20:20
UAL1560,MROC,KEWR,3,2026-10-09,19:11
UAL1561,KDEN,KSFO,7,2026-10-09,17:31
UAL1561,KIAD,KDEN,4,2026-10-09,10:43
UAL1561,KSFO,KSAN,7,2026-10-09,00:34
UAL1562,KIAD,KBDL,5,2026-10-09,12:26
UAL1562,KPHL,KIAD,1,2026-10-04,14:52
UAL1563,KIAH,KONT,6,2026-10-09,01:55
UAL1563,KPIT,KIAH,1,2026-10-09,21:43
UAL1564,KDFW,KORD,6,2026-10-09,21:30
UAL1564,KIAD,KDFW,7,2026-10-09,16:44
UAL1564,KORD,KSAN,6,2026-10-09,02:01
UAL1565,KDEN,KDFW,7,2026-10-09,00:06
UAL1565,KSAN,KDEN,7,2026-10-09,20:11
UAL1566,KIAD,MMMX,5,2026-10-09,22:04
UAL1567,MMMX,KIAD,6,2026-10-09,15:00
UAL1568,KORD,KROC,5,2026-10-09,23:56
UAL1568,KSFO,KORD,6,2026-10-09,15:40
UAL1571,KIAH,KMCO,5,2026-10-09,22:28
UAL1572,KMCI,KIAD,7,2026-10-09,16:57
UAL1573,KOMA,KDEN,6,2026-10-09,22:51
UAL1574,KDFW,KEWR,6,2026-10-09,18:14
UAL1575,KDEN,KPHL,7,2026-10-09,16:28
UAL1575,KIAH,KDEN,7,2026-10-09,12:32
UAL1575,KPHL,KSFO,7,2026-10-09,22:52
UAL1576,KTPA,KIAD,7,2026-10-09,18:01
UAL1577,KORD,KSFO,5,2026-10-09,20:03
UAL1577,KSFO,KSAN,7,2026-10-09,02:26
UAL1577,KTYS,KORD,7,2026-10-09,14:59
UAL1578,KSFO,KSBA,7,2026-10-09,17:59
UAL1579,KDEN,KLGA,7,2026-10-09,20:14
UAL1580,KORD,CYVR,7,2026-10-09,01:29
UAL1581,KORD,KBTV,7,2026-10-09,12:56
UAL1582,KLGA,KORD,7,2026-10-09,23:41
UAL1583,KLAS,KORD,7,2026-10-09,18:16
UAL1583,KORD,KRIC,7,2026-10-09,23:28
UAL1585,KDEN,KRAP,7,2026-10-09,17:30
UAL1586,KDFW,KIAH,7,2026-10-09,15:10
UAL1587,KDEN,KIAH,7,2026-10-09,23:44
UAL1587,KIAD,KDEN,6,2026-10-09,16:54
UAL1588,KDEN,KRDM,7,2026-10-09,01:47
UAL1589,KIAH,KMCI,7,2026-10-09,01:57
UAL1590,KEWR,KDFW,7,2026-10-09,19:20
UAL1591,KBWI,KLAX,7,2026-10-09,12:11
UAL1592,KIAH,KMAF,6,2026-10-09,03:06
UAL1593,KEWR,KSFO,7,2026-10-09,13:48
UAL1594,KDEN,KABQ,7,2026-10-09,20:02
UAL1595,KORD,KMSN,7,2026-10-09,19:36
UAL1596,KDEN,KMCI,7,2026-10-09,03:11
UAL1596,KSFO,KDEN,4,2026-10-08,21:48
UAL1597,KCMH,KSFO,7,2026-10-09,11:34
UAL1597,KSFO,KABQ,6,2026-10-09,19:47
UAL1598,KRAP,KDEN,7,2026-10-09,17:33
UAL1599,KDEN,KIAH,7,2026-10-09,18:12
UAL1599,KIAH,KDFW,7,2026-10-09,22:17
UAL1599,KPHX,KDEN,7,2026-10-09,14:46
UAL16,KEWR,EGLL,3,2026-10-08,22:00
UAL160,EDDM,KIAH,7,2026-10-09,10:45
UAL1602,KDEN,KSMF,5,2026-10-09,02:48
UAL1603,KLAS,KSFO,7,2026-10-09,01:21
UAL1604,KDEN,KRNO,4,2026-10-09,22:33
UAL1604,KRDU,KSFO,5,2026-10-09,10:45
UAL1604,KSFO,KDEN,7,2026-10-09,18:07
UAL1605,KLAX,KBWI,5,2026-10-09,05:51
UAL1606,KORD,KBOS,7,2026-10-09,16:00
UAL1607,KIND,KDEN,7,2026-10-09,12:15
UAL1608,KEWR,KBNA,7,2026-10-09,17:25
UAL1609,KDFW,KIAH,7,2026-10-09,22:44
UAL1609,KIAH,KSFO,5,2026-10-09,02:57
UAL1610,KCOS,KDEN,7,2026-10-09,19:39
UAL1611,KEWR,KCLE,6,2026-10-09,22:36
UAL1611,KFLL,KEWR,7,2026-10-09,17:17
UAL1612,CYYZ,KORD,7,2026-10-09,11:15
UAL1612,KORD,KSAV,4,2026-10-09,16:29
UAL1613,KCLT,KIAD,1,2026-10-04,10:27
UAL1613,KEWR,KPDX,5,2026-10-08,11:11
UAL1613,KEWR,KSBN,1,2026-10-09,17:07
UAL1615,KDEN,KCVG,6,2026-10-09,00:26
UAL1615,KPHX,KDEN,6,2026-10-09,19:03
UAL1616,KBNA,KORD,7,2026-10-09,17:47
UAL1616,KORD,KBDL,6,2026-10-09,23:54
UAL1617,KIAH,KORD,7,2026-10-09,13:31
UAL1617,KORD,KBDL,7,2026-10-09,19:56
UAL1618,KEWR,KIAD,7,2026-10-09,14:13
UAL1619,KIAH,MMUN,2,2026-10-09,12:56
UAL1620,KORD,KMIA,7,2026-10-09,14:28
UAL1621,KLAX,KMCO,7,2026-10-09,17:44
UAL1621,KMCO,KORD,7,2026-10-09,00:10
UAL1622,KIAH,MMPR,5,2026-10-09,14:49
UAL1623,KOMA,KSFO,7,2026-10-09,12:07
UAL1625,KAUS,KORD,6,2026-10-09,20:52
UAL1625,KLAX,KAUS,7,2026-10-09,15:28
UAL1625,KORD,KSTL,6,2026-10-09,01:24
UAL1626,KEWR,KSAN,7,2026-10-09,21:19
UAL1626,KMCO,KEWR,7,2026-10-09,17:12
UAL1627,KIAH,KDCA,4,2026-10-09,23:27
UAL1627,KLAS,KIAH,7,2026-10-09,19:43
UAL1627,KSFO,KLAS,7,2026-10-09,15:45
UAL1630,KORD,KEWR,5,2026-10-09,22:29
UAL1631,KEWR,KLAS,7,2026-10-09,12:55
UAL1633,KDEN,KOMA,7,2026-10-09,16:19
UAL1634,KDFW,KORD,7,2026-10-09,15:52
UAL1634,KORD,KALB,7,2026-10-09,20:12
UAL1635,KDTW,KEWR,5,2026-10-09,23:52
UAL1636,KEWR,KSAV,7,2026-10-09,16:09
UAL1637,KEWR,KDTW,5,2026-10-09,20:34
UAL1637,KSAN,KEWR,6,2026-10-09,13:55
UAL1638,KDEN,KLAX,6,2026-10-08,14:13
UAL1639,KDEN,KSTL,7,2026-10-09,19:46
UAL1643,KMCO,KEWR,7,2026-10-09,18:09
UAL1643,KORD,KMCO,7,2026-10-09,14:40
UAL1644,TJSJ,KIAH,6,2026-10-09,11:10
UAL1645,KCLE,KIAH,7,2026-10-09,10:15
UAL1646,KSFO,KBWI,4,2026-10-09,06:25
UAL1647,KBOS,KEWR,6,2026-10-09,20:16
UAL1647,KEWR,KTPA,4,2026-10-07,23:17
UAL1647,KEWR,KMCO,1,2026-10-08,23:07
UAL1647,KMCO,KTPA,1,2026-10-08,03:25
UAL1649,KSFO,KIAH,7,2026-10-09,00:34
UAL1650,KSJC,KORD,7,2026-10-09,21:19
UAL1651,KBUF,KORD,7,2026-10-09,14:57
UAL1652,KLAX,KDEN,4,2026-10-08,01:14
UAL1653,KSFO,KPHX,6,2026-10-09,04:32
UAL1654,KIAH,KDEN,7,2026-10-09,23:44
UAL1655,CYYC,KORD,7,2026-10-09,18:58
UAL1656,KDEN,KOKC,7,2026-10-09,19:49
UAL1656,KTUS,KDEN,7,2026-10-09,16:53
UAL1657,KORD,KLGA,7,2026-10-09,12:24
UAL1658,KORD,KDSM,7,2026-10-09,18:12
UAL1659,KORD,MMUN,4,2026-10-09,16:29
UAL1660,KORD,KSEA,7,2026-10-09,18:32
UAL1660,KSEA,KIAH,7,2026-10-09,00:12
UAL1662,KDEN,KALB,7,2026-10-09,00:26
UAL1662,KSLC,KDEN,7,2026-10-09,20:47
UAL1663,KIAH,KPHL,6,2026-10-09,23:27
UAL1665,KSFO,KBOS,7,2026-10-09,06:35
UAL1666,KCVG,KDEN,7,2026-10-09,12:16
UAL1668,KAUS,KSFO,7,2026-10-09,14:11
UAL1668,KSFO,KSAN,7,2026-10-09,21:44
UAL1669,KEWR,KBOS,7,2026-10-09,15:39
UAL1669,KRDU,KEWR,7,2026-10-09,13:14
UAL1671,KDEN,KATL,6,2026-10-09,20:01
UAL1672,KLAS,KORD,6,2026-10-09,16:17
UAL1673,KCLE,KORD,6,2026-10-08,22:17
UAL1673,KORD,KDFW,7,2026-10-09,01:33
UAL1674,KORD,KBNA,7,2026-10-09,14:00
UAL1677,KMSY,KORD,7,2026-10-09,15:40
UAL1677,KORD,KPDX,4,2026-10-08,21:52
UAL1678,KDCA,KIAH,5,2026-10-09,23:51
UAL1678,KSFO,KDCA,7,2026-10-09,16:06
UAL1679,KSFO,MMUN,4,2026-10-09,16:34
UAL1680,KLAX,KIAH,6,2026-10-09,02:37
UAL1681,KLAS,KEWR,7,2026-10-09,05:48
UAL1685,PHLI,KSFO,5,2026-10-09,09:04
UAL1686,KDEN,KPHX,6,2026-10-09,17:48
UAL1686,KDFW,KDEN,1,2026-10-04,20:33
UAL1686,KIAH,KDEN,6,2026-10-09,13:42
UAL1686,KIAH,KDFW,1,2026-10-04,13:37
UAL1687,KIAH,KIND,7,2026-10-09,17:29
UAL1688,KORD,KAUS,6,2026-10-09,14:00
UAL1689,KIAD,KLAX,7,2026-10-09,17:31
UAL169,LIPZ,KEWR,7,2026-10-09,09:29
UAL1690,KEWR,KSNA,7,2026-10-09,21:21
UAL1691,KIAH,KORD,7,2026-10-09,17:20
UAL1693,KBOS,KEWR,6,2026-10-09,00:48
UAL1695,KDFW,KORD,7,2026-10-09,12:18
UAL1696,KFLL,KIAH,5,2026-10-09,21:08
UAL1697,KIAH,KLGA,6,2026-10-09,12:12
UAL17,EGLL,KEWR,7,2026-10-09,09:54
UAL170,KEWR,LIPZ,5,2026-10-08,22:43
UAL1700,KLAX,KEWR,6,2026-10-09,00:02
UAL1701,KIAD,KPHL,1,2026-10-04,12:56
UAL1701,KPDX,KEWR,5,2026-10-08,18:13
UAL1701,KSBN,KEWR,1,2026-10-09,20:39
UAL1702,KBZN,KSFO,7,2026-10-09,22:47
UAL1702,KSFO,KTPA,7,2026-10-09,04:26
UAL1703,KIAD,KORD,7,2026-10-09,20:05
UAL1703,KORD,KLAS,6,2026-10-09,00:06
UAL1704,KDEN,KSNA,5,2026-10-09,01:42
UAL1704,KMSP,KDEN,6,2026-10-09,22:24
UAL1705,KORD,KDCA,5,2026-10-09,13:46
UAL1706,KORD,KPHX,7,2026-10-09,19:15
UAL1707,KDEN,KSNA,7,2026-10-09,19:58
UAL1708,KSEA,KEWR,3,2026-10-09,20:29
UAL1709,KBNA,KIAD,7,2026-10-09,13:41
UAL1709,KIAD,KCLE,6,2026-10-09,16:56
UAL1710,KORD,KSLC,5,2026-10-09,01:44
UAL1710,KSAN,KORD,6,2026-10-09,18:02
UAL1711,KIAH,KAUS,6,2026-10-09,22:26
UAL1711,KLAS,KIAH,7,2026-10-09,17:23
UAL1711,KSFO,KLAS,5,2026-10-09,14:17
UAL1712,KTPA,KSFO,7,2026-10-09,11:15
UAL1714,KDEN,KGJT,7,2026-10-09,17:38
UAL1715,KDEN,KEWR,7,2026-10-09,22:05
UAL1716,KBNA,KDEN,7,2026-10-09,13:31
UAL1717,KJAC,KDEN,7,2026-10-09,20:03
UAL1718,KORD,KIND,7,2026-10-09,19:44
UAL1719,KORD,KMDT,6,2026-10-09,02:21
UAL1720,KDEN,KIAH,7,2026-10-09,13:56
UAL1720,KIAH,KBWI,7,2026-10-09,17:30
UAL1725,MMGL,KIAH,4,2026-10-07,18:36
UAL1726,KSFO,KIND,5,2026-10-09,06:51
UAL1727,KBUF,KDEN,7,2026-10-09,12:53
UAL1728,KELP,KDEN,3,2026-10-09,20:49
UAL1729,KEWR,KDEN,5,2026-10-08,20:02
UAL1730,KLAX,KMCO,6,2026-10-09,06:35
UAL1730,KSEA,KLAX,4,2026-10-09,01:53
UAL1731,KLAS,KEWR,4,2026-10-08,19:40
UAL1732,KBOS,KORD,7,2026-10-09,17:01
UAL1732,KORD,KCVG,4,2026-10-09,23:24
UAL1733,KDEN,KABQ,6,2026-10-09,14:27
UAL1734,KBOS,KIAD,7,2026-10-09,09:52
UAL1734,KIAD,KLAX,7,2026-10-09,12:54
UAL1737,KDEN,KPSC,7,2026-10-09,01:36
UAL1737,KMCI,KDEN,7,2026-10-09,22:57
UAL1738,KCVG,KORD,7,2026-10-09,15:02
UAL1739,KEWR,KMCO,7,2026-10-09,14:05
UAL1740,KORD,KRSW,7,2026-10-09,12:38
UAL1741,KABQ,KDEN,7,2026-10-09,20:04
UAL1742,KSMF,KIAD,7,2026-10-09,15:25
UAL1743,KIAH,KLAX,5,2026-10-08,21:50
UAL1743,KRSW,KIAH,7,2026-10-09,18:19
UAL1744,KSRQ,KORD,7,2026-10-09,20:38
UAL1745,KDEN,KEWR,6,2026-10-09,06:14
UAL1745,KPHX,KDEN,5,2026-10-09,01:54
UAL1746,KEWR,KATL,6,2026-10-09,15:32
UAL1747,KIAD,KIAH,7,2026-10-09,10:23
UAL1748,KORD,KCLT,7,2026-10-09,23:35
UAL1748,KPHX,KORD,7,2026-10-09,17:14
UAL1752,KIAH,KORD,7,2026-10-09,01:51
UAL1752,KSEA,KIAH,6,2026-10-09,19:34
UAL1753,KDEN,KLAX,7,2026-10-09,00:00
UAL1754,KLAX,KFAT,6,2026-10-09,02:38
UAL1754,KMFR,KSFO,1,2026-10-09,21:43
UAL1754,KSFO,KLAX,4,2026-10-07,00:09
UAL1755,KFLL,KORD,7,2026-10-09,16:44
UAL1756,KSFO,KBUR,5,2026-10-09,14:29
UAL1757,KIAD,KSFO,7,2026-10-09,22:23
UAL1757,KMCO,KIAD,7,2026-10-09,16:53
UAL1757,KSFO,KRNO,7,2026-10-09,06:03
UAL1758,KEWR,KDEN,7,2026-10-09,12:03
UAL1760,KAUS,KEWR,7,2026-10-09,11:15
UAL1760,KEWR,KCHS,6,2026-10-09,15:57
UAL1761,KORD,KMSY,7,2026-10-09,01:40
UAL1762,KDEN,KTUS,7,2026-10-09,02:02
UAL1763,KSAN,KSFO,6,2026-10-09,21:58
UAL1764,KORD,KMCI,6,2026-10-09,14:11
UAL1765,KPIT,KDEN,7,2026-10-09,12:38
UAL1766,KBNA,KDEN,7,2026-10-09,19:44
UAL1767,KDEN,KLAS,5,2026-10-09,16:00
UAL1767,KRAP,KDEN,7,2026-10-09,13:27
UAL1768,KIAH,KSFO,7,2026-10-09,12:38
UAL1769,KRDU,KSFO,7,2026-10-09,21:37
UAL1769,KSFO,KMIA,4,2026-10-09,06:25
UAL177,KDEN,LIRF,7,2026-10-09,00:04
UAL1770,KDEN,KPDX,4,2026-10-09,03:55
UAL1770,KMCO,KDEN,6,2026-10-09,21:54
UAL1771,KEWR,KDJT,7,2026-10-09,10:10
UAL1773,KIAD,KSFO,7,2026-10-09,13:57
UAL1774,KFAT,KDEN,7,2026-10-09,12:15
UAL1775,KIAD,KORD,7,2026-10-09,12:37
UAL1776,KORD,KPHL,6,2026-10-09,00:27
UAL1777,KEWR,KSFO,7,2026-10-09,12:48
UAL1777,KPWM,KEWR,7,2026-10-09,10:05
UAL1777,KSFO,KLAS,7,2026-10-09,19:48
UAL1778,KORD,KOMA,7,2026-10-09,14:14
UAL1779,KORD,KBOS,7,2026-10-09,02:55
UAL1779,KTPA,KORD,7,2026-10-09,22:12
UAL178,LIRF,KDEN,6,2026-10-09,12:57
UAL1780,KIAH,KDSM,7,2026-10-09,01:12
UAL1781,KDSM,KDEN,6,2026-10-09,22:38
UAL1782,KBOI,KDEN,6,2026-10-09,12:40
UAL1782,KDEN,KPHX,6,2026-10-09,16:07
UAL1783,KLAX,KBOS,7,2026-10-09,16:51
UAL1784,KEWR,KIAD,7,2026-10-09,01:41
UAL1784,KLAS,KEWR,7,2026-10-09,17:45
UAL1785,KDCA,KIAH,2,2026-10-06,21:00
UAL1786,KBDL,KIAD,5,2026-10-09,14:49
UAL1787,KDEN,KOMA,7,2026-10-09,03:27
UAL1787,KPDX,KDEN,7,2026-10-09,23:11
UAL1788,KDEN,KICT,5,2026-10-09,00:07
UAL1788,KGJT,KDEN,7,2026-10-09,20:02
UAL1789,KIAD,KSAT,6,2026-10-09,12:42
UAL1789,KRDU,KIAD,6,2026-10-09,10:26
UAL1790,KDEN,KCLE,6,2026-10-09,00:35
UAL1790,KSBA,KDEN,6,2026-10-09,20:28
UAL1791,KSAN,KSFO,7,2026-10-09,17:18
UAL1791,KSFO,KIAD,7,2026-10-09,21:28
UAL1792,KEWR,KDEN,6,2026-10-09,00:48
UAL1792,KRSW,KEWR,7,2026-10-09,20:45
UAL1793,KDCA,KORD,6,2026-10-09,10:41
UAL1794,KIAH,KMEM,7,2026-10-09,02:17
UAL1794,KLGA,KIAH,4,2026-10-09,20:12
UAL1795,KDEN,KLEX,7,2026-10-09,00:00
UAL1796,KDTW,KIAD,5,2026-10-09,10:07
UAL1797,KEWR,KDJT,7,2026-10-09,17:16
UAL1797,KIAH,KEWR,7,2026-10-09,11:10
UAL1798,KIAH,KPHX,7,2026-10-09,19:32
UAL1799,KIAH,KLAS,7,2026-10-09,15:03
UAL1799,KLAS,KSFO,7,2026-10-09,20:57
UAL1799,KSFO,KLAX,7,2026-10-09,02:08
UAL18,LIMC,KEWR,6,2026-10-08,08:11
UAL1800,KFLL,KEWR,7,2026-10-09,20:28
UAL1801,KORD,KSEA,7,2026-10-09,21:29
UAL1802,KPDX,KEWR,7,2026-10-09,05:46
UAL1803,KLAS,KLAX,6,2026-10-09,23:43
UAL1803,KORD,KLAS,7,2026-10-09,16:18
UAL1803,KPIT,KORD,7,2026-10-09,11:12
UAL1805,KDEN,PHNL,3,2026-10-05,00:53
UAL1805,KEWR,KLAX,1,2026-10-05,12:25
UAL1806,PHNL,KDEN,3,2026-10-05,10:22
UAL1807,KORD,KPVD,6,2026-10-09,12:44
UAL1808,KLEX,KDEN,7,2026-10-09,13:26
UAL1809,KSFO,KRDM,4,2026-10-09,04:07
UAL181,EDDF,KDEN,7,2026-10-09,09:48
UAL1810,KEWR,KRSW,7,2026-10-09,16:25
UAL1811,KPHL,KORD,6,2026-10-09,13:45
UAL1812,KDEN,KSFO,6,2026-10-08,19:46
UAL1812,KSFO,KPDX,5,2026-10-09,00:17
UAL1812,KTPA,KDEN,7,2026-10-09,12:12
UAL1813,KMCI,KEWR,7,2026-10-09,11:35
UAL1814,KEWR,KSEA,7,2026-10-09,19:27
UAL1815,KSFO,KBNA,4,2026-10-09,07:20
UAL1815,KSFO,KABQ,1,2026-10-06,02:08
UAL1816,KDEN,CA-1291,7,2026-10-09,01:38
UAL1816,KPIT,KDEN,7,2026-10-09,21:05
UAL1818,KIAH,KMSP,7,2026-10-09,19:54
UAL1818,KMSP,KEWR,7,2026-10-09,01:09
UAL1819,KORD,KGRR,7,2026-10-09,03:27
UAL1819,KRNO,KORD,7,2026-10-09,21:27
UAL182,KDEN,EDDF,6,2026-10-09,22:09
UAL1821,KORD,KLGA,7,2026-10-09,19:20
UAL1822,KDEN,KMRY,7,2026-10-09,01:59
UAL1823,KIAH,KAUS,7,2026-10-09,15:22
UAL1823,KPNS,KIAH,5,2026-10-09,12:09
UAL1824,KIAD,KSEA,7,2026-10-09,17:24
UAL1825,KIAD,KFLL,7,2026-10-09,12:38
UAL1826,KEWR,KSAN,7,2026-10-09,14:04
UAL1827,KSAN,KEWR,7,2026-10-09,05:37
UAL1828,KORD,KSMF,7,2026-10-09,01:43
UAL1828,KPWM,KORD,6,2026-10-08,21:22
UAL1829,KDEN,KIAH,7,2026-10-09,19:55
UAL1829,KIAH,KMIA,7,2026-10-09,00:02
UAL1830,KEWR,KIAH,7,2026-10-09,18:26
UAL1830,KIAH,KBWI,5,2026-10-09,00:08
UAL1831,KATL,KIAD,7,2026-10-09,18:55
UAL1831,KIAD,KEWR,6,2026-10-09,22:33
UAL1832,KEWR,KRSW,6,2026-10-09,19:48
UAL1833,KBOS,KEWR,7,2026-10-09,10:20
UAL1833,KEWR,KCLE,7,2026-10-09,13:12
UAL1834,KORD,KTPA,7,2026-10-09,15:44
UAL1835,KSAN,KSFO,7,2026-10-09,20:18
UAL1835,KSFO,KDEN,5,2026-10-09,23:46
UAL1836,KDEN,KMKE,7,2026-10-09,16:23
UAL1838,MMMX,KIAH,6,2026-10-09,20:31
UAL1839,KORD,KDSM,7,2026-10-09,01:20
UAL1840,KDEN,KSLC,7,2026-10-09,20:08
UAL1841,KSMF,KDEN,5,2026-10-09,02:08
UAL1842,KORD,KFSD,7,2026-10-09,02:59
UAL1842,KPHX,KORD,7,2026-10-09,20:25
UAL1843,KDEN,KCMH,6,2026-10-09,00:07
UAL1843,KPSP,KDEN,6,2026-10-09,21:02
UAL1844,KEWR,KSFO,7,2026-10-09,22:29
UAL1844,KRDU,KEWR,7,2026-10-09,19:10
UAL1845,KIAH,KSFO,7,2026-10-09,11:42
UAL1845,KSFO,KRNO,7,2026-10-09,17:52
UAL1846,KABQ,KORD,7,2026-10-09,13:59
UAL1847,KDFW,KEWR,7,2026-10-09,12:34
UAL1848,KEWR,KATL,7,2026-10-09,19:51
UAL1849,KFSD,KDEN,7,2026-10-09,15:18
UAL1850,KATL,KORD,6,2026-10-09,21:23
UAL1851,KMSN,KORD,7,2026-10-09,21:29
UAL1852,KIAH,MMMY,7,2026-10-09,19:33
UAL1853,MMMY,KIAH,7,2026-10-09,22:03
UAL1854,MWCR,KIAH,2,2026-10-04,19:13
UAL1855,KLAX,KEWR,6,2026-10-09,19:40
UAL1856,KORD,KEWR,7,2026-10-09,16:17
UAL1857,KFSD,KORD,7,2026-10-09,12:56
UAL1858,KCHS,KIAD,4,2026-10-09,14:30
UAL1859,KIAH,KAUS,7,2026-10-09,17:44
UAL1859,KPIT,KIAH,7,2026-10-09,10:23
UAL1860,MMVR,KIAH,7,2026-10-09,17:50
UAL1861,KIAH,MMVR,7,2026-10-09,14:51
UAL1862,KSFO,KSMF,6,2026-10-08,03:53
UAL1863,KEWR,KMCO,7,2026-10-09,23:22
UAL1864,KEWR,KLAS,7,2026-10-09,16:09
UAL1864,KLAS,KIAH,5,2026-10-09,23:56
UAL1864,KMIA,KEWR,7,2026-10-09,11:12
UAL1865,KIAD,KDEN,7,2026-10-09,14:14
UAL1866,KIAD,KBOS,1,2026-10-06,04:09
UAL1866,KSFO,KDFW,4,2026-10-09,07:10
UAL1868,CYVR,KORD,7,2026-10-09,17:47
UAL1869,KIAD,KSAT,7,2026-10-09,22:16
UAL1870,KMSP,KEWR,7,2026-10-09,11:20
UAL1871,KEWR,KORD,7,2026-10-09,00:55
UAL1872,KIAH,KMSP,5,2026-10-09,01:26
UAL1872,KMCO,KIAH,5,2026-10-08,21:55
UAL1873,KPHX,KIAD,7,2026-10-09,16:16
UAL1874,KDEN,CYYZ,7,2026-10-09,16:35
UAL1874,KIAH,KDEN,7,2026-10-09,10:27
UAL1875,KORD,KLAS,7,2026-10-09,21:11
UAL1877,KGJT,KDEN,6,2026-10-09,13:17
UAL1878,KAUS,KORD,7,2026-10-09,11:59
UAL1878,KORD,KCLE,7,2026-10-09,18:14
UAL188,KEWR,FAOR,7,2026-10-09,01:46
UAL1882,KORD,KDEN,5,2026-10-09,21:49
UAL1883,KDEN,KSJC,3,2026-10-09,22:09
UAL1884,KBNA,KORD,5,2026-10-09,22:56
UAL1884,KORD,KMCI,3,2026-10-09,02:17
UAL1885,KPHX,KIAH,6,2026-10-09,02:07
UAL1886,KIAH,KEWR,7,2026-10-09,12:36
UAL1887,KSFO,KORD,7,2026-10-09,00:05
UAL1888,KDCA,KORD,6,2026-10-09,18:18
UAL1889,KSMF,KDEN,7,2026-10-09,12:08
UAL189,KSFO,RPLL,5,2026-10-08,08:07
UAL1890,KEWR,KRDU,7,2026-10-09,11:38
UAL1891,KDEN,KNPA,1,2026-10-07,17:41
UAL1891,KDEN,KPNS,1,2026-10-03,17:42
UAL1891,KMSP,KDEN,7,2026-10-09,14:32
UAL1892,KCLE,KEWR,7,2026-10-09,20:25
UAL1893,KMCO,KIAD,7,2026-10-09,13:41
UAL1894,KDEN,KMSN,7,2026-10-09,00:16
UAL1895,KIAH,KPHX,6,2026-10-09,15:04
UAL1896,KPDX,KSFO,7,2026-10-09,12:35
UAL1896,KSFO,KATL,6,2026-10-08,16:30
UAL1897,KORD,KBNA,6,2026-10-09,21:27
UAL1898,KBWI,KIAH,6,2026-10-09,10:09
UAL1899,KBUR,KDEN,7,2026-10-09,16:18
UAL1899,KDEN,KAUS,6,2026-10-09,21:54
UAL19,KEWR,LIMC,2,2026-10-07,22:14
UAL190,RPLL,KSFO,4,2026-10-09,01:03
UAL1900,KEWR,KMCO,7,2026-10-09,20:47
UAL1900,KSEA,KEWR,7,2026-10-09,14:12
UAL1904,KORD,KDCA,6,2026-10-09,15:19
UAL1905,KLAX,KSFO,7,2026-10-09,17:01
UAL1905,KRNO,KLAX,1,2026-10-03,14:43
UAL1905,KSFO,KSTL,7,2026-10-09,20:21
UAL1906,KMSP,KDEN,6,2026-10-09,23:48
UAL1910,KLIT,KDEN,6,2026-10-09,14:36
UAL1911,KBWI,KIAH,7,2026-10-09,19:14
UAL1911,KIAH,KSAN,7,2026-10-09,01:19
UAL1912,KDEN,KBOS,5,2026-10-09,22:43
UAL1912,KLAX,KDEN,7,2026-10-09,15:58
UAL1913,KORD,KBDL,6,2026-10-09,12:57
UAL1915,KDEN,KDTW,7,2026-10-09,15:58
UAL1920,KORD,KBZN,6,2026-10-08,22:23
UAL1920,KSTL,KORD,5,2026-10-09,18:43
UAL1921,KORD,KIAH,6,2026-10-09,23:25
UAL1922,KDFW,KSFO,5,2026-10-09,16:20
UAL1922,KORD,KIAD,7,2026-10-09,03:25
UAL1922,KSFO,KORD,6,2026-10-08,21:17
UAL1923,KPDX,KORD,7,2026-10-09,17:59
UAL1924,KDEN,KIAD,7,2026-10-09,05:57
UAL1925,KORD,CYUL,7,2026-10-09,19:36
UAL1926,KEWR,KSMF,7,2026-10-09,22:54
UAL1926,KRSW,KEWR,7,2026-10-09,16:14
UAL1927,KIAH,KTUL,5,2026-10-09,01:28
UAL1927,KPDX,KIAH,5,2026-10-09,20:03
UAL1928,KDEN,KORD,7,2026-10-09,13:58
UAL1928,KORD,KBOS,5,2026-10-08,20:37
UAL1929,KORD,KMCO,7,2026-10-09,20:59
UAL1930,KIAD,KSAN,6,2026-10-09,13:18
UAL1932,KBOS,KDEN,5,2026-10-09,02:07
UAL1933,KLAS,KEWR,7,2026-10-09,21:06
UAL1934,KIAH,KCLE,7,2026-10-09,20:15
UAL1935,KORD,KMSP,7,2026-10-09,21:44
UAL1935,KPVD,KORD,6,2026-10-09,15:43
UAL1936,KIAH,KOMA,7,2026-10-09,17:07
UAL1937,KDEN,KTUL,6,2026-10-09,00:25
UAL1938,KIAD,KPHX,7,2026-10-09,22:29
UAL1938,KJAX,KIAD,6,2026-10-09,16:55
UAL1939,KPDX,KSFO,7,2026-10-09,16:24
UAL1939,KSFO,KMCO,3,2026-10-09,19:55
UAL194,KSFO,EDDM,6,2026-10-09,21:39
UAL1940,KDEN,KSAN,7,2026-10-09,18:08
UAL1941,KLAX,KORD,7,2026-10-09,14:14
UAL1941,KORD,KDCA,6,2026-10-09,20:46
UAL1942,KDEN,KAUS,7,2026-10-09,23:59
UAL1943,KDEN,KAUS,7,2026-10-09,03:06
UAL1944,CYYZ,KDEN,7,2026-10-09,15:00
UAL1945,KIAH,KLAX,7,2026-10-09,20:10
UAL1946,KLAX,KORD,7,2026-10-09,15:29
UAL1946,KORD,KPIT,7,2026-10-09,23:19
UAL1947,KSFO,KMCO,7,2026-10-09,07:21
UAL1947,PHNL,KSFO,6,2026-10-09,00:34
UAL1948,MMUN,KSFO,1,2026-10-07,18:12
UAL1949,KIAH,KDFW,7,2026-10-09,01:38
UAL1949,KSMF,KIAH,5,2026-10-09,20:32
UAL195,EDDM,KSFO,7,2026-10-09,10:09
UAL1950,KLAX,KEWR,6,2026-10-09,21:16
UAL1951,KEWR,KCLE,6,2026-10-09,11:46
UAL1952,KIAD,KCHS,7,2026-10-09,17:28
UAL1953,CYYC,KDEN,7,2026-10-09,19:40
UAL1953,KDEN,KLAS,5,2026-10-09,02:20
UAL1954,KRNO,KSFO,7,2026-10-09,13:08
UAL1954,KSFO,KPIT,7,2026-10-09,15:27
UAL1955,KATL,KORD,7,2026-10-09,12:08
UAL1955,KORD,KSLC,7,2026-10-09,18:06
UAL1955,KSLC,KDEN,7,2026-10-09,01:17
UAL1956,KIAH,KFLL,5,2026-10-09,00:03
UAL1957,KTPA,KSFO,6,2026-10-09,19:55
UAL1958,KSFO,KORD,7,2026-10-09,02:01
UAL1959,PANC,KDEN,7,2026-10-09,08:16
UAL1960,KEWR,KSFO,7,2026-10-09,11:49
UAL1961,KDEN,KTPA,5,2026-10-09,00:17
UAL1961,KSMF,KDEN,7,2026-10-09,20:25
UAL1962,KLAX,KORD,7,2026-10-09,06:45
UAL1963,KCLT,KDEN,7,2026-10-09,12:56
UAL1963,KDEN,KSLC,7,2026-10-09,18:09
UAL1963,KSLC,KORD,7,2026-10-09,22:24
UAL1964,KIAH,KPDX,6,2026-10-09,22:14
UAL1965,KHDN,KDEN,2,2026-10-08,20:30
UAL1966,KAUS,KIAH,7,2026-10-09,10:20
UAL1967,KLGA,KORD,7,2026-10-09,17:50
UAL1967,KORD,KLAX,7,2026-10-09,23:58
UAL1968,KIAH,KIAD,7,2026-10-09,01:49
UAL1969,KMKE,KDEN,7,2026-10-09,19:54
UAL1970,KORD,KCVG,7,2026-10-09,12:08
UAL1971,KIAH,KLAS,7,2026-10-09,19:33
UAL1972,KORD,KSLC,7,2026-10-09,14:36
UAL1973,KMSY,KSFO,7,2026-10-09,13:21
UAL1974,KORD,KDEN,7,2026-10-09,23:23
UAL1975,KEWR,KRDU,7,2026-10-09,21:16
UAL1975,KLAS,KEWR,7,2026-10-09,14:17
UAL1976,KBOS,KIAH,7,2026-10-09,17:54
UAL1976,KIAH,KTUS,7,2026-10-09,01:41
UAL1977,KIAH,KBOS,7,2026-10-09,12:44
UAL1978,KDEN,KCVG,7,2026-10-09,15:56
UAL1978,KJAC,KDEN,1,2026-10-05,13:40
UAL1979,KEWR,KTPA,7,2026-10-09,11:29
UAL1979,KTPA,KIAH,7,2026-10-09,15:55
UAL1980,KSAN,KIAH,7,2026-10-09,17:36
UAL1980,KSFO,KSAN,5,2026-10-09,14:27
UAL1981,KLAX,KEWR,7,2026-10-09,18:37
UAL1982,KDSM,KIAH,7,2026-10-09,11:12
UAL1982,KIAH,KFLL,7,2026-10-09,17:18
UAL1983,KMIA,KORD,7,2026-10-09,16:45
UAL1985,KEWR,TXKF,7,2026-10-09,14:43
UAL1986,KRDM,KSFO,4,2026-10-09,02:47
UAL1986,KSFO,KDTW,5,2026-10-09,05:56
UAL1989,KORD,KRDU,7,2026-10-09,00:02
UAL1989,KPSP,KORD,7,2026-10-09,17:38
UAL1990,KAUS,KORD,7,2026-10-09,22:53
UAL1991,KEWR,KATL,5,2026-10-09,22:12
UAL1992,KDEN,KAVL,7,2026-10-09,15:57
UAL1993,KMCO,KORD,7,2026-10-09,11:34
UAL1993,KORD,KRNO,7,2026-10-09,16:15
UAL1994,KLAS,KIAH,7,2026-10-09,14:54
UAL1995,KSFO,KLAS,7,2026-10-09,02:12
UAL1996,KORD,TJSJ,6,2026-10-09,14:22
UAL1997,KIAD,KEWR,4,2026-10-08,03:07
UAL1997,KMCO,KIAD,6,2026-10-09,23:48
UAL1998,KEWR,KFLL,7,2026-10-09,14:31
UAL1998,KIAD,KEWR,7,2026-10-09,10:55
UAL1999,KDJT,KEWR,7,2026-10-09,12:08
UAL1999,KEWR,KDEN,7,2026-10-09,16:10
UAL20,KIAH,EHAM,7,2026-10-09,22:03
UAL2000,KMSP,KORD,7,2026-10-09,14:54
UAL2000,KORD,KSTL,7,2026-10-09,19:40
UAL2001,KSFO,KBUR,6,2026-10-09,01:58
UAL2002,KORD,CYYZ,7,2026-10-09,12:34
UAL2003,KEWR,CYVR,7,2026-10-09,15:07
UAL2004,KEWR,KSFO,7,2026-10-09,20:23
UAL2005,KORD,KMSP,7,2026-10-09,01:25
UAL2008,KORD,KMCO,6,2026-10-08,16:42
UAL2008,KROC,KORD,7,2026-10-09,10:30
UAL2009,KIAH,KMCI,7,2026-10-09,13:09
UAL2009,KLAS,KIAH,7,2026-10-09,08:08
UAL2011,KIAD,KLAX,7,2026-10-09,11:11
UAL2012,KBWI,KDEN,4,2026-10-09,20:29
UAL2013,KDEN,KSEA,7,2026-10-09,21:56
UAL2013,KSJC,KDEN,7,2026-10-09,15:52
UAL2014,KDEN,KBOI,6,2026-10-09,02:08
UAL2014,KJAX,KDEN,4,2026-10-08,19:12
UAL2015,KLGA,KORD,6,2026-10-09,15:28
UAL2015,KORD,KPHX,6,2026-10-09,21:09
UAL2016,KPDX,KIAD,7,2026-10-09,15:37
UAL2017,KSEA,KEWR,7,2026-10-09,06:06
UAL2018,KIAD,KBTV,6,2026-10-09,02:40
UAL2019,KLAX,KSFO,7,2026-10-09,23:51
UAL2019,KTPA,KLAX,7,2026-10-09,16:53
UAL202,KORD,KDCA,6,2026-10-09,14:53
UAL2021,KIAD,TJSJ,6,2026-10-09,12:58
UAL2022,KSFO,KACV,2,2026-10-05,02:59
UAL2024,TJSJ,KIAD,3,2026-10-09,21:00
UAL2025,KSAN,KIAH,7,2026-10-09,00:02
UAL2026,MMMY,KIAH,6,2026-10-09,18:15
UAL2027,KDTW,KORD,7,2026-10-09,11:42
UAL2028,KDEN,KONT,7,2026-10-09,02:06
UAL2028,KLGA,KDEN,5,2026-10-09,19:52
UAL2029,KMIA,KEWR,6,2026-10-09,00:34
UAL203,KIAD,KRDU,6,2026-10-09,12:28
UAL2030,KDEN,KIAH,7,2026-10-09,16:24
UAL2030,KIAH,KSAT,7,2026-10-09,20:09
UAL2031,KDEN,KSJC,1,2026-10-08,14:10
UAL2032,KJAC,KORD,1,2026-10-06,15:57
UAL2033,KDEN,KLGA,7,2026-10-09,00:07
UAL2033,KSEA,KDEN,7,2026-10-09,20:20
UAL2034,KORD,KALB,7,2026-10-09,12:55
UAL2035,KORD,KTYS,7,2026-10-09,12:25
UAL2037,KORD,KPSP,7,2026-10-09,15:23
UAL2038,KPHL,KIAH,7,2026-10-09,17:15
UAL2039,KLAS,KLAX,5,2026-10-09,13:15
UAL2039,KLAX,KPIT,7,2026-10-09,16:06
UAL204,KFLL,KDEN,7,2026-10-09,14:27
UAL2040,KEWR,KSTL,7,2026-10-09,23:57
UAL2041,KMSP,KDEN,7,2026-10-09,10:52
UAL2042,KIAH,KSTL,7,2026-10-09,17:13
UAL2044,KSNA,KIAH,7,2026-10-09,19:15
UAL2045,KMIA,KDEN,7,2026-10-09,12:10
UAL2046,KLGA,KDEN,6,2026-10-09,23:07
UAL2047,KLAS,KSFO,3,2026-10-08,23:05
UAL2048,CYVR,KORD,7,2026-10-09,21:12
UAL2049,KDEN,KTUS,3,2026-10-09,21:59
UAL2049,KDFW,KDEN,6,2026-10-09,16:57
UAL205,KIAH,SKBO,1,2026-10-04,19:43
UAL2050,CYOW,KORD,7,2026-10-09,10:37
UAL2050,KORD,KRAP,6,2026-10-09,14:25
UAL2051,KMCI,KSFO,7,2026-10-09,13:29
UAL2051,KSFO,CYVR,5,2026-10-08,18:30
UAL2052,KMEM,KIAH,7,2026-10-09,14:06
UAL2053,KEWR,KORD,7,2026-10-09,17:18
UAL2053,KORD,KPHX,6,2026-10-09,22:32
UAL2053,KRSW,KEWR,7,2026-10-09,10:54
UAL2054,KIAD,KSAN,6,2026-10-09,22:27
UAL2054,KRSW,KIAD,7,2026-10-09,16:20
UAL2055,KPIT,KLAX,6,2026-10-09,20:01
UAL2056,KLAX,KSFO,7,2026-10-09,04:38
UAL2057,KEWR,KCMH,4,2026-10-09,18:16
UAL2058,KDEN,KSEA,6,2026-10-09,17:44
UAL2059,KROC,KORD,4,2026-10-07,21:57
UAL206,SKBO,KIAH,5,2026-10-08,05:53
UAL2060,KBOS,KEWR,6,2026-10-09,02:04
UAL2061,KLAX,KDEN,7,2026-10-09,18:16
UAL2062,KORD,KIAH,7,2026-10-09,19:39
UAL2063,KORD,KCMH,6,2026-10-09,16:22
UAL2063,KTUL,KORD,7,2026-10-09,11:09
UAL2064,KDSM,KDEN,7,2026-10-09,19:01
UAL2065,KCMH,KEWR,5,2026-10-09,21:03
UAL2066,KDEN,KGSP,7,2026-10-09,16:23
UAL2067,KFLL,KCLE,7,2026-10-09,15:37
UAL2069,KIAH,KCVG,7,2026-10-09,01:10
UAL2070,KIAD,KABQ,7,2026-10-09,22:05
UAL2071,KMCO,KORD,6,2026-10-08,20:39
UAL2071,KORD,KTVC,4,2026-10-09,03:06
UAL2072,KSFO,KMCI,7,2026-10-09,18:18
UAL2073,KORD,KBNA,6,2026-10-08,12:21
UAL2074,KIAD,KCLT,2,2026-10-06,02:47
UAL2074,KSDF,KORD,1,2026-10-04,15:06
UAL2075,KLAX,KSMF,1,2026-10-05,02:06
UAL2075,KSMF,KEWR,7,2026-10-09,06:07
UAL2076,KDEN,KMSP,7,2026-10-09,23:46
UAL2076,KSJC,KDEN,7,2026-10-09,20:10
UAL2077,KDEN,KBFL,7,2026-10-09,01:38
UAL2078,KIAH,KPHX,7,2026-10-09,01:31
UAL2078,KPHX,KEWR,7,2026-10-09,07:08
UAL2080,KSFO,KRDU,7,2026-10-09,07:15
UAL2081,KIAD,KATL,6,2026-10-09,22:15
UAL2082,KDEN,KRDM,5,2026-10-08,17:33
UAL2082,KICT,KDEN,7,2026-10-09,15:24
UAL2085,CYVR,KDEN,5,2026-10-09,21:37
UAL2086,KIAH,KCMH,6,2026-10-09,01:26
UAL2087,KDEN,KIAD,6,2026-10-09,16:40
UAL2088,TJSJ,KORD,6,2026-10-09,20:07
UAL2089,KDEN,KATW,6,2026-10-08,00:09
UAL2089,KTUS,KDEN,6,2026-10-09,20:49
UAL209,KIAH,SKBO,1,2026-10-05,05:47
UAL2090,KSLC,KDEN,7,2026-10-09,16:45
UAL2091,KORD,KRDU,6,2026-10-09,21:06
UAL2091,KSFO,KORD,7,2026-10-09,13:27
UAL2092,KORD,KLGA,7,2026-10-09,13:10
UAL2093,KDEN,KEWR,3,2026-10-09,02:03
UAL2093,KDEN,KFLL,1,2026-10-03,06:07
UAL2094,KPDX,KORD,7,2026-10-09,06:38
UAL2095,KIAH,KRSW,7,2026-10-09,00:07
UAL2096,KEWR,KFLL,6,2026-10-09,22:07
UAL2096,KLAX,KEWR,7,2026-10-09,15:43
UAL2097,KSFO,KCLE,5,2026-10-09,06:35
UAL2098,KBOS,KIAD,7,2026-10-09,13:44
UAL2099,KGRR,KORD,6,2026-10-09,11:23
UAL2099,KORD,KSEA,6,2026-10-09,14:19
UAL21,EHAM,KIAH,7,2026-10-09,09:30
UAL210,KFLL,KEWR,7,2026-10-09,15:30
UAL2100,KPHX,KSFO,6,2026-10-09,16:32
UAL2101,KMSY,KEWR,7,2026-10-09,16:59
UAL2102,KLAS,KORD,7,2026-10-09,06:58
UAL2104,KBOS,KEWR,7,2026-10-09,17:03
UAL2105,KMSY,KIAH,7,2026-10-09,15:00
UAL2106,KMIA,KORD,6,2026-10-09,20:27
UAL2106,KORD,KSFO,7,2026-10-09,03:13
UAL2108,KLAS,KDEN,7,2026-10-09,23:23
UAL2109,KSLC,KEWR,7,2026-10-09,17:54
UAL211,KBFL,KDEN,7,2026-10-09,12:05
UAL211,KDEN,KSYR,4,2026-10-09,16:14
UAL2110,KEWR,KAUS,6,2026-10-09,11:15
UAL2111,KSFO,KIAD,5,2026-10-09,06:24
UAL2111,KSNA,KSFO,7,2026-10-09,01:37
UAL2112,KCLE,KORD,6,2026-10-09,09:24
UAL2112,KORD,KCHS,7,2026-10-09,12:31
UAL2113,KLAX,KORD,7,2026-10-09,18:00
UAL2114,KDFW,KIAH,6,2026-10-09,00:31
UAL2115,KEWR,KSFO,7,2026-10-09,10:24
UAL2115,KSFO,KBUR,5,2026-10-09,17:27
UAL2116,KIAD,KDFW,7,2026-10-09,22:20
UAL2117,KSAN,KSFO,7,2026-10-09,23:35
UAL2117,KSFO,KDEN,7,2026-10-09,02:52
UAL2119,KMSY,KIAH,6,2026-10-09,22:37
UAL2119,KSFO,KMSY,6,2026-10-09,14:45
UAL212,KEWR,KLAX,7,2026-10-09,16:29
UAL2120,KEWR,KDEN,7,2026-10-09,17:35
UAL2121,KDEN,KGRR,4,2026-10-06,00:13
UAL2123,KDEN,KSFO,7,2026-10-09,03:25
UAL2124,KIAH,KORD,7,2026-10-09,14:47
UAL2124,KMSY,KIAH,7,2026-10-09,12:12
UAL2125,KBNA,KIAD,7,2026-10-09,18:54
UAL2126,KLAS,KDEN,5,2026-10-09,03:06
UAL2127,KEWR,KIAH,6,2026-10-09,00:12
UAL2127,KLAX,KEWR,7,2026-10-09,17:27
UAL2127,KSFO,KLAX,5,2026-10-09,13:09
UAL2129,KSAN,KIAD,6,2026-10-09,05:02
UAL213,KIAD,KBNA,7,2026-10-09,17:15
UAL2130,KDEN,KMEM,7,2026-10-09,23:58
UAL2131,KATL,KIAD,5,2026-10-09,00:03
UAL2131,KIAD,KCLE,6,2026-10-09,02:54
UAL2132,KDEN,KSMF,7,2026-10-09,02:04
UAL2132,KJAC,KDEN,4,2026-10-08,22:42
UAL2133,KAUS,KORD,7,2026-10-09,13:57
UAL2133,KLGA,KIAH,7,2026-10-09,00:45
UAL2133,KORD,KLGA,7,2026-10-09,20:20
UAL2134,KMDT,KORD,5,2026-10-08,22:08
UAL2135,KSEA,KIAH,6,2026-10-09,14:37
UAL2136,KBOS,KIAD,7,2026-10-09,23:55
UAL2137,KMSN,KORD,7,2026-10-09,12:01
UAL2137,KORD,KRSW,7,2026-10-09,16:17
UAL2138,KGRR,KORD,7,2026-10-09,18:39
UAL2138,KORD,KSAN,6,2026-10-09,22:07
UAL2139,KORD,KBOI,7,2026-10-09,13:59
UAL214,KSAT,KSFO,7,2026-10-09,13:00
UAL2140,KIAH,KMSY,7,2026-10-09,00:12
UAL2141,KORD,CYYZ,7,2026-10-09,02:45
UAL2142,KORD,KBNA,7,2026-10-09,19:31
UAL2143,KEWR,TJSJ,7,2026-10-09,12:18
UAL2144,KORD,KABQ,6,2026-10-08,01:36
UAL2145,KORD,KSMF,7,2026-10-09,14:54
UAL2146,KLAX,KDEN,7,2026-10-09,23:30
UAL2147,KEWR,KLAS,7,2026-10-09,10:31
UAL2148,KDCA,KORD,5,2026-10-09,22:24
UAL2149,KDEN,KSMF,7,2026-10-09,14:21
UAL215,KBTV,KORD,7,2026-10-09,10:38
UAL215,KORD,KMSP,7,2026-10-09,15:57
UAL2150,KPSP,KSFO,6,2026-10-09,18:26
UAL2150,KSFO,KAUS,7,2026-10-09,23:33
UAL2151,KEWR,KFLL,7,2026-10-09,12:56
UAL2153,KSFO,KRDM,7,2026-10-09,17:20
UAL2154,KDEN,KBUR,7,2026-10-09,17:48
UAL2155,KDEN,KPIT,7,2026-10-09,00:04
UAL2155,KIDA,KDEN,7,2026-10-09,20:43
UAL2156,KIAD,KLAS,7,2026-10-09,17:09
UAL2157,KIAH,KSLC,7,2026-10-09,01:38
UAL2158,KDJT,KEWR,3,2026-10-05,10:00
UAL2158,KMIA,KEWR,4,2026-10-09,10:11
UAL2159,KDEN,KMCI,7,2026-10-09,16:12
UAL216,KBNA,KEWR,7,2026-10-09,11:17
UAL2160,KDEN,KDFW,5,2026-10-09,13:50
UAL2160,KDFW,KORD,7,2026-10-09,19:35
UAL2160,KORD,KDCA,7,2026-10-09,01:08
UAL2161,KIAH,KMSY,7,2026-10-09,01:44
UAL2162,KFLL,KIAH,7,2026-10-09,17:16
UAL2163,KIAD,KSAN,7,2026-10-09,17:18
UAL2164,KORD,KPHX,7,2026-10-09,16:32
UAL2165,KIAH,KBNA,6,2026-10-08,21:49
UAL2166,KDCA,KSFO,7,2026-10-09,22:30
UAL2167,KDEN,KRNO,7,2026-10-09,17:56
UAL2168,KDEN,KLGA,5,2026-10-09,22:22
UAL2168,KIAH,KDEN,7,2026-10-09,17:47
UAL2168,KSFO,KIAH,7,2026-10-09,12:05
UAL2169,KMSP,KIAD,7,2026-10-09,17:07
UAL217,KBTV,KORD,7,2026-10-09,16:03
UAL2170,KORD,KLAX,6,2026-10-09,15:54
UAL2170,KPWM,KORD,7,2026-10-09,10:19
UAL2172,KAUS,KEWR,7,2026-10-09,14:17
UAL2172,KEWR,KCLE,6,2026-10-09,20:57
UAL2173,KBOI,KDEN,7,2026-10-09,20:58
UAL2173,KDEN,KHDN,4,2026-10-07,02:12
UAL2174,KBNA,KEWR,6,2026-10-09,18:30
UAL2174,KIAH,KBNA,7,2026-10-09,12:46
UAL2175,KSAN,KLAX,7,2026-10-09,22:09
UAL2176,KGSP,KORD,7,2026-10-09,10:27
UAL2177,KAUS,KSFO,5,2026-10-09,11:15
UAL2177,KSFO,KSAN,7,2026-10-09,18:43
UAL2179,KORD,KSFO,7,2026-10-09,22:07
UAL2179,KSFO,KLAX,5,2026-10-09,06:14
UAL218,PHNL,KORD,7,2026-10-09,02:18
UAL2180,KPIT,KORD,7,2026-10-09,18:24
UAL2181,KIAH,KLGA,7,2026-10-09,17:21
UAL2182,KIAH,KORD,7,2026-10-09,12:34
UAL2182,KORD,KPHL,7,2026-10-09,16:47
UAL2183,KOKC,KORD,7,2026-10-09,12:20
UAL2184,KLAS,KLAX,7,2026-10-09,21:48
UAL2185,KDEN,KBTV,7,2026-10-09,16:11
UAL2186,KDEN,KEWR,1,2026-10-06,07:31
UAL2186,KSNA,KEWR,6,2026-10-09,04:27
UAL2186,KSNA,KDEN,1,2026-10-06,04:21
UAL2187,KBUR,KDEN,7,2026-10-09,20:06
UAL2188,KEWR,KRSW,6,2026-10-09,23:13
UAL2188,KPHX,KEWR,7,2026-10-09,17:21
UAL2189,KORD,KLGA,6,2026-10-09,18:23
UAL2189,KTPA,KORD,7,2026-10-09,11:45
UAL219,KORD,PHNL,7,2026-10-09,15:16
UAL2190,KDCA,KIAH,7,2026-10-09,15:09
UAL2190,KIAH,KLAS,7,2026-10-09,22:13
UAL2191,KEWR,KLAX,5,2026-10-09,18:34
UAL2192,KBWI,KSFO,7,2026-10-09,12:15
UAL2194,KBWI,KIAH,2,2026-10-08,17:15
UAL2194,KSMF,KLAX,1,2026-10-05,03:06
UAL2195,KORD,KBDL,7,2026-10-09,16:35
UAL2196,KAUS,KIAH,7,2026-10-09,15:00
UAL2196,KIAH,KRDU,6,2026-10-09,17:17
UAL2197,KIAH,KORD,7,2026-10-09,00:13
UAL2198,KIAH,KSAT,7,2026-10-09,03:07
UAL2198,KPHX,KIAH,7,2026-10-09,23:23
UAL2199,KLAX,KSFO,6,2026-10-09,18:29
UAL2199,KSFO,KRDU,4,2026-10-09,21:58
UAL22,EIDW,KEWR,7,2026-10-09,08:51
UAL220,KORD,KBWI,7,2026-10-09,01:06
UAL2200,KLGA,KDEN,7,2026-10-09,16:39
UAL2201,KBNA,KDEN,6,2026-10-09,22:48
UAL2202,KBZN,KORD,6,2026-10-08,19:10
UAL2202,KORD,KIAD,6,2026-10-09,23:57
UAL2203,KIAH,KPHL,7,2026-10-09,12:47
UAL2204,KEWR,KIAH,7,2026-10-09,16:23
UAL2204,KTPA,KEWR,7,2026-10-09,12:25
UAL2205,KCMH,KIAH,6,2026-10-09,10:41
UAL2205,KIAH,KSEA,7,2026-10-09,15:20
UAL2206,KIAD,KMCO,7,2026-10-09,16:54
UAL2207,KORD,KOMA,5,2026-10-09,21:09
UAL2207,KPHL,KORD,7,2026-10-09,15:20
UAL2209,KIAD,KLAS,7,2026-10-09,22:33
UAL2210,KLAX,KBOS,7,2026-10-09,06:07
UAL2211,KJAX,KORD,6,2026-10-09,21:13
UAL2211,KORD,KSEA,7,2026-10-09,01:52
UAL2212,KLAX,KBZN,6,2026-10-09,19:04
UAL2213,KEWR,KAUS,7,2026-10-09,21:43
UAL2215,KDFW,KEWR,7,2026-10-09,11:08
UAL2215,KEWR,KMCO,7,2026-10-09,17:19
UAL2216,KMSY,KDEN,4,2026-10-09,23:13
UAL2217,KIAD,KIAH,6,2026-10-09,22:14
UAL2218,KDCA,KORD,5,2026-10-09,00:20
UAL2219,TJSJ,KEWR,6,2026-10-09,05:06
UAL2223,KTPA,KORD,7,2026-10-09,16:28
UAL2224,KIAH,KDCA,6,2026-10-09,01:09
UAL2225,KALB,KORD,7,2026-10-09,10:25
UAL2225,KORD,KPHX,7,2026-10-09,15:31
UAL2226,KONT,KORD,7,2026-10-09,14:14
UAL2228,KIAH,KSEA,7,2026-10-09,17:17
UAL2228,KORD,KIAH,6,2026-10-09,11:39
UAL2229,KBOS,KORD,7,2026-10-09,01:35
UAL2230,KDEN,KDFW,6,2026-10-09,21:58
UAL2230,KMCI,KORD,1,2026-10-03,22:08
UAL2231,KDEN,KCLT,7,2026-10-09,16:14
UAL2232,KMSP,KEWR,6,2026-10-09,15:21
UAL2232,KORD,KMSP,7,2026-10-09,12:19
UAL2233,KSAT,KEWR,7,2026-10-09,11:08
UAL2234,KSAN,KLAX,4,2026-10-09,00:12
UAL2235,KLAS,KCLE,4,2026-10-09,20:17
UAL2236,CYYZ,KIAH,7,2026-10-09,20:11
UAL2237,KIAH,KCHS,4,2026-10-08,00:15
UAL2237,KPHX,KIAH,1,2026-10-04,22:12
UAL2237,KSAN,KIAH,6,2026-10-09,19:50
UAL2237,KSAN,KPHX,1,2026-10-03,20:09
UAL2238,KEWR,KLAX,7,2026-10-09,20:19
UAL2238,KORD,KEWR,7,2026-10-09,14:33
UAL2239,KBDL,KDEN,7,2026-10-09,19:43
UAL2239,KDEN,KDFW,7,2026-10-09,03:44
UAL224,KORD,KBZN,7,2026-10-09,14:42
UAL224,KRIC,KORD,7,2026-10-09,10:33
UAL2240,KIAH,KATL,6,2026-10-09,23:26
UAL2241,KJAC,KSFO,5,2026-10-09,23:50
UAL2242,KIAH,KSLC,6,2026-10-09,15:18
UAL2243,KORD,KPDX,7,2026-10-09,01:31
UAL2243,KSAT,KORD,7,2026-10-09,19:05
UAL2244,KORD,KTPA,6,2026-10-09,18:17
UAL2245,KIAH,KMCO,7,2026-10-09,12:45
UAL2246,KCLE,KDEN,7,2026-10-09,15:00
UAL2247,KATL,KEWR,6,2026-10-09,22:24
UAL2248,KSFO,KEWR,7,2026-10-09,22:20
UAL2249,KORD,KATL,7,2026-10-09,12:41
UAL225,KRNO,KDEN,7,2026-10-09,12:32
UAL2250,KIAH,KSAT,6,2026-10-09,12:47
UAL2250,KSAT,KIAD,6,2026-10-09,17:21
UAL2251,KLAX,KCMH,6,2026-10-09,17:58
UAL2251,KRDM,KLAX,6,2026-10-09,14:28
UAL2252,MMMX,KEWR,5,2026-10-08,19:10
UAL2253,KIAD,KMSY,4,2026-10-09,13:23
UAL2253,KMSY,KIAH,7,2026-10-09,17:23
UAL2254,KDEN,KBDL,6,2026-10-09,00:04
UAL2255,KDEN,KBOI,7,2026-10-09,17:59
UAL2255,KHDN,KDEN,7,2026-10-09,13:17
UAL2256,KIAH,MMMY,6,2026-10-09,15:22
UAL2257,KDEN,MMPR,5,2026-10-09,15:55
UAL2258,KBZN,KDEN,7,2026-10-09,20:48
UAL2258,KDEN,KORD,7,2026-10-09,01:26
UAL2259,KSFO,CYVR,7,2026-10-09,15:47
UAL226,KBOS,KIAH,7,2026-10-09,11:39
UAL2260,KDFW,KIAH,6,2026-10-09,10:21
UAL2260,KSFO,KSAN,1,2026-10-06,16:09
UAL2261,KIAH,KFLL,7,2026-10-09,13:11
UAL2262,KRDM,KSFO,7,2026-10-09,21:09
UAL2263,MMPR,KIAH,4,2026-10-09,18:20
UAL2264,KIAD,KBNA,7,2026-10-09,21:55
UAL2265,KDEN,KSFO,7,2026-10-09,12:09
UAL2266,KPDX,KORD,7,2026-10-09,21:31
UAL2267,KONT,KIAH,6,2026-10-09,13:11
UAL2268,KLAX,KIAD,7,2026-10-09,15:28
UAL2269,KDEN,KRDU,6,2026-10-08,16:20
UAL2270,KDEN,KAUS,6,2026-10-09,20:02
UAL2270,KORF,KDEN,7,2026-10-09,12:11
UAL2271,KTVC,KORD,1,2026-10-07,10:07
UAL2272,KDEN,KORD,7,2026-10-09,00:40
UAL2273,KDEN,KMSY,7,2026-10-09,16:16
UAL2274,KSAN,KSFO,4,2026-10-09,14:50
UAL2274,KSFO,KIND,6,2026-10-08,17:20
UAL2275,KDFW,KORD,7,2026-10-09,23:03
UAL2276,KIAD,KLAX,7,2026-10-09,22:30
UAL2277,KIAD,KTPA,7,2026-10-09,17:04
UAL2277,KORD,KIAD,7,2026-10-09,14:16
UAL2278,KSAN,KSFO,6,2026-10-09,03:14
UAL2278,KSFO,KORD,6,2026-10-09,05:58
UAL2279,KRNO,KSFO,7,2026-10-09,21:35
UAL2279,KSFO,KSEA,7,2026-10-09,23:47
UAL228,KIAD,EIDW,5,2026-10-09,03:02
UAL2280,KORD,KMCO,7,2026-10-09,12:47
UAL2281,KSEA,KSFO,6,2026-10-09,21:54
UAL2281,KSFO,KSAT,2,2026-10-06,00:13
UAL2282,KLAX,KIAD,7,2026-10-09,04:44
UAL2282,KSFO,KLAX,5,2026-10-09,00:49
UAL2285,KSMF,KDEN,7,2026-10-09,16:07
UAL2287,KORD,KSRQ,7,2026-10-09,16:39
UAL2288,KRDU,KDEN,5,2026-10-09,20:37
UAL2289,KATL,KEWR,6,2026-10-09,13:40
UAL2289,KEWR,KAUS,6,2026-10-09,17:53
UAL229,EIDW,KIAD,7,2026-10-09,11:36
UAL2290,KEWR,KORD,7,2026-10-09,13:27
UAL2290,KORD,KDFW,7,2026-10-09,18:03
UAL2291,KPHX,KEWR,7,2026-10-09,20:54
UAL2292,KDEN,KMCO,6,2026-10-09,14:31
UAL2293,KIAH,KJAX,6,2026-10-08,01:21
UAL2294,KORD,KMCO,5,2026-10-09,23:59
UAL2295,KEWR,KMIA,7,2026-10-09,15:51
UAL2296,KIAH,KBOS,7,2026-10-09,23:45
UAL2296,KMSY,KIAH,7,2026-10-09,19:29
UAL2297,KBOS,KDEN,6,2026-10-09,19:29
UAL2298,KORD,KMSP,7,2026-10-09,19:32
UAL2299,KFLL,KEWR,7,2026-10-09,11:14
UAL23,KEWR,EIDW,7,2026-10-09,00:27
UAL230,KEWR,EGPF,5,2026-10-09,02:57
UAL2300,KORD,KPDX,7,2026-10-09,12:47
UAL2301,KEWR,KIAD,7,2026-10-09,19:37
UAL2302,KDTW,KDEN,7,2026-10-09,13:12
UAL2303,KLAX,KEWR,7,2026-10-09,06:54
UAL2304,KEWR,KATL,6,2026-10-09,21:03
UAL2305,KSBA,KSFO,7,2026-10-09,21:52
UAL2305,KSFO,KIAH,4,2026-10-08,23:38
UAL2306,KPDX,KORD,6,2026-10-09,14:08
UAL2307,KMCO,KDEN,7,2026-10-09,12:04
UAL2308,PHLI,KDEN,7,2026-10-09,05:34
UAL2309,KDEN,KSAN,7,2026-10-09,14:00
UAL2309,KSAN,KSFO,7,2026-10-09,18:56
UAL231,EGPF,KEWR,4,2026-10-09,13:17
UAL231,EGPF,KBOS,1,2026-10-04,13:16
UAL231,KBOS,KEWR,1,2026-10-04,21:39
UAL2310,KIAH,KMCO,7,2026-10-09,14:52
UAL2311,KEWR,KSTL,6,2026-10-09,15:08
UAL2314,KFLL,KIAH,5,2026-10-08,11:05
UAL2315,KCLE,KORD,3,2026-10-09,20:39
UAL2315,KLAX,KCLE,7,2026-10-09,15:42
UAL2316,KDEN,KLAS,7,2026-10-09,13:54
UAL2316,KLAS,KLAX,6,2026-10-08,17:57
UAL2317,KBOS,KSFO,7,2026-10-09,11:57
UAL2317,KORD,KMEM,6,2026-10-08,02:40
UAL2317,KSFO,KORD,6,2026-10-09,19:34
UAL2318,KLAX,CYVR,7,2026-10-09,18:43
UAL2318,KPHX,KLAX,7,2026-10-09,15:18
UAL2319,KIAD,KSNA,6,2026-10-09,22:01
UAL2320,KLAS,KORD,7,2026-10-09,23:56
UAL2321,KEWR,KPHX,7,2026-10-09,00:38
UAL2322,CYVR,KSFO,7,2026-10-09,14:12
UAL2323,KDEN,KSBP,5,2026-10-08,01:33
UAL2323,KSTL,KDEN,6,2026-10-09,22:18
UAL2324,KDEN,KCID,7,2026-10-09,00:25
UAL2324,KORD,KDEN,7,2026-10-09,18:52
UAL2325,KJAX,KEWR,6,2026-10-09,23:24
UAL2326,KORD,KTPA,7,2026-10-09,12:55
UAL2327,KDEN,KOMA,7,2026-10-09,20:05
UAL2328,KEWR,KSFO,6,2026-10-09,19:16
UAL2329,KDEN,KORD,7,2026-10-09,15:46
UAL2329,KSBP,KDEN,7,2026-10-09,12:10
UAL233,KBOS,KLAX,2,2026-10-07,19:07
UAL233,KLAX,KSFO,5,2026-10-09,01:07
UAL233,KSFO,KATL,5,2026-10-09,04:58
UAL2330,KDFW,KSFO,7,2026-10-09,01:12
UAL2331,KIAD,KORD,7,2026-10-09,17:28
UAL2331,KORD,KBOS,7,2026-10-09,00:59
UAL2331,KTPA,KIAD,7,2026-10-09,13:05
UAL2332,KSFO,KAUS,7,2026-10-09,01:33
UAL2333,KCHS,KORD,7,2026-10-09,10:38
UAL2334,KPDX,KDEN,5,2026-10-09,01:55
UAL2335,KIAD,KCLE,4,2026-10-09,12:37
UAL2336,KLGA,KORD,4,2026-10-08,21:46
UAL2336,KORD,KOMA,7,2026-10-09,02:48
UAL2337,KIAD,KAUS,7,2026-10-09,22:12
UAL2338,CA-1291,KDEN,5,2026-10-09,21:34
UAL2339,KBNA,KIAH,7,2026-10-09,20:45
UAL234,KDTW,KIAH,6,2026-10-09,10:25
UAL2340,KSBA,KSFO,7,2026-10-09,13:26
UAL2341,KIAH,KSEA,7,2026-10-09,01:20
UAL2342,KMIA,KDJT,1,2026-10-07,22:21
UAL2342,KORD,KDJT,6,2026-10-09,16:27
UAL2342,KORD,KMIA,1,2026-10-07,17:41
UAL2343,KORD,KSYR,7,2026-10-09,19:19
UAL2343,KSFO,KORD,7,2026-10-09,12:09
UAL2344,KAUS,KIAD,6,2026-10-09,17:23
UAL2345,KDEN,KEWR,7,2026-10-09,12:07
UAL2345,KEWR,KMCO,6,2026-10-09,18:21
UAL2346,KIAH,MMGL,3,2026-10-06,15:14
UAL2347,KRSW,KORD,7,2026-10-09,12:49
UAL2348,KBOS,KDEN,7,2026-10-09,13:46
UAL2349,KORD,KMSN,7,2026-10-09,17:55
UAL235,KIAH,KDCA,6,2026-10-09,22:18
UAL2350,KDEN,KSYR,6,2026-10-09,00:28
UAL2350,KRDM,KDEN,7,2026-10-09,20:05
UAL2351,KORD,KTUL,7,2026-10-09,01:25
UAL2352,KPHL,KSFO,7,2026-10-09,13:43
UAL2352,KSFO,KLAS,6,2026-10-09,21:48
UAL2353,KIAH,TTPP,6,2026-10-09,22:21
UAL2354,KDEN,KMCO,6,2026-10-09,16:30
UAL2354,KDEN,KTPA,1,2026-10-03,16:27
UAL2354,KTPA,KMCO,1,2026-10-03,21:07
UAL2355,KEWR,KCHS,7,2026-10-09,11:11
UAL2356,KLAS,KSFO,7,2026-10-09,14:29
UAL2356,KSFO,KBOS,6,2026-10-09,18:46
UAL2357,KDEN,KMSO,7,2026-10-09,17:42
UAL2358,KIAH,KSFO,7,2026-10-09,15:10
UAL2358,KIND,KIAH,7,2026-10-09,11:14
UAL2359,KEWR,KRDU,7,2026-10-09,23:20
UAL2360,KMSN,KDEN,7,2026-10-09,14:13
UAL2361,KORD,KLAX,7,2026-10-09,12:25
UAL2362,KORD,KCHS,7,2026-10-09,23:55
UAL2363,KONT,KSFO,4,2026-10-09,13:15
UAL2363,KSFO,KBUR,6,2026-10-08,16:09
UAL2364,KSFO,KBOI,4,2026-10-09,20:06
UAL2365,KSFO,KSAT,7,2026-10-09,19:29
UAL2366,KIAH,KIAD,7,2026-10-09,17:32
UAL2366,KSLC,KIAH,7,2026-10-09,12:54
UAL2367,KDEN,KSFO,7,2026-10-09,11:06
UAL2368,KDEN,KMSN,7,2026-10-09,16:16
UAL2369,KSEA,KORD,7,2026-10-09,21:20
UAL237,LEPA,KEWR,4,2026-10-09,08:29
UAL2370,KSMF,KORD,7,2026-10-09,14:08
UAL2371,KIAH,KEWR,7,2026-10-09,17:21
UAL2371,KLGA,KIAH,7,2026-10-09,12:06
UAL2372,KLAX,KIAD,6,2026-10-09,05:42
UAL2373,KORD,KLAX,7,2026-10-09,11:14
UAL2374,KSFO,KPHX,6,2026-10-09,15:29
UAL2375,KDEN,KTPA,6,2026-10-08,20:16
UAL2375,KPDX,KDEN,7,2026-10-09,15:45
UAL2376,KIAH,KAUS,7,2026-10-09,12:53
UAL2377,KLAX,KIAH,7,2026-10-09,23:53
UAL2378,KIAH,KBDL,6,2026-10-09,00:21
UAL2380,KACV,KSFO,4,2026-10-08,15:51
UAL2380,KSFO,PHNL,5,2026-10-09,17:51
UAL2381,KDEN,KEWR,7,2026-10-09,16:32
UAL2382,KBNA,KIAD,7,2026-10-09,23:45
UAL2382,KIAD,KRDU,7,2026-10-09,03:07
UAL2383,KDEN,KIDA,6,2026-10-09,18:07
UAL2383,KXNA,KDEN,6,2026-10-09,14:43
UAL2384,CYUL,KSFO,7,2026-10-09,23:16
UAL2384,KSFO,KPDX,2,2026-10-05,06:50
UAL2385,KIAH,KMSY,7,2026-10-09,17:07
UAL2386,KBUR,KSFO,6,2026-10-08,18:36
UAL2386,KSFO,KDCA,7,2026-10-09,21:39
UAL2387,KEWR,KLAS,7,2026-10-09,18:37
UAL2387,KFLL,KEWR,7,2026-10-09,14:12
UAL2388,KIAH,KIAD,7,2026-10-09,22:14
UAL2389,KLGA,KORD,7,2026-10-09,10:10
UAL2389,KORD,KCLE,7,2026-10-09,16:03
UAL2390,KSDF,KDEN,7,2026-10-09,12:10
UAL2391,KDEN,KSFO,7,2026-10-09,13:57
UAL2392,TXKF,KEWR,7,2026-10-09,17:55
UAL2393,KAUS,KIAH,7,2026-10-09,12:17
UAL2393,KIAH,KBOS,6,2026-10-09,15:34
UAL2394,KBOS,KEWR,6,2026-10-09,15:12
UAL2395,KBOI,KDEN,7,2026-10-09,23:39
UAL2395,KDEN,KSAN,5,2026-10-09,03:16
UAL2396,KEWR,KMCO,7,2026-10-09,15:27
UAL2396,KIAD,KEWR,7,2026-10-09,12:48
UAL2397,KLAX,KEWR,7,2026-10-09,04:15
UAL2398,KEWR,KCLE,7,2026-10-09,00:34
UAL2399,KIAH,KSAN,7,2026-10-09,17:54
UAL2399,KOMA,KIAH,7,2026-10-09,11:15
UAL2400,KBOS,KSFO,7,2026-10-09,22:53
UAL2400,KSFO,KLAS,3,2026-10-09,05:55
UAL2401,KCID,KORD,7,2026-10-09,13:05
UAL2401,KORD,KBOS,7,2026-10-09,19:14
UAL2402,KIAH,KEWR,7,2026-10-09,14:48
UAL2403,KLAX,KLAS,7,2026-10-09,21:10
UAL2405,KMSP,KIAH,7,2026-10-09,23:16
UAL2406,KIAH,KLAS,5,2026-10-09,23:52
UAL2406,KMCO,KIAH,7,2026-10-09,18:14
UAL2407,KRDU,KIAH,3,2026-10-07,21:40
UAL2408,KDEN,KIAD,7,2026-10-09,00:27
UAL2409,CYYC,KSFO,6,2026-10-09,21:41
UAL2409,KSFO,KLAX,7,2026-10-09,03:10
UAL241,KBNA,KIAH,7,2026-10-09,16:39
UAL241,KIAH,CA-1291,6,2026-10-09,21:47
UAL2410,KIAD,KSLC,5,2026-10-09,22:28
UAL2411,KDEN,KBUR,6,2026-10-09,01:57
UAL2411,KTYS,KDEN,5,2026-10-08,21:08
UAL2412,KBWI,KDEN,7,2026-10-09,12:54
UAL2413,KDFW,KSFO,5,2026-10-08,20:50
UAL2413,KSFO,KPDX,7,2026-10-09,04:14
UAL2414,KORD,KBNA,7,2026-10-09,16:20
UAL2415,KIAH,KDEN,7,2026-10-09,11:29
UAL2416,KSFO,KEWR,7,2026-10-09,07:24
UAL2417,KMIA,KIAH,7,2026-10-09,12:53
UAL2418,KSFO,KRDM,7,2026-10-09,00:07
UAL2419,KDEN,KIAH,7,2026-10-09,02:49
UAL241T,KIAH,CA-1291,1,2026-10-03,21:56
UAL2420,KDEN,KTVC,5,2026-10-08,16:06
UAL2421,KMSY,KSFO,5,2026-10-09,20:01
UAL2422,KOKC,KDEN,5,2026-10-09,22:39
UAL2423,KEWR,KSNA,7,2026-10-09,11:48
UAL2424,KDEN,KLAS,4,2026-10-08,22:17
UAL2425,KEWR,KIAH,5,2026-10-09,01:01
UAL2426,KDEN,KORD,1,2026-10-04,21:38
UAL2426,KSNA,KORD,6,2026-10-09,17:58
UAL2426,KSNA,KDEN,1,2026-10-04,17:49
UAL2427,KORD,KEUG,7,2026-10-09,14:35
UAL2428,KORD,KSAN,7,2026-10-09,12:33
UAL2429,KSFO,CYVR,7,2026-10-09,01:51
UAL2430,KDEN,KORD,7,2026-10-09,15:03
UAL2430,KORD,KPHL,7,2026-10-09,20:16
UAL2431,KSFO,KFLL,7,2026-10-09,14:19
UAL2432,KSBP,KSFO,6,2026-10-08,16:00
UAL2432,KSFO,KAUS,6,2026-10-09,18:35
UAL2433,KEWR,KBOS,5,2026-10-09,22:46
UAL2433,KMIA,KEWR,7,2026-10-09,15:47
UAL2434,KEWR,KLAX,7,2026-10-09,10:19
UAL2435,KIAD,KSMF,4,2026-10-07,22:27
UAL2435,KMIA,KIAD,6,2026-10-09,17:42
UAL2436,KSFO,KDEN,7,2026-10-09,01:45
UAL2437,KMCI,KORD,6,2026-10-09,16:40
UAL2437,KORD,KSFO,7,2026-10-09,21:28
UAL2438,KEWR,KIAH,7,2026-10-09,11:16
UAL2439,KTPA,KEWR,7,2026-10-09,10:22
UAL244,MMPR,KLAX,2,2026-10-09,22:14
UAL2440,KORD,KBTV,7,2026-10-09,16:52
UAL2441,KBOS,KSFO,4,2026-10-09,10:15
UAL2441,KSFO,KSNA,7,2026-10-09,20:05
UAL2442,KCVG,KIAH,7,2026-10-09,10:42
UAL2443,KCLE,KORD,7,2026-10-09,18:11
UAL2444,KEWR,KDEN,4,2026-10-08,19:18
UAL2445,KEWR,KLAX,7,2026-10-09,11:28
UAL2446,KDEN,KLGA,7,2026-10-09,16:08
UAL2446,KONT,KDEN,7,2026-10-09,12:08
UAL2447,KAUS,KDEN,7,2026-10-09,20:27
UAL2448,KSFO,KDEN,7,2026-10-09,13:27
UAL2449,KPHX,KSFO,6,2026-10-09,15:01
UAL245,KIAH,CYVR,7,2026-10-09,15:26
UAL2451,KIAH,KMCO,7,2026-10-09,00:19
UAL2453,KJAX,KIAH,6,2026-10-09,11:21
UAL2454,KEWR,KBNA,7,2026-10-09,20:19
UAL2455,KDEN,KPDX,5,2026-10-08,19:40
UAL2455,KEWR,KDEN,7,2026-10-09,14:15
UAL2456,KMCO,KIAH,7,2026-10-09,19:29
UAL2458,KJAC,KORD,7,2026-10-09,18:37
UAL2458,KORD,KLGA,7,2026-10-09,23:41
UAL2459,KDEN,CYYC,6,2026-10-09,17:41
UAL2459,KSTL,KDEN,7,2026-10-09,14:29
UAL246,KORD,KSFO,7,2026-10-09,11:22
UAL2460,KIAH,KLAX,7,2026-10-09,17:46
UAL2460,KMSP,KIAH,7,2026-10-09,12:52
UAL2461,KDFW,KEWR,6,2026-10-09,22:19
UAL2462,CYYZ,KSFO,7,2026-10-09,21:41
UAL2463,KIAD,KMCO,5,2026-10-09,22:12
UAL2464,KSBP,KSFO,6,2026-10-08,22:03
UAL2464,KSFO,KIAH,5,2026-10-09,01:45
UAL2465,KBNA,KORD,7,2026-10-09,12:44
UAL2466,KMCO,KORD,5,2026-10-09,13:19
UAL2466,KORD,KEWR,6,2026-10-09,19:21
UAL2467,KSFO,KEWR,7,2026-10-09,17:38
UAL2468,KCLE,KEWR,6,2026-10-09,12:11
UAL2468,KEWR,KMSY,7,2026-10-09,16:56
UAL2469,KSFO,KFLL,4,2026-10-09,04:49
UAL247,KMEM,KORD,7,2026-10-09,12:12
UAL247,KORD,KOMA,7,2026-10-09,18:02
UAL2470,CYVR,KDEN,7,2026-10-09,18:04
UAL2470,KDEN,KMSP,4,2026-10-08,22:13
UAL2471,KIAD,KDFW,4,2026-10-09,12:45
UAL2472,KORD,KGRR,6,2026-10-09,01:05
UAL2472,KRSW,KORD,7,2026-10-09,18:20
UAL2473,KDEN,KTYS,7,2026-10-09,23:56
UAL2474,KPHL,KIAH,5,2026-10-09,23:23
UAL2475,KMCO,KORD,7,2026-10-09,16:45
UAL2476,KDEN,KCLE,7,2026-10-09,20:09
UAL2476,KSAN,KDEN,7,2026-10-09,16:02
UAL2477,KEWR,KSNA,4,2026-10-08,18:41
UAL2477,KRSW,KEWR,7,2026-10-09,13:05
UAL2478,KSEA,KSFO,7,2026-10-09,22:43
UAL2478,KSFO,KONT,5,2026-10-09,02:07
UAL2479,KDEN,KSBA,7,2026-10-09,02:03
UAL2479,KSAT,KDEN,6,2026-10-08,22:00
UAL248,KDEN,KATL,7,2026-10-09,00:22
UAL248,KDFW,KDEN,7,2026-10-09,18:58
UAL2480,KSFO,KEWR,6,2026-10-09,20:48
UAL2481,KMCO,KORD,7,2026-10-09,18:37
UAL2481,KORD,KSYR,7,2026-10-09,23:35
UAL2483,KIAH,KAUS,5,2026-10-08,20:25
UAL2485,KBNA,KEWR,6,2026-10-09,14:39
UAL2486,KSAN,KORD,7,2026-10-09,00:22
UAL2487,KLAX,KORD,7,2026-10-09,21:29
UAL2488,KEWR,KORD,7,2026-10-09,12:12
UAL249,KBWI,KORD,7,2026-10-09,16:05
UAL249,KORD,KEWR,7,2026-10-09,21:29
UAL2490,KBNA,KIAH,5,2026-10-09,00:01
UAL2491,KIAH,KSAN,7,2026-10-09,15:07
UAL2491,KTPA,KIAH,7,2026-10-09,11:15
UAL2492,KORD,KPNS,1,2026-10-04,16:03
UAL2493,KRIC,KDEN,6,2026-10-09,12:28
UAL2494,KORD,KLAX,6,2026-10-09,22:03
UAL2494,KRSW,KORD,7,2026-10-09,16:20
UAL2495,KIAH,KLGA,7,2026-10-09,22:32
UAL2496,KORD,CYYZ,6,2026-10-09,23:47
UAL2497,KIAD,KORD,7,2026-10-09,21:54
UAL2497,KMSY,KIAD,6,2026-10-09,16:58
UAL2498,KIAH,KRDU,6,2026-10-09,23:59
UAL2498,KSFO,KIAH,7,2026-10-09,16:19
UAL2499,KORD,KLAX,6,2026-10-09,01:19
UAL2499,KSAV,KORD,7,2026-10-09,20:38
UAL250,KABQ,KIAH,1,2026-10-03,19:13
UAL250,KDEN,KMSY,6,2026-10-09,19:54
UAL251,KIAD,KMSY,6,2026-10-09,22:25
UAL252,PHNL,KIAH,6,2026-10-09,06:15
UAL253,KIAH,PHNL,6,2026-10-09,15:40
UAL254,KEWR,KORD,7,2026-10-09,22:43
UAL254,KMCO,KEWR,6,2026-10-09,16:01
UAL254,KORD,KCID,7,2026-10-09,02:57
UAL255,KDEN,KBOI,7,2026-10-09,13:50
UAL259,KDEN,KMCO,7,2026-10-09,00:18
UAL26,EGLL,KDEN,7,2026-10-09,10:48
UAL260,KIAD,LEMD,4,2026-10-09,00:18
UAL2600,KIAH,KLAX,7,2026-10-09,12:41
UAL2601,KDEN,KRSW,7,2026-10-09,15:42
UAL2601,KSEA,KDEN,7,2026-10-09,12:07
UAL2602,KDEN,KBOI,6,2026-10-09,21:57
UAL2603,KSFO,KCLE,7,2026-10-09,17:47
UAL2604,KIAD,KMSP,7,2026-10-09,12:57
UAL2605,KORD,KLGA,6,2026-10-09,00:10
UAL2606,KIAH,CYYZ,7,2026-10-09,15:20
UAL2606,KRSW,KIAH,6,2026-10-08,11:09
UAL2607,KCVG,KIAH,1,2026-10-05,21:28
UAL2607,KIAD,KIAH,6,2026-10-09,19:14
UAL2607,KIAD,KCVG,1,2026-10-05,19:12
UAL2607,KIAH,KSFO,6,2026-10-09,23:31
UAL2608,KIAH,KEWR,6,2026-10-09,20:08
UAL2608,KLAS,KIAH,5,2026-10-09,13:22
UAL2609,KOKC,KDEN,7,2026-10-09,14:15
UAL261,LEMD,KIAD,7,2026-10-09,09:39
UAL2610,KLAX,KDEN,7,2026-10-09,02:17
UAL2610,KLAX,KRDM,1,2026-10-08,23:55
UAL2610,KSFO,KLAX,7,2026-10-09,21:07
UAL2611,KIAH,KSFO,7,2026-10-09,18:01
UAL2611,KMCO,KIAH,6,2026-10-09,13:09
UAL2612,KEWR,KPHX,7,2026-10-09,22:59
UAL2612,KSRQ,KEWR,7,2026-10-09,16:46
UAL2613,KDEN,KEWR,7,2026-10-09,00:39
UAL2614,KIAH,KPHX,6,2026-10-09,13:20
UAL2615,KPDX,KSFO,7,2026-10-09,02:48
UAL2616,KIAH,KORD,7,2026-10-09,11:22
UAL2616,KORD,KRDU,7,2026-10-09,16:04
UAL2617,KLGA,KIAH,7,2026-10-09,14:30
UAL2617,KORD,KLGA,6,2026-10-09,11:11
UAL2618,KORD,KRSW,6,2026-10-09,21:57
UAL2618,KSEA,KORD,6,2026-10-09,14:16
UAL2619,KPHX,KSFO,7,2026-10-09,18:06
UAL262,KDEN,EGLL,7,2026-10-09,02:44
UAL2620,KMCO,KSFO,5,2026-10-09,23:42
UAL2620,KORD,KMCO,7,2026-10-09,18:19
UAL2621,KIAH,KAUS,7,2026-10-09,01:31
UAL2622,KFAT,KLAX,7,2026-10-09,15:36
UAL2623,KRDU,KSFO,6,2026-10-09,13:54
UAL2624,KSFO,KPDX,7,2026-10-09,17:41
UAL2625,KDEN,KSAT,7,2026-10-09,16:04
UAL2626,KSFO,KEWR,6,2026-10-09,23:43
UAL2627,KBDL,KORD,6,2026-10-09,21:19
UAL2628,KLAX,KACV,5,2026-10-09,18:42
UAL2629,KMCO,KEWR,6,2026-10-09,20:32
UAL263,EGLL,KDEN,7,2026-10-09,14:17
UAL2630,KLAS,KIAD,7,2026-10-09,20:41
UAL2631,KBOS,KORD,7,2026-10-09,11:11
UAL2631,KORD,KCHS,7,2026-10-09,16:11
UAL2632,KIND,KORD,7,2026-10-09,18:11
UAL2632,KORD,KDTW,7,2026-10-09,21:08
UAL2633,KDEN,KSFO,6,2026-10-08,22:07
UAL2634,KSFO,KBOS,6,2026-10-09,22:29
UAL2635,KDEN,KDAY,7,2026-10-09,00:22
UAL2636,KCLE,KMCO,7,2026-10-09,13:09
UAL2637,KDEN,KGRR,7,2026-10-09,16:26
UAL2638,KIAH,KSEA,7,2026-10-09,21:31
UAL2639,KDFW,KIAD,4,2026-10-09,12:34
UAL2640,KDEN,KEWR,6,2026-10-09,13:50
UAL2641,KEWR,KLAX,6,2026-10-08,21:52
UAL2641,KLAX,KCLE,7,2026-10-09,06:02
UAL2642,KRDU,KIAD,7,2026-10-09,23:56
UAL2643,KDEN,KBDL,6,2026-10-09,16:34
UAL2644,KDEN,KPSP,6,2026-10-09,01:56
UAL2644,KPHL,KDEN,4,2026-10-09,20:11
UAL2645,KEWR,KSAV,7,2026-10-09,01:08
UAL2646,KEWR,KPHX,6,2026-10-09,10:41
UAL2647,KSFO,KBOS,7,2026-10-09,16:26
UAL2648,KGRR,KDEN,6,2026-10-09,12:13
UAL2649,KSFO,KSBP,7,2026-10-09,18:08
UAL265,KORD,KBUF,7,2026-10-09,12:04
UAL2650,KEWR,KDJT,2,2026-10-04,01:32
UAL2651,KDEN,KSEA,5,2026-10-09,03:17
UAL2651,KSYR,KDEN,4,2026-10-09,20:42
UAL2652,KORD,KCLE,6,2026-10-09,00:08
UAL2652,KPHX,KORD,7,2026-10-09,18:38
UAL2653,KCMH,KORD,6,2026-10-09,12:47
UAL2653,KORD,KBWI,6,2026-10-09,16:13
UAL2654,KORD,KMCO,7,2026-10-09,19:54
UAL2655,KDEN,KPHX,5,2026-10-09,02:13
UAL2656,KDEN,KBOS,5,2026-10-09,06:08
UAL2656,KSNA,KDEN,7,2026-10-09,01:41
UAL2657,KATL,KORD,7,2026-10-09,23:18
UAL2658,KIAH,KLAX,7,2026-10-09,00:15
UAL2659,KEWR,KDJT,7,2026-10-09,19:53
UAL2660,KSAV,KDEN,7,2026-10-09,20:36
UAL2661,KPHL,KSFO,5,2026-10-09,10:14
UAL2661,KSFO,KONT,4,2026-10-09,18:04
UAL2662,KIAH,KMCO,7,2026-10-09,17:48
UAL2662,KMCO,KEWR,3,2026-10-09,22:21
UAL2664,KSFO,KBWI,7,2026-10-09,16:44
UAL2665,KORD,KIAH,7,2026-10-09,03:08
UAL2665,KPHL,KORD,6,2026-10-09,23:21
UAL2666,KDEN,KSNA,7,2026-10-09,14:18
UAL2666,KORD,KDEN,7,2026-10-09,10:10
UAL2667,KLAX,KIAD,7,2026-10-09,18:15
UAL2667,KSAN,KLAX,7,2026-10-09,13:34
UAL2668,KDSM,KORD,7,2026-10-09,13:06
UAL2668,KORD,KDCA,7,2026-10-09,16:44
UAL2669,KEWR,KATL,6,2026-10-09,11:45
UAL2670,KDFW,KIAH,7,2026-10-09,12:12
UAL2670,KIAH,KFLL,7,2026-10-09,15:32
UAL2671,KDEN,KRDU,7,2026-10-09,22:36
UAL2672,KBDL,KORD,7,2026-10-09,10:14
UAL2673,KDEN,KSMF,7,2026-10-09,18:12
UAL2674,KIAH,KAUS,6,2026-10-09,00:18
UAL2674,KLGA,KIAH,7,2026-10-09,18:19
UAL2677,KBNA,KEWR,7,2026-10-09,21:01
UAL2677,KEWR,KIAD,4,2026-10-09,00:23
UAL2677,KIAD,KORF,5,2026-10-09,03:05
UAL2678,KEWR,KJAX,1,2026-10-04,16:12
UAL2679,KEWR,KLAX,6,2026-10-08,14:46
UAL2679,KTPA,KEWR,6,2026-10-09,11:07
UAL2680,KCHS,KORD,7,2026-10-09,21:11
UAL2681,KRNO,KLAX,3,2026-10-09,23:43
UAL2682,KDFW,KIAH,7,2026-10-09,21:14
UAL2682,KIAH,KLGA,7,2026-10-09,00:09
UAL2683,KMCO,KORD,6,2026-10-09,14:27
UAL2684,KMDT,KORD,6,2026-10-09,10:37
UAL2684,KORD,KATL,7,2026-10-09,15:48
UAL269,SKBO,KEWR,5,2026-10-08,12:36
UAL2690,KCLT,KIAH,1,2026-10-07,21:23
UAL2690,KSFO,KRNO,6,2026-10-09,00:01
UAL2691,KIAD,KORD,7,2026-10-09,10:19
UAL2692,KEWR,KLAX,7,2026-10-09,13:42
UAL2693,KCHS,KEWR,7,2026-10-09,19:17
UAL2693,KEWR,KSEA,7,2026-10-09,23:14
UAL2693,KSEA,KIAD,5,2026-10-09,06:33
UAL27,KDEN,EGLL,7,2026-10-09,23:55
UAL270,KEWR,EINN,7,2026-10-09,03:32
UAL2702,KSEA,KIAH,7,2026-10-09,07:12
UAL271,EINN,KEWR,6,2026-10-09,11:35
UAL272,KEWR,LFMN,6,2026-10-09,00:55
UAL2724,KCLE,KFLL,5,2026-10-09,15:47
UAL2725,KFLL,KCLE,5,2026-10-09,19:08
UAL273,LFMN,KEWR,6,2026-10-09,10:34
UAL2737,KORD,KBWI,7,2026-10-09,20:25
UAL2738,KIAH,KMSY,7,2026-10-09,20:09
UAL2739,KIAD,KATL,7,2026-10-09,12:36
UAL274,KSFO,KEWR,6,2026-10-09,19:00
UAL2740,KSJC,KORD,7,2026-10-09,13:38
UAL2741,KLAS,KIAH,6,2026-10-09,23:04
UAL2741,KLAX,KLAS,5,2026-10-09,20:05
UAL2742,KDEN,KCID,7,2026-10-09,16:37
UAL2743,KLAX,KEWR,7,2026-10-09,14:13
UAL2744,KIAH,KSFO,7,2026-10-09,13:44
UAL2744,KSFO,KSEA,6,2026-10-08,19:32
UAL2745,KDEN,KSJC,6,2026-10-09,02:27
UAL2745,KGRR,KDEN,7,2026-10-09,20:07
UAL2746,KIAD,KAUS,6,2026-10-09,16:46
UAL2746,KMCO,KIAD,7,2026-10-09,13:10
UAL2747,KBUF,KORD,5,2026-10-09,22:03
UAL2748,KIAH,KPHL,7,2026-10-09,17:36
UAL2749,KBWI,KORD,7,2026-10-09,13:21
UAL275,KSAT,KIAH,6,2026-10-09,23:10
UAL2750,KALB,KDEN,7,2026-10-09,12:10
UAL2751,KORD,KGRR,7,2026-10-09,17:51
UAL2752,KCVG,KORD,7,2026-10-09,11:16
UAL2752,KORD,KPIT,7,2026-10-09,15:53
UAL2753,KIAH,KMIA,7,2026-10-09,13:05
UAL2754,KEWR,KORD,7,2026-10-09,11:30
UAL2755,KIAH,KDTW,5,2026-10-09,00:03
UAL2756,KLAX,KCLE,4,2026-10-09,23:42
UAL2757,KIAH,KPIT,7,2026-10-09,23:44
UAL2758,KLAX,KDEN,4,2026-10-09,21:47
UAL2759,KEWR,KFLL,7,2026-10-09,16:09
UAL2759,KORD,KEWR,7,2026-10-09,10:12
UAL276,KBNA,KSFO,5,2026-10-09,00:24
UAL276,KLAX,KMRY,2,2026-10-06,20:50
UAL2760,KSAN,KIAH,7,2026-10-09,15:11
UAL2761,KORD,KDCA,5,2026-10-09,22:18
UAL2762,KEUG,KORD,5,2026-10-09,21:21
UAL2762,KEUG,KSLC,1,2026-10-05,21:25
UAL2762,KSLC,KORD,1,2026-10-06,01:41
UAL2763,KEWR,KBOS,6,2026-10-09,00:22
UAL2764,KSFO,KBUR,6,2026-10-09,23:20
UAL2765,KLAX,KIAH,6,2026-10-09,22:33
UAL2766,KEWR,KSAN,7,2026-10-09,11:16
UAL2767,KDEN,KSEA,7,2026-10-09,01:37
UAL2767,KIAH,KDEN,7,2026-10-09,20:21
UAL2767,KORD,KIAH,7,2026-10-09,15:57
UAL2768,KLGA,KORD,6,2026-10-09,00:54
UAL2769,KDEN,KSLC,7,2026-10-09,01:53
UAL2769,KDSM,KORD,6,2026-10-08,16:40
UAL2769,KORD,KDEN,6,2026-10-09,21:24
UAL277,KIAH,KFLL,5,2026-10-07,22:09
UAL277,KLAX,KIAH,7,2026-10-09,17:23
UAL2770,KDSM,KORD,7,2026-10-09,00:06
UAL2771,KDTW,KORD,6,2026-10-08,23:30
UAL2772,KEWR,KSRQ,7,2026-10-09,12:44
UAL2773,KMSP,KORD,7,2026-10-09,13:15
UAL2774,KDCA,KORD,7,2026-10-09,14:43
UAL2775,KIAH,KORD,7,2026-10-09,20:44
UAL2776,KEWR,KBNA,6,2026-10-09,15:00
UAL2777,KEWR,KTPA,7,2026-10-09,19:29
UAL2777,KTPA,KORD,4,2026-10-09,23:38
UAL2778,KORD,KMSY,7,2026-10-09,12:39
UAL2779,KORD,KATL,7,2026-10-09,17:43
UAL278,CYYZ,KORD,6,2026-10-09,21:38
UAL278,KIAD,KORF,1,2026-10-03,21:58
UAL2780,KLAX,KORD,6,2026-10-09,00:08
UAL2781,KDEN,KRAP,7,2026-10-09,02:30
UAL2782,KCLE,KEWR,7,2026-10-09,17:04
UAL2782,KEWR,KIAH,6,2026-10-09,22:18
UAL2783,KGRR,KORD,7,2026-10-09,19:57
UAL2784,KPHL,KORD,7,2026-10-09,17:40
UAL2785,KEWR,KMIA,7,2026-10-09,13:13
UAL2786,KIAH,KORD,7,2026-10-09,22:30
UAL2787,KDEN,KPHL,5,2026-10-08,20:12
UAL2787,KIAH,KDEN,5,2026-10-08,15:43
UAL2787,KMAF,KIAH,6,2026-10-08,12:12
UAL2788,KEWR,KORD,5,2026-10-09,21:04
UAL2788,KMSY,KEWR,7,2026-10-09,13:05
UAL2788,KORD,KIAH,3,2026-10-09,00:03
UAL2789,KDEN,KMEM,7,2026-10-09,17:00
UAL279,KFLL,KEWR,7,2026-10-09,22:13
UAL279,KORD,KFLL,7,2026-10-09,16:25
UAL2790,KMSP,KORD,7,2026-10-09,18:28
UAL2790,KORD,KEWR,6,2026-10-09,23:34
UAL2791,KJAC,KDEN,7,2026-10-09,21:22
UAL2792,KORD,KALB,7,2026-10-09,17:20
UAL2792,KSTL,KORD,7,2026-10-09,13:10
UAL2793,KDEN,KMCI,6,2026-10-09,00:56
UAL2793,KSAN,KDEN,7,2026-10-09,18:35
UAL2794,KLAX,KORD,7,2026-10-09,22:29
UAL2795,KORD,KPHX,7,2026-10-09,12:18
UAL2796,KEWR,KCHS,7,2026-10-09,02:28
UAL2796,KPHX,KEWR,7,2026-10-09,19:00
UAL2797,KSMF,KORD,7,2026-10-09,21:39
UAL2798,KIAH,KSAN,7,2026-10-09,21:44
UAL2799,KIND,KSFO,5,2026-10-09,22:34
UAL280,KDEN,PANC,6,2026-10-09,01:54
UAL280,KPHX,KDEN,6,2026-10-09,22:46
UAL2800,KDJT,KORD,6,2026-10-09,20:20
UAL2801,KSAT,KORD,6,2026-10-09,22:41
UAL2802,KMCO,KSFO,7,2026-10-09,14:15
UAL2803,KDCA,KORD,6,2026-10-09,16:15
UAL2803,KORD,KDEN,6,2026-10-09,19:54
UAL2804,KORD,KPWM,7,2026-10-09,16:31
UAL2805,KORD,KMSP,7,2026-10-09,13:55
UAL2806,KDEN,KATL,7,2026-10-09,16:31
UAL2806,KORD,KDEN,7,2026-10-09,11:11
UAL2807,KORD,KORF,7,2026-10-09,17:18
UAL2808,KLAS,KLAX,7,2026-10-09,15:36
UAL2809,KFLL,KORD,6,2026-10-09,11:16
UAL2809,KORD,KDEN,7,2026-10-09,18:13
UAL280J,KDEN,PANC,1,2026-10-08,01:24
UAL281,KBNA,KIAH,6,2026-10-09,11:27
UAL2810,KMIA,KSFO,4,2026-10-09,21:54
UAL2811,KORD,KLAS,7,2026-10-09,14:41
UAL2812,KORD,KDCA,6,2026-10-09,21:40
UAL2813,KORD,KIAH,7,2026-10-09,01:34
UAL2814,KORD,KLAX,7,2026-10-09,14:29
UAL2815,KEWR,KIAH,4,2026-10-08,20:57
UAL2816,KRDU,KEWR,6,2026-10-09,22:45
UAL2816,KSFO,KRDU,7,2026-10-09,15:25
UAL2817,KCLE,KSFO,4,2026-10-08,23:29
UAL2818,KPDX,KSFO,7,2026-10-09,14:13
UAL2819,KDEN,KSAT,5,2026-10-09,00:03
UAL282,KAUS,KIAH,6,2026-10-09,00:19
UAL2820,KPIT,KSFO,7,2026-10-09,11:10
UAL2821,KCHS,KORD,7,2026-10-09,15:38
UAL2822,KORD,CYOW,7,2026-10-09,00:14
UAL2822,KPDX,KORD,5,2026-10-09,15:39
UAL2823,KPHX,KORD,7,2026-10-09,07:04
UAL2824,KSFO,KPHL,7,2026-10-09,16:26
UAL2825,KORD,KPHL,5,2026-10-09,22:02
UAL2826,KRDU,KORD,6,2026-10-09,12:27
UAL2827,KORD,KLGA,7,2026-10-09,01:24
UAL2827,KSFO,KORD,7,2026-10-09,17:34
UAL2828,KEWR,KLAS,6,2026-10-09,13:50
UAL2828,KSAV,KEWR,7,2026-10-09,10:33
UAL2829,KSAN,KDEN,7,2026-10-09,14:25
UAL283,KEWR,KMSP,7,2026-10-09,11:25
UAL2830,KSAN,KSFO,7,2026-10-09,13:32
UAL2831,KSEA,KSFO,7,2026-10-09,16:39
UAL2831,KSFO,KIAH,6,2026-10-09,21:58
UAL2832,KIAD,KSFO,7,2026-10-09,22:50
UAL2833,KDEN,KSEA,4,2026-10-09,20:19
UAL2834,KLGA,KDEN,6,2026-10-09,21:56
UAL2835,KSEA,KORD,7,2026-10-09,18:05
UAL2836,KORD,KDSM,7,2026-10-09,21:40
UAL2837,KLAX,KSFO,7,2026-10-09,02:33
UAL2837,KSFO,KIAD,7,2026-10-09,06:03
UAL2838,KOMA,KDEN,6,2026-10-09,14:13
UAL2839,KSFO,KOMA,7,2026-10-09,01:42
UAL284,KLAS,KIAD,7,2026-10-09,07:12
UAL2840,KEWR,KDFW,7,2026-10-09,22:19
UAL2841,KMSY,KEWR,7,2026-10-09,00:05
UAL2842,KSFO,KDFW,7,2026-10-09,17:37
UAL2843,KDEN,KBWI,3,2026-10-06,00:31
UAL2843,KSNA,KDEN,7,2026-10-09,18:38
UAL2844,KMSY,KORD,7,2026-10-09,12:09
UAL2845,KMCO,KORD,7,2026-10-09,22:13
UAL2846,KIAD,KDTW,5,2026-10-09,02:43
UAL2847,KORD,KMSO,7,2026-10-09,14:13
UAL2847,KSFO,KORD,7,2026-10-09,07:54
UAL285,KEWR,KSFO,1,2026-10-07,19:30
UAL285,KSFO,RKSI,1,2026-10-07,03:23
UAL2850,KIAH,KCVG,7,2026-10-09,17:53
UAL2851,KSFO,KPDX,7,2026-10-09,20:03
UAL2852,KMIA,KDEN,4,2026-10-08,20:17
UAL2853,KDEN,KIAD,7,2026-10-09,18:23
UAL2853,KSAT,KDEN,6,2026-10-09,14:13
UAL2854,KBUR,KSFO,3,2026-10-09,03:48
UAL2854,KSFO,KPHL,7,2026-10-09,06:37
UAL2855,KMCO,KSFO,5,2026-10-09,12:13
UAL2856,KORD,KPHL,7,2026-10-09,12:25
UAL2857,KORD,KDEN,7,2026-10-09,16:24
UAL2858,KTPA,KEWR,7,2026-10-09,15:28
UAL286,RKSI,KEWR,6,2026-10-09,08:25
UAL2860,CYYZ,KORD,7,2026-10-09,15:18
UAL2861,KIAD,KMCO,7,2026-10-09,20:03
UAL2861,KSFO,KIAD,7,2026-10-09,13:54
UAL2862,KIAD,KSFO,7,2026-10-09,19:02
UAL2863,KSMF,KIAH,6,2026-10-09,12:25
UAL2864,KGSP,KDEN,7,2026-10-09,20:34
UAL2865,KDEN,KORD,7,2026-10-09,17:37
UAL2865,KORD,KMSP,7,2026-10-09,00:05
UAL2865,KSBA,KDEN,7,2026-10-09,12:21
UAL2866,KATL,KSFO,7,2026-10-09,22:13
UAL2866,KSFO,KSBA,5,2026-10-09,04:49
UAL287,KPWM,KDEN,6,2026-10-09,19:57
UAL291,KSFO,CYYC,7,2026-10-09,15:53
UAL292,KAUS,KSFO,7,2026-10-09,00:52
UAL293,KIAD,KJAX,4,2026-10-07,23:01
UAL295,KDEN,KGEG,7,2026-10-09,17:29
UAL296,MMPR,KDEN,5,2026-10-09,20:00
UAL297,KEWR,KBZN,7,2026-10-09,11:59
UAL298,KABQ,KIAH,7,2026-10-09,14:12
UAL299,KATL,KEWR,6,2026-10-09,10:43
UAL3,KORD,LSZH,3,2026-10-08,22:29
UAL301,KSFO,KDEN,7,2026-10-09,04:30
UAL302,KDTW,KDEN,7,2026-10-09,19:46
UAL3024,LPPT,KEWR,1,2026-10-03,12:56
UAL3025,LIRF,KDEN,1,2026-10-03,10:38
UAL3028,KIAD,LIRF,1,2026-10-04,22:54
UAL3029,LIRF,KIAD,1,2026-10-05,11:08
UAL303,KMCI,KORD,7,2026-10-09,23:56
UAL3032,EGPF,KEWR,1,2026-10-04,16:21
UAL304,KORD,KIAD,7,2026-10-09,01:12
UAL3040,RKSI,KEWR,1,2026-10-08,17:15
UAL3043,LEBL,KEWR,1,2026-10-09,14:36
UAL3044,LFMN,KEWR,1,2026-10-09,11:43
UAL307,KMSP,KORD,7,2026-10-09,11:10
UAL307,KORD,KSJC,7,2026-10-09,14:38
UAL308,KORD,KSNA,6,2026-10-09,01:31
UAL308,KPHL,KORD,7,2026-10-09,21:19
UAL309,KDFW,KDEN,6,2026-10-09,23:57
UAL309,KORD,KDFW,7,2026-10-09,19:42
UAL31,EDDM,KEWR,7,2026-10-09,08:09
UAL310,KIAD,EIDW,7,2026-10-09,23:39
UAL311,EIDW,KIAD,7,2026-10-09,08:02
UAL312,KDSM,KORD,7,2026-10-09,20:21
UAL312,KORD,KAUS,7,2026-10-09,01:42
UAL313,KIAH,CYYZ,7,2026-10-09,23:37
UAL314,KLAS,KORD,6,2026-10-08,19:52
UAL314,KORD,KBNA,6,2026-10-09,03:14
UAL314T,KORD,KBNA,1,2026-10-06,02:52
UAL315,KIAH,KPIT,7,2026-10-09,17:10
UAL315,KTUS,KIAH,7,2026-10-09,13:18
UAL316,EIDW,KEWR,5,2026-10-09,12:45
UAL317,KEWR,EIDW,7,2026-10-09,03:41
UAL318,KDEN,KEUG,6,2026-10-09,17:52
UAL318,KORD,KDEN,6,2026-10-09,14:27
UAL318T,KDEN,KEUG,1,2026-10-07,17:40
UAL319,KLAX,MMPR,3,2026-10-09,18:42
UAL32,KLAX,RJAA,1,2026-10-05,18:37
UAL320,KDEN,KIAH,7,2026-10-09,11:09
UAL321,KIAD,LIPZ,3,2026-10-09,21:40
UAL322,LIPZ,KIAD,4,2026-10-09,08:40
UAL323,KDEN,KGPI,1,2026-10-04,17:31
UAL323,KSNA,KDEN,6,2026-10-09,14:13
UAL324,KACV,KLAX,5,2026-10-08,21:15
UAL324,KMCO,KSFO,2,2026-10-07,19:52
UAL325,KMCO,KLAX,7,2026-10-09,13:17
UAL326,KIAH,KSNA,7,2026-10-09,01:35
UAL327,KPHX,KEWR,1,2026-10-04,01:06
UAL327,KSAN,KEWR,5,2026-10-09,22:38
UAL327,KSAN,KPHX,1,2026-10-03,22:13
UAL329,KBTV,KORD,5,2026-10-09,21:49
UAL329,KORD,KDEN,3,2026-10-08,01:28
UAL329C,KORD,KDEN,1,2026-10-06,01:38
UAL329J,KORD,KDEN,1,2026-10-09,01:11
UAL329T,KORD,KDEN,2,2026-10-05,01:26
UAL33,RJAA,KLAX,7,2026-10-09,08:21
UAL330,KIAD,LFPG,7,2026-10-09,03:14
UAL331,LFPG,KIAD,6,2026-10-09,15:15
UAL332,KEWR,KIAH,7,2026-10-09,12:19
UAL333,KSEA,KDEN,2,2026-10-09,21:45
UAL334,KIAH,KLGA,7,2026-10-09,21:37
UAL335,KEUG,KSFO,7,2026-10-09,13:14
UAL336,KSFO,KIAD,7,2026-10-09,18:10
UAL337,KPHX,KDEN,7,2026-10-09,13:11
UAL34,RJBB,KSFO,7,2026-10-09,08:05
UAL340,KATL,KDEN,7,2026-10-09,13:01
UAL341,KORD,KSEA,7,2026-10-09,12:17
UAL342,KORD,KSFO,5,2026-10-09,14:04
UAL342,KSFO,KPSP,7,2026-10-09,20:21
UAL342,KSYR,KORD,7,2026-10-09,10:17
UAL342C,KORD,KSFO,1,2026-10-08,14:02
UAL343,KFAT,KORD,7,2026-10-09,14:13
UAL344,KLGA,KIAH,6,2026-10-09,16:53
UAL344,PHNL,KIAD,1,2026-10-04,01:34
UAL345,KEWR,KLAX,6,2026-10-09,00:21
UAL345,KIAD,PHNL,1,2026-10-03,12:44
UAL346,KTVC,KORD,6,2026-10-09,14:36
UAL347,KDEN,KIAD,4,2026-10-08,20:12
UAL347,KRNO,KDEN,7,2026-10-09,16:23
UAL347K,KDEN,KIAD,1,2026-10-06,20:08
UAL348,KBZN,KEWR,7,2026-10-09,17:46
UAL349,KORD,KDTW,7,2026-10-09,03:06
UAL350,KAUS,KIAH,7,2026-10-09,17:30
UAL351,KDCA,KORD,7,2026-10-09,13:42
UAL353,KDJT,KEWR,6,2026-10-09,18:59
UAL353,KEWR,KLAX,7,2026-10-09,22:51
UAL353,KLAX,KORD,7,2026-10-09,05:46
UAL354,KCMH,KLAX,7,2026-10-09,11:39
UAL355,KDEN,KBNA,7,2026-10-09,15:57
UAL355,KMCI,KDEN,7,2026-10-09,11:06
UAL356,KATL,KSFO,5,2026-10-09,23:43
UAL356,KORD,KATL,7,2026-10-09,19:32
UAL356,KPHX,KORD,7,2026-10-09,14:24
UAL357,KAUS,KLAX,7,2026-10-09,13:19
UAL358,KDFW,KIAD,7,2026-10-09,17:54
UAL358,KIAH,KDFW,6,2026-10-09,12:30
UAL359,KORD,MMMX,6,2026-10-09,15:02
UAL36,KEWR,EGPH,6,2026-10-09,00:30
UAL360,KBOS,KLAX,7,2026-10-09,11:35
UAL360,KLAX,KDEN,7,2026-10-09,20:15
UAL361,KAUS,KDEN,7,2026-10-09,10:38
UAL361,KDEN,KSAV,7,2026-10-09,16:08
UAL362,KDEN,CYVR,7,2026-10-09,14:00
UAL363,KDEN,KBWI,3,2026-10-07,20:26
UAL363,KSFO,KEUG,4,2026-10-09,02:19
UAL364,KBDL,KDEN,6,2026-10-09,12:09
UAL365,KORD,KLAS,7,2026-10-09,22:11
UAL366,KSFO,KEWR,7,2026-10-09,21:38
UAL367,KIAD,KSFO,5,2026-10-09,02:25
UAL368,KSFO,KORD,7,2026-10-09,06:43
UAL369,KDCA,KSFO,7,2026-10-09,11:34
UAL369T,KORD,KDCA,1,2026-10-03,23:27
UAL37,EGPH,KEWR,6,2026-10-09,09:00
UAL370,KEWR,KPHX,7,2026-10-09,17:21
UAL371,KLAX,KLAS,3,2026-10-08,02:05
UAL371,KSFO,KBOS,4,2026-10-09,15:45
UAL372,KBIL,KDEN,7,2026-10-09,13:22
UAL372,KDEN,KPWM,7,2026-10-09,16:32
UAL373,PHNL,KSFO,6,2026-10-09,17:15
UAL374,KLAX,KPHX,6,2026-10-09,02:31
UAL374,KORD,KLAX,7,2026-10-09,19:24
UAL375,KEWR,KBOS,7,2026-10-09,14:30
UAL3750,KBMG,KEWR,1,2026-10-04,08:33
UAL3750,KDEN,KFOE,1,2026-10-09,14:51
UAL3750,KIAH,KTUS,1,2026-10-08,17:16
UAL3750,KORD,KMKE,1,2026-10-05,13:09
UAL3750,KUNV,KORD,1,2026-10-03,08:09
UAL3751,KCKB,KIAH,1,2026-10-09,04:05
UAL3751,KDEN,KSAN,1,2026-10-04,13:22
UAL3751,KIAD,KBMG,1,2026-10-09,17:53
UAL3751,KSAN,KORD,1,2026-10-06,22:10
UAL3751,KSFO,KGSO,1,2026-10-03,14:02
UAL3752,KAUS,KDEN,1,2026-10-04,21:30
UAL3752,KDEN,KCID,1,2026-10-03,21:05
UAL3752,KIAH,KOKC,1,2026-10-09,17:49
UAL3752,KORD,KBKL,1,2026-10-05,22:40
UAL3752,KORD,KSAN,1,2026-10-08,11:02
UAL3753,KIAD,KMLU,1,2026-10-04,00:29
UAL3753,KIAH,KCLL,1,2026-10-09,16:16
UAL3753,KMDW,KORD,1,2026-10-06,04:12
UAL3753,KMKE,KORD,1,2026-10-08,22:54
UAL3754,KIAD,KDSM,1,2026-10-03,17:25
UAL3754,KORD,KBKL,1,2026-10-05,22:44
UAL3754,KORD,KSAN,1,2026-10-08,11:46
UAL3755,KCMH,KDEN,1,2026-10-04,02:51
UAL3755,KMDW,KORD,1,2026-10-06,04:39
UAL3755,KMKE,KORD,1,2026-10-09,23:48
UAL3756,KLBB,KDEN,1,2026-10-04,07:35
UAL3756,KORD,KCLE,1,2026-10-05,22:35
UAL3756,KSLC,KDEN,1,2026-10-09,22:52
UAL3757,KACT,KIAH,1,2026-10-04,10:47
UAL3757,KCID,KORD,1,2026-10-03,23:45
UAL3757,KCOU,KIAH,1,2026-10-09,21:34
UAL3757,KMDW,KORD,1,2026-10-06,04:34
UAL3758,KORD,KCLE,1,2026-10-06,17:26
UAL3758,KSAN,KLAX,1,2026-10-03,02:11
UAL3758,KSWF,KIAD,1,2026-10-04,08:55
UAL3759,KCKB,KIAD,1,2026-10-04,00:50
UAL376,KAUS,KIAD,7,2026-10-09,22:38
UAL3760,KDEN,KATL,1,2026-10-07,21:13
UAL3760,KDEN,KLAX,1,2026-10-05,12:51
UAL3760,KIAD,KGSO,1,2026-10-09,10:23
UAL3761,KATL,KDEN,1,2026-10-06,00:18
UAL3761,KLAX,KDEN,1,2026-10-08,10:56
UAL3762,KORD,KMDW,1,2026-10-09,02:40
UAL3763,KCLE,KORD,1,2026-10-09,10:18
UAL3764,KORD,KMDW,1,2026-10-09,02:42
UAL3765,KCLE,KORD,1,2026-10-09,07:59
UAL3766,KORD,KMDW,1,2026-10-09,19:59
UAL3768,KORD,KMDW,1,2026-10-09,19:47
UAL3769,KORD,KMKE,1,2026-10-04,21:37
UAL377,KDEN,KORD,7,2026-10-09,02:51
UAL377,KIND,KDEN,7,2026-10-09,19:52
UAL3770,KSAN,KORD,1,2026-10-05,06:21
UAL3770,KSFO,EGSS,1,2026-10-04,03:20
UAL3771,KLAS,KSFO,1,2026-10-04,23:21
UAL3772,KEWR,KBNA,1,2026-10-03,13:40
UAL3772,KEWR,KORD,1,2026-10-05,02:40
UAL3773,KBNA,KEWR,1,2026-10-05,00:59
UAL3773,KIAD,KSFO,1,2026-10-05,06:40
UAL3773,KORD,KEWR,1,2026-10-03,13:31
UAL3774,KIAD,KGSO,1,2026-10-08,15:08
UAL3774,KMCI,KSFO,1,2026-10-05,05:23
UAL3774,KSFO,KLAS,2,2026-10-09,20:51
UAL3774,KSFO,KMCI,1,2026-10-03,12:51
UAL3775,KBKL,KMDW,1,2026-10-06,02:34
UAL3775,KMDW,KBKL,1,2026-10-09,22:35
UAL3777,KBKL,KMDW,1,2026-10-06,02:00
UAL3777,KMDW,KBKL,1,2026-10-09,22:11
UAL3778,KCLE,KMDW,1,2026-10-06,02:13
UAL3778,KMDW,KCLE,1,2026-10-09,06:18
UAL3779,KCLE,KMDW,1,2026-10-06,21:30
UAL3779,KMDW,KCLE,1,2026-10-09,05:21
UAL378,KBDL,KORD,6,2026-10-09,16:49
UAL3782,KATL,KLAX,1,2026-10-08,04:37
UAL3782,KLAX,KATL,1,2026-10-05,19:18
UAL3783,KMKE,KSAN,1,2026-10-05,01:34
UAL3783,KSAN,KMKE,1,2026-10-08,19:31
UAL3784,KMKE,KSAN,1,2026-10-05,16:55
UAL3784,KSAN,KMKE,1,2026-10-08,18:31
UAL3787,KAUS,KSAN,1,2026-10-03,22:06
UAL3787,KSAN,KAUS,1,2026-10-04,17:55
UAL3788,KDSM,KCKB,1,2026-10-03,22:02
UAL3789,KPHX,KACT,1,2026-10-04,08:13
UAL379,KIAD,KMCO,7,2026-10-09,13:10
UAL3790,KBMG,KLNK,1,2026-10-09,21:56
UAL3790,KEWR,KBMG,1,2026-10-04,05:54
UAL3794,KORD,KUNV,1,2026-10-03,06:14
UAL3797,KGSO,KSFO,1,2026-10-04,21:46
UAL3798,KCLL,KCOU,1,2026-10-09,19:11
UAL3799,KDEN,KLBB,1,2026-10-04,05:54
UAL38,RJTT,KLAX,7,2026-10-09,09:37
UAL3800,KCID,KCMH,1,2026-10-04,01:00
UAL3801,KOKC,KDAL,1,2026-10-09,21:34
UAL3802,KLAX,KEUG,1,2026-10-09,20:59
UAL3803,KMCI,KCKB,1,2026-10-09,01:26
UAL3803,KTUS,KMCI,1,2026-10-09,22:27
UAL3805,KMLU,KSWF,1,2026-10-04,05:42
UAL3806,KGSO,KOAK,1,2026-10-09,12:25
UAL3807,KFOE,KSLC,1,2026-10-09,18:44
UAL3809,KBNA,KBWI,1,2026-10-03,18:20
UAL3809,KBWI,KBNA,1,2026-10-04,22:12
UAL3810,KEWR,KORD,1,2026-10-03,18:24
UAL3810,KORD,KEWR,1,2026-10-05,22:55
UAL3814,KLAS,KMCI,1,2026-10-05,01:53
UAL3814,KMCI,KLAS,1,2026-10-03,19:23
UAL382,KDCA,KIAH,7,2026-10-09,17:09
UAL382,KIAH,KSFO,7,2026-10-09,21:48
UAL383,PHNL,KDEN,7,2026-10-09,05:54
UAL385,KEWR,LDDU,1,2026-10-07,23:50
UAL3851,KGSO,KIAD,1,2026-10-08,21:31
UAL3854,LSZH,KBGR,1,2026-10-09,13:54
UAL3864,KEWR,KMLB,1,2026-10-08,22:01
UAL3866,KPDX,KDEN,1,2026-10-04,23:37
UAL387,CYVR,KLAX,7,2026-10-09,22:18
UAL3870,KIAH,KIAB,1,2026-10-05,03:04
UAL3870,KORD,KSFO,1,2026-10-05,18:49
UAL3870,KRFD,KORD,1,2026-10-07,05:33
UAL3871,KIAB,KIAH,1,2026-10-05,05:51
UAL3871,KORD,KINT,1,2026-10-07,14:03
UAL3872,KINT,KORD,1,2026-10-07,16:04
UAL3872,KMLB,KTPA,1,2026-10-05,13:01
UAL3874,KIAH,KMCO,1,2026-10-05,13:59
UAL3874,KRFD,KIAD,1,2026-10-07,06:36
UAL3875,KMCO,KMIA,1,2026-10-05,09:40
UAL3876,KGSO,KIAD,1,2026-10-03,14:58
UAL3876,MMMX,KIAH,1,2026-10-06,10:53
UAL3877,KIAD,KMLB,1,2026-10-03,10:05
UAL3877,KMLB,KIAH,1,2026-10-03,12:44
UAL3878,KMLB,KIAH,1,2026-10-03,12:52
UAL3878,KPNS,KEWR,1,2026-10-08,01:39
UAL3880,KBOS,KEWR,1,2026-10-03,15:10
UAL3880,KIAD,KRFD,1,2026-10-08,03:18
UAL3883,KPWM,KMCO,1,2026-10-08,16:16
UAL3884,KIAB,KORD,1,2026-10-09,01:05
UAL3886,KORD,KIAB,1,2026-10-09,20:28
UAL3887,KIAH,KMLB,1,2026-10-06,15:15
UAL3888,KMLB,KIAD,1,2026-10-06,18:23
UAL3890,KMCO,KMLB,1,2026-10-07,01:18
UAL3891,KMLB,KMCO,1,2026-10-07,02:39
UAL3895,KIAD,KGSO,1,2026-10-05,02:02
UAL3895,KINT,KIAH,1,2026-10-06,21:13
UAL3896,KGSO,KIAD,1,2026-10-05,04:05
UAL3897,KEWR,KMLB,1,2026-10-05,09:58
UAL3898,KIAH,KIAB,1,2026-10-07,02:14
UAL3898,KORD,KIAB,1,2026-10-03,02:18
UAL3899,KIAB,KORD,1,2026-10-03,04:20
UAL3899,KORD,KRFD,1,2026-10-07,04:30
UAL39,KLAX,RJTT,2,2026-10-06,19:00
UAL390,KMCO,KIAD,7,2026-10-09,22:30
UAL3900,KDEN,KIAH,1,2026-10-03,01:27
UAL3900,KLAX,KEWR,1,2026-10-03,08:43
UAL3901,KDEN,KLAX,1,2026-10-04,23:07
UAL3901,KIAD,KEWR,1,2026-10-09,12:53
UAL3901,KSEA,KLAS,1,2026-10-03,06:40
UAL3903,KLAS,KIAH,1,2026-10-03,14:06
UAL3903,KSFO,KIAD,1,2026-10-08,15:13
UAL3904,KIAH,KIAD,1,2026-10-03,19:38
UAL3905,KOAK,KDEN,1,2026-10-09,19:27
UAL3905,KTPA,KIAH,1,2026-10-05,13:33
UAL3906,KEWR,KIAD,1,2026-10-03,19:50
UAL3906,KPDX,KSMF,1,2026-10-09,17:46
UAL3906,YSSY,KLAX,1,2026-10-07,07:18
UAL3907,KIAH,KSFO,1,2026-10-08,00:07
UAL3907,KLAS,KIAD,1,2026-10-03,17:32
UAL3907,KPHX,KAUS,1,2026-10-09,17:59
UAL3908,KCHS,KEWR,1,2026-10-08,20:46
UAL3908,KDTW,KEWR,1,2026-10-09,22:48
UAL3909,KMEM,KORD,1,2026-10-04,14:31
UAL3909,KMIA,KIAH,1,2026-10-06,09:36
UAL391,KBTV,KDEN,7,2026-10-09,20:32
UAL3910,KIAH,KIAD,1,2026-10-04,16:55
UAL3910,KIND,KORD,1,2026-10-06,12:16
UAL3911,EHAM,KSFO,1,2026-10-06,12:33
UAL3912,KIAD,KMLB,1,2026-10-08,03:49
UAL3914,KMLB,KIAD,1,2026-10-08,06:38
UAL3914,KORD,KMCO,1,2026-10-04,02:03
UAL3915,KFLL,KDJT,1,2026-10-05,17:09
UAL3915,KMCO,KIAH,1,2026-10-04,05:17
UAL3915,KMCO,KPWM,1,2026-10-08,11:56
UAL3916,KIAD,KEWR,1,2026-10-05,04:47
UAL3916,KSFO,CYVR,1,2026-10-08,13:58
UAL3917,KSAT,KSLC,1,2026-10-06,04:23
UAL3918,KSLC,KIAD,1,2026-10-07,20:18
UAL3919,LIRF,KORD,1,2026-10-09,06:36
UAL392,KLAX,KTPA,7,2026-10-09,16:51
UAL392,KTPA,KEWR,7,2026-10-09,23:54
UAL3920,KDEN,KPHX,1,2026-10-06,12:32
UAL3920,KIAH,KORD,1,2026-10-08,18:27
UAL3920,KXNA,KIAH,1,2026-10-03,23:38
UAL3921,KDEN,KORD,1,2026-10-08,18:43
UAL3921,KIAD,KMCO,1,2026-10-06,13:17
UAL3922,KLAX,KSFO,1,2026-10-09,02:31
UAL3923,KIAD,KGSO,1,2026-10-08,18:39
UAL3923,KLAX,KDEN,1,2026-10-06,15:36
UAL3924,KDEN,KLAX,1,2026-10-07,14:56
UAL3924,KJAX,KIAD,1,2026-10-06,01:37
UAL3925,KIAH,KEWR,1,2026-10-06,16:39
UAL3926,KIAD,KSFO,1,2026-10-07,04:11
UAL3927,KDEN,KJAX,1,2026-10-04,17:15
UAL3927,KPHX,KORD,1,2026-10-07,00:40
UAL3928,KMCO,KDFW,1,2026-10-04,16:20
UAL3929,KONT,KSFO,1,2026-10-07,18:16
UAL393,KBNA,KDEN,3,2026-10-09,00:55
UAL393,KMCO,KDEN,2,2026-10-09,10:21
UAL393,KSFO,KONT,1,2026-10-07,23:24
UAL3930,KIAH,KIAD,1,2026-10-07,06:13
UAL3931,KMSN,KIAD,1,2026-10-04,20:10
UAL3932,KEWR,KIAH,1,2026-10-05,04:41
UAL3932,KEWR,KSFO,1,2026-10-09,11:23
UAL3933,KAUS,KDEN,1,2026-10-03,12:08
UAL3933,KMCO,KORD,1,2026-10-09,12:58
UAL3934,KEWR,KIAD,1,2026-10-05,00:18
UAL3934,KEWR,KORD,1,2026-10-08,01:31
UAL3935,KDEN,KDSM,1,2026-10-07,12:29
UAL3936,KDSM,KDEN,1,2026-10-07,19:17
UAL3936,KEWR,KIAD,1,2026-10-03,00:16
UAL3937,KCLE,KIAD,1,2026-10-05,12:12
UAL3937,KIAD,KSFO,1,2026-10-03,14:25
UAL3938,KBNA,KIAH,1,2026-10-03,17:23
UAL394,KMSN,KORD,5,2026-10-09,13:36
UAL3940,KIAH,KPHX,1,2026-10-07,15:22
UAL3940,KTPA,KMCO,1,2026-10-03,14:57
UAL395,KIAD,KDEN,5,2026-10-09,20:26
UAL396,KBOS,KIAH,7,2026-10-09,14:19
UAL397,KDEN,KMSP,7,2026-10-09,15:47
UAL398,KBNA,KORD,7,2026-10-09,15:47
UAL399,KJAX,KEWR,5,2026-10-09,19:57
UAL4,EGLL,KIAH,7,2026-10-09,12:57
UAL40,KEWR,LIRF,2,2026-10-09,22:12
UAL400,KSFO,KAUS,7,2026-10-09,07:19
UAL401,KLAX,KRNO,1,2026-10-04,23:56
UAL401,KMSP,KDEN,5,2026-10-08,16:38
UAL402,KBHM,KDEN,5,2026-10-08,21:13
UAL403,KFLL,KORD,7,2026-10-09,20:43
UAL404,KIAH,KEWR,5,2026-10-07,23:33
UAL404,KSAT,KIAH,7,2026-10-09,21:28
UAL405,KDEN,KLAX,7,2026-10-09,16:17
UAL406,KLAS,KEWR,5,2026-10-09,07:10
UAL406,KSFO,KLAS,7,2026-10-09,04:29
UAL406K,KLAS,KEWR,1,2026-10-08,07:11
UAL406T,KLAS,KEWR,1,2026-10-06,07:09
UAL407,KEWR,KDEN,7,2026-10-09,23:21
UAL407,KRDU,KEWR,7,2026-10-09,18:11
UAL408,KMIA,KEWR,7,2026-10-09,13:08
UAL41,LIRF,KEWR,7,2026-10-09,09:27
UAL410,KIAH,KMIA,7,2026-10-09,17:25
UAL410,KSAT,KIAH,7,2026-10-09,12:49
UAL411,KEWR,KMCO,7,2026-10-09,11:58
UAL412,KSFO,MMMX,7,2026-10-09,05:57
UAL413,KABQ,KIAD,7,2026-10-09,12:10
UAL414,KBOS,KDEN,7,2026-10-09,15:57
UAL415,LIMC,KORD,6,2026-10-09,13:52
UAL416,KORD,LIMC,7,2026-10-09,03:09
UAL417,KIAH,KLAX,7,2026-10-09,11:07
UAL418,KLAX,KIAD,7,2026-10-09,06:44
UAL419,KAUS,KLAX,4,2026-10-09,01:52
UAL419,KSFO,KACV,2,2026-10-08,00:33
UAL42,KEWR,EDDF,7,2026-10-09,23:49
UAL4203,EGPH,KEWR,1,2026-10-03,12:47
UAL4209,KMCI,KORD,1,2026-10-03,20:42
UAL421,KDEN,KIAD,7,2026-10-09,22:00
UAL421,KIAD,KORD,6,2026-10-09,02:49
UAL421,KSJC,KDEN,1,2026-10-08,17:52
UAL4210,KBFI,KPDX,1,2026-10-05,20:15
UAL422,KORD,LGAV,4,2026-10-09,22:04
UAL423,LGAV,KORD,7,2026-10-09,10:11
UAL424,KEWR,KMSP,7,2026-10-09,18:20
UAL424,KMSP,KORD,5,2026-10-08,22:02
UAL424,KORD,KICT,7,2026-10-09,03:03
UAL425,KATL,KIAH,5,2026-10-09,15:53
UAL426,KDTW,KORD,7,2026-10-09,14:37
UAL427,KSAN,KEWR,7,2026-10-09,04:38
UAL428,MMMX,KIAH,7,2026-10-09,13:00
UAL429,KIAH,MMMX,6,2026-10-09,03:14
UAL43,EDDF,KEWR,7,2026-10-09,09:49
UAL430,KDEN,KONT,7,2026-10-09,17:53
UAL431,KBZN,KDEN,5,2026-10-09,22:52
UAL431,KDEN,KGJT,6,2026-10-09,01:50
UAL433,KSFO,KBNA,7,2026-10-09,21:52
UAL434,KCLT,KIAD,1,2026-10-06,14:33
UAL434,KIAH,KLAX,6,2026-10-09,03:06
UAL435,KEWR,KFLL,7,2026-10-09,23:53
UAL435,KSFO,KEWR,7,2026-10-09,15:53
UAL436,KPIT,KSFO,5,2026-10-09,22:03
UAL436,KSFO,CYYZ,7,2026-10-09,06:07
UAL439,KAUS,KDEN,6,2026-10-09,23:34
UAL439,KIAD,KRDU,1,2026-10-03,17:03
UAL44,KSFO,LSZH,7,2026-10-09,22:06
UAL440,KAVL,KDEN,7,2026-10-09,19:47
UAL441,KDCA,KORD,5,2026-10-09,11:54
UAL441,KORD,KDFW,7,2026-10-09,16:02
UAL442,KAUS,KSFO,7,2026-10-09,21:19
UAL442,KSFO,KSAN,7,2026-10-09,04:33
UAL444,KIAD,KBDL,5,2026-10-09,02:46
UAL444,KLAX,KIAD,1,2026-10-04,00:30
UAL444,KSAN,KIAD,5,2026-10-09,20:15
UAL444,KSAN,KLAX,1,2026-10-03,22:33
UAL444,KSFO,KSAN,6,2026-10-09,16:28
UAL444C,KIAD,KBDL,1,2026-10-05,02:44
UAL444J,KIAD,KBDL,1,2026-10-04,02:54
UAL445,KDEN,KMIA,6,2026-10-09,22:25
UAL446,KEWR,KLAS,7,2026-10-09,14:34
UAL447,KDEN,KBHM,7,2026-10-09,17:25
UAL45,LSZH,KSFO,6,2026-10-09,12:16
UAL450,PANC,KORD,7,2026-10-09,05:24
UAL451,KORD,KCMH,7,2026-10-09,12:25
UAL454,KIAD,KCMH,6,2026-10-09,16:56
UAL455,KPIT,KORD,7,2026-10-09,15:01
UAL456,KAUS,KORD,7,2026-10-09,18:02
UAL456,KDEN,KAUS,6,2026-10-09,14:34
UAL456,KORD,KLGA,5,2026-10-09,22:27
UAL456L,KORD,KLGA,1,2026-10-06,22:29
UAL457,KLAX,KORD,6,2026-10-09,19:57
UAL457,KORD,KCLE,6,2026-10-09,02:59
UAL459,KPDX,KDEN,7,2026-10-09,12:06
UAL46,KIAH,EDDF,7,2026-10-09,23:50
UAL460,KFLL,KEWR,7,2026-10-09,18:51
UAL461,KORD,PANC,4,2026-10-08,21:33
UAL462,KPDX,KIAH,7,2026-10-09,13:59
UAL463,KALB,KORD,7,2026-10-09,16:49
UAL463,KORD,KFLL,6,2026-10-08,23:15
UAL464,KEWR,KRDU,5,2026-10-09,19:50
UAL464,KIAH,KDTW,1,2026-10-03,19:43
UAL465,KIAH,KIND,7,2026-10-09,01:25
UAL466,KCMH,KORD,7,2026-10-09,11:44
UAL466,KORD,KDSM,6,2026-10-08,14:23
UAL467,KORD,KMSP,7,2026-10-09,18:09
UAL468,KMCO,KIAH,7,2026-10-09,11:10
UAL469,KIAH,KLAX,6,2026-10-09,15:58
UAL469,KLAX,KSFO,7,2026-10-09,20:46
UAL469,KSAT,KIAH,6,2026-10-09,10:35
UAL47,EDDF,KIAH,6,2026-10-09,12:25
UAL470,KIAH,KDEN,5,2026-10-09,21:53
UAL470,KMIA,KIAH,7,2026-10-09,17:25
UAL471,KIAD,KATL,7,2026-10-09,17:03
UAL471,KSAT,KIAD,7,2026-10-09,12:08
UAL472,KCLE,KORD,7,2026-10-09,15:02
UAL473,KORD,KIND,7,2026-10-09,15:47
UAL474,MMMX,KORD,5,2026-10-09,20:43
UAL475,KDEN,KIAH,7,2026-10-09,02:01
UAL476,KDEN,KABQ,7,2026-10-09,17:49
UAL477,KDEN,KECP,1,2026-10-03,16:33
UAL477,KLGA,KORD,6,2026-10-09,13:38
UAL478,KBIL,KDEN,7,2026-10-09,20:40
UAL479,KCVG,KDEN,7,2026-10-09,19:39
UAL480,KDEN,KCMH,7,2026-10-09,15:56
UAL480,KPSC,KDEN,7,2026-10-09,12:17
UAL481,KORD,KSJC,6,2026-10-09,01:25
UAL481,KRDU,KORD,5,2026-10-09,21:33
UAL481C,KORD,KSJC,1,2026-10-06,01:24
UAL482,KLAX,KRNO,1,2026-10-03,18:13
UAL482,KORD,KDCA,6,2026-10-09,11:14
UAL483,KIAH,KLAX,7,2026-10-09,01:26
UAL484,KDEN,KABQ,5,2026-10-09,01:50
UAL484,KLAS,KDEN,6,2026-10-09,22:57
UAL484J,KDEN,KABQ,1,2026-10-03,03:45
UAL484T,KDEN,KABQ,1,2026-10-06,02:05
UAL485,KORD,CYYZ,6,2026-10-09,18:23
UAL485,KSAV,KORD,5,2026-10-09,13:01
UAL486,KCLE,KDEN,5,2026-10-09,21:10
UAL486,KEWR,KMCO,7,2026-10-09,13:18
UAL486,KMCO,KCLE,7,2026-10-09,16:39
UAL487,KORD,KBOS,6,2026-10-09,22:44
UAL488,KBUR,KSFO,6,2026-10-09,14:15
UAL488,KIAH,KPNS,1,2026-10-04,01:36
UAL489,KDEN,KIAH,4,2026-10-09,21:51
UAL489,KSNA,KDEN,6,2026-10-09,16:09
UAL490,KCLE,KORD,7,2026-10-09,11:17
UAL490,KORD,KSAT,7,2026-10-09,14:26
UAL491,KIAH,KMSY,7,2026-10-09,12:36
UAL491,KLAX,KIAH,7,2026-10-09,08:04
UAL492,KEWR,KIAH,7,2026-10-09,10:17
UAL493,KDEN,KLAS,7,2026-10-09,19:43
UAL494,KIAH,KRSW,7,2026-10-09,14:44
UAL495,KIAD,KDEN,7,2026-10-09,02:52
UAL496,KIAH,KMCO,6,2026-10-09,19:31
UAL497,KDEN,KSLC,7,2026-10-09,14:13
UAL497,KIAH,KPNS,2,2026-10-06,02:02
UAL497,KIAH,KNPA,1,2026-10-07,01:27
UAL497,KSLC,KIAH,6,2026-10-09,19:38
UAL498,KDEN,KPDX,5,2026-10-09,01:52
UAL498,KRIC,KDEN,4,2026-10-09,20:35
UAL499,KBNA,KEWR,7,2026-10-09,01:01
UAL499,KSEA,KSFO,7,2026-10-09,14:35
UAL499,KSFO,KBNA,6,2026-10-09,18:43
UAL499C,KSFO,KBNA,1,2026-10-06,18:51
UAL5,KIAH,EGLL,7,2026-10-09,01:59
UAL50,LEMD,KEWR,7,2026-10-09,09:14
UAL500,KIND,KSFO,7,2026-10-09,10:16
UAL500,KSFO,KSEA,7,2026-10-09,17:40
UAL501,KDEN,KMCO,5,2026-10-08,20:20
UAL502,KBNA,KDEN,4,2026-10-09,15:55
UAL502,KSFO,KEUG,2,2026-10-08,23:40
UAL503,KBOS,KORD,7,2026-10-09,14:45
UAL504,KBWI,KSFO,4,2026-10-09,23:26
UAL504,KLAX,KRDM,2,2026-10-07,23:41
UAL505,KSFO,KIAH,7,2026-10-09,07:18
UAL506,LIRF,KSFO,6,2026-10-09,14:03
UAL507,KSFO,LIRF,7,2026-10-09,00:30
UAL508,SKBO,KIAH,3,2026-10-07,14:15
UAL509,LIRF,KEWR,7,2026-10-09,11:46
UAL51,KEWR,LEMD,7,2026-10-09,23:39
UAL510,KEWR,LIRF,7,2026-10-09,00:30
UAL511,KDCA,KORD,7,2026-10-09,17:38
UAL511,KORD,KLGA,4,2026-10-09,21:51
UAL511C,KORD,KLGA,1,2026-10-04,21:36
UAL511J,KORD,KLGA,1,2026-10-07,21:47
UAL512,KIAH,KDCA,7,2026-10-09,12:56
UAL513,KDEN,KBZN,7,2026-10-09,19:54
UAL513,KSYR,KDEN,7,2026-10-09,12:15
UAL514,KCID,KDEN,7,2026-10-09,20:16
UAL514,KDEN,KSDF,6,2026-10-09,00:19
UAL514T,KDEN,KSDF,1,2026-10-03,00:17
UAL515,KEWR,KSAT,7,2026-10-09,16:07
UAL516,KATL,KORD,7,2026-10-09,20:10
UAL517,KEWR,KDJT,4,2026-10-08,21:34
UAL517,KSFO,KEWR,7,2026-10-09,13:17
UAL519,KSAN,KDEN,5,2026-10-09,02:17
UAL52,KIAD,LSZH,5,2026-10-09,22:40
UAL520,KBUR,KSFO,6,2026-10-09,16:53
UAL520,KSFO,KSLC,6,2026-10-09,21:14
UAL521,KIAH,KBOS,6,2026-10-09,01:22
UAL521,KIAH,KMCO,1,2026-10-03,13:41
UAL525,KAUS,KIAD,7,2026-10-09,12:29
UAL526,KDEN,KLAS,6,2026-10-09,17:48
UAL526,KMEM,KDEN,7,2026-10-09,14:02
UAL526J,KDEN,KLAS,1,2026-10-05,17:57
UAL528,KORD,KDFW,7,2026-10-09,14:17
UAL529,KBNA,KORD,7,2026-10-09,11:15
UAL529,KORD,KLGA,7,2026-10-09,16:24
UAL53,LSZH,KIAD,5,2026-10-08,10:14
UAL530,KEWR,KORD,7,2026-10-09,10:12
UAL530,KORD,KATL,7,2026-10-09,14:40
UAL531,KDEN,KLAX,5,2026-10-09,03:34
UAL532,KATL,KIAH,6,2026-10-09,11:24
UAL533,KORD,KMDT,7,2026-10-09,19:27
UAL534,KCVG,KIAH,6,2026-10-09,21:24
UAL535,KORD,KIAH,7,2026-10-09,14:12
UAL536,CYUL,KORD,7,2026-10-09,13:56
UAL537,KIAH,CYYC,7,2026-10-09,14:44
UAL538,KALB,KORD,5,2026-10-08,21:53
UAL539,KORD,KDFW,7,2026-10-09,12:22
UAL54,KEWR,LFPG,7,2026-10-09,01:37
UAL540,KDEN,KSAN,6,2026-10-09,02:23
UAL540,KSAN,KORD,6,2026-10-09,05:43
UAL540,KSFO,KDEN,7,2026-10-09,20:03
UAL540T,KSAN,KORD,1,2026-10-03,05:52
UAL541,KSTL,KORD,6,2026-10-08,22:46
UAL542,KORD,KLAX,7,2026-10-09,20:24
UAL543,KBUF,KORD,7,2026-10-09,11:13
UAL543,KORD,KSFO,7,2026-10-09,16:08
UAL544,KIAH,KCLE,7,2026-10-09,12:49
UAL545,KAUS,KEWR,6,2026-10-09,23:09
UAL545,KORD,KMCI,1,2026-10-03,19:26
UAL546,KEWR,KORD,6,2026-10-09,00:14
UAL546,KSAV,KEWR,7,2026-10-09,19:42
UAL549,KDEN,KDSM,6,2026-10-09,00:41
UAL55,LFPG,KEWR,7,2026-10-09,11:33
UAL550,CYYC,KDEN,7,2026-10-09,12:16
UAL551,KIAH,MWCR,2,2026-10-04,15:00
UAL552,KMSP,KSFO,6,2026-10-09,22:30
UAL552,KSFO,KONT,6,2026-10-09,04:48
UAL554,KATL,KEWR,6,2026-10-09,15:14
UAL554,KMCO,KIAH,1,2026-10-03,17:20
UAL555,KBOS,KEWR,5,2026-10-09,00:46
UAL555,KDJT,KEWR,1,2026-10-03,18:52
UAL556,KEWR,KIAH,7,2026-10-09,15:06
UAL557,KCHS,KDEN,6,2026-10-08,20:38
UAL557,KRDU,KIAD,1,2026-10-03,19:18
UAL558,KDEN,KBOS,7,2026-10-09,14:00
UAL559,KORD,KSAN,7,2026-10-09,18:53
UAL56,LFPG,KEWR,7,2026-10-09,08:02
UAL560,KEWR,KPDX,7,2026-10-09,23:13
UAL560,KSTL,KEWR,6,2026-10-09,18:16
UAL561,KMCI,KSFO,5,2026-10-09,22:46
UAL561,KORD,KMCI,7,2026-10-09,18:04
UAL562,KSFO,KBZN,7,2026-10-09,19:24
UAL563,KBOS,KORD,5,2026-10-09,21:26
UAL565,CYYZ,KSFO,7,2026-10-09,10:48
UAL566,KSMF,KDEN,7,2026-10-09,23:21
UAL567,KDFW,KDEN,7,2026-10-09,14:31
UAL568,CYYZ,KDEN,5,2026-10-08,20:42
UAL57,KEWR,LFPG,4,2026-10-09,22:37
UAL570,KBOS,KEWR,7,2026-10-09,11:50
UAL571,KATL,KSFO,7,2026-10-09,11:10
UAL572,KDEN,KRSW,7,2026-10-09,22:35
UAL573,KSTL,KSFO,7,2026-10-09,12:17
UAL574,KLAS,KSFO,7,2026-10-09,18:46
UAL574,KORD,KLAS,7,2026-10-09,12:47
UAL574,KSFO,KPHX,6,2026-10-09,23:53
UAL575,KIAH,KMSY,7,2026-10-09,15:08
UAL575,KLGA,KIAH,7,2026-10-09,10:12
UAL576,KLAX,KEWR,6,2026-10-08,05:25
UAL576,KMSP,KORD,7,2026-10-09,16:32
UAL576,KORD,KLAX,5,2026-10-09,21:28
UAL577,KEWR,KBOS,6,2026-10-09,17:53
UAL577,KSTL,KEWR,7,2026-10-09,12:38
UAL578,KDEN,KDFW,7,2026-10-09,19:41
UAL58,KSFO,EDDF,6,2026-10-09,21:26
UAL580,KLAX,KORD,7,2026-10-09,12:36
UAL580,KORD,KBUF,6,2026-10-09,19:34
UAL581,KBNA,KSFO,6,2026-10-09,20:25
UAL581,KSFO,KRNO,6,2026-10-09,02:02
UAL581J,KSFO,KRNO,1,2026-10-04,01:54
UAL582,KLAX,KSAN,5,2026-10-09,00:11
UAL583,KMCO,KCLE,6,2026-10-09,01:10
UAL583,KSFO,KMCO,7,2026-10-09,16:06
UAL584,KPHL,KIAH,7,2026-10-09,10:23
UAL586,KDEN,KMCI,7,2026-10-09,19:53
UAL587,KORD,KIAD,7,2026-10-09,20:00
UAL587,KSNA,KORD,6,2026-10-09,14:03
UAL588,KDEN,KIAH,5,2026-10-09,22:42
UAL589,KIAH,KSFO,6,2026-10-09,20:15
UAL589,KSFO,KSNA,7,2026-10-09,02:30
UAL59,EDDF,KSFO,6,2026-10-09,11:18
UAL590,KBWI,KORD,7,2026-10-09,21:59
UAL591,KEWR,KSAT,6,2026-10-09,12:41
UAL591,KORF,KIAD,1,2026-10-04,00:05
UAL592,KCLE,KLAX,4,2026-10-09,23:48
UAL593,KEWR,KBOS,6,2026-10-09,12:03
UAL593,KPHX,KSFO,1,2026-10-04,22:50
UAL594,KMCI,KIAH,6,2026-10-09,13:31
UAL595,KAUS,KDEN,7,2026-10-09,14:13
UAL596,KDEN,KDSM,7,2026-10-09,16:05
UAL596,KLAS,KDEN,7,2026-10-09,12:20
UAL597,KDEN,KBOS,5,2026-10-08,22:03
UAL597,KPHX,KDEN,7,2026-10-09,16:59
UAL598,KDEN,KLGA,6,2026-10-09,17:52
UAL598,KLGA,KORD,7,2026-10-09,23:00
UAL599,KIAD,KDEN,5,2026-10-09,21:53
UAL599,KSFO,KIAD,6,2026-10-09,15:35
UAL599T,KIAD,KDEN,1,2026-10-06,21:48
UAL599T,KSFO,KIAD,1,2026-10-03,16:01
UAL6,RJAA,KIAH,7,2026-10-09,08:23
UAL60,KSFO,YMML,6,2026-10-09,07:12
UAL600,KOMA,KORD,7,2026-10-09,16:43
UAL601,KCLE,KEWR,7,2026-10-09,11:04
UAL601,KEWR,KTPA,7,2026-10-09,16:10
UAL602,KORD,KPHX,7,2026-10-09,02:00
UAL602,KPIT,KORD,7,2026-10-09,22:10
UAL604,KIAH,KBWI,2,2026-10-08,13:08
UAL604,KSFO,KIAH,7,2026-10-09,07:57
UAL605,KDEN,KBNA,4,2026-10-09,14:05
UAL605,KSFO,KBOI,3,2026-10-07,17:55
UAL606,KORD,KEWR,7,2026-10-09,17:26
UAL608,KSFO,CYYZ,7,2026-10-09,15:31
UAL609,KATL,KDEN,6,2026-10-09,20:41
UAL61,YMML,KSFO,7,2026-10-09,01:26
UAL611,KLAS,KEWR,7,2026-10-09,22:05
UAL611,KSFO,KLAS,7,2026-10-09,18:01
UAL614,KDEN,KPSP,3,2026-10-09,14:13
UAL616,KDEN,KCLT,7,2026-10-09,22:26
UAL617,KDEN,KORD,7,2026-10-09,19:41
UAL617,KORD,KMCO,6,2026-10-09,01:30
UAL618,KSAN,KIAH,7,2026-10-09,22:43
UAL619,KDEN,KCLE,7,2026-10-09,16:19
UAL62,KIAH,SBGR,7,2026-10-09,00:04
UAL621,KABQ,KDEN,7,2026-10-09,13:09
UAL622,KCMH,KORD,7,2026-10-09,14:31
UAL623,KEWR,KMIA,4,2026-10-09,01:44
UAL623,KIAH,KBZN,1,2026-10-03,15:03
UAL623,KORD,KMCI,1,2026-10-03,01:41
UAL624,KDEN,KLAS,5,2026-10-09,03:38
UAL624,KPHX,KDEN,7,2026-10-09,23:42
UAL625,KIAH,KDCA,6,2026-10-09,19:38
UAL625,KIAH,KABQ,1,2026-10-03,15:10
UAL626,KBNA,KSFO,6,2026-10-09,13:23
UAL626,KSFO,KBUR,6,2026-10-08,21:10
UAL627T,KIAH,KDCA,1,2026-10-03,23:22
UAL63,SBGR,KIAH,6,2026-10-09,01:12
UAL630,KORD,KMSN,7,2026-10-09,01:23
UAL631,KDEN,KPHX,7,2026-10-09,19:41
UAL632,KATL,KIAD,7,2026-10-09,14:06
UAL635,KBDL,KIAD,7,2026-10-09,10:11
UAL636,KMSO,KORD,7,2026-10-09,18:37
UAL636,KORD,KGSP,7,2026-10-09,23:43
UAL637,KAUS,KLAX,7,2026-10-09,19:23
UAL637,KIAD,KAUS,6,2026-10-09,12:42
UAL637,KLAX,KMRY,3,2026-10-09,23:33
UAL638,KSFO,PHNL,6,2026-10-09,02:34
UAL639,KBOS,KLAX,5,2026-10-09,23:39
UAL639,KSFO,KSBA,2,2026-10-07,00:12
UAL64,KEWR,LPPT,6,2026-10-09,01:05
UAL640,CYVR,KDEN,7,2026-10-09,15:16
UAL641,KIAD,KBOS,7,2026-10-09,13:06
UAL642,KBOI,KORD,7,2026-10-09,18:38
UAL642,KORD,KDTW,6,2026-10-09,23:57
UAL643,KLAS,KSFO,5,2026-10-09,12:56
UAL643,KSFO,KSNA,7,2026-10-09,17:36
UAL643,KSNA,KIAH,7,2026-10-09,22:25
UAL644,KDEN,KPDX,7,2026-10-09,17:56
UAL644,KLGA,KDEN,7,2026-10-09,11:47
UAL645,KDEN,KFSD,7,2026-10-09,00:02
UAL646,KEWR,KSLC,7,2026-10-09,11:45
UAL647,KBOS,KDEN,7,2026-10-09,12:00
UAL648,KEWR,KSFO,7,2026-10-09,15:02
UAL649,KORD,KSFO,7,2026-10-09,00:02
UAL65,LPPT,KEWR,6,2026-10-09,10:00
UAL650,PHNL,KSFO,4,2026-10-09,23:44
UAL651,KEWR,KFLL,7,2026-10-09,17:57
UAL651,KFLL,KORD,7,2026-10-09,22:25
UAL652,KDEN,KSTL,7,2026-10-09,15:50
UAL652,KLAX,KDEN,7,2026-10-09,12:08
UAL652,KSTL,KIAH,6,2026-10-08,20:27
UAL653,KSNA,KSFO,7,2026-10-09,15:22
UAL654,KDCA,KORD,7,2026-10-09,21:31
UAL654,KIAH,KDCA,7,2026-10-09,17:20
UAL654,KLAX,KIAH,7,2026-10-09,12:54
UAL655,KDEN,KLAS,7,2026-10-09,01:33
UAL656,KCLE,KORD,7,2026-10-09,13:10
UAL657,KBTV,KIAD,6,2026-10-09,10:07
UAL657,KIAD,KLAX,7,2026-10-09,13:41
UAL658,KORD,KONT,5,2026-10-09,01:56
UAL658,KPNS,KORD,5,2026-10-08,21:41
UAL658T,KORD,KONT,1,2026-10-05,01:39
UAL659,KBOS,KLAX,4,2026-10-08,16:02
UAL659,KORD,KBOS,7,2026-10-09,12:54
UAL659J,KBOS,KLAX,1,2026-10-09,16:06
UAL660,KORD,KSAN,7,2026-10-09,14:23
UAL660,KPHL,KORD,7,2026-10-09,10:23
UAL661,KEWR,KORD,7,2026-10-09,21:13
UAL661,KSNA,KEWR,7,2026-10-09,14:13
UAL662,KCHS,KDEN,5,2026-10-09,12:35
UAL662,KDEN,KSMF,7,2026-10-09,19:51
UAL664,KLAS,KORD,6,2026-10-09,14:11
UAL664,KORD,KMCI,6,2026-10-08,21:45
UAL667,KDEN,KMSP,7,2026-10-09,03:15
UAL667,KMCO,KDEN,6,2026-10-09,19:56
UAL668,TJSJ,KIAH,4,2026-10-09,19:07
UAL669,KORD,KLGA,7,2026-10-09,15:33
UAL670,KEWR,KDEN,4,2026-10-09,10:12
UAL671,KDEN,KSBA,7,2026-10-09,17:42
UAL671,KJAX,KDEN,7,2026-10-09,12:18
UAL672,KSFO,LEBL,4,2026-10-09,01:19
UAL673,LEBL,KSFO,3,2026-10-07,14:34
UAL674,KCHS,KEWR,6,2026-10-09,15:16
UAL675,KDEN,KORD,4,2026-10-09,22:10
UAL676,KEWR,KPHX,6,2026-10-09,22:30
UAL677,KORD,KTVC,1,2026-10-07,00:09
UAL678,KIAH,KLGA,6,2026-10-09,15:11
UAL678,KMFE,KIAH,5,2026-10-09,12:07
UAL679,KCLE,KLAX,6,2026-10-09,20:16
UAL679,KLAX,KLAS,3,2026-10-09,02:18
UAL680,KDEN,KORF,7,2026-10-09,00:02
UAL680,KSNA,KDEN,7,2026-10-09,20:19
UAL682,KSAN,KDEN,7,2026-10-09,23:30
UAL683,KIAD,KTPA,7,2026-10-09,13:14
UAL683,KTPA,KDEN,7,2026-10-09,16:38
UAL684,KIAD,KLAX,6,2026-10-09,19:52
UAL684,KLAX,KSEA,4,2026-10-09,03:27
UAL685,KAUS,KIAH,5,2026-10-08,22:10
UAL685,KIAH,KDEN,7,2026-10-09,01:50
UAL686,KSFO,KIAH,7,2026-10-09,14:21
UAL687,KDEN,KPSP,7,2026-10-09,17:40
UAL688,KIAD,KBOS,5,2026-10-09,22:34
UAL688,KIAH,KIAD,1,2026-10-04,21:25
UAL688,KSNA,KIAD,6,2026-10-09,15:34
UAL688T,KIAD,KBOS,1,2026-10-05,01:19
UAL689,KIAD,KMCO,7,2026-10-09,02:56
UAL690,KCLE,KDEN,7,2026-10-09,13:10
UAL691,KBNA,KORD,6,2026-10-08,14:47
UAL693,KPHX,KSFO,5,2026-10-09,02:52
UAL694,KORD,KSAV,7,2026-10-09,12:57
UAL695,KEWR,KBNA,7,2026-10-09,19:13
UAL697,KDCA,KIAH,7,2026-10-09,13:11
UAL698,KSFO,KEWR,7,2026-10-09,04:39
UAL699,KFLL,KIAH,5,2026-10-09,15:24
UAL70,KEWR,EHAM,3,2026-10-08,22:34
UAL700,KIAH,KEWR,7,2026-10-09,22:07
UAL700,KSNA,KIAH,6,2026-10-09,15:23
UAL702,KRDM,KSFO,7,2026-10-09,13:06
UAL702,KSFO,KATL,7,2026-10-09,18:13
UAL703,KDEN,KBIL,7,2026-10-09,18:05
UAL703,KLAX,KDEN,4,2026-10-09,14:10
UAL704,KORD,KLAS,7,2026-10-09,18:47
UAL705,KSFO,KIAD,7,2026-10-09,04:59
UAL706,KLAS,KORD,6,2026-10-09,21:32
UAL708,KMCI,KDEN,7,2026-10-09,18:56
UAL709,KIAD,KPHX,7,2026-10-09,13:07
UAL709,KPHX,KDEN,7,2026-10-09,20:45
UAL71,EHAM,KEWR,7,2026-10-09,07:24
UAL714,KORD,KIAH,2,2026-10-08,21:55
UAL715,KCLE,KFLL,7,2026-10-09,11:33
UAL716,KLGA,KDEN,7,2026-10-09,14:13
UAL717,KSFO,KPSP,6,2026-10-09,15:44
UAL718,MMMX,KSFO,6,2026-10-09,13:57
UAL718,MMMX,KEWR,1,2026-10-04,13:50
UAL719,KDEN,KRNO,6,2026-10-09,01:58
UAL720,KDEN,CYYC,7,2026-10-09,01:36
UAL721,KBOS,KIAD,7,2026-10-09,18:40
UAL722,KFLL,KIAH,7,2026-10-09,13:08
UAL723,KORD,KABQ,7,2026-10-09,14:06
UAL724,KDEN,KRIC,4,2026-10-09,15:58
UAL724,KELP,KDEN,4,2026-10-09,13:31
UAL725,KABQ,KDEN,5,2026-10-09,23:18
UAL725,KDEN,KSNA,5,2026-10-09,02:56
UAL726,KBOS,KSFO,7,2026-10-09,13:51
UAL728,KCMH,KDEN,7,2026-10-09,13:10
UAL729,KORD,KPHL,7,2026-10-09,14:36
UAL730,KAUS,KIAH,7,2026-10-09,19:59
UAL731,KDEN,KBUF,7,2026-10-09,23:59
UAL732,KDEN,KMSP,7,2026-10-09,20:14
UAL733,CYVR,KEWR,7,2026-10-09,19:57
UAL734,KORD,KFAT,7,2026-10-09,01:44
UAL737,KSEA,KSFO,7,2026-10-09,02:46
UAL738,KDEN,KCOS,7,2026-10-09,17:54
UAL739,KOMA,KORD,6,2026-10-09,20:35
UAL739,KORD,KBNA,6,2026-10-09,00:16
UAL739L,KORD,KBNA,1,2026-10-08,00:51
UAL740,KIAH,KPDX,7,2026-10-09,14:45
UAL740,KMCI,KIAH,7,2026-10-09,11:29
UAL741,KBZN,KLAX,6,2026-10-09,22:29
UAL741,KDEN,KBZN,7,2026-10-09,18:07
UAL741,KRDU,KDEN,7,2026-10-09,12:26
UAL742,KTPA,KIAH,3,2026-10-08,22:07
UAL743,KBOI,KSFO,7,2026-10-09,01:00
UAL744,KIAH,KCLE,4,2026-10-09,23:47
UAL745,KATL,KORD,7,2026-10-09,17:36
UAL746,KDCA,KDEN,5,2026-10-09,20:55
UAL747,KSEA,KORD,6,2026-10-09,06:42
UAL748,KIAD,LSGG,3,2026-10-08,00:03
UAL749,LSGG,KIAD,3,2026-10-08,09:30
UAL750,CYYC,KIAH,3,2026-10-08,20:14
UAL750,KIAH,KBNA,4,2026-10-09,01:16
UAL750C,KIAH,KBNA,1,2026-10-06,01:25
UAL751,KORD,KPDX,7,2026-10-09,14:15
UAL751,KPDX,KSFO,6,2026-10-08,20:15
UAL751,KSFO,KLAS,4,2026-10-09,00:28
UAL751T,KSFO,KLAS,2,2026-10-07,00:58
UAL752,KORD,KDCA,6,2026-10-09,18:02
UAL753,KSAT,KIAH,6,2026-10-09,14:58
UAL754,KBOS,KSFO,5,2026-10-09,20:39
UAL755,KIAD,KBOS,5,2026-10-08,02:48
UAL755,KRNO,KSFO,7,2026-10-09,15:43
UAL755,KSFO,KIAD,7,2026-10-09,20:20
UAL755K,KIAD,KBOS,1,2026-10-09,03:33
UAL756,KDEN,KFAT,7,2026-10-09,01:56
UAL757,KSEA,KDEN,7,2026-10-09,23:08
UAL758,KATL,KEWR,6,2026-10-09,19:19
UAL758,KRNO,KLAX,1,2026-10-03,21:16
UAL759,KORD,KEWR,7,2026-10-09,01:20
UAL760,KDEN,EDDM,7,2026-10-09,02:39
UAL761,EDDM,KDEN,4,2026-10-07,14:36
UAL763,CYYZ,KORD,7,2026-10-09,13:05
UAL764,KORD,CYYC,7,2026-10-09,14:12
UAL765,KCLE,KLAS,5,2026-10-09,14:07
UAL765,KIAH,KCLT,1,2026-10-07,17:40
UAL767,KORD,KDEN,7,2026-10-09,03:27
UAL768,KORD,KDTW,6,2026-10-09,01:04
UAL769,KORD,LEBL,7,2026-10-09,03:20
UAL770,LEBL,KORD,6,2026-10-09,13:56
UAL773,KDEN,KMSP,6,2026-10-09,14:03
UAL773,KDFW,KDEN,7,2026-10-09,10:55
UAL774,KDEN,KLAX,6,2026-10-09,19:53
UAL775,KIAH,KLGA,7,2026-10-09,19:55
UAL775,KLGA,KORD,5,2026-10-09,01:39
UAL775,KSFO,KDFW,1,2026-10-04,21:38
UAL775T,KLGA,KORD,1,2026-10-03,01:42
UAL776,KMCO,KEWR,6,2026-10-08,21:40
UAL777,KORD,KLAS,7,2026-10-09,01:31
UAL778,KDEN,KGEG,7,2026-10-09,01:52
UAL778,KRSW,KDEN,6,2026-10-09,20:17
UAL779,KAUS,KDEN,6,2026-10-09,16:13
UAL779,KSFO,KPHX,1,2026-10-03,19:42
UAL78,RJAA,KEWR,7,2026-10-09,08:40
UAL780,KCLE,KIAD,5,2026-10-09,19:21
UAL780,KIAD,KPDX,6,2026-10-09,21:57
UAL780,KPDX,KIAH,5,2026-10-09,07:10
UAL780K,KIAD,KPDX,1,2026-10-05,21:48
UAL781,KLAX,KSFO,6,2026-10-09,13:11
UAL781,KSFO,KPWM,1,2026-10-03,15:39
UAL782,KEWR,KMSY,7,2026-10-09,19:55
UAL783,KDEN,MMMX,6,2026-10-09,23:52
UAL784,MMMX,KDEN,6,2026-10-09,14:23
UAL785,KMSY,KDEN,7,2026-10-09,19:39
UAL786,KICT,KORD,7,2026-10-09,12:09
UAL786,KORD,KLGA,5,2026-10-09,17:15
UAL786T,KORD,KLGA,1,2026-10-06,17:55
UAL787,KIAH,KORD,7,2026-10-09,03:02
UAL788,KEWR,KMCO,7,2026-10-09,10:41
UAL789,KDEN,KDCA,6,2026-10-09,17:18
UAL789,KDEN,KIAD,1,2026-10-07,16:01
UAL789,KIAD,KDCA,1,2026-10-07,22:26
UAL790,KDFW,KSFO,7,2026-10-09,12:23
UAL791,KEWR,KMIA,7,2026-10-09,00:37
UAL792,KCLT,KDEN,7,2026-10-09,20:35
UAL793,KORD,KDFW,7,2026-10-09,21:09
UAL794,KSFO,KBUR,3,2026-10-09,03:48
UAL795,KORD,KTYS,5,2026-10-09,23:47
UAL795,KRAP,KORD,6,2026-10-09,19:56
UAL796,KIAD,KSFO,7,2026-10-09,20:28
UAL796,KSFO,KBOS,5,2026-10-09,04:39
UAL797,KDEN,KSBP,7,2026-10-09,17:52
UAL797,KIAD,KDEN,7,2026-10-09,12:23
UAL798,KCLT,KEWR,7,2026-10-09,11:19
UAL799,KDEN,KMCO,2,2026-10-09,06:22
UAL800,KBOS,KDEN,6,2026-10-09,21:52
UAL800,KSEA,KIAD,1,2026-10-04,06:25
UAL803,KIAD,RJTT,5,2026-10-09,17:09
UAL804,KSFO,KIAD,1,2026-10-03,19:11
UAL804,RJTT,KIAD,6,2026-10-09,07:22
UAL804,RJTT,KSFO,1,2026-10-03,09:19
UAL805,KSFO,RKSI,7,2026-10-09,07:16
UAL806,RKSI,KSFO,7,2026-10-09,02:44
UAL8100,KEWR,KTPA,1,2026-10-05,01:20
UAL8100,KIAH,KSFO,1,2026-10-06,23:31
UAL8101,KDEN,KLIT,1,2026-10-03,00:07
UAL8101,KDEN,KPSP,1,2026-10-08,01:54
UAL8101,KORD,KSLC,1,2026-10-04,01:39
UAL8102,KMCO,KEWR,1,2026-10-03,23:52
UAL8102,KORD,KOKC,1,2026-10-08,01:44
UAL8102,KSFO,KIAH,1,2026-10-05,23:33
UAL8103,KORD,KDEN,1,2026-10-08,19:57
UAL8107,KDEN,KCMH,1,2026-10-06,23:52
UAL8107,KSFO,KMCO,1,2026-10-03,19:43
UAL8108,KDEN,KRNO,1,2026-10-06,22:27
UAL8110,KDEN,KCLE,1,2026-10-08,00:34
UAL8110,KLGA,KORD,1,2026-10-08,18:36
UAL8110,KSFO,KIND,1,2026-10-09,17:14
UAL8111,KORD,KIAH,1,2026-10-09,18:09
UAL8112,KORD,KMCI,1,2026-10-08,02:00
UAL8114,KDEN,KSBP,1,2026-10-09,01:35
UAL8115,KCLE,KORD,3,2026-10-08,20:37
UAL8115,KTPA,KORD,1,2026-10-06,00:16
UAL8116,KIAH,KOMA,1,2026-10-07,01:02
UAL8117,KIAH,KDCA,1,2026-10-07,23:20
UAL8120,KDEN,KSYR,1,2026-10-07,00:24
UAL8120,KIAH,KDEN,1,2026-10-03,14:50
UAL8120,KORD,KSAT,1,2026-10-05,18:49
UAL8120,KSFO,KSAT,1,2026-10-09,00:48
UAL8121,KLAX,KBOS,1,2026-10-08,23:35
UAL8121,KSFO,KBUR,1,2026-10-08,17:55
UAL8121,KSFO,KLAS,1,2026-10-03,06:33
UAL8123,KORD,KCVG,1,2026-10-03,02:55
UAL8125,KDEN,KLIT,1,2026-10-08,03:27
UAL8125,KORD,KMCI,1,2026-10-07,01:40
UAL8125,KORD,KSTL,1,2026-10-05,01:05
UAL8127,KEWR,KIAH,1,2026-10-05,00:27
UAL8129,KRDU,KIAD,1,2026-10-08,14:28
UAL8130,KDEN,KPHL,1,2026-10-09,20:17
UAL8130,KIAH,KSTL,1,2026-10-09,01:47
UAL8131,KCLE,KORD,1,2026-10-04,20:41
UAL8131,KDEN,KSAT,1,2026-10-04,00:12
UAL8131,KIAD,KCLE,1,2026-10-05,04:00
UAL8131,KSFO,KIAH,1,2026-10-03,21:41
UAL8132,KMSP,KEWR,1,2026-10-03,15:14
UAL8137,KIAH,KCHS,1,2026-10-04,23:50
UAL8137,KLAX,KMRY,1,2026-10-05,00:17
UAL8139,KSFO,KMCO,1,2026-10-08,20:10
UAL8140,KDEN,KBUR,1,2026-10-04,02:11
UAL8140,KSFO,KSAT,1,2026-10-05,23:32
UAL8141,KDEN,KSNA,1,2026-10-08,01:32
UAL8143,KIAH,KLAX,1,2026-10-09,21:52
UAL8143,KSFO,KSAT,1,2026-10-08,23:46
UAL8144,KMSP,KORD,1,2026-10-07,21:57
UAL8144,KSBP,KSFO,1,2026-10-09,20:52
UAL8145,KDEN,KEWR,1,2026-10-05,06:08
UAL8146,KSEA,KORD,1,2026-10-09,04:01
UAL8150,KIAH,KDCA,1,2026-10-05,23:22
UAL8150,KSFO,KAUS,1,2026-10-06,18:47
UAL8150,KSFO,KLAX,1,2026-10-09,23:37
UAL8151,KSFO,KIAH,1,2026-10-09,23:28
UAL8152,KSFO,KLAS,1,2026-10-04,22:15
UAL8156,KDEN,KSBP,1,2026-10-05,02:16
UAL8157,KDEN,CYYC,1,2026-10-06,17:46
UAL8160,KEWR,KCHS,1,2026-10-06,16:00
UAL8160,KORD,KEWR,1,2026-10-03,19:14
UAL8164,KORD,KSAN,1,2026-10-07,01:53
UAL8167,KDEN,KAUS,1,2026-10-04,21:06
UAL8167,KDEN,KLAS,1,2026-10-08,15:50
UAL8167,KDEN,KPDX,1,2026-10-09,19:46
UAL8168,KORD,KROC,1,2026-10-05,23:51
UAL8169,KDEN,KIND,1,2026-10-06,00:01
UAL817,KSFO,MMMX,5,2026-10-09,22:28
UAL8170,KDEN,KLIT,1,2026-10-04,01:09
UAL8170,KORD,KLAX,1,2026-10-08,15:45
UAL8170,KORD,KRAP,1,2026-10-05,14:12
UAL8172,KIAH,KMSP,1,2026-10-04,01:33
UAL8172,KLAX,KIAD,1,2026-10-07,05:43
UAL8173,KIAH,KIAD,1,2026-10-08,23:42
UAL8175,KDEN,KPHX,1,2026-10-04,17:54
UAL8177,KORD,KCLE,1,2026-10-09,02:11
UAL8178,KORD,KIAH,1,2026-10-05,00:28
UAL8178,KSFO,KORD,1,2026-10-03,06:04
UAL8179,KDEN,KSDF,1,2026-10-04,16:06
UAL818,SAEZ,KIAH,6,2026-10-08,00:56
UAL8180,KSFO,PHNL,1,2026-10-07,17:29
UAL8182,KDEN,KRDM,1,2026-10-05,17:33
UAL8182,KSFO,KPDX,1,2026-10-06,06:05
UAL8183,KDEN,KIDA,1,2026-10-03,18:35
UAL8183,KIAH,KBWI,1,2026-10-05,23:48
UAL8183,KRDM,KDEN,1,2026-10-08,19:42
UAL8184,KSFO,KPDX,1,2026-10-09,06:26
UAL8187,KIAH,KDEN,1,2026-10-09,15:44
UAL8188,KORD,KIAH,2,2026-10-07,00:56
UAL8189,KDEN,KATW,1,2026-10-09,00:04
UAL819,KIAH,SAEZ,7,2026-10-09,02:00
UAL8191,KDJT,KEWR,1,2026-10-08,23:04
UAL8197,KIAD,KEWR,2,2026-10-09,03:07
UAL8199,KDEN,KIND,1,2026-10-07,23:54
UAL820,KLAX,VHHH,5,2026-10-08,07:35
UAL820,VHHH,VTBS,6,2026-10-09,00:23
UAL8200,KIAH,KCHS,1,2026-10-05,00:39
UAL8200,KSFO,KIAH,1,2026-10-06,19:56
UAL8201,KIAH,KEWR,1,2026-10-08,19:29
UAL8205,KDEN,KIND,1,2026-10-05,23:55
UAL8205,KIAH,KMSP,1,2026-10-03,01:27
UAL8205,KSFO,CYVR,1,2026-10-09,18:16
UAL8207,KSFO,KLAX,1,2026-10-03,23:36
UAL821,VHHH,PHNL,1,2026-10-03,14:13
UAL821,VTBS,VHHH,5,2026-10-09,09:03
UAL8210,KDEN,KRDM,1,2026-10-09,17:30
UAL8211,KSFO,KBUR,1,2026-10-04,17:33
UAL8212,KSFO,KPDX,1,2026-10-06,00:11
UAL822,MMMX,KSFO,7,2026-10-09,11:31
UAL8223,KSEA,KIAD,1,2026-10-05,06:39
UAL8227,KIAH,KTUL,1,2026-10-03,01:35
UAL8228,KCLE,KSFO,1,2026-10-09,23:39
UAL8230,KSFO,KLAX,1,2026-10-08,23:26
UAL8234,KIAD,KSFO,1,2026-10-03,16:58
UAL8235,KIAD,KSMF,1,2026-10-09,22:23
UAL8237,KLAX,KFAT,1,2026-10-06,02:18
UAL8246,KIAH,KOMA,1,2026-10-05,01:51
UAL8253,KORD,KBWI,1,2026-10-04,16:17
UAL8255,KDEN,KPDX,1,2026-10-03,19:48
UAL8264,KORD,KMEM,1,2026-10-09,03:10
UAL8277,KEWR,KIAD,1,2026-10-05,01:00
UAL8280,KSFO,PHNL,1,2026-10-06,17:31
UAL8284,KIAD,KSMF,1,2026-10-05,22:16
UAL8287,KSFO,KIAH,1,2026-10-09,19:52
UAL837,KSFO,RJAA,2,2026-10-05,19:41
UAL838,RJAA,KSFO,7,2026-10-09,08:25
UAL839,KLAX,YSSY,5,2026-10-09,06:53
UAL842,YSSY,KLAX,6,2026-10-09,23:55
UAL844,SBGR,KORD,6,2026-10-09,01:40
UAL845,KORD,SBGR,5,2026-10-09,03:02
UAL85,LLBG,KEWR,7,2026-10-09,08:21
UAL852,RCTP,KSFO,4,2026-10-08,06:44
UAL853,KSFO,RCTP,7,2026-10-09,07:17
UAL854,KIAH,SPJC,1,2026-10-08,22:15
UAL855,SPJC,KIAH,7,2026-10-09,06:19
UAL860,SBGR,KIAD,7,2026-10-09,01:07
UAL861,KIAD,SBGR,6,2026-10-09,03:24
UAL862,VHHH,KSFO,6,2026-10-09,03:57
UAL863,KSFO,YSSY,7,2026-10-09,06:37
UAL870,YSSY,KSFO,6,2026-10-08,00:49
UAL872,RCTP,KSFO,5,2026-10-09,02:03
UAL876,RJTT,KSFO,6,2026-10-09,07:19
UAL877,KSFO,VHHH,5,2026-10-09,06:59
UAL879,EGLL,KIAH,7,2026-10-09,09:19
UAL880,KIAH,EGLL,7,2026-10-09,22:21
UAL881,KORD,RJTT,3,2026-10-09,17:27
UAL882,RJTT,KORD,7,2026-10-09,08:46
UAL884,KIAD,LIRF,2,2026-10-09,23:20
UAL885,LIRF,KIAD,6,2026-10-09,09:00
UAL887,SPJC,KEWR,7,2026-10-09,04:32
UAL892,RKSI,KSFO,7,2026-10-09,08:10
UAL90,KEWR,LLBG,6,2026-10-09,03:22
UAL90,KEWR,OJAI,1,2026-10-06,03:06
UAL900,EGLL,KSFO,7,2026-10-09,09:54
UAL901,KSFO,EGLL,1,2026-10-08,22:23
UAL906,EDDF,KORD,7,2026-10-09,11:00
UAL907,KORD,EDDF,7,2026-10-09,00:11
UAL908,EHAM,KORD,7,2026-10-09,10:14
UAL909,KORD,EHAM,7,2026-10-09,23:51
UAL91,LLBG,KEWR,7,2026-10-09,20:41
UAL912,KORD,BIKF,3,2026-10-08,03:22
UAL913,BIKF,KORD,3,2026-10-08,12:30
UAL914,LFPG,KIAD,7,2026-10-09,10:50
UAL915,KIAD,LFPG,7,2026-10-09,22:45
UAL916,NZAA,KSFO,2,2026-10-08,02:45
UAL916,NZAA,PHNL,1,2026-10-03,02:18
UAL917,KSFO,NZAA,3,2026-10-09,06:40
UAL918,KIAD,EGLL,7,2026-10-09,23:13
UAL919,EGLL,KIAD,7,2026-10-09,11:33
UAL920,KORD,EGLL,7,2026-10-09,00:12
UAL921,EGLL,KEWR,2,2026-10-09,17:39
UAL923,KLAX,EGLL,6,2026-10-09,23:06
UAL924,KIAD,EGLL,7,2026-10-09,02:44
UAL925,EGLL,KIAD,6,2026-10-09,16:06
UAL926,KSFO,EDDF,7,2026-10-09,03:01
UAL927,EDDF,KSFO,4,2026-10-08,15:57
UAL928,EGLL,KORD,7,2026-10-09,13:31
UAL929,KORD,EGLL,6,2026-10-09,22:27
UAL930,KSFO,EGLL,7,2026-10-09,03:22
UAL932,KIAD,EDDF,7,2026-10-09,02:31
UAL933,EDDF,KIAD,5,2026-10-09,15:44
UAL934,KEWR,EGLL,7,2026-10-09,12:59
UAL935,EGLL,KLAX,7,2026-10-09,12:27
UAL938,KORD,EGLL,7,2026-10-09,03:22
UAL939,EGLL,KSFO,5,2026-10-07,15:49
UAL940,KEWR,EGLL,7,2026-10-09,01:35
UAL941,EGLL,KEWR,7,2026-10-09,15:27
UAL942,KIAD,LPPT,7,2026-10-09,03:06
UAL943,LPPT,KIAD,7,2026-10-09,11:46
UAL945,EDDF,KORD,7,2026-10-09,07:11
UAL946,KIAD,EHAM,6,2026-10-09,22:45
UAL947,EHAM,KIAD,7,2026-10-09,09:36
UAL948,KSFO,EGLL,7,2026-10-09,00:18
UAL949,EGLL,KSFO,6,2026-10-08,12:25
UAL950,KIAD,EBBR,6,2026-10-08,22:44
UAL951,EBBR,KIAD,6,2026-10-08,10:19
UAL952,EDDM,KORD,7,2026-10-09,09:48
UAL953,KORD,EDDM,7,2026-10-09,23:30
UAL956,KEWR,LSGG,4,2026-10-09,22:09
UAL957,LSGG,KEWR,7,2026-10-09,07:30
UAL958,EGLL,KORD,7,2026-10-09,07:10
UAL959,EGLL,KORD,7,2026-10-09,10:20
UAL96,KSFO,YBBN,4,2026-10-08,07:03
UAL962,KEWR,EDDB,1,2026-10-05,22:03
UAL963,EDDB,KEWR,7,2026-10-09,08:05
UAL966,KEWR,LIRN,7,2026-10-09,01:06
UAL967,LIRN,KEWR,7,2026-10-09,12:22
UAL968,KSFO,EHAM,7,2026-10-09,22:13
UAL969,EHAM,KSFO,4,2026-10-09,13:16
UAL97,YBBN,KSFO,3,2026-10-09,00:45
UAL970,KORD,LIRF,4,2026-10-09,21:33
UAL971,LIRF,KORD,6,2026-10-09,08:21
UAL972,KORD,EBBR,7,2026-10-09,23:30
UAL973,EBBR,KORD,6,2026-10-08,08:36
UAL978,KIAD,EGPH,6,2026-10-08,02:44
UAL979,EGPH,KIAD,5,2026-10-08,11:41
UAL979,EGPH,KPWM,1,2026-10-04,12:49
UAL979,KPWM,KIAD,1,2026-10-04,21:38
UAL98,KLAX,YMML,3,2026-10-08,06:10
UAL980,KORD,EIDW,7,2026-10-09,01:48
UAL981,EIDW,KORD,7,2026-10-09,10:54
UAL982,KIAD,LGAV,4,2026-10-09,22:49
UAL983,LGAV,KIAD,7,2026-10-09,09:16
UAL984,LFPG,KSFO,7,2026-10-09,07:25
UAL986,LFPG,KORD,7,2026-10-09,09:39
UAL987,KORD,LFPG,7,2026-10-09,23:59
UAL988,EDDF,KIAD,6,2026-10-09,10:52
UAL989,KIAD,EDDF,4,2026-10-09,22:31
UAL99,YMML,KLAX,2,2026-10-09,01:25
UAL990,KSFO,LFPG,6,2026-10-09,22:09
UAL991,LEBL,KIAD,7,2026-10-09,09:36
UAL992,KIAD,LEBL,5,2026-10-09,23:08
UAL994,KEWR,EBBR,6,2026-10-09,23:20
UAL995,EBBR,KEWR,7,2026-10-09,09:28
